id,latitude,longitude,road_name,severity,date,time,datetime,weather,vehicle_type,road_risk_level
1,18.680827,73.930388,Viman Nagar Road,Fatal,2023-10-22,05:00,2023-10-22 05:00:00,Fog,Bike,medium
2,18.532452,73.841799,Shivajinagar Road,Severe,2024-03-25,08:00,2024-03-25 08:00:00,Rain,Bus,medium
3,18.497326,73.919761,Hadapsar Bypass,Minor,2023-12-04,06:00,2023-12-04 06:00:00,Rain,Bike,high
4,18.482992,73.944129,Hadapsar Bypass,Severe,2024-02-29,09:00,2024-02-29 09:00:00,Clear,Bus,high
5,18.560997,73.811173,Baner Road,Severe,2024-08-17,23:00,2024-08-17 23:00:00,Fog,Bike,medium
6,18.442448,73.878574,Hadapsar Bypass,Severe,2024-03-03,14:00,2024-03-03 14:00:00,Fog,Bus,high
7,18.528017,73.850369,Shivajinagar Road,Minor,2023-09-05,06:00,2023-09-05 06:00:00,Rain,Auto,medium
8,18.549441,73.804096,Baner Road,Minor,2025-04-14,05:00,2025-04-14 05:00:00,Fog,Truck,medium
9,18.499609,73.81264,Kothrud Road,Minor,2024-06-14,06:00,2024-06-14 06:00:00,Rain,Car,medium
10,18.537548,73.723176,Hinjewadi IT Park Road,Severe,2022-10-14,23:00,2022-10-14 23:00:00,Rain,Bus,high
11,18.467712,73.954984,Hadapsar Bypass,Minor,2025-03-14,09:00,2025-03-14 09:00:00,Fog,Truck,high
12,18.687205,73.858717,Pimpri-Chinchwad Link,Severe,2023-03-22,17:00,2023-03-22 17:00:00,Clear,Truck,high
13,18.671835,73.77906,Pimpri-Chinchwad Link,Minor,2023-06-09,13:00,2023-06-09 13:00:00,Rain,Truck,high
14,18.613759,73.739609,Hinjewadi IT Park Road,Severe,2022-11-08,17:00,2022-11-08 17:00:00,Clear,Bike,high
15,18.445959,73.866259,Deccan Road,Severe,2022-12-05,13:00,2022-12-05 13:00:00,Clear,Bus,low
16,18.571932,73.724503,Hinjewadi IT Park Road,Severe,2025-01-21,03:00,2025-01-21 03:00:00,Clear,Bike,high
17,18.697073,73.828047,Pimpri-Chinchwad Link,Minor,2022-11-28,04:00,2022-11-28 04:00:00,Clear,Bike,high
18,18.479329,73.88208,Hadapsar Bypass,Fatal,2022-11-06,22:00,2022-11-06 22:00:00,Clear,Bus,high
19,18.522797,73.933778,Hadapsar Bypass,Fatal,2022-05-17,20:00,2022-05-17 20:00:00,Fog,Auto,high
20,18.435528,73.934128,Hadapsar Bypass,Severe,2023-05-20,11:00,2023-05-20 11:00:00,Rain,Car,high
21,18.62914,73.851101,Pimpri-Chinchwad Link,Minor,2025-01-01,10:00,2025-01-01 10:00:00,Rain,Bus,high
22,18.616196,73.705131,Hinjewadi IT Park Road,Severe,2024-10-18,08:00,2024-10-18 08:00:00,Fog,Auto,high
23,18.441514,73.89283,Hadapsar Bypass,Minor,2025-01-28,19:00,2025-01-28 19:00:00,Rain,Truck,high
24,18.627045,73.919901,Viman Nagar Road,Severe,2024-04-23,15:00,2024-04-23 15:00:00,Rain,Car,medium
25,18.533492,73.818053,Shivajinagar Road,Severe,2023-09-10,23:00,2023-09-10 23:00:00,Rain,Truck,medium
26,18.449045,73.963577,Hadapsar Bypass,Severe,2022-12-17,20:00,2022-12-17 20:00:00,Rain,Auto,high
27,18.618088,73.989576,Viman Nagar Road,Minor,2024-06-01,08:00,2024-06-01 08:00:00,Fog,Bus,medium
28,18.479836,73.980057,Hadapsar Bypass,Severe,2023-08-07,23:00,2023-08-07 23:00:00,Fog,Truck,high
29,18.511753,73.872341,Deccan Road,Minor,2024-03-30,11:00,2024-03-30 11:00:00,Rain,Bike,low
30,18.554742,73.846455,Shivajinagar Road,Minor,2022-02-27,05:00,2022-02-27 05:00:00,Fog,Car,medium
31,18.492599,73.918395,Hadapsar Bypass,Minor,2023-12-01,08:00,2023-12-01 08:00:00,Rain,Auto,high
32,18.695595,73.868888,Pimpri-Chinchwad Link,Minor,2022-05-26,12:00,2022-05-26 12:00:00,Fog,Car,high
33,18.685749,73.854341,Pimpri-Chinchwad Link,Severe,2024-04-08,21:00,2024-04-08 21:00:00,Fog,Auto,high
34,18.50586,73.779004,Kothrud Road,Severe,2023-09-14,18:00,2023-09-14 18:00:00,Rain,Bike,medium
35,18.432833,73.776399,Kothrud Road,Minor,2024-02-21,22:00,2024-02-21 22:00:00,Rain,Bus,medium
36,18.460951,73.781916,Kothrud Road,Minor,2023-12-03,14:00,2023-12-03 14:00:00,Rain,Bike,medium
37,18.513383,73.728215,Baner Road,Minor,2023-06-03,16:00,2023-06-03 16:00:00,Rain,Car,medium
38,18.660086,73.810194,Pimpri-Chinchwad Link,Severe,2022-03-22,01:00,2022-03-22 01:00:00,Rain,Bus,high
39,18.46926,73.979581,Hadapsar Bypass,Minor,2022-02-21,18:00,2022-02-21 18:00:00,Clear,Auto,high
40,18.421265,73.710506,Kothrud Road,Severe,2022-11-03,03:00,2022-11-03 03:00:00,Fog,Bus,medium
41,18.580848,73.876593,Viman Nagar Road,Minor,2024-05-11,21:00,2024-05-11 21:00:00,Clear,Truck,medium
42,18.404333,73.812579,Kothrud Road,Severe,2024-07-09,22:00,2024-07-09 22:00:00,Clear,Auto,medium
43,18.612059,73.719751,Hinjewadi IT Park Road,Minor,2024-12-10,03:00,2024-12-10 03:00:00,Fog,Car,high
44,18.464387,73.94994,Hadapsar Bypass,Severe,2022-02-03,11:00,2022-02-03 11:00:00,Rain,Auto,high
45,18.623789,73.873265,Pimpri-Chinchwad Link,Minor,2022-01-31,18:00,2022-01-31 18:00:00,Fog,Truck,high
46,18.409953,73.994189,Hadapsar Bypass,Minor,2024-07-21,12:00,2024-07-21 12:00:00,Rain,Car,high
47,18.65561,73.751185,Wakad Highway,Minor,2023-01-14,08:00,2023-01-14 08:00:00,Fog,Bike,high
48,18.47126,73.729648,Kothrud Road,Minor,2022-09-01,01:00,2022-09-01 01:00:00,Fog,Car,medium
49,18.545375,73.814203,Baner Road,Fatal,2024-08-29,23:00,2024-08-29 23:00:00,Fog,Bus,medium
50,18.559774,73.884165,Koregaon Park Road,Minor,2024-10-23,14:00,2024-10-23 14:00:00,Fog,Bus,low
51,18.533183,73.792839,Baner Road,Minor,2022-06-20,15:00,2022-06-20 15:00:00,Rain,Bus,medium
52,18.448526,73.79873,Kothrud Road,Fatal,2024-03-27,22:00,2024-03-27 22:00:00,Fog,Truck,medium
53,18.546225,73.940637,Viman Nagar Road,Minor,2023-05-27,12:00,2023-05-27 12:00:00,Fog,Bus,medium
54,18.41447,73.723653,Kothrud Road,Severe,2024-05-26,01:00,2024-05-26 01:00:00,Rain,Auto,medium
55,18.637455,73.895355,Viman Nagar Road,Minor,2024-08-01,15:00,2024-08-01 15:00:00,Rain,Auto,medium
56,18.638974,73.854621,Pimpri-Chinchwad Link,Minor,2025-04-14,07:00,2025-04-14 07:00:00,Fog,Truck,high
57,18.564599,73.799979,Baner Road,Minor,2023-02-02,20:00,2023-02-02 20:00:00,Clear,Bus,medium
58,18.672465,73.966679,Viman Nagar Road,Minor,2022-11-23,19:00,2022-11-23 19:00:00,Rain,Bus,medium
59,18.521858,73.880555,Koregaon Park Road,Minor,2022-08-05,15:00,2022-08-05 15:00:00,Clear,Bike,low
60,18.633281,73.813585,Pimpri-Chinchwad Link,Minor,2024-02-26,09:00,2024-02-26 09:00:00,Rain,Auto,high
61,18.660362,73.863866,Pimpri-Chinchwad Link,Severe,2024-11-13,02:00,2024-11-13 02:00:00,Fog,Car,high
62,18.460897,73.900804,Hadapsar Bypass,Fatal,2022-08-18,15:00,2022-08-18 15:00:00,Clear,Car,high
63,18.408211,73.836077,Kothrud Road,Severe,2023-08-05,18:00,2023-08-05 18:00:00,Rain,Car,medium
64,18.493721,73.89316,Hadapsar Bypass,Minor,2024-12-12,02:00,2024-12-12 02:00:00,Clear,Auto,high
65,18.665048,73.711344,Hinjewadi IT Park Road,Minor,2023-04-18,22:00,2023-04-18 22:00:00,Clear,Bus,high
66,18.64573,73.857272,Pimpri-Chinchwad Link,Fatal,2023-06-30,13:00,2023-06-30 13:00:00,Fog,Bus,high
67,18.653025,73.896448,Pimpri-Chinchwad Link,Minor,2024-08-08,17:00,2024-08-08 17:00:00,Fog,Truck,high
68,18.602707,73.933327,Viman Nagar Road,Minor,2022-11-27,18:00,2022-11-27 18:00:00,Clear,Bus,medium
69,18.660781,73.793092,Pimpri-Chinchwad Link,Minor,2024-03-01,14:00,2024-03-01 14:00:00,Clear,Bus,high
70,18.571685,73.96122,Viman Nagar Road,Severe,2024-05-06,12:00,2024-05-06 12:00:00,Rain,Truck,medium
71,18.430795,73.712749,Kothrud Road,Minor,2024-09-03,19:00,2024-09-03 19:00:00,Rain,Truck,medium
72,18.458585,73.737994,Kothrud Road,Minor,2024-08-29,14:00,2024-08-29 14:00:00,Rain,Auto,medium
73,18.453923,73.778025,Kothrud Road,Minor,2022-09-11,13:00,2022-09-11 13:00:00,Fog,Car,medium
74,18.401236,73.793188,Kothrud Road,Severe,2022-03-14,06:00,2022-03-14 06:00:00,Clear,Bus,medium
75,18.462556,73.872237,Deccan Road,Minor,2024-12-26,06:00,2024-12-26 06:00:00,Rain,Bus,low
76,18.546122,73.751009,Baner Road,Minor,2024-02-06,02:00,2024-02-06 02:00:00,Rain,Bike,medium
77,18.432546,73.725235,Kothrud Road,Fatal,2023-08-05,23:00,2023-08-05 23:00:00,Fog,Car,medium
78,18.51204,73.984545,Hadapsar Bypass,Fatal,2024-08-19,23:00,2024-08-19 23:00:00,Clear,Bike,high
79,18.537592,73.768437,Baner Road,Minor,2025-03-21,01:00,2025-03-21 01:00:00,Rain,Truck,medium
80,18.532687,73.727303,Baner Road,Minor,2023-11-30,13:00,2023-11-30 13:00:00,Rain,Bus,medium
81,18.575881,73.960153,Viman Nagar Road,Severe,2023-11-09,16:00,2023-11-09 16:00:00,Rain,Auto,medium
82,18.579795,73.910257,Viman Nagar Road,Severe,2024-06-24,12:00,2024-06-24 12:00:00,Fog,Car,medium
83,18.647773,73.831014,Pimpri-Chinchwad Link,Minor,2022-01-11,01:00,2022-01-11 01:00:00,Fog,Auto,high
84,18.427927,73.895792,Hadapsar Bypass,Minor,2023-05-09,18:00,2023-05-09 18:00:00,Fog,Car,high
85,18.609126,73.982113,Viman Nagar Road,Severe,2024-01-19,02:00,2024-01-19 02:00:00,Clear,Bike,medium
86,18.562724,73.936526,Viman Nagar Road,Minor,2024-10-10,12:00,2024-10-10 12:00:00,Fog,Truck,medium
87,18.556561,73.724284,Hinjewadi IT Park Road,Severe,2022-02-02,08:00,2022-02-02 08:00:00,Clear,Bike,high
88,18.603833,73.969932,Viman Nagar Road,Severe,2024-05-04,15:00,2024-05-04 15:00:00,Fog,Auto,medium
89,18.636929,73.844731,Pimpri-Chinchwad Link,Minor,2024-07-23,02:00,2024-07-23 02:00:00,Rain,Car,high
90,18.572114,73.906677,Viman Nagar Road,Severe,2024-12-19,16:00,2024-12-19 16:00:00,Rain,Auto,medium
91,18.5347,73.814123,Kothrud Road,Fatal,2022-09-06,13:00,2022-09-06 13:00:00,Fog,Bike,medium
92,18.470503,73.788641,Kothrud Road,Severe,2022-04-11,11:00,2022-04-11 11:00:00,Clear,Bus,medium
93,18.537966,73.769496,Baner Road,Severe,2022-07-05,19:00,2022-07-05 19:00:00,Rain,Truck,medium
94,18.623364,73.970737,Viman Nagar Road,Minor,2023-01-26,13:00,2023-01-26 13:00:00,Fog,Truck,medium
95,18.572911,73.853833,Shivajinagar Road,Severe,2022-12-16,15:00,2022-12-16 15:00:00,Fog,Bus,medium
96,18.422316,73.959426,Hadapsar Bypass,Minor,2023-07-29,19:00,2023-07-29 19:00:00,Clear,Truck,high
97,18.503714,73.801626,Kothrud Road,Minor,2024-10-22,09:00,2024-10-22 09:00:00,Fog,Car,medium
98,18.605886,73.975941,Viman Nagar Road,Minor,2023-11-16,13:00,2023-11-16 13:00:00,Rain,Car,medium
99,18.680595,73.950645,Viman Nagar Road,Minor,2023-07-16,01:00,2023-07-16 01:00:00,Rain,Bike,medium
100,18.520798,73.885225,Koregaon Park Road,Minor,2023-05-12,20:00,2023-05-12 20:00:00,Clear,Truck,low
101,18.515391,73.702509,Hinjewadi IT Park Road,Minor,2025-03-27,08:00,2025-03-27 08:00:00,Rain,Auto,high
102,18.494828,73.849625,Deccan Road,Minor,2022-10-30,18:00,2022-10-30 18:00:00,Clear,Auto,low
103,18.589816,73.971113,Viman Nagar Road,Minor,2024-09-06,01:00,2024-09-06 01:00:00,Rain,Truck,medium
104,18.432019,73.701978,Kothrud Road,Fatal,2024-07-30,23:00,2024-07-30 23:00:00,Fog,Auto,medium
105,18.662636,73.777238,Pimpri-Chinchwad Link,Fatal,2024-05-16,06:00,2024-05-16 06:00:00,Fog,Bus,high
106,18.644556,73.830007,Pimpri-Chinchwad Link,Minor,2023-08-23,11:00,2023-08-23 11:00:00,Clear,Bike,high
107,18.461428,73.929845,Hadapsar Bypass,Fatal,2024-12-11,12:00,2024-12-11 12:00:00,Rain,Truck,high
108,18.443125,73.996193,Hadapsar Bypass,Fatal,2024-11-21,07:00,2024-11-21 07:00:00,Fog,Car,high
109,18.431965,73.78551,Kothrud Road,Fatal,2023-01-25,09:00,2023-01-25 09:00:00,Clear,Auto,medium
110,18.570356,73.858474,Shivajinagar Road,Minor,2024-06-06,06:00,2024-06-06 06:00:00,Clear,Truck,medium
111,18.580326,73.733928,Hinjewadi IT Park Road,Minor,2023-07-07,08:00,2023-07-07 08:00:00,Fog,Bus,high
112,18.661073,73.897182,Pimpri-Chinchwad Link,Severe,2025-03-24,00:00,2025-03-24 00:00:00,Rain,Car,high
113,18.456808,73.905487,Hadapsar Bypass,Minor,2025-01-18,09:00,2025-01-18 09:00:00,Fog,Truck,high
114,18.514251,73.9209,Hadapsar Bypass,Severe,2022-04-23,10:00,2022-04-23 10:00:00,Rain,Bus,high
115,18.644468,73.930708,Viman Nagar Road,Severe,2023-09-30,21:00,2023-09-30 21:00:00,Clear,Auto,medium
116,18.47964,73.965693,Hadapsar Bypass,Severe,2023-10-28,08:00,2023-10-28 08:00:00,Fog,Bus,high
117,18.643192,73.73653,Hinjewadi IT Park Road,Minor,2025-03-09,14:00,2025-03-09 14:00:00,Fog,Truck,high
118,18.413704,73.961767,Hadapsar Bypass,Fatal,2025-02-10,12:00,2025-02-10 12:00:00,Fog,Auto,high
119,18.627903,73.765367,Wakad Highway,Fatal,2022-03-02,16:00,2022-03-02 16:00:00,Fog,Bus,high
120,18.495109,73.906543,Hadapsar Bypass,Severe,2024-01-25,20:00,2024-01-25 20:00:00,Fog,Truck,high
121,18.464483,73.758381,Kothrud Road,Minor,2022-11-29,22:00,2022-11-29 22:00:00,Clear,Truck,medium
122,18.566636,73.961867,Viman Nagar Road,Fatal,2023-01-29,22:00,2023-01-29 22:00:00,Clear,Truck,medium
123,18.598176,73.813416,Pimpri-Chinchwad Link,Fatal,2023-05-11,10:00,2023-05-11 10:00:00,Fog,Bus,high
124,18.615553,73.7091,Hinjewadi IT Park Road,Fatal,2024-09-04,16:00,2024-09-04 16:00:00,Rain,Bike,high
125,18.540396,73.859431,Shivajinagar Road,Minor,2023-06-20,18:00,2023-06-20 18:00:00,Clear,Car,medium
126,18.519177,73.899874,Koregaon Park Road,Minor,2023-10-06,19:00,2023-10-06 19:00:00,Fog,Car,low
127,18.548657,73.859781,Shivajinagar Road,Severe,2024-12-31,15:00,2024-12-31 15:00:00,Clear,Truck,medium
128,18.430134,73.942958,Hadapsar Bypass,Minor,2023-07-04,23:00,2023-07-04 23:00:00,Rain,Truck,high
129,18.699002,73.770044,Pimpri-Chinchwad Link,Severe,2024-05-16,05:00,2024-05-16 05:00:00,Rain,Bus,high
130,18.555849,73.845649,Shivajinagar Road,Minor,2024-07-12,21:00,2024-07-12 21:00:00,Fog,Truck,medium
131,18.692388,73.852683,Pimpri-Chinchwad Link,Minor,2023-04-12,19:00,2023-04-12 19:00:00,Fog,Car,high
132,18.6191,73.730558,Hinjewadi IT Park Road,Minor,2022-03-29,12:00,2022-03-29 12:00:00,Fog,Truck,high
133,18.464446,73.782791,Kothrud Road,Minor,2024-10-07,06:00,2024-10-07 06:00:00,Fog,Auto,medium
134,18.563073,73.95705,Viman Nagar Road,Fatal,2023-11-29,18:00,2023-11-29 18:00:00,Fog,Bike,medium
135,18.548045,73.92478,Viman Nagar Road,Minor,2024-01-28,08:00,2024-01-28 08:00:00,Rain,Truck,medium
136,18.568833,73.976894,Viman Nagar Road,Minor,2024-04-27,14:00,2024-04-27 14:00:00,Fog,Bike,medium
137,18.406761,73.857925,Deccan Road,Severe,2024-09-26,18:00,2024-09-26 18:00:00,Clear,Auto,low
138,18.596281,73.766476,Wakad Highway,Severe,2022-11-09,03:00,2022-11-09 03:00:00,Fog,Auto,high
139,18.607778,73.881322,Viman Nagar Road,Minor,2022-07-13,12:00,2022-07-13 12:00:00,Clear,Car,medium
140,18.558531,73.975769,Viman Nagar Road,Severe,2022-07-13,23:00,2022-07-13 23:00:00,Clear,Bike,medium
141,18.655162,73.991622,Viman Nagar Road,Fatal,2023-11-13,15:00,2023-11-13 15:00:00,Clear,Auto,medium
142,18.404254,73.912078,Hadapsar Bypass,Fatal,2022-05-07,08:00,2022-05-07 08:00:00,Fog,Bus,high
143,18.529173,73.812575,Kothrud Road,Severe,2023-07-02,07:00,2023-07-02 07:00:00,Rain,Truck,medium
144,18.662851,73.701056,Hinjewadi IT Park Road,Minor,2024-06-22,21:00,2024-06-22 21:00:00,Rain,Auto,high
145,18.50867,73.882017,Koregaon Park Road,Severe,2023-11-06,15:00,2023-11-06 15:00:00,Clear,Car,low
146,18.600064,73.979374,Viman Nagar Road,Severe,2022-03-02,04:00,2022-03-02 04:00:00,Rain,Bike,medium
147,18.450722,73.758431,Kothrud Road,Severe,2024-03-20,11:00,2024-03-20 11:00:00,Rain,Auto,medium
148,18.611032,73.958189,Viman Nagar Road,Severe,2022-11-18,01:00,2022-11-18 01:00:00,Clear,Bike,medium
149,18.633013,73.719726,Hinjewadi IT Park Road,Minor,2023-08-04,18:00,2023-08-04 18:00:00,Clear,Bike,high
150,18.414891,73.740661,Kothrud Road,Severe,2025-03-11,09:00,2025-03-11 09:00:00,Rain,Bus,medium
151,18.420291,73.986825,Hadapsar Bypass,Severe,2023-03-16,10:00,2023-03-16 10:00:00,Fog,Truck,high
152,18.55551,73.854809,Shivajinagar Road,Severe,2022-09-13,07:00,2022-09-13 07:00:00,Rain,Car,medium
153,18.64412,73.94216,Viman Nagar Road,Severe,2022-11-24,17:00,2022-11-24 17:00:00,Clear,Bike,medium
154,18.472697,73.949957,Hadapsar Bypass,Severe,2025-02-08,10:00,2025-02-08 10:00:00,Rain,Car,high
155,18.667807,73.786501,Pimpri-Chinchwad Link,Minor,2022-06-21,20:00,2022-06-21 20:00:00,Fog,Truck,high
156,18.563189,73.943458,Viman Nagar Road,Minor,2022-06-24,12:00,2022-06-24 12:00:00,Rain,Car,medium
157,18.638084,73.707443,Hinjewadi IT Park Road,Severe,2023-03-27,01:00,2023-03-27 01:00:00,Clear,Car,high
158,18.628794,73.862509,Pimpri-Chinchwad Link,Minor,2024-09-03,16:00,2024-09-03 16:00:00,Rain,Bus,high
159,18.45363,73.918007,Hadapsar Bypass,Minor,2022-04-19,21:00,2022-04-19 21:00:00,Fog,Auto,high
160,18.456791,73.876356,Deccan Road,Severe,2024-04-06,07:00,2024-04-06 07:00:00,Clear,Auto,low
161,18.618768,73.939376,Viman Nagar Road,Severe,2022-11-11,21:00,2022-11-11 21:00:00,Fog,Bike,medium
162,18.629414,73.985879,Viman Nagar Road,Fatal,2022-05-04,03:00,2022-05-04 03:00:00,Rain,Truck,medium
163,18.573552,73.72828,Hinjewadi IT Park Road,Minor,2024-11-03,06:00,2024-11-03 06:00:00,Clear,Truck,high
164,18.686586,73.744665,Pimpri-Chinchwad Link,Severe,2022-04-20,23:00,2022-04-20 23:00:00,Rain,Truck,high
165,18.446373,73.818599,Kothrud Road,Severe,2025-03-15,16:00,2025-03-15 16:00:00,Rain,Bike,medium
166,18.41131,73.946965,Hadapsar Bypass,Minor,2023-08-10,05:00,2023-08-10 05:00:00,Fog,Auto,high
167,18.424531,73.762636,Kothrud Road,Minor,2023-03-31,23:00,2023-03-31 23:00:00,Rain,Auto,medium
168,18.639546,73.785972,Pimpri-Chinchwad Link,Minor,2024-10-27,13:00,2024-10-27 13:00:00,Fog,Car,high
169,18.54579,73.762351,Baner Road,Minor,2024-07-04,16:00,2024-07-04 16:00:00,Clear,Bus,medium
170,18.671184,73.724018,Hinjewadi IT Park Road,Severe,2024-01-16,08:00,2024-01-16 08:00:00,Rain,Bus,high
171,18.415784,73.970015,Hadapsar Bypass,Severe,2025-02-19,21:00,2025-02-19 21:00:00,Fog,Auto,high
172,18.69774,73.864095,Pimpri-Chinchwad Link,Fatal,2023-03-04,20:00,2023-03-04 20:00:00,Clear,Auto,high
173,18.552519,73.857089,Shivajinagar Road,Minor,2022-11-22,21:00,2022-11-22 21:00:00,Rain,Car,medium
174,18.456303,73.750473,Kothrud Road,Severe,2024-07-18,00:00,2024-07-18 00:00:00,Clear,Truck,medium
175,18.60462,73.772581,Wakad Highway,Minor,2025-01-13,23:00,2025-01-13 23:00:00,Fog,Bus,high
176,18.503532,73.74889,Kothrud Road,Minor,2024-06-09,16:00,2024-06-09 16:00:00,Fog,Truck,medium
177,18.416781,73.791523,Kothrud Road,Minor,2022-05-19,08:00,2022-05-19 08:00:00,Fog,Auto,medium
178,18.497178,73.84106,Deccan Road,Minor,2024-01-18,21:00,2024-01-18 21:00:00,Fog,Bus,low
179,18.650664,73.964232,Viman Nagar Road,Severe,2023-07-30,00:00,2023-07-30 00:00:00,Clear,Truck,medium
180,18.49539,73.787631,Kothrud Road,Minor,2022-03-06,09:00,2022-03-06 09:00:00,Fog,Auto,medium
181,18.60351,73.806779,Pimpri-Chinchwad Link,Minor,2023-09-16,14:00,2023-09-16 14:00:00,Rain,Auto,high
182,18.633606,73.903107,Viman Nagar Road,Minor,2023-10-18,17:00,2023-10-18 17:00:00,Rain,Car,medium
183,18.423585,73.924945,Hadapsar Bypass,Severe,2024-10-06,09:00,2024-10-06 09:00:00,Clear,Bus,high
184,18.492885,73.730316,Kothrud Road,Minor,2023-09-24,16:00,2023-09-24 16:00:00,Fog,Auto,medium
185,18.631207,73.75631,Wakad Highway,Minor,2023-08-21,01:00,2023-08-21 01:00:00,Fog,Car,high
186,18.460419,73.934931,Hadapsar Bypass,Minor,2023-11-06,22:00,2023-11-06 22:00:00,Rain,Car,high
187,18.549683,73.967966,Viman Nagar Road,Minor,2023-10-25,09:00,2023-10-25 09:00:00,Fog,Auto,medium
188,18.484686,73.887012,Hadapsar Bypass,Minor,2023-11-06,17:00,2023-11-06 17:00:00,Clear,Bike,high
189,18.504635,73.926848,Hadapsar Bypass,Severe,2024-04-28,00:00,2024-04-28 00:00:00,Rain,Car,high
190,18.466093,73.97976,Hadapsar Bypass,Minor,2022-01-01,00:00,2022-01-01 00:00:00,Rain,Bike,high
191,18.69762,73.830357,Pimpri-Chinchwad Link,Minor,2023-04-15,07:00,2023-04-15 07:00:00,Clear,Truck,high
192,18.574598,73.902666,Viman Nagar Road,Minor,2024-12-21,02:00,2024-12-21 02:00:00,Clear,Car,medium
193,18.598321,73.860631,Pimpri-Chinchwad Link,Minor,2024-09-11,23:00,2024-09-11 23:00:00,Fog,Truck,high
194,18.548046,73.958136,Viman Nagar Road,Fatal,2023-03-21,16:00,2023-03-21 16:00:00,Rain,Car,medium
195,18.668439,73.785663,Pimpri-Chinchwad Link,Minor,2023-08-22,07:00,2023-08-22 07:00:00,Rain,Bus,high
196,18.471469,73.930442,Hadapsar Bypass,Severe,2023-01-09,19:00,2023-01-09 19:00:00,Clear,Bike,high
197,18.546468,73.998662,Hadapsar Bypass,Minor,2022-09-04,06:00,2022-09-04 06:00:00,Rain,Auto,high
198,18.451827,73.734176,Kothrud Road,Minor,2024-11-13,02:00,2024-11-13 02:00:00,Fog,Truck,medium
199,18.500458,73.817325,Kothrud Road,Minor,2023-12-04,19:00,2023-12-04 19:00:00,Rain,Truck,medium
200,18.57876,73.885727,Viman Nagar Road,Fatal,2023-05-02,19:00,2023-05-02 19:00:00,Rain,Auto,medium
201,18.644675,73.941819,Viman Nagar Road,Minor,2023-11-03,02:00,2023-11-03 02:00:00,Rain,Bus,medium
202,18.614682,73.785681,Wakad Highway,Minor,2023-06-23,01:00,2023-06-23 01:00:00,Clear,Truck,high
203,18.405661,73.848607,Kothrud Road,Fatal,2022-03-27,20:00,2022-03-27 20:00:00,Clear,Bus,medium
204,18.507662,73.739433,Kothrud Road,Severe,2022-12-26,21:00,2022-12-26 21:00:00,Rain,Bus,medium
205,18.4977,73.970407,Hadapsar Bypass,Minor,2023-12-23,08:00,2023-12-23 08:00:00,Rain,Bus,high
206,18.565975,73.758885,Baner Road,Severe,2023-12-29,03:00,2023-12-29 03:00:00,Clear,Auto,medium
207,18.40358,73.881683,Hadapsar Bypass,Minor,2024-03-20,04:00,2024-03-20 04:00:00,Clear,Auto,high
208,18.676291,73.960983,Viman Nagar Road,Severe,2023-03-03,21:00,2023-03-03 21:00:00,Rain,Truck,medium
209,18.449298,73.970019,Hadapsar Bypass,Severe,2024-10-24,10:00,2024-10-24 10:00:00,Fog,Auto,high
210,18.561178,73.862661,Shivajinagar Road,Minor,2023-11-18,16:00,2023-11-18 16:00:00,Fog,Truck,medium
211,18.448134,73.702537,Kothrud Road,Minor,2022-03-05,05:00,2022-03-05 05:00:00,Rain,Bus,medium
212,18.63364,73.832887,Pimpri-Chinchwad Link,Severe,2023-05-12,00:00,2023-05-12 00:00:00,Fog,Car,high
213,18.531121,73.797989,Kothrud Road,Minor,2024-04-01,08:00,2024-04-01 08:00:00,Clear,Bike,medium
214,18.432995,73.705337,Kothrud Road,Fatal,2024-05-21,03:00,2024-05-21 03:00:00,Rain,Bus,medium
215,18.553095,73.914736,Viman Nagar Road,Severe,2024-11-06,17:00,2024-11-06 17:00:00,Fog,Bus,medium
216,18.509471,73.973131,Hadapsar Bypass,Severe,2024-05-26,04:00,2024-05-26 04:00:00,Fog,Auto,high
217,18.459154,73.962445,Hadapsar Bypass,Minor,2023-07-27,20:00,2023-07-27 20:00:00,Fog,Bus,high
218,18.434393,73.77819,Kothrud Road,Severe,2023-05-03,17:00,2023-05-03 17:00:00,Rain,Auto,medium
219,18.526979,73.905582,Koregaon Park Road,Fatal,2023-05-20,17:00,2023-05-20 17:00:00,Clear,Car,low
220,18.691535,73.718326,Hinjewadi IT Park Road,Severe,2024-11-24,14:00,2024-11-24 14:00:00,Rain,Auto,high
221,18.512052,73.812608,Kothrud Road,Severe,2023-09-19,01:00,2023-09-19 01:00:00,Fog,Car,medium
222,18.646771,73.869615,Pimpri-Chinchwad Link,Fatal,2023-06-20,19:00,2023-06-20 19:00:00,Rain,Truck,high
223,18.553953,73.993066,Viman Nagar Road,Severe,2022-02-19,23:00,2022-02-19 23:00:00,Rain,Auto,medium
224,18.401588,73.913293,Hadapsar Bypass,Minor,2022-11-27,03:00,2022-11-27 03:00:00,Clear,Bus,high
225,18.541523,73.929978,Viman Nagar Road,Minor,2024-12-02,12:00,2024-12-02 12:00:00,Rain,Car,medium
226,18.419658,73.726711,Kothrud Road,Severe,2022-02-01,06:00,2022-02-01 06:00:00,Clear,Car,medium
227,18.581718,73.708553,Hinjewadi IT Park Road,Minor,2023-10-23,14:00,2023-10-23 14:00:00,Clear,Car,high
228,18.621478,73.955777,Viman Nagar Road,Minor,2023-06-02,13:00,2023-06-02 13:00:00,Rain,Auto,medium
229,18.464794,73.773668,Kothrud Road,Severe,2023-01-08,22:00,2023-01-08 22:00:00,Rain,Car,medium
230,18.616722,73.884585,Viman Nagar Road,Minor,2023-11-26,17:00,2023-11-26 17:00:00,Clear,Bus,medium
231,18.614427,73.834231,Pimpri-Chinchwad Link,Minor,2023-12-17,13:00,2023-12-17 13:00:00,Rain,Auto,high
232,18.54762,73.721965,Hinjewadi IT Park Road,Minor,2024-01-16,23:00,2024-01-16 23:00:00,Clear,Car,high
233,18.522477,73.753377,Baner Road,Severe,2023-06-24,13:00,2023-06-24 13:00:00,Rain,Bike,medium
234,18.403833,73.810456,Kothrud Road,Severe,2023-03-24,22:00,2023-03-24 22:00:00,Rain,Bike,medium
235,18.577175,73.744265,Hinjewadi IT Park Road,Minor,2022-07-04,20:00,2022-07-04 20:00:00,Fog,Car,high
236,18.475709,73.92682,Hadapsar Bypass,Minor,2022-09-25,12:00,2022-09-25 12:00:00,Rain,Car,high
237,18.518825,73.901484,Koregaon Park Road,Minor,2024-01-23,10:00,2024-01-23 10:00:00,Clear,Auto,low
238,18.42072,73.904684,Hadapsar Bypass,Minor,2023-10-24,02:00,2023-10-24 02:00:00,Rain,Auto,high
239,18.422521,73.804008,Kothrud Road,Severe,2024-10-28,03:00,2024-10-28 03:00:00,Fog,Car,medium
240,18.550436,73.929063,Viman Nagar Road,Severe,2024-05-31,03:00,2024-05-31 03:00:00,Rain,Truck,medium
241,18.663239,73.766445,Pimpri-Chinchwad Link,Fatal,2022-06-25,09:00,2022-06-25 09:00:00,Rain,Bike,high
242,18.557141,73.89624,Viman Nagar Road,Severe,2024-03-23,13:00,2024-03-23 13:00:00,Rain,Car,medium
243,18.694561,73.931778,Viman Nagar Road,Minor,2024-10-23,23:00,2024-10-23 23:00:00,Fog,Bus,medium
244,18.689507,73.834666,Pimpri-Chinchwad Link,Minor,2023-09-10,18:00,2023-09-10 18:00:00,Rain,Bike,high
245,18.466792,73.71568,Kothrud Road,Minor,2025-01-23,10:00,2025-01-23 10:00:00,Clear,Auto,medium
246,18.569675,73.706836,Hinjewadi IT Park Road,Fatal,2023-06-25,02:00,2023-06-25 02:00:00,Fog,Truck,high
247,18.459923,73.746141,Kothrud Road,Severe,2022-05-08,01:00,2022-05-08 01:00:00,Clear,Bike,medium
248,18.681193,73.848331,Pimpri-Chinchwad Link,Severe,2023-08-17,02:00,2023-08-17 02:00:00,Clear,Truck,high
249,18.553169,73.737842,Hinjewadi IT Park Road,Minor,2023-07-13,06:00,2023-07-13 06:00:00,Fog,Bike,high
250,18.435465,73.794018,Kothrud Road,Severe,2023-09-07,16:00,2023-09-07 16:00:00,Rain,Car,medium
251,18.401924,73.703012,Kothrud Road,Severe,2024-04-27,08:00,2024-04-27 08:00:00,Rain,Auto,medium
252,18.552917,73.73101,Hinjewadi IT Park Road,Severe,2023-08-24,01:00,2023-08-24 01:00:00,Clear,Bike,high
253,18.632427,73.959161,Viman Nagar Road,Minor,2022-04-17,04:00,2022-04-17 04:00:00,Clear,Car,medium
254,18.523432,73.916612,Hadapsar Bypass,Severe,2022-04-14,11:00,2022-04-14 11:00:00,Clear,Truck,high
255,18.495097,73.916593,Hadapsar Bypass,Minor,2023-03-24,21:00,2023-03-24 21:00:00,Fog,Bus,high
256,18.452629,73.776329,Kothrud Road,Fatal,2024-05-24,05:00,2024-05-24 05:00:00,Clear,Bus,medium
257,18.434601,73.89077,Hadapsar Bypass,Fatal,2024-01-11,22:00,2024-01-11 22:00:00,Rain,Bike,high
258,18.583473,73.714857,Hinjewadi IT Park Road,Fatal,2023-09-26,13:00,2023-09-26 13:00:00,Rain,Car,high
259,18.671832,73.779084,Pimpri-Chinchwad Link,Minor,2022-12-10,17:00,2022-12-10 17:00:00,Rain,Bike,high
260,18.621897,73.87398,Pimpri-Chinchwad Link,Severe,2024-06-17,05:00,2024-06-17 05:00:00,Fog,Bus,high
261,18.536213,73.966701,Hadapsar Bypass,Minor,2023-10-15,19:00,2023-10-15 19:00:00,Clear,Bike,high
262,18.670528,73.845964,Pimpri-Chinchwad Link,Severe,2022-05-07,15:00,2022-05-07 15:00:00,Clear,Auto,high
263,18.598818,73.797608,Wakad Highway,Severe,2023-12-14,05:00,2023-12-14 05:00:00,Clear,Bus,high
264,18.547557,73.853978,Shivajinagar Road,Minor,2024-08-29,16:00,2024-08-29 16:00:00,Clear,Auto,medium
265,18.55258,73.816169,Baner Road,Severe,2025-02-07,12:00,2025-02-07 12:00:00,Fog,Auto,medium
266,18.609449,73.991685,Viman Nagar Road,Severe,2023-01-10,02:00,2023-01-10 02:00:00,Fog,Truck,medium
267,18.404653,73.738622,Kothrud Road,Severe,2024-10-02,14:00,2024-10-02 14:00:00,Clear,Bike,medium
268,18.551413,73.721293,Hinjewadi IT Park Road,Minor,2022-07-19,12:00,2022-07-19 12:00:00,Fog,Auto,high
269,18.578649,73.848654,Shivajinagar Road,Minor,2022-09-15,23:00,2022-09-15 23:00:00,Rain,Truck,medium
270,18.451655,73.739664,Kothrud Road,Minor,2022-05-12,06:00,2022-05-12 06:00:00,Rain,Bus,medium
271,18.452485,73.811525,Kothrud Road,Minor,2023-07-29,14:00,2023-07-29 14:00:00,Clear,Bus,medium
272,18.401861,73.980217,Hadapsar Bypass,Minor,2024-01-23,05:00,2024-01-23 05:00:00,Clear,Bus,high
273,18.402067,73.969201,Hadapsar Bypass,Severe,2025-03-04,23:00,2025-03-04 23:00:00,Clear,Bus,high
274,18.535088,73.983094,Hadapsar Bypass,Minor,2022-09-27,01:00,2022-09-27 01:00:00,Fog,Bus,high
275,18.514238,73.915373,Hadapsar Bypass,Severe,2022-02-13,04:00,2022-02-13 04:00:00,Clear,Bike,high
276,18.683924,73.988306,Viman Nagar Road,Severe,2024-07-12,00:00,2024-07-12 00:00:00,Fog,Car,medium
277,18.647956,73.722843,Hinjewadi IT Park Road,Severe,2023-12-19,07:00,2023-12-19 07:00:00,Fog,Truck,high
278,18.582285,73.9171,Viman Nagar Road,Minor,2024-07-12,02:00,2024-07-12 02:00:00,Rain,Car,medium
279,18.681894,73.706247,Hinjewadi IT Park Road,Severe,2023-10-01,10:00,2023-10-01 10:00:00,Fog,Auto,high
280,18.468826,73.90497,Hadapsar Bypass,Minor,2023-08-17,12:00,2023-08-17 12:00:00,Clear,Bus,high
281,18.44083,73.779706,Kothrud Road,Minor,2022-05-06,14:00,2022-05-06 14:00:00,Fog,Auto,medium
282,18.698955,73.934198,Viman Nagar Road,Minor,2023-01-22,11:00,2023-01-22 11:00:00,Clear,Bike,medium
283,18.558757,73.937205,Viman Nagar Road,Minor,2022-02-14,13:00,2022-02-14 13:00:00,Fog,Car,medium
284,18.67509,73.84477,Pimpri-Chinchwad Link,Severe,2022-03-26,15:00,2022-03-26 15:00:00,Rain,Truck,high
285,18.407646,73.793883,Kothrud Road,Minor,2023-03-13,21:00,2023-03-13 21:00:00,Clear,Car,medium
286,18.586243,73.754183,Wakad Highway,Minor,2024-05-11,03:00,2024-05-11 03:00:00,Fog,Auto,high
287,18.43926,73.9089,Hadapsar Bypass,Minor,2023-02-03,05:00,2023-02-03 05:00:00,Rain,Bus,high
288,18.470605,73.937924,Hadapsar Bypass,Minor,2024-02-21,05:00,2024-02-21 05:00:00,Fog,Bike,high
289,18.614374,73.842285,Pimpri-Chinchwad Link,Fatal,2022-05-07,12:00,2022-05-07 12:00:00,Clear,Auto,high
290,18.43286,73.960917,Hadapsar Bypass,Severe,2025-01-18,23:00,2025-01-18 23:00:00,Fog,Bus,high
291,18.663492,73.7513,Wakad Highway,Severe,2022-02-07,00:00,2022-02-07 00:00:00,Rain,Bike,high
292,18.402857,73.785351,Kothrud Road,Severe,2022-09-28,23:00,2022-09-28 23:00:00,Rain,Truck,medium
293,18.665625,73.845599,Pimpri-Chinchwad Link,Severe,2022-08-12,12:00,2022-08-12 12:00:00,Rain,Truck,high
294,18.673811,73.737027,Wakad Highway,Minor,2023-02-13,04:00,2023-02-13 04:00:00,Clear,Car,high
295,18.69258,73.885907,Pimpri-Chinchwad Link,Minor,2022-04-19,17:00,2022-04-19 17:00:00,Fog,Truck,high
296,18.465223,73.968346,Hadapsar Bypass,Minor,2022-12-09,05:00,2022-12-09 05:00:00,Rain,Bike,high
297,18.445742,73.852616,Deccan Road,Severe,2025-01-29,19:00,2025-01-29 19:00:00,Rain,Auto,low
298,18.533825,73.772686,Baner Road,Fatal,2023-12-17,00:00,2023-12-17 00:00:00,Fog,Bus,medium
299,18.499999,73.709423,Baner Road,Minor,2022-06-08,05:00,2022-06-08 05:00:00,Fog,Car,medium
300,18.436533,73.780465,Kothrud Road,Severe,2022-12-19,01:00,2022-12-19 01:00:00,Fog,Car,medium
301,18.569972,73.795918,Baner Road,Minor,2022-07-07,12:00,2022-07-07 12:00:00,Clear,Bus,medium
302,18.600074,73.915317,Viman Nagar Road,Fatal,2024-08-13,09:00,2024-08-13 09:00:00,Fog,Truck,medium
303,18.651055,73.77795,Pimpri-Chinchwad Link,Minor,2022-11-14,02:00,2022-11-14 02:00:00,Clear,Truck,high
304,18.667369,73.752182,Pimpri-Chinchwad Link,Fatal,2022-04-22,01:00,2022-04-22 01:00:00,Clear,Auto,high
305,18.580586,73.858909,Shivajinagar Road,Minor,2024-08-24,01:00,2024-08-24 01:00:00,Clear,Bike,medium
306,18.411562,73.876216,Hadapsar Bypass,Minor,2022-09-26,09:00,2022-09-26 09:00:00,Clear,Bus,high
307,18.503892,73.814457,Kothrud Road,Minor,2023-12-13,10:00,2023-12-13 10:00:00,Rain,Auto,medium
308,18.4408,73.781244,Kothrud Road,Minor,2022-08-22,02:00,2022-08-22 02:00:00,Fog,Auto,medium
309,18.491128,73.886687,Hadapsar Bypass,Severe,2022-10-10,07:00,2022-10-10 07:00:00,Fog,Auto,high
310,18.472896,73.853075,Deccan Road,Minor,2024-02-23,21:00,2024-02-23 21:00:00,Clear,Car,low
311,18.537837,73.813967,Kothrud Road,Severe,2025-01-18,12:00,2025-01-18 12:00:00,Clear,Auto,medium
312,18.473304,73.810311,Kothrud Road,Minor,2023-07-29,03:00,2023-07-29 03:00:00,Rain,Car,medium
313,18.433018,73.939104,Hadapsar Bypass,Minor,2023-12-20,14:00,2023-12-20 14:00:00,Fog,Car,high
314,18.682747,73.795345,Pimpri-Chinchwad Link,Minor,2025-04-03,14:00,2025-04-03 14:00:00,Clear,Bus,high
315,18.538966,73.836668,Shivajinagar Road,Fatal,2022-03-07,22:00,2022-03-07 22:00:00,Clear,Truck,medium
316,18.698257,73.984028,Viman Nagar Road,Severe,2023-09-21,06:00,2023-09-21 06:00:00,Clear,Bus,medium
317,18.518508,73.819094,Kothrud Road,Fatal,2024-03-15,22:00,2024-03-15 22:00:00,Rain,Auto,medium
318,18.494573,73.75742,Kothrud Road,Minor,2023-12-18,17:00,2023-12-18 17:00:00,Clear,Car,medium
319,18.631755,73.703644,Hinjewadi IT Park Road,Minor,2025-01-08,03:00,2025-01-08 03:00:00,Rain,Auto,high
320,18.446656,73.915448,Hadapsar Bypass,Severe,2024-05-28,22:00,2024-05-28 22:00:00,Rain,Truck,high
321,18.622403,73.767164,Wakad Highway,Severe,2022-05-09,02:00,2022-05-09 02:00:00,Rain,Auto,high
322,18.439921,73.815333,Kothrud Road,Minor,2024-08-02,17:00,2024-08-02 17:00:00,Clear,Truck,medium
323,18.528403,73.92325,Hadapsar Bypass,Minor,2022-08-06,08:00,2022-08-06 08:00:00,Rain,Truck,high
324,18.600533,73.822722,Pimpri-Chinchwad Link,Minor,2024-01-13,09:00,2024-01-13 09:00:00,Fog,Bus,high
325,18.644144,73.896768,Viman Nagar Road,Minor,2023-01-13,11:00,2023-01-13 11:00:00,Clear,Car,medium
326,18.461809,73.903921,Hadapsar Bypass,Minor,2023-07-19,12:00,2023-07-19 12:00:00,Rain,Bus,high
327,18.674024,73.813217,Pimpri-Chinchwad Link,Minor,2024-07-09,07:00,2024-07-09 07:00:00,Fog,Auto,high
328,18.557529,73.941782,Viman Nagar Road,Fatal,2023-07-17,17:00,2023-07-17 17:00:00,Fog,Auto,medium
329,18.489561,73.846692,Deccan Road,Minor,2024-08-03,23:00,2024-08-03 23:00:00,Clear,Car,low
330,18.653995,73.777858,Pimpri-Chinchwad Link,Minor,2022-08-19,20:00,2022-08-19 20:00:00,Rain,Bus,high
331,18.644191,73.740713,Wakad Highway,Minor,2022-04-19,02:00,2022-04-19 02:00:00,Rain,Car,high
332,18.464643,73.765744,Kothrud Road,Minor,2022-09-04,03:00,2022-09-04 03:00:00,Fog,Truck,medium
333,18.437216,73.780429,Kothrud Road,Severe,2024-06-22,08:00,2024-06-22 08:00:00,Fog,Car,medium
334,18.531031,73.828811,Shivajinagar Road,Fatal,2025-01-15,01:00,2025-01-15 01:00:00,Fog,Auto,medium
335,18.479845,73.737572,Kothrud Road,Minor,2023-01-05,15:00,2023-01-05 15:00:00,Fog,Truck,medium
336,18.618562,73.947885,Viman Nagar Road,Minor,2025-02-19,19:00,2025-02-19 19:00:00,Clear,Auto,medium
337,18.637213,73.969767,Viman Nagar Road,Severe,2024-02-05,17:00,2024-02-05 17:00:00,Fog,Bike,medium
338,18.460586,73.94839,Hadapsar Bypass,Severe,2024-05-03,01:00,2024-05-03 01:00:00,Fog,Bike,high
339,18.642818,73.934862,Viman Nagar Road,Minor,2024-11-26,11:00,2024-11-26 11:00:00,Fog,Truck,medium
340,18.670592,73.735845,Wakad Highway,Minor,2024-12-02,03:00,2024-12-02 03:00:00,Rain,Bike,high
341,18.607565,73.756827,Wakad Highway,Severe,2023-03-27,12:00,2023-03-27 12:00:00,Fog,Auto,high
342,18.541038,73.854359,Shivajinagar Road,Severe,2022-06-02,21:00,2022-06-02 21:00:00,Rain,Bike,medium
343,18.656034,73.803608,Pimpri-Chinchwad Link,Minor,2022-06-09,08:00,2022-06-09 08:00:00,Fog,Bus,high
344,18.608614,73.977138,Viman Nagar Road,Minor,2024-02-11,03:00,2024-02-11 03:00:00,Fog,Auto,medium
345,18.667565,73.902819,Pimpri-Chinchwad Link,Severe,2022-02-08,20:00,2022-02-08 20:00:00,Fog,Auto,high
346,18.550755,73.754342,Baner Road,Severe,2022-06-21,19:00,2022-06-21 19:00:00,Fog,Car,medium
347,18.676362,73.789801,Pimpri-Chinchwad Link,Minor,2022-10-04,12:00,2022-10-04 12:00:00,Fog,Truck,high
348,18.487201,73.826446,Kothrud Road,Minor,2023-12-16,14:00,2023-12-16 14:00:00,Fog,Car,medium
349,18.599936,73.884245,Viman Nagar Road,Severe,2023-09-07,22:00,2023-09-07 22:00:00,Rain,Truck,medium
350,18.630606,73.920148,Viman Nagar Road,Minor,2024-11-05,01:00,2024-11-05 01:00:00,Rain,Bus,medium
351,18.550552,73.932219,Viman Nagar Road,Minor,2023-03-31,08:00,2023-03-31 08:00:00,Rain,Car,medium
352,18.607434,73.788121,Wakad Highway,Severe,2023-05-23,17:00,2023-05-23 17:00:00,Fog,Bike,high
353,18.622152,73.996216,Viman Nagar Road,Minor,2022-01-21,10:00,2022-01-21 10:00:00,Rain,Bike,medium
354,18.636961,73.713075,Hinjewadi IT Park Road,Severe,2023-07-25,15:00,2023-07-25 15:00:00,Clear,Auto,high
355,18.574193,73.913033,Viman Nagar Road,Minor,2022-09-07,19:00,2022-09-07 19:00:00,Rain,Auto,medium
356,18.547961,73.837221,Shivajinagar Road,Minor,2024-04-09,07:00,2024-04-09 07:00:00,Clear,Car,medium
357,18.690992,73.946377,Viman Nagar Road,Minor,2022-02-02,12:00,2022-02-02 12:00:00,Clear,Truck,medium
358,18.676759,73.862984,Pimpri-Chinchwad Link,Severe,2023-11-20,18:00,2023-11-20 18:00:00,Clear,Auto,high
359,18.616403,73.772106,Wakad Highway,Severe,2025-03-09,06:00,2025-03-09 06:00:00,Clear,Bike,high
360,18.687165,73.839055,Pimpri-Chinchwad Link,Minor,2023-11-27,06:00,2023-11-27 06:00:00,Fog,Car,high
361,18.585906,73.990609,Viman Nagar Road,Severe,2024-04-27,17:00,2024-04-27 17:00:00,Clear,Car,medium
362,18.465213,73.898825,Hadapsar Bypass,Severe,2024-11-18,18:00,2024-11-18 18:00:00,Rain,Bike,high
363,18.531436,73.917623,Koregaon Park Road,Minor,2023-01-23,20:00,2023-01-23 20:00:00,Clear,Bus,low
364,18.683147,73.91673,Pimpri-Chinchwad Link,Minor,2022-03-19,17:00,2022-03-19 17:00:00,Clear,Auto,high
365,18.585323,73.936995,Viman Nagar Road,Minor,2024-03-02,19:00,2024-03-02 19:00:00,Rain,Auto,medium
366,18.491197,73.861165,Deccan Road,Severe,2023-12-28,18:00,2023-12-28 18:00:00,Fog,Car,low
367,18.508321,73.821713,Kothrud Road,Severe,2022-05-28,21:00,2022-05-28 21:00:00,Clear,Car,medium
368,18.441621,73.744842,Kothrud Road,Severe,2023-08-01,04:00,2023-08-01 04:00:00,Clear,Bike,medium
369,18.419795,73.970548,Hadapsar Bypass,Severe,2022-08-20,20:00,2022-08-20 20:00:00,Rain,Bus,high
370,18.449031,73.996868,Hadapsar Bypass,Minor,2023-01-06,08:00,2023-01-06 08:00:00,Fog,Auto,high
371,18.468949,73.790744,Kothrud Road,Severe,2025-01-19,22:00,2025-01-19 22:00:00,Clear,Car,medium
372,18.554231,73.986166,Viman Nagar Road,Severe,2023-08-23,06:00,2023-08-23 06:00:00,Fog,Auto,medium
373,18.570395,73.751747,Hinjewadi IT Park Road,Minor,2025-02-05,23:00,2025-02-05 23:00:00,Rain,Bus,high
374,18.466089,73.954829,Hadapsar Bypass,Severe,2024-10-12,18:00,2024-10-12 18:00:00,Clear,Bus,high
375,18.563585,73.891721,Viman Nagar Road,Minor,2024-06-28,15:00,2024-06-28 15:00:00,Clear,Truck,medium
376,18.671205,73.922006,Viman Nagar Road,Minor,2024-09-10,23:00,2024-09-10 23:00:00,Fog,Truck,medium
377,18.457948,73.865713,Deccan Road,Severe,2022-11-09,03:00,2022-11-09 03:00:00,Rain,Auto,low
378,18.612817,73.879879,Viman Nagar Road,Minor,2024-03-13,13:00,2024-03-13 13:00:00,Clear,Car,medium
379,18.476987,73.990519,Hadapsar Bypass,Severe,2024-08-14,12:00,2024-08-14 12:00:00,Fog,Car,high
380,18.422599,73.757121,Kothrud Road,Minor,2024-10-11,17:00,2024-10-11 17:00:00,Rain,Bus,medium
381,18.62461,73.999158,Viman Nagar Road,Severe,2022-08-15,14:00,2022-08-15 14:00:00,Rain,Bus,medium
382,18.500058,73.928302,Hadapsar Bypass,Minor,2024-05-01,16:00,2024-05-01 16:00:00,Fog,Car,high
383,18.689592,73.893998,Pimpri-Chinchwad Link,Minor,2024-03-01,17:00,2024-03-01 17:00:00,Clear,Truck,high
384,18.48386,73.968944,Hadapsar Bypass,Severe,2022-03-09,00:00,2022-03-09 00:00:00,Clear,Bike,high
385,18.448027,73.960916,Hadapsar Bypass,Minor,2024-09-21,06:00,2024-09-21 06:00:00,Fog,Car,high
386,18.510777,73.896136,Koregaon Park Road,Severe,2022-11-02,13:00,2022-11-02 13:00:00,Clear,Bike,low
387,18.693716,73.810164,Pimpri-Chinchwad Link,Severe,2025-02-27,13:00,2025-02-27 13:00:00,Clear,Auto,high
388,18.682268,73.767826,Pimpri-Chinchwad Link,Severe,2025-03-04,14:00,2025-03-04 14:00:00,Clear,Truck,high
389,18.477013,73.970043,Hadapsar Bypass,Minor,2022-10-15,20:00,2022-10-15 20:00:00,Rain,Truck,high
390,18.406255,73.987287,Hadapsar Bypass,Minor,2025-01-04,12:00,2025-01-04 12:00:00,Fog,Bus,high
391,18.5221,73.990293,Hadapsar Bypass,Minor,2023-09-23,12:00,2023-09-23 12:00:00,Rain,Truck,high
392,18.574005,73.831767,Shivajinagar Road,Severe,2022-10-16,00:00,2022-10-16 00:00:00,Rain,Bus,medium
393,18.441663,73.785098,Kothrud Road,Minor,2024-09-13,02:00,2024-09-13 02:00:00,Rain,Truck,medium
394,18.606002,73.925217,Viman Nagar Road,Minor,2022-08-03,13:00,2022-08-03 13:00:00,Fog,Truck,medium
395,18.547685,73.831092,Shivajinagar Road,Severe,2024-01-29,08:00,2024-01-29 08:00:00,Fog,Auto,medium
396,18.586919,73.998026,Viman Nagar Road,Severe,2023-01-15,12:00,2023-01-15 12:00:00,Fog,Bike,medium
397,18.506056,73.960685,Hadapsar Bypass,Severe,2023-05-19,13:00,2023-05-19 13:00:00,Clear,Bike,high
398,18.516308,73.765829,Kothrud Road,Fatal,2024-04-27,15:00,2024-04-27 15:00:00,Fog,Car,medium
399,18.476793,73.792588,Kothrud Road,Minor,2022-02-28,01:00,2022-02-28 01:00:00,Fog,Auto,medium
400,18.539402,73.975411,Hadapsar Bypass,Minor,2023-05-18,06:00,2023-05-18 06:00:00,Rain,Bus,high
401,18.691679,73.804855,Pimpri-Chinchwad Link,Fatal,2024-02-01,19:00,2024-02-01 19:00:00,Rain,Bus,high
402,18.682085,73.763367,Pimpri-Chinchwad Link,Fatal,2022-06-22,02:00,2022-06-22 02:00:00,Rain,Bike,high
403,18.53328,73.913178,Koregaon Park Road,Severe,2022-12-05,01:00,2022-12-05 01:00:00,Rain,Auto,low
404,18.519898,73.893023,Koregaon Park Road,Minor,2023-02-05,03:00,2023-02-05 03:00:00,Rain,Truck,low
405,18.58597,73.925638,Viman Nagar Road,Fatal,2024-11-01,03:00,2024-11-01 03:00:00,Fog,Bike,medium
406,18.529241,73.815277,Kothrud Road,Severe,2022-01-16,14:00,2022-01-16 14:00:00,Rain,Car,medium
407,18.522352,73.950505,Hadapsar Bypass,Fatal,2024-06-17,07:00,2024-06-17 07:00:00,Fog,Truck,high
408,18.603592,73.991096,Viman Nagar Road,Fatal,2023-10-16,00:00,2023-10-16 00:00:00,Fog,Truck,medium
409,18.653837,73.93128,Viman Nagar Road,Severe,2022-12-19,22:00,2022-12-19 22:00:00,Rain,Bike,medium
410,18.671924,73.81951,Pimpri-Chinchwad Link,Minor,2024-06-22,13:00,2024-06-22 13:00:00,Clear,Car,high
411,18.587445,73.965874,Viman Nagar Road,Minor,2024-03-12,10:00,2024-03-12 10:00:00,Rain,Truck,medium
412,18.479282,73.837559,Deccan Road,Minor,2022-06-09,22:00,2022-06-09 22:00:00,Rain,Truck,low
413,18.420265,73.763983,Kothrud Road,Minor,2025-03-23,04:00,2025-03-23 04:00:00,Clear,Car,medium
414,18.419911,73.9373,Hadapsar Bypass,Severe,2023-01-03,00:00,2023-01-03 00:00:00,Clear,Bike,high
415,18.561257,73.972368,Viman Nagar Road,Minor,2024-02-13,20:00,2024-02-13 20:00:00,Clear,Auto,medium
416,18.436405,73.760922,Kothrud Road,Severe,2022-10-29,00:00,2022-10-29 00:00:00,Clear,Auto,medium
417,18.63271,73.782939,Pimpri-Chinchwad Link,Severe,2022-05-31,06:00,2022-05-31 06:00:00,Clear,Truck,high
418,18.673039,73.740092,Wakad Highway,Severe,2023-04-14,18:00,2023-04-14 18:00:00,Fog,Truck,high
419,18.416751,73.861338,Deccan Road,Severe,2024-06-05,21:00,2024-06-05 21:00:00,Clear,Car,low
420,18.622808,73.844857,Pimpri-Chinchwad Link,Minor,2023-11-29,15:00,2023-11-29 15:00:00,Clear,Bike,high
421,18.699264,73.841811,Pimpri-Chinchwad Link,Fatal,2022-12-14,12:00,2022-12-14 12:00:00,Rain,Truck,high
422,18.439754,73.90101,Hadapsar Bypass,Fatal,2022-06-03,03:00,2022-06-03 03:00:00,Clear,Truck,high
423,18.629221,73.732998,Hinjewadi IT Park Road,Severe,2022-04-23,12:00,2022-04-23 12:00:00,Rain,Car,high
424,18.410705,73.799102,Kothrud Road,Severe,2022-08-25,21:00,2022-08-25 21:00:00,Fog,Bike,medium
425,18.68116,73.876687,Pimpri-Chinchwad Link,Fatal,2023-03-08,00:00,2023-03-08 00:00:00,Clear,Truck,high
426,18.519007,73.989971,Hadapsar Bypass,Severe,2022-06-13,20:00,2022-06-13 20:00:00,Clear,Bike,high
427,18.457191,73.973758,Hadapsar Bypass,Severe,2022-09-23,19:00,2022-09-23 19:00:00,Fog,Bus,high
428,18.469083,73.996264,Hadapsar Bypass,Minor,2022-03-18,00:00,2022-03-18 00:00:00,Rain,Car,high
429,18.510862,73.790391,Kothrud Road,Severe,2024-08-20,12:00,2024-08-20 12:00:00,Fog,Auto,medium
430,18.449432,73.871885,Deccan Road,Severe,2023-01-25,05:00,2023-01-25 05:00:00,Rain,Car,low
431,18.578416,73.915222,Viman Nagar Road,Minor,2024-05-01,20:00,2024-05-01 20:00:00,Clear,Car,medium
432,18.452745,73.806231,Kothrud Road,Severe,2022-04-12,14:00,2022-04-12 14:00:00,Clear,Car,medium
433,18.549084,73.78,Baner Road,Minor,2022-12-09,07:00,2022-12-09 07:00:00,Fog,Truck,medium
434,18.641501,73.720223,Hinjewadi IT Park Road,Fatal,2024-08-30,12:00,2024-08-30 12:00:00,Clear,Bus,high
435,18.624862,73.700948,Hinjewadi IT Park Road,Minor,2023-01-27,16:00,2023-01-27 16:00:00,Rain,Car,high
436,18.548185,73.867351,Shivajinagar Road,Fatal,2024-07-29,20:00,2024-07-29 20:00:00,Fog,Bike,medium
437,18.629072,73.843402,Pimpri-Chinchwad Link,Minor,2023-11-26,08:00,2023-11-26 08:00:00,Clear,Bus,high
438,18.45292,73.844313,Deccan Road,Severe,2023-10-11,05:00,2023-10-11 05:00:00,Clear,Auto,low
439,18.649895,73.746484,Wakad Highway,Severe,2022-03-11,08:00,2022-03-11 08:00:00,Clear,Bike,high
440,18.459634,73.954293,Hadapsar Bypass,Minor,2022-06-26,08:00,2022-06-26 08:00:00,Rain,Truck,high
441,18.483355,73.89863,Hadapsar Bypass,Minor,2023-12-19,04:00,2023-12-19 04:00:00,Fog,Truck,high
442,18.513983,73.705056,Hinjewadi IT Park Road,Minor,2023-10-23,13:00,2023-10-23 13:00:00,Fog,Car,high
443,18.580217,73.928694,Viman Nagar Road,Minor,2024-05-23,00:00,2024-05-23 00:00:00,Clear,Auto,medium
444,18.487881,73.905,Hadapsar Bypass,Minor,2022-10-24,19:00,2022-10-24 19:00:00,Fog,Auto,high
445,18.649304,73.964552,Viman Nagar Road,Minor,2024-04-28,22:00,2024-04-28 22:00:00,Clear,Auto,medium
446,18.598812,73.816676,Pimpri-Chinchwad Link,Minor,2023-09-11,10:00,2023-09-11 10:00:00,Clear,Truck,high
447,18.595313,73.780659,Wakad Highway,Severe,2022-08-27,16:00,2022-08-27 16:00:00,Rain,Bike,high
448,18.479932,73.917226,Hadapsar Bypass,Severe,2024-09-23,11:00,2024-09-23 11:00:00,Rain,Car,high
449,18.428709,73.967499,Hadapsar Bypass,Minor,2023-04-16,01:00,2023-04-16 01:00:00,Rain,Auto,high
450,18.513767,73.726846,Baner Road,Severe,2023-07-11,20:00,2023-07-11 20:00:00,Clear,Auto,medium
451,18.494023,73.710169,Kothrud Road,Fatal,2023-03-08,13:00,2023-03-08 13:00:00,Rain,Bike,medium
452,18.684103,73.954095,Viman Nagar Road,Minor,2023-03-28,01:00,2023-03-28 01:00:00,Rain,Auto,medium
453,18.583199,73.932257,Viman Nagar Road,Minor,2024-07-18,21:00,2024-07-18 21:00:00,Fog,Auto,medium
454,18.699178,73.789366,Pimpri-Chinchwad Link,Severe,2022-02-07,20:00,2022-02-07 20:00:00,Rain,Bike,high
455,18.478133,73.899623,Hadapsar Bypass,Severe,2023-08-24,19:00,2023-08-24 19:00:00,Rain,Truck,high
456,18.679682,73.747119,Pimpri-Chinchwad Link,Minor,2023-09-08,03:00,2023-09-08 03:00:00,Clear,Truck,high
457,18.451091,73.844385,Deccan Road,Minor,2022-07-05,14:00,2022-07-05 14:00:00,Fog,Truck,low
458,18.471996,73.974752,Hadapsar Bypass,Fatal,2024-04-13,02:00,2024-04-13 02:00:00,Clear,Truck,high
459,18.62756,73.738774,Hinjewadi IT Park Road,Minor,2022-05-05,15:00,2022-05-05 15:00:00,Fog,Auto,high
460,18.44193,73.818995,Kothrud Road,Severe,2025-04-07,02:00,2025-04-07 02:00:00,Rain,Car,medium
461,18.508773,73.711079,Baner Road,Fatal,2022-08-17,17:00,2022-08-17 17:00:00,Rain,Auto,medium
462,18.478863,73.921431,Hadapsar Bypass,Minor,2025-02-08,10:00,2025-02-08 10:00:00,Rain,Bus,high
463,18.614833,73.749509,Wakad Highway,Fatal,2022-06-24,09:00,2022-06-24 09:00:00,Rain,Bike,high
464,18.531743,73.761473,Baner Road,Minor,2023-09-22,08:00,2023-09-22 08:00:00,Rain,Bus,medium
465,18.507672,73.819874,Kothrud Road,Fatal,2022-11-30,14:00,2022-11-30 14:00:00,Clear,Auto,medium
466,18.440955,73.825695,Kothrud Road,Minor,2023-03-31,04:00,2023-03-31 04:00:00,Fog,Auto,medium
467,18.66243,73.999971,Viman Nagar Road,Minor,2022-04-12,04:00,2022-04-12 04:00:00,Fog,Truck,medium
468,18.625688,73.928679,Viman Nagar Road,Minor,2022-08-14,16:00,2022-08-14 16:00:00,Rain,Truck,medium
469,18.463699,73.775141,Kothrud Road,Minor,2024-06-23,01:00,2024-06-23 01:00:00,Clear,Bike,medium
470,18.672861,73.917299,Viman Nagar Road,Severe,2022-03-17,00:00,2022-03-17 00:00:00,Clear,Bus,medium
471,18.472763,73.706989,Kothrud Road,Severe,2022-08-14,16:00,2022-08-14 16:00:00,Rain,Truck,medium
472,18.457445,73.785625,Kothrud Road,Minor,2024-02-26,02:00,2024-02-26 02:00:00,Clear,Bike,medium
473,18.582982,73.865055,Viman Nagar Road,Minor,2024-04-20,01:00,2024-04-20 01:00:00,Rain,Car,medium
474,18.691493,73.938589,Viman Nagar Road,Severe,2024-06-02,03:00,2024-06-02 03:00:00,Fog,Bike,medium
475,18.600914,73.943884,Viman Nagar Road,Minor,2024-09-25,12:00,2024-09-25 12:00:00,Clear,Car,medium
476,18.555608,73.944067,Viman Nagar Road,Severe,2023-09-17,15:00,2023-09-17 15:00:00,Fog,Auto,medium
477,18.599182,73.929774,Viman Nagar Road,Fatal,2024-01-07,03:00,2024-01-07 03:00:00,Fog,Auto,medium
478,18.51141,73.712977,Baner Road,Minor,2022-04-25,05:00,2022-04-25 05:00:00,Rain,Auto,medium
479,18.644211,73.70631,Hinjewadi IT Park Road,Minor,2022-05-19,11:00,2022-05-19 11:00:00,Fog,Truck,high
480,18.510143,73.966173,Hadapsar Bypass,Minor,2023-01-03,09:00,2023-01-03 09:00:00,Clear,Car,high
481,18.613309,73.918307,Viman Nagar Road,Minor,2024-02-18,12:00,2024-02-18 12:00:00,Fog,Car,medium
482,18.61184,73.894012,Viman Nagar Road,Minor,2022-10-04,02:00,2022-10-04 02:00:00,Clear,Car,medium
483,18.421367,73.960038,Hadapsar Bypass,Fatal,2022-04-20,16:00,2022-04-20 16:00:00,Fog,Bike,high
484,18.505567,73.741778,Kothrud Road,Severe,2023-04-25,06:00,2023-04-25 06:00:00,Rain,Bus,medium
485,18.599192,73.996447,Viman Nagar Road,Minor,2024-06-07,17:00,2024-06-07 17:00:00,Fog,Bike,medium
486,18.425551,73.823382,Kothrud Road,Minor,2023-04-10,17:00,2023-04-10 17:00:00,Fog,Truck,medium
487,18.490778,73.96039,Hadapsar Bypass,Severe,2023-10-15,12:00,2023-10-15 12:00:00,Clear,Truck,high
488,18.434518,73.916334,Hadapsar Bypass,Minor,2022-03-26,12:00,2022-03-26 12:00:00,Clear,Car,high
489,18.651944,73.818564,Pimpri-Chinchwad Link,Severe,2022-07-01,02:00,2022-07-01 02:00:00,Clear,Bus,high
490,18.439725,73.989183,Hadapsar Bypass,Minor,2022-07-18,01:00,2022-07-18 01:00:00,Clear,Bike,high
491,18.57313,73.994153,Viman Nagar Road,Minor,2022-10-24,05:00,2022-10-24 05:00:00,Clear,Bus,medium
492,18.594917,73.709242,Hinjewadi IT Park Road,Severe,2024-02-28,20:00,2024-02-28 20:00:00,Rain,Bus,high
493,18.612728,73.850811,Pimpri-Chinchwad Link,Minor,2023-05-20,08:00,2023-05-20 08:00:00,Rain,Auto,high
494,18.495851,73.839879,Deccan Road,Minor,2024-05-18,03:00,2024-05-18 03:00:00,Clear,Bus,low
495,18.633998,73.968034,Viman Nagar Road,Minor,2024-09-08,17:00,2024-09-08 17:00:00,Clear,Auto,medium
496,18.520367,73.830456,Deccan Road,Severe,2022-10-29,07:00,2022-10-29 07:00:00,Clear,Bike,low
497,18.522654,73.985491,Hadapsar Bypass,Minor,2022-12-12,19:00,2022-12-12 19:00:00,Fog,Auto,high
498,18.47544,73.817682,Kothrud Road,Minor,2022-05-17,02:00,2022-05-17 02:00:00,Clear,Auto,medium
499,18.483416,73.974121,Hadapsar Bypass,Minor,2023-07-11,01:00,2023-07-11 01:00:00,Clear,Truck,high
500,18.540368,73.94481,Hadapsar Bypass,Minor,2022-05-16,10:00,2022-05-16 10:00:00,Rain,Auto,high
501,18.670206,73.947815,Viman Nagar Road,Fatal,2022-03-18,21:00,2022-03-18 21:00:00,Clear,Truck,medium
502,18.522035,73.775515,Kothrud Road,Minor,2024-03-08,05:00,2024-03-08 05:00:00,Clear,Bus,medium
503,18.442455,73.735734,Kothrud Road,Minor,2022-03-10,15:00,2022-03-10 15:00:00,Clear,Bike,medium
504,18.499379,73.82824,Kothrud Road,Minor,2022-05-07,01:00,2022-05-07 01:00:00,Rain,Car,medium
505,18.552892,73.94071,Viman Nagar Road,Severe,2022-11-22,19:00,2022-11-22 19:00:00,Clear,Truck,medium
506,18.481385,73.854163,Deccan Road,Fatal,2025-03-13,21:00,2025-03-13 21:00:00,Fog,Truck,low
507,18.63285,73.752931,Wakad Highway,Minor,2024-02-05,01:00,2024-02-05 01:00:00,Fog,Auto,high
508,18.613864,73.949218,Viman Nagar Road,Severe,2023-02-28,12:00,2023-02-28 12:00:00,Rain,Bus,medium
509,18.588255,73.914643,Viman Nagar Road,Minor,2023-05-01,19:00,2023-05-01 19:00:00,Clear,Truck,medium
510,18.685962,73.801636,Pimpri-Chinchwad Link,Severe,2023-12-06,12:00,2023-12-06 12:00:00,Clear,Auto,high
511,18.587629,73.747248,Hinjewadi IT Park Road,Severe,2023-05-07,23:00,2023-05-07 23:00:00,Clear,Car,high
512,18.628613,73.872493,Pimpri-Chinchwad Link,Minor,2023-10-03,11:00,2023-10-03 11:00:00,Rain,Bus,high
513,18.435987,73.991492,Hadapsar Bypass,Minor,2023-04-11,18:00,2023-04-11 18:00:00,Clear,Bike,high
514,18.401629,73.997002,Hadapsar Bypass,Minor,2024-03-15,18:00,2024-03-15 18:00:00,Rain,Bike,high
515,18.537848,73.996425,Hadapsar Bypass,Minor,2022-10-12,04:00,2022-10-12 04:00:00,Clear,Bus,high
516,18.424924,73.977907,Hadapsar Bypass,Fatal,2023-11-25,23:00,2023-11-25 23:00:00,Rain,Truck,high
517,18.447841,73.83759,Kothrud Road,Minor,2024-06-29,05:00,2024-06-29 05:00:00,Clear,Auto,medium
518,18.627428,73.919245,Viman Nagar Road,Minor,2022-06-18,06:00,2022-06-18 06:00:00,Rain,Auto,medium
519,18.437094,73.835146,Kothrud Road,Minor,2025-01-27,13:00,2025-01-27 13:00:00,Fog,Auto,medium
520,18.569014,73.823653,Baner Road,Minor,2022-01-11,02:00,2022-01-11 02:00:00,Rain,Car,medium
521,18.533482,73.73119,Baner Road,Severe,2022-11-13,09:00,2022-11-13 09:00:00,Fog,Truck,medium
522,18.452423,73.776927,Kothrud Road,Minor,2024-12-25,07:00,2024-12-25 07:00:00,Rain,Car,medium
523,18.519531,73.761896,Baner Road,Severe,2023-06-21,12:00,2023-06-21 12:00:00,Rain,Bike,medium
524,18.441771,73.789444,Kothrud Road,Severe,2023-09-21,19:00,2023-09-21 19:00:00,Fog,Bike,medium
525,18.627402,73.762324,Wakad Highway,Fatal,2023-04-19,13:00,2023-04-19 13:00:00,Rain,Bike,high
526,18.687429,73.966288,Viman Nagar Road,Minor,2023-03-04,05:00,2023-03-04 05:00:00,Rain,Bike,medium
527,18.619956,73.909187,Viman Nagar Road,Minor,2023-10-06,18:00,2023-10-06 18:00:00,Fog,Bus,medium
528,18.400902,73.84399,Kothrud Road,Severe,2023-02-15,23:00,2023-02-15 23:00:00,Rain,Bus,medium
529,18.440303,73.976644,Hadapsar Bypass,Fatal,2024-08-20,12:00,2024-08-20 12:00:00,Fog,Auto,high
530,18.592408,73.892242,Viman Nagar Road,Minor,2022-11-23,02:00,2022-11-23 02:00:00,Rain,Auto,medium
531,18.516672,73.846487,Deccan Road,Severe,2023-06-28,23:00,2023-06-28 23:00:00,Clear,Bus,low
532,18.604728,73.850583,Pimpri-Chinchwad Link,Minor,2024-01-20,00:00,2024-01-20 00:00:00,Clear,Auto,high
533,18.477985,73.98681,Hadapsar Bypass,Minor,2024-04-23,06:00,2024-04-23 06:00:00,Clear,Bike,high
534,18.625306,73.921536,Viman Nagar Road,Severe,2023-05-15,06:00,2023-05-15 06:00:00,Rain,Truck,medium
535,18.564331,73.936395,Viman Nagar Road,Minor,2025-03-21,20:00,2025-03-21 20:00:00,Fog,Car,medium
536,18.644949,73.807839,Pimpri-Chinchwad Link,Minor,2023-03-27,08:00,2023-03-27 08:00:00,Rain,Auto,high
537,18.677445,73.79009,Pimpri-Chinchwad Link,Minor,2024-07-20,13:00,2024-07-20 13:00:00,Rain,Truck,high
538,18.637204,73.938748,Viman Nagar Road,Severe,2023-05-21,22:00,2023-05-21 22:00:00,Fog,Bike,medium
539,18.678547,73.980327,Viman Nagar Road,Minor,2024-06-27,18:00,2024-06-27 18:00:00,Clear,Bike,medium
540,18.675227,73.987453,Viman Nagar Road,Minor,2024-06-14,12:00,2024-06-14 12:00:00,Fog,Car,medium
541,18.548605,73.830425,Shivajinagar Road,Severe,2022-09-23,20:00,2022-09-23 20:00:00,Fog,Bus,medium
542,18.407589,73.805097,Kothrud Road,Minor,2024-06-09,05:00,2024-06-09 05:00:00,Clear,Auto,medium
543,18.649604,73.895581,Pimpri-Chinchwad Link,Minor,2024-02-29,22:00,2024-02-29 22:00:00,Clear,Bus,high
544,18.486389,73.801922,Kothrud Road,Minor,2024-12-10,02:00,2024-12-10 02:00:00,Rain,Truck,medium
545,18.682762,73.761843,Pimpri-Chinchwad Link,Minor,2022-05-18,07:00,2022-05-18 07:00:00,Fog,Car,high
546,18.67366,73.70491,Hinjewadi IT Park Road,Minor,2022-05-31,06:00,2022-05-31 06:00:00,Clear,Bike,high
547,18.465045,73.752725,Kothrud Road,Severe,2023-04-27,02:00,2023-04-27 02:00:00,Rain,Truck,medium
548,18.643429,73.773905,Pimpri-Chinchwad Link,Minor,2024-06-19,12:00,2024-06-19 12:00:00,Clear,Bike,high
549,18.6348,73.988357,Viman Nagar Road,Severe,2024-09-03,07:00,2024-09-03 07:00:00,Rain,Bike,medium
550,18.695194,73.909013,Pimpri-Chinchwad Link,Minor,2023-09-01,22:00,2023-09-01 22:00:00,Rain,Auto,high
551,18.457844,73.933884,Hadapsar Bypass,Minor,2023-08-10,07:00,2023-08-10 07:00:00,Rain,Bus,high
552,18.427545,73.913903,Hadapsar Bypass,Severe,2023-03-23,19:00,2023-03-23 19:00:00,Rain,Bike,high
553,18.670381,73.849389,Pimpri-Chinchwad Link,Minor,2023-06-17,03:00,2023-06-17 03:00:00,Clear,Bus,high
554,18.480361,73.763122,Kothrud Road,Severe,2024-03-02,07:00,2024-03-02 07:00:00,Clear,Bus,medium
555,18.621953,73.962512,Viman Nagar Road,Severe,2022-11-28,23:00,2022-11-28 23:00:00,Fog,Car,medium
556,18.612648,73.932528,Viman Nagar Road,Fatal,2024-03-14,05:00,2024-03-14 05:00:00,Fog,Auto,medium
557,18.678466,73.988578,Viman Nagar Road,Minor,2024-01-10,15:00,2024-01-10 15:00:00,Clear,Truck,medium
558,18.566875,73.860005,Shivajinagar Road,Minor,2023-04-01,01:00,2023-04-01 01:00:00,Fog,Car,medium
559,18.505976,73.736646,Kothrud Road,Minor,2023-03-18,18:00,2023-03-18 18:00:00,Clear,Bus,medium
560,18.608323,73.768397,Wakad Highway,Fatal,2023-02-22,23:00,2023-02-22 23:00:00,Clear,Car,high
561,18.675594,73.711737,Hinjewadi IT Park Road,Severe,2024-09-25,23:00,2024-09-25 23:00:00,Rain,Auto,high
562,18.470904,73.928906,Hadapsar Bypass,Severe,2022-05-29,04:00,2022-05-29 04:00:00,Fog,Car,high
563,18.440191,73.924877,Hadapsar Bypass,Minor,2023-07-23,20:00,2023-07-23 20:00:00,Rain,Car,high
564,18.685614,73.751735,Pimpri-Chinchwad Link,Minor,2024-08-05,23:00,2024-08-05 23:00:00,Fog,Auto,high
565,18.566653,73.77562,Baner Road,Minor,2023-12-15,00:00,2023-12-15 00:00:00,Rain,Auto,medium
566,18.644835,73.975063,Viman Nagar Road,Severe,2022-03-31,03:00,2022-03-31 03:00:00,Clear,Bike,medium
567,18.628409,73.84364,Pimpri-Chinchwad Link,Severe,2024-09-13,06:00,2024-09-13 06:00:00,Rain,Auto,high
568,18.597736,73.931107,Viman Nagar Road,Minor,2023-02-14,19:00,2023-02-14 19:00:00,Clear,Car,medium
569,18.547068,73.802906,Baner Road,Minor,2023-07-07,13:00,2023-07-07 13:00:00,Fog,Auto,medium
570,18.424699,73.828104,Kothrud Road,Minor,2023-09-17,13:00,2023-09-17 13:00:00,Rain,Bus,medium
571,18.504683,73.827864,Deccan Road,Minor,2022-01-24,05:00,2022-01-24 05:00:00,Clear,Car,low
572,18.55187,73.858419,Shivajinagar Road,Severe,2023-07-28,08:00,2023-07-28 08:00:00,Fog,Truck,medium
573,18.601637,73.962854,Viman Nagar Road,Minor,2024-07-07,13:00,2024-07-07 13:00:00,Fog,Bike,medium
574,18.50165,73.926925,Hadapsar Bypass,Severe,2023-05-09,20:00,2023-05-09 20:00:00,Rain,Bus,high
575,18.440018,73.922912,Hadapsar Bypass,Minor,2024-09-10,00:00,2024-09-10 00:00:00,Clear,Car,high
576,18.478703,73.974289,Hadapsar Bypass,Minor,2024-09-28,16:00,2024-09-28 16:00:00,Clear,Bike,high
577,18.60211,73.892689,Viman Nagar Road,Severe,2023-07-04,01:00,2023-07-04 01:00:00,Fog,Bus,medium
578,18.488734,73.870798,Deccan Road,Minor,2022-12-06,07:00,2022-12-06 07:00:00,Clear,Car,low
579,18.490871,73.795384,Kothrud Road,Minor,2022-08-26,23:00,2022-08-26 23:00:00,Rain,Auto,medium
580,18.504778,73.762255,Kothrud Road,Severe,2022-10-01,02:00,2022-10-01 02:00:00,Clear,Car,medium
581,18.65858,73.815166,Pimpri-Chinchwad Link,Severe,2022-02-14,08:00,2022-02-14 08:00:00,Rain,Bike,high
582,18.46992,73.812078,Kothrud Road,Severe,2022-11-14,07:00,2022-11-14 07:00:00,Rain,Bus,medium
583,18.554657,73.753517,Baner Road,Severe,2022-01-28,17:00,2022-01-28 17:00:00,Rain,Car,medium
584,18.427635,73.888129,Hadapsar Bypass,Minor,2025-01-11,21:00,2025-01-11 21:00:00,Rain,Bus,high
585,18.515597,73.962703,Hadapsar Bypass,Minor,2024-10-02,16:00,2024-10-02 16:00:00,Fog,Car,high
586,18.435126,73.852173,Deccan Road,Minor,2024-01-07,05:00,2024-01-07 05:00:00,Fog,Car,low
587,18.562521,73.746593,Hinjewadi IT Park Road,Fatal,2023-08-10,18:00,2023-08-10 18:00:00,Fog,Car,high
588,18.450256,73.766242,Kothrud Road,Minor,2024-08-03,03:00,2024-08-03 03:00:00,Rain,Truck,medium
589,18.531535,73.836722,Shivajinagar Road,Minor,2022-03-23,01:00,2022-03-23 01:00:00,Fog,Auto,medium
590,18.659072,73.935174,Viman Nagar Road,Minor,2024-12-03,03:00,2024-12-03 03:00:00,Rain,Bike,medium
591,18.660115,73.887674,Pimpri-Chinchwad Link,Minor,2022-08-28,06:00,2022-08-28 06:00:00,Clear,Car,high
592,18.431386,73.935817,Hadapsar Bypass,Minor,2023-03-01,02:00,2023-03-01 02:00:00,Rain,Car,high
593,18.426692,73.801088,Kothrud Road,Severe,2023-01-19,05:00,2023-01-19 05:00:00,Clear,Bike,medium
594,18.444428,73.739895,Kothrud Road,Minor,2023-11-05,07:00,2023-11-05 07:00:00,Fog,Car,medium
595,18.473845,73.855716,Deccan Road,Minor,2025-01-18,14:00,2025-01-18 14:00:00,Clear,Car,low
596,18.527,73.934556,Hadapsar Bypass,Minor,2022-06-25,00:00,2022-06-25 00:00:00,Rain,Bike,high
597,18.501149,73.733035,Kothrud Road,Minor,2025-02-20,14:00,2025-02-20 14:00:00,Rain,Bus,medium
598,18.659035,73.908769,Viman Nagar Road,Severe,2022-01-05,20:00,2022-01-05 20:00:00,Clear,Auto,medium
599,18.503122,73.769594,Kothrud Road,Fatal,2024-09-19,23:00,2024-09-19 23:00:00,Clear,Auto,medium
600,18.554444,73.706768,Hinjewadi IT Park Road,Severe,2022-09-28,20:00,2022-09-28 20:00:00,Rain,Auto,high
601,18.505395,73.835047,Deccan Road,Fatal,2024-05-27,03:00,2024-05-27 03:00:00,Rain,Auto,low
602,18.522226,73.876512,Koregaon Park Road,Minor,2024-11-12,05:00,2024-11-12 05:00:00,Rain,Bike,low
603,18.630378,73.92302,Viman Nagar Road,Severe,2025-03-27,02:00,2025-03-27 02:00:00,Rain,Car,medium
604,18.578082,73.706327,Hinjewadi IT Park Road,Fatal,2025-01-19,02:00,2025-01-19 02:00:00,Clear,Auto,high
605,18.510535,73.90089,Hadapsar Bypass,Minor,2024-09-21,10:00,2024-09-21 10:00:00,Fog,Car,high
606,18.45049,73.738032,Kothrud Road,Severe,2023-10-17,16:00,2023-10-17 16:00:00,Rain,Auto,medium
607,18.581568,73.713332,Hinjewadi IT Park Road,Minor,2024-02-21,10:00,2024-02-21 10:00:00,Clear,Car,high
608,18.529526,73.892164,Koregaon Park Road,Fatal,2023-05-21,21:00,2023-05-21 21:00:00,Fog,Bike,low
609,18.611401,73.884816,Viman Nagar Road,Minor,2022-07-26,12:00,2022-07-26 12:00:00,Fog,Bike,medium
610,18.573836,73.96534,Viman Nagar Road,Minor,2024-10-14,06:00,2024-10-14 06:00:00,Clear,Truck,medium
611,18.530448,73.73817,Baner Road,Minor,2022-12-16,13:00,2022-12-16 13:00:00,Clear,Truck,medium
612,18.52502,73.762973,Baner Road,Minor,2022-05-03,03:00,2022-05-03 03:00:00,Rain,Bus,medium
613,18.664399,73.973846,Viman Nagar Road,Fatal,2023-03-06,17:00,2023-03-06 17:00:00,Rain,Auto,medium
614,18.634105,73.94401,Viman Nagar Road,Severe,2022-08-07,08:00,2022-08-07 08:00:00,Clear,Bus,medium
615,18.669204,73.990326,Viman Nagar Road,Minor,2024-12-22,18:00,2024-12-22 18:00:00,Rain,Truck,medium
616,18.542429,73.92535,Viman Nagar Road,Minor,2023-01-02,14:00,2023-01-02 14:00:00,Fog,Car,medium
617,18.521653,73.767055,Baner Road,Minor,2024-12-23,02:00,2024-12-23 02:00:00,Fog,Bike,medium
618,18.672252,73.881607,Pimpri-Chinchwad Link,Severe,2023-09-19,03:00,2023-09-19 03:00:00,Clear,Bike,high
619,18.567537,73.755888,Baner Road,Minor,2022-07-06,23:00,2022-07-06 23:00:00,Clear,Bus,medium
620,18.537968,73.767793,Baner Road,Minor,2024-08-07,08:00,2024-08-07 08:00:00,Clear,Car,medium
621,18.602926,73.773563,Wakad Highway,Severe,2024-05-03,10:00,2024-05-03 10:00:00,Fog,Bike,high
622,18.550641,73.807427,Baner Road,Minor,2023-01-03,19:00,2023-01-03 19:00:00,Fog,Auto,medium
623,18.567136,73.91449,Viman Nagar Road,Severe,2022-08-21,06:00,2022-08-21 06:00:00,Rain,Bus,medium
624,18.450412,73.970689,Hadapsar Bypass,Fatal,2023-08-03,01:00,2023-08-03 01:00:00,Clear,Truck,high
625,18.435639,73.874042,Deccan Road,Minor,2022-01-25,00:00,2022-01-25 00:00:00,Rain,Bike,low
626,18.422413,73.745886,Kothrud Road,Minor,2023-12-11,18:00,2023-12-11 18:00:00,Clear,Truck,medium
627,18.550455,73.888093,Koregaon Park Road,Severe,2024-01-16,12:00,2024-01-16 12:00:00,Clear,Bus,low
628,18.468507,73.791085,Kothrud Road,Severe,2023-08-15,15:00,2023-08-15 15:00:00,Clear,Car,medium
629,18.533486,73.979822,Hadapsar Bypass,Minor,2023-06-20,15:00,2023-06-20 15:00:00,Fog,Truck,high
630,18.594683,73.709012,Hinjewadi IT Park Road,Minor,2024-02-06,00:00,2024-02-06 00:00:00,Clear,Bus,high
631,18.580468,73.727776,Hinjewadi IT Park Road,Minor,2025-02-16,07:00,2025-02-16 07:00:00,Fog,Truck,high
632,18.590087,73.964282,Viman Nagar Road,Minor,2023-03-29,01:00,2023-03-29 01:00:00,Fog,Bus,medium
633,18.662701,73.746323,Wakad Highway,Minor,2024-11-26,10:00,2024-11-26 10:00:00,Fog,Truck,high
634,18.446644,73.713361,Kothrud Road,Minor,2023-12-17,17:00,2023-12-17 17:00:00,Fog,Car,medium
635,18.425573,73.945236,Hadapsar Bypass,Minor,2023-04-23,23:00,2023-04-23 23:00:00,Clear,Auto,high
636,18.679843,73.822043,Pimpri-Chinchwad Link,Severe,2023-05-08,22:00,2023-05-08 22:00:00,Rain,Bus,high
637,18.402275,73.74881,Kothrud Road,Minor,2024-11-03,09:00,2024-11-03 09:00:00,Clear,Bus,medium
638,18.485655,73.985187,Hadapsar Bypass,Severe,2022-12-29,08:00,2022-12-29 08:00:00,Rain,Truck,high
639,18.683303,73.744339,Pimpri-Chinchwad Link,Severe,2022-02-16,14:00,2022-02-16 14:00:00,Fog,Bike,high
640,18.663648,73.944779,Viman Nagar Road,Fatal,2023-04-03,18:00,2023-04-03 18:00:00,Clear,Auto,medium
641,18.512917,73.761781,Kothrud Road,Fatal,2022-07-21,01:00,2022-07-21 01:00:00,Fog,Bus,medium
642,18.572983,73.98824,Viman Nagar Road,Minor,2024-08-10,03:00,2024-08-10 03:00:00,Fog,Auto,medium
643,18.683413,73.83822,Pimpri-Chinchwad Link,Minor,2023-08-05,11:00,2023-08-05 11:00:00,Rain,Auto,high
644,18.620279,73.958444,Viman Nagar Road,Minor,2022-07-03,01:00,2022-07-03 01:00:00,Rain,Bus,medium
645,18.584546,73.85803,Shivajinagar Road,Minor,2025-03-03,07:00,2025-03-03 07:00:00,Fog,Auto,medium
646,18.447024,73.733655,Kothrud Road,Fatal,2023-08-18,00:00,2023-08-18 00:00:00,Rain,Car,medium
647,18.619214,73.906663,Viman Nagar Road,Fatal,2024-06-02,00:00,2024-06-02 00:00:00,Rain,Car,medium
648,18.547143,73.886598,Koregaon Park Road,Minor,2022-07-14,07:00,2022-07-14 07:00:00,Rain,Auto,low
649,18.599783,73.727325,Hinjewadi IT Park Road,Severe,2022-04-10,11:00,2022-04-10 11:00:00,Fog,Car,high
650,18.57517,73.801083,Baner Road,Severe,2022-02-15,16:00,2022-02-15 16:00:00,Rain,Truck,medium
651,18.63555,73.735289,Hinjewadi IT Park Road,Fatal,2022-12-27,01:00,2022-12-27 01:00:00,Rain,Auto,high
652,18.640716,73.709495,Hinjewadi IT Park Road,Severe,2024-01-16,16:00,2024-01-16 16:00:00,Fog,Auto,high
653,18.609065,73.729964,Hinjewadi IT Park Road,Minor,2022-05-10,01:00,2022-05-10 01:00:00,Rain,Bike,high
654,18.646435,73.711886,Hinjewadi IT Park Road,Minor,2022-11-09,20:00,2022-11-09 20:00:00,Fog,Bike,high
655,18.645989,73.8413,Pimpri-Chinchwad Link,Severe,2024-07-01,16:00,2024-07-01 16:00:00,Rain,Auto,high
656,18.567735,73.833141,Shivajinagar Road,Severe,2022-09-23,20:00,2022-09-23 20:00:00,Rain,Bus,medium
657,18.510248,73.740252,Baner Road,Minor,2024-03-13,09:00,2024-03-13 09:00:00,Fog,Truck,medium
658,18.426744,73.766199,Kothrud Road,Minor,2024-11-14,01:00,2024-11-14 01:00:00,Fog,Car,medium
659,18.554231,73.902148,Viman Nagar Road,Minor,2024-06-27,15:00,2024-06-27 15:00:00,Fog,Bike,medium
660,18.606586,73.757466,Wakad Highway,Minor,2024-07-01,06:00,2024-07-01 06:00:00,Clear,Bus,high
661,18.57106,73.746279,Hinjewadi IT Park Road,Minor,2022-06-28,19:00,2022-06-28 19:00:00,Fog,Truck,high
662,18.528029,73.973901,Hadapsar Bypass,Severe,2024-12-19,04:00,2024-12-19 04:00:00,Clear,Auto,high
663,18.435201,73.724089,Kothrud Road,Severe,2023-11-16,12:00,2023-11-16 12:00:00,Clear,Auto,medium
664,18.403559,73.745368,Kothrud Road,Fatal,2023-04-07,06:00,2023-04-07 06:00:00,Clear,Truck,medium
665,18.575185,73.946037,Viman Nagar Road,Minor,2024-11-02,18:00,2024-11-02 18:00:00,Clear,Truck,medium
666,18.652013,73.731641,Hinjewadi IT Park Road,Minor,2025-01-24,16:00,2025-01-24 16:00:00,Rain,Bus,high
667,18.68797,73.850589,Pimpri-Chinchwad Link,Minor,2024-07-07,14:00,2024-07-07 14:00:00,Rain,Car,high
668,18.453133,73.928925,Hadapsar Bypass,Minor,2025-04-02,03:00,2025-04-02 03:00:00,Rain,Bike,high
669,18.400045,73.87265,Hadapsar Bypass,Severe,2023-05-15,04:00,2023-05-15 04:00:00,Rain,Truck,high
670,18.4772,73.933186,Hadapsar Bypass,Minor,2022-05-06,02:00,2022-05-06 02:00:00,Clear,Truck,high
671,18.692015,73.990758,Viman Nagar Road,Minor,2023-04-16,02:00,2023-04-16 02:00:00,Fog,Bike,medium
672,18.513864,73.962287,Hadapsar Bypass,Fatal,2023-08-16,19:00,2023-08-16 19:00:00,Fog,Auto,high
673,18.598085,73.898877,Viman Nagar Road,Fatal,2023-01-12,19:00,2023-01-12 19:00:00,Rain,Truck,medium
674,18.426114,73.774536,Kothrud Road,Severe,2023-10-06,23:00,2023-10-06 23:00:00,Rain,Bus,medium
675,18.509121,73.866182,Deccan Road,Severe,2023-01-18,11:00,2023-01-18 11:00:00,Clear,Car,low
676,18.603384,73.90607,Viman Nagar Road,Severe,2022-06-07,00:00,2022-06-07 00:00:00,Rain,Truck,medium
677,18.460004,73.948942,Hadapsar Bypass,Severe,2024-08-05,03:00,2024-08-05 03:00:00,Rain,Bus,high
678,18.598374,73.911595,Viman Nagar Road,Severe,2023-07-15,08:00,2023-07-15 08:00:00,Clear,Car,medium
679,18.679305,73.747897,Pimpri-Chinchwad Link,Minor,2023-11-17,11:00,2023-11-17 11:00:00,Rain,Car,high
680,18.470062,73.8666,Deccan Road,Fatal,2022-11-26,12:00,2022-11-26 12:00:00,Clear,Bus,low
681,18.43276,73.899539,Hadapsar Bypass,Severe,2023-07-15,09:00,2023-07-15 09:00:00,Clear,Auto,high
682,18.513608,73.852287,Deccan Road,Severe,2023-08-16,12:00,2023-08-16 12:00:00,Fog,Truck,low
683,18.668857,73.708944,Hinjewadi IT Park Road,Severe,2022-11-10,22:00,2022-11-10 22:00:00,Clear,Bike,high
684,18.494955,73.96599,Hadapsar Bypass,Severe,2024-10-27,20:00,2024-10-27 20:00:00,Fog,Car,high
685,18.477334,73.815056,Kothrud Road,Severe,2024-02-15,18:00,2024-02-15 18:00:00,Rain,Bus,medium
686,18.587434,73.994245,Viman Nagar Road,Minor,2023-09-01,10:00,2023-09-01 10:00:00,Clear,Truck,medium
687,18.407203,73.960547,Hadapsar Bypass,Minor,2022-05-09,16:00,2022-05-09 16:00:00,Clear,Bus,high
688,18.617874,73.783152,Wakad Highway,Severe,2022-10-27,18:00,2022-10-27 18:00:00,Fog,Auto,high
689,18.636774,73.92211,Viman Nagar Road,Fatal,2023-12-23,09:00,2023-12-23 09:00:00,Clear,Truck,medium
690,18.566453,73.931388,Viman Nagar Road,Severe,2023-11-04,13:00,2023-11-04 13:00:00,Rain,Bike,medium
691,18.513348,73.847618,Deccan Road,Minor,2023-03-09,07:00,2023-03-09 07:00:00,Fog,Car,low
692,18.426027,73.850597,Kothrud Road,Severe,2024-01-01,10:00,2024-01-01 10:00:00,Clear,Truck,medium
693,18.655087,73.719053,Hinjewadi IT Park Road,Minor,2022-07-13,02:00,2022-07-13 02:00:00,Clear,Bike,high
694,18.533263,73.84483,Shivajinagar Road,Minor,2022-08-21,03:00,2022-08-21 03:00:00,Rain,Bike,medium
695,18.420526,73.829937,Kothrud Road,Minor,2025-02-19,12:00,2025-02-19 12:00:00,Fog,Truck,medium
696,18.604914,73.709339,Hinjewadi IT Park Road,Fatal,2022-04-08,11:00,2022-04-08 11:00:00,Clear,Car,high
697,18.688131,73.843993,Pimpri-Chinchwad Link,Fatal,2025-03-19,15:00,2025-03-19 15:00:00,Clear,Auto,high
698,18.532926,73.783952,Baner Road,Severe,2023-09-03,15:00,2023-09-03 15:00:00,Rain,Auto,medium
699,18.677604,73.963386,Viman Nagar Road,Severe,2022-09-15,09:00,2022-09-15 09:00:00,Clear,Auto,medium
700,18.504215,73.754048,Kothrud Road,Fatal,2024-12-09,06:00,2024-12-09 06:00:00,Fog,Bus,medium
701,18.445401,73.812886,Kothrud Road,Minor,2024-06-16,02:00,2024-06-16 02:00:00,Clear,Auto,medium
702,18.478096,73.949292,Hadapsar Bypass,Minor,2023-09-29,05:00,2023-09-29 05:00:00,Rain,Bike,high
703,18.628495,73.792647,Pimpri-Chinchwad Link,Fatal,2023-05-03,18:00,2023-05-03 18:00:00,Rain,Bus,high
704,18.668454,73.995242,Viman Nagar Road,Fatal,2022-09-21,23:00,2022-09-21 23:00:00,Rain,Bike,medium
705,18.42186,73.939736,Hadapsar Bypass,Minor,2024-01-10,03:00,2024-01-10 03:00:00,Clear,Auto,high
706,18.52798,73.857316,Shivajinagar Road,Fatal,2022-09-08,15:00,2022-09-08 15:00:00,Clear,Bike,medium
707,18.532194,73.83203,Shivajinagar Road,Minor,2024-08-20,23:00,2024-08-20 23:00:00,Fog,Truck,medium
708,18.552734,73.747055,Baner Road,Minor,2022-03-31,14:00,2022-03-31 14:00:00,Clear,Bike,medium
709,18.496377,73.889343,Hadapsar Bypass,Minor,2024-10-10,15:00,2024-10-10 15:00:00,Clear,Bus,high
710,18.685997,73.86739,Pimpri-Chinchwad Link,Minor,2022-09-10,22:00,2022-09-10 22:00:00,Rain,Car,high
711,18.40565,73.711592,Kothrud Road,Minor,2022-11-24,02:00,2022-11-24 02:00:00,Clear,Auto,medium
712,18.687783,73.928563,Viman Nagar Road,Minor,2025-04-12,04:00,2025-04-12 04:00:00,Clear,Car,medium
713,18.570198,73.891904,Viman Nagar Road,Minor,2023-06-08,08:00,2023-06-08 08:00:00,Clear,Bus,medium
714,18.408714,73.976338,Hadapsar Bypass,Severe,2024-10-23,12:00,2024-10-23 12:00:00,Fog,Bus,high
715,18.422075,73.875485,Hadapsar Bypass,Severe,2023-07-22,16:00,2023-07-22 16:00:00,Fog,Truck,high
716,18.595819,73.786048,Wakad Highway,Minor,2022-03-14,20:00,2022-03-14 20:00:00,Rain,Bus,high
717,18.55969,73.989388,Viman Nagar Road,Fatal,2025-04-04,18:00,2025-04-04 18:00:00,Fog,Auto,medium
718,18.478412,73.90336,Hadapsar Bypass,Minor,2024-08-16,07:00,2024-08-16 07:00:00,Clear,Truck,high
719,18.634671,73.725594,Hinjewadi IT Park Road,Minor,2022-04-04,11:00,2022-04-04 11:00:00,Rain,Bike,high
720,18.401071,73.85087,Kothrud Road,Fatal,2022-10-04,21:00,2022-10-04 21:00:00,Clear,Auto,medium
721,18.535478,73.800663,Kothrud Road,Severe,2024-08-14,14:00,2024-08-14 14:00:00,Clear,Truck,medium
722,18.411158,73.985049,Hadapsar Bypass,Severe,2023-05-07,09:00,2023-05-07 09:00:00,Clear,Bike,high
723,18.645127,73.983167,Viman Nagar Road,Minor,2023-05-04,19:00,2023-05-04 19:00:00,Rain,Bike,medium
724,18.563053,73.852057,Shivajinagar Road,Fatal,2022-09-01,03:00,2022-09-01 03:00:00,Clear,Car,medium
725,18.663267,73.741313,Wakad Highway,Severe,2022-09-10,23:00,2022-09-10 23:00:00,Fog,Car,high
726,18.463022,73.737588,Kothrud Road,Minor,2022-03-12,16:00,2022-03-12 16:00:00,Clear,Bike,medium
727,18.468254,73.890993,Hadapsar Bypass,Minor,2024-02-01,17:00,2024-02-01 17:00:00,Rain,Car,high
728,18.40059,73.804234,Kothrud Road,Minor,2023-11-22,09:00,2023-11-22 09:00:00,Fog,Bus,medium
729,18.415377,73.720799,Kothrud Road,Severe,2025-01-25,23:00,2025-01-25 23:00:00,Rain,Bike,medium
730,18.620643,73.822527,Pimpri-Chinchwad Link,Minor,2022-01-05,23:00,2022-01-05 23:00:00,Rain,Car,high
731,18.426262,73.863441,Deccan Road,Severe,2023-04-30,06:00,2023-04-30 06:00:00,Clear,Car,low
732,18.659057,73.946162,Viman Nagar Road,Minor,2022-06-16,15:00,2022-06-16 15:00:00,Fog,Car,medium
733,18.51129,73.983185,Hadapsar Bypass,Minor,2023-05-07,15:00,2023-05-07 15:00:00,Fog,Car,high
734,18.524631,73.897974,Koregaon Park Road,Minor,2022-02-04,23:00,2022-02-04 23:00:00,Fog,Bike,low
735,18.554776,73.957703,Viman Nagar Road,Minor,2022-12-25,07:00,2022-12-25 07:00:00,Clear,Auto,medium
736,18.541084,73.904641,Koregaon Park Road,Severe,2023-01-03,19:00,2023-01-03 19:00:00,Fog,Bus,low
737,18.549935,73.763766,Baner Road,Severe,2024-11-30,13:00,2024-11-30 13:00:00,Clear,Truck,medium
738,18.615625,73.947909,Viman Nagar Road,Fatal,2024-07-10,19:00,2024-07-10 19:00:00,Clear,Car,medium
739,18.507339,73.939835,Hadapsar Bypass,Minor,2024-05-21,02:00,2024-05-21 02:00:00,Fog,Bike,high
740,18.675094,73.985206,Viman Nagar Road,Fatal,2022-09-27,23:00,2022-09-27 23:00:00,Rain,Truck,medium
741,18.58593,73.7924,Baner Road,Minor,2023-07-03,12:00,2023-07-03 12:00:00,Clear,Bus,medium
742,18.532067,73.702479,Hinjewadi IT Park Road,Minor,2023-08-12,10:00,2023-08-12 10:00:00,Clear,Auto,high
743,18.534551,73.821103,Shivajinagar Road,Fatal,2024-11-03,10:00,2024-11-03 10:00:00,Rain,Bike,medium
744,18.687694,73.808215,Pimpri-Chinchwad Link,Minor,2025-04-03,01:00,2025-04-03 01:00:00,Clear,Bike,high
745,18.536153,73.933062,Hadapsar Bypass,Minor,2023-09-17,10:00,2023-09-17 10:00:00,Fog,Car,high
746,18.451423,73.976899,Hadapsar Bypass,Minor,2022-04-06,07:00,2022-04-06 07:00:00,Rain,Bus,high
747,18.624434,73.826782,Pimpri-Chinchwad Link,Severe,2024-10-03,05:00,2024-10-03 05:00:00,Clear,Truck,high
748,18.600636,73.712908,Hinjewadi IT Park Road,Minor,2022-07-12,04:00,2022-07-12 04:00:00,Clear,Bike,high
749,18.647555,73.995319,Viman Nagar Road,Minor,2024-05-27,10:00,2024-05-27 10:00:00,Clear,Bike,medium
750,18.517467,73.856575,Deccan Road,Minor,2023-09-14,15:00,2023-09-14 15:00:00,Rain,Bike,low
751,18.535959,73.705282,Hinjewadi IT Park Road,Minor,2022-02-26,11:00,2022-02-26 11:00:00,Clear,Bus,high
752,18.467862,73.716376,Kothrud Road,Minor,2023-04-17,22:00,2023-04-17 22:00:00,Fog,Truck,medium
753,18.592833,73.821224,Pimpri-Chinchwad Link,Minor,2024-04-08,12:00,2024-04-08 12:00:00,Rain,Bus,high
754,18.570553,73.708827,Hinjewadi IT Park Road,Minor,2022-12-12,01:00,2022-12-12 01:00:00,Clear,Car,high
755,18.532885,73.805096,Kothrud Road,Minor,2024-05-07,03:00,2024-05-07 03:00:00,Clear,Truck,medium
756,18.538455,73.967774,Hadapsar Bypass,Fatal,2022-03-03,18:00,2022-03-03 18:00:00,Fog,Truck,high
757,18.680758,73.921471,Viman Nagar Road,Minor,2022-04-23,21:00,2022-04-23 21:00:00,Clear,Truck,medium
758,18.411092,73.724467,Kothrud Road,Minor,2022-01-03,13:00,2022-01-03 13:00:00,Clear,Truck,medium
759,18.540717,73.905424,Koregaon Park Road,Severe,2023-07-01,06:00,2023-07-01 06:00:00,Rain,Auto,low
760,18.400552,73.830985,Kothrud Road,Fatal,2024-06-26,20:00,2024-06-26 20:00:00,Rain,Car,medium
761,18.629613,73.736467,Hinjewadi IT Park Road,Minor,2022-12-26,20:00,2022-12-26 20:00:00,Rain,Car,high
762,18.441866,73.91934,Hadapsar Bypass,Minor,2024-04-30,15:00,2024-04-30 15:00:00,Rain,Car,high
763,18.602638,73.95883,Viman Nagar Road,Minor,2024-06-20,01:00,2024-06-20 01:00:00,Rain,Car,medium
764,18.547607,73.732826,Hinjewadi IT Park Road,Severe,2023-01-05,15:00,2023-01-05 15:00:00,Clear,Truck,high
765,18.664525,73.7645,Pimpri-Chinchwad Link,Fatal,2023-08-30,01:00,2023-08-30 01:00:00,Clear,Bus,high
766,18.462235,73.857338,Deccan Road,Minor,2022-11-07,07:00,2022-11-07 07:00:00,Rain,Bus,low
767,18.524306,73.974275,Hadapsar Bypass,Severe,2024-09-18,05:00,2024-09-18 05:00:00,Rain,Auto,high
768,18.570494,73.733502,Hinjewadi IT Park Road,Minor,2023-01-14,20:00,2023-01-14 20:00:00,Rain,Bike,high
769,18.452087,73.726392,Kothrud Road,Minor,2023-08-09,12:00,2023-08-09 12:00:00,Clear,Bike,medium
770,18.501078,73.98005,Hadapsar Bypass,Severe,2024-01-08,10:00,2024-01-08 10:00:00,Fog,Truck,high
771,18.553688,73.895449,Koregaon Park Road,Severe,2023-11-03,01:00,2023-11-03 01:00:00,Rain,Truck,low
772,18.444027,73.746277,Kothrud Road,Minor,2023-11-19,06:00,2023-11-19 06:00:00,Fog,Bike,medium
773,18.616036,73.759998,Wakad Highway,Minor,2022-02-07,04:00,2022-02-07 04:00:00,Clear,Bus,high
774,18.408218,73.953394,Hadapsar Bypass,Fatal,2024-06-08,19:00,2024-06-08 19:00:00,Rain,Bus,high
775,18.506509,73.84308,Deccan Road,Minor,2023-02-20,11:00,2023-02-20 11:00:00,Fog,Truck,low
776,18.586346,73.869364,Viman Nagar Road,Minor,2023-12-17,08:00,2023-12-17 08:00:00,Fog,Truck,medium
777,18.67913,73.831993,Pimpri-Chinchwad Link,Severe,2024-03-18,04:00,2024-03-18 04:00:00,Clear,Car,high
778,18.682951,73.956307,Viman Nagar Road,Minor,2024-06-28,15:00,2024-06-28 15:00:00,Rain,Bike,medium
779,18.507592,73.952886,Hadapsar Bypass,Severe,2022-02-23,09:00,2022-02-23 09:00:00,Clear,Car,high
780,18.47664,73.921935,Hadapsar Bypass,Fatal,2024-06-28,12:00,2024-06-28 12:00:00,Clear,Auto,high
781,18.672016,73.717917,Hinjewadi IT Park Road,Minor,2022-02-21,09:00,2022-02-21 09:00:00,Rain,Car,high
782,18.516912,73.878322,Koregaon Park Road,Minor,2023-02-20,16:00,2023-02-20 16:00:00,Fog,Auto,low
783,18.594847,73.923303,Viman Nagar Road,Severe,2023-10-15,10:00,2023-10-15 10:00:00,Clear,Auto,medium
784,18.532553,73.793156,Kothrud Road,Minor,2024-12-15,05:00,2024-12-15 05:00:00,Clear,Car,medium
785,18.656107,73.831833,Pimpri-Chinchwad Link,Severe,2023-11-06,03:00,2023-11-06 03:00:00,Rain,Bike,high
786,18.624852,73.779616,Wakad Highway,Minor,2023-03-15,22:00,2023-03-15 22:00:00,Clear,Auto,high
787,18.695933,73.80243,Pimpri-Chinchwad Link,Fatal,2023-09-21,03:00,2023-09-21 03:00:00,Rain,Bus,high
788,18.630514,73.902925,Viman Nagar Road,Severe,2023-09-18,15:00,2023-09-18 15:00:00,Clear,Truck,medium
789,18.519205,73.864737,Shivajinagar Road,Minor,2025-01-02,04:00,2025-01-02 04:00:00,Clear,Car,medium
790,18.539482,73.966312,Hadapsar Bypass,Fatal,2023-12-04,03:00,2023-12-04 03:00:00,Rain,Bike,high
791,18.692187,73.861724,Pimpri-Chinchwad Link,Minor,2025-03-31,10:00,2025-03-31 10:00:00,Clear,Truck,high
792,18.558446,73.897516,Viman Nagar Road,Minor,2023-02-07,08:00,2023-02-07 08:00:00,Clear,Bike,medium
793,18.617396,73.883651,Viman Nagar Road,Minor,2023-03-24,00:00,2023-03-24 00:00:00,Clear,Bike,medium
794,18.547903,73.975168,Hadapsar Bypass,Fatal,2023-02-11,19:00,2023-02-11 19:00:00,Rain,Auto,high
795,18.68017,73.721208,Hinjewadi IT Park Road,Minor,2023-12-16,04:00,2023-12-16 04:00:00,Fog,Car,high
796,18.509907,73.775674,Kothrud Road,Severe,2024-08-27,13:00,2024-08-27 13:00:00,Rain,Truck,medium
797,18.48629,73.934465,Hadapsar Bypass,Severe,2023-06-08,14:00,2023-06-08 14:00:00,Rain,Truck,high
798,18.694894,73.867421,Pimpri-Chinchwad Link,Fatal,2023-05-07,19:00,2023-05-07 19:00:00,Clear,Car,high
799,18.606907,73.994467,Viman Nagar Road,Minor,2023-03-11,19:00,2023-03-11 19:00:00,Clear,Bus,medium
800,18.422485,73.830804,Kothrud Road,Minor,2022-03-15,11:00,2022-03-15 11:00:00,Fog,Auto,medium
801,18.50908,73.862956,Deccan Road,Severe,2023-03-16,23:00,2023-03-16 23:00:00,Clear,Truck,low
802,18.593173,73.964838,Viman Nagar Road,Minor,2024-09-03,08:00,2024-09-03 08:00:00,Clear,Auto,medium
803,18.503451,73.750251,Kothrud Road,Minor,2024-02-14,09:00,2024-02-14 09:00:00,Fog,Bus,medium
804,18.453268,73.959478,Hadapsar Bypass,Fatal,2025-04-09,22:00,2025-04-09 22:00:00,Fog,Car,high
805,18.50035,73.796648,Kothrud Road,Minor,2024-11-30,15:00,2024-11-30 15:00:00,Rain,Truck,medium
806,18.445794,73.9886,Hadapsar Bypass,Minor,2023-05-24,02:00,2023-05-24 02:00:00,Fog,Bike,high
807,18.569479,73.805303,Baner Road,Minor,2022-05-15,07:00,2022-05-15 07:00:00,Fog,Car,medium
808,18.453686,73.990988,Hadapsar Bypass,Severe,2023-09-15,13:00,2023-09-15 13:00:00,Fog,Bus,high
809,18.429741,73.803013,Kothrud Road,Minor,2022-03-13,17:00,2022-03-13 17:00:00,Clear,Truck,medium
810,18.639918,73.742941,Wakad Highway,Minor,2023-02-18,21:00,2023-02-18 21:00:00,Clear,Auto,high
811,18.671671,73.981632,Viman Nagar Road,Minor,2022-05-11,18:00,2022-05-11 18:00:00,Rain,Bus,medium
812,18.534703,73.80249,Kothrud Road,Minor,2023-12-16,03:00,2023-12-16 03:00:00,Clear,Bus,medium
813,18.517087,73.704089,Hinjewadi IT Park Road,Fatal,2024-08-20,00:00,2024-08-20 00:00:00,Rain,Bike,high
814,18.548215,73.778322,Baner Road,Severe,2022-05-15,20:00,2022-05-15 20:00:00,Fog,Bike,medium
815,18.597706,73.745272,Hinjewadi IT Park Road,Severe,2023-12-14,07:00,2023-12-14 07:00:00,Clear,Auto,high
816,18.666033,73.865853,Pimpri-Chinchwad Link,Fatal,2024-06-06,15:00,2024-06-06 15:00:00,Fog,Bike,high
817,18.443279,73.853796,Deccan Road,Minor,2023-11-11,01:00,2023-11-11 01:00:00,Fog,Auto,low
818,18.661839,73.895277,Pimpri-Chinchwad Link,Minor,2023-10-03,12:00,2023-10-03 12:00:00,Clear,Bike,high
819,18.617389,73.979875,Viman Nagar Road,Fatal,2023-11-16,04:00,2023-11-16 04:00:00,Fog,Bus,medium
820,18.513743,73.860809,Deccan Road,Minor,2025-03-03,07:00,2025-03-03 07:00:00,Clear,Truck,low
821,18.568154,73.851121,Shivajinagar Road,Severe,2022-12-22,08:00,2022-12-22 08:00:00,Clear,Car,medium
822,18.479609,73.846774,Deccan Road,Severe,2024-10-09,12:00,2024-10-09 12:00:00,Rain,Bike,low
823,18.426412,73.813564,Kothrud Road,Severe,2023-10-09,14:00,2023-10-09 14:00:00,Rain,Bus,medium
824,18.559806,73.943348,Viman Nagar Road,Minor,2023-08-06,21:00,2023-08-06 21:00:00,Fog,Car,medium
825,18.497641,73.749403,Kothrud Road,Minor,2024-04-23,13:00,2024-04-23 13:00:00,Clear,Truck,medium
826,18.525534,73.980137,Hadapsar Bypass,Minor,2022-01-06,12:00,2022-01-06 12:00:00,Rain,Auto,high
827,18.630236,73.819681,Pimpri-Chinchwad Link,Minor,2024-05-06,13:00,2024-05-06 13:00:00,Clear,Truck,high
828,18.414753,73.901987,Hadapsar Bypass,Minor,2024-11-06,00:00,2024-11-06 00:00:00,Fog,Bike,high
829,18.643771,73.715727,Hinjewadi IT Park Road,Severe,2022-03-16,16:00,2022-03-16 16:00:00,Clear,Car,high
830,18.588637,73.805965,Baner Road,Fatal,2023-02-11,22:00,2023-02-11 22:00:00,Fog,Bus,medium
831,18.696909,73.816249,Pimpri-Chinchwad Link,Minor,2024-05-15,15:00,2024-05-15 15:00:00,Fog,Bus,high
832,18.598554,73.716348,Hinjewadi IT Park Road,Minor,2022-03-20,06:00,2022-03-20 06:00:00,Fog,Car,high
833,18.575987,73.832141,Shivajinagar Road,Fatal,2022-01-10,22:00,2022-01-10 22:00:00,Clear,Truck,medium
834,18.577723,73.753775,Hinjewadi IT Park Road,Severe,2023-09-14,06:00,2023-09-14 06:00:00,Fog,Auto,high
835,18.497799,73.711455,Baner Road,Minor,2023-08-03,12:00,2023-08-03 12:00:00,Fog,Bus,medium
836,18.60053,73.748054,Hinjewadi IT Park Road,Minor,2024-12-31,16:00,2024-12-31 16:00:00,Fog,Auto,high
837,18.597252,73.931526,Viman Nagar Road,Minor,2024-08-05,02:00,2024-08-05 02:00:00,Clear,Bus,medium
838,18.409652,73.7997,Kothrud Road,Fatal,2022-10-11,11:00,2022-10-11 11:00:00,Rain,Bus,medium
839,18.681891,73.776664,Pimpri-Chinchwad Link,Minor,2023-11-20,11:00,2023-11-20 11:00:00,Rain,Bus,high
840,18.463274,73.924635,Hadapsar Bypass,Severe,2024-11-05,14:00,2024-11-05 14:00:00,Clear,Bus,high
841,18.677658,73.878103,Pimpri-Chinchwad Link,Minor,2025-01-29,20:00,2025-01-29 20:00:00,Clear,Car,high
842,18.530484,73.757111,Baner Road,Minor,2024-03-11,10:00,2024-03-11 10:00:00,Clear,Bike,medium
843,18.570345,73.868053,Koregaon Park Road,Severe,2022-11-10,21:00,2022-11-10 21:00:00,Rain,Car,low
844,18.57694,73.912405,Viman Nagar Road,Severe,2023-08-09,23:00,2023-08-09 23:00:00,Rain,Auto,medium
845,18.648719,73.723865,Hinjewadi IT Park Road,Minor,2023-11-25,21:00,2023-11-25 21:00:00,Rain,Car,high
846,18.6542,73.927141,Viman Nagar Road,Severe,2024-09-17,14:00,2024-09-17 14:00:00,Fog,Car,medium
847,18.558287,73.830385,Shivajinagar Road,Minor,2022-02-03,20:00,2022-02-03 20:00:00,Clear,Bike,medium
848,18.516978,73.822058,Kothrud Road,Fatal,2023-11-19,14:00,2023-11-19 14:00:00,Rain,Bike,medium
849,18.440838,73.831715,Kothrud Road,Severe,2024-07-04,19:00,2024-07-04 19:00:00,Rain,Car,medium
850,18.57982,73.949923,Viman Nagar Road,Severe,2023-02-26,19:00,2023-02-26 19:00:00,Fog,Car,medium
851,18.63693,73.958479,Viman Nagar Road,Minor,2023-11-11,19:00,2023-11-11 19:00:00,Clear,Truck,medium
852,18.607647,73.915604,Viman Nagar Road,Minor,2023-07-05,02:00,2023-07-05 02:00:00,Rain,Bus,medium
853,18.62081,73.714914,Hinjewadi IT Park Road,Severe,2024-07-08,20:00,2024-07-08 20:00:00,Rain,Bus,high
854,18.49947,73.894398,Hadapsar Bypass,Severe,2023-07-12,12:00,2023-07-12 12:00:00,Fog,Truck,high
855,18.575118,73.82844,Baner Road,Fatal,2022-03-11,10:00,2022-03-11 10:00:00,Rain,Auto,medium
856,18.508924,73.708989,Baner Road,Fatal,2023-05-09,02:00,2023-05-09 02:00:00,Rain,Truck,medium
857,18.642543,73.879111,Pimpri-Chinchwad Link,Minor,2023-02-11,11:00,2023-02-11 11:00:00,Fog,Car,high
858,18.406728,73.77427,Kothrud Road,Minor,2025-03-12,16:00,2025-03-12 16:00:00,Clear,Auto,medium
859,18.47569,73.975102,Hadapsar Bypass,Minor,2024-11-29,15:00,2024-11-29 15:00:00,Fog,Truck,high
860,18.670313,73.974971,Viman Nagar Road,Minor,2023-11-24,12:00,2023-11-24 12:00:00,Clear,Bus,medium
861,18.411683,73.931989,Hadapsar Bypass,Minor,2022-10-31,11:00,2022-10-31 11:00:00,Rain,Car,high
862,18.468516,73.755368,Kothrud Road,Fatal,2024-10-16,22:00,2024-10-16 22:00:00,Fog,Car,medium
863,18.605071,73.828736,Pimpri-Chinchwad Link,Fatal,2024-03-08,20:00,2024-03-08 20:00:00,Fog,Car,high
864,18.541083,73.95826,Hadapsar Bypass,Severe,2022-05-23,02:00,2022-05-23 02:00:00,Clear,Truck,high
865,18.530249,73.952329,Hadapsar Bypass,Severe,2024-11-23,18:00,2024-11-23 18:00:00,Rain,Bike,high
866,18.511459,73.790192,Kothrud Road,Minor,2022-12-17,04:00,2022-12-17 04:00:00,Rain,Bus,medium
867,18.573301,73.947213,Viman Nagar Road,Minor,2022-09-02,02:00,2022-09-02 02:00:00,Rain,Bike,medium
868,18.457723,73.934648,Hadapsar Bypass,Fatal,2022-01-05,02:00,2022-01-05 02:00:00,Rain,Bus,high
869,18.551958,73.843701,Shivajinagar Road,Minor,2023-09-22,22:00,2023-09-22 22:00:00,Clear,Auto,medium
870,18.581744,73.784146,Baner Road,Minor,2022-02-16,11:00,2022-02-16 11:00:00,Clear,Truck,medium
871,18.469706,73.960271,Hadapsar Bypass,Severe,2025-01-13,05:00,2025-01-13 05:00:00,Fog,Bike,high
872,18.638786,73.769606,Wakad Highway,Severe,2024-06-21,04:00,2024-06-21 04:00:00,Fog,Truck,high
873,18.435342,73.863751,Deccan Road,Minor,2024-04-27,05:00,2024-04-27 05:00:00,Rain,Bike,low
874,18.468532,73.925377,Hadapsar Bypass,Severe,2022-09-02,23:00,2022-09-02 23:00:00,Fog,Bike,high
875,18.673111,73.77523,Pimpri-Chinchwad Link,Minor,2024-04-06,12:00,2024-04-06 12:00:00,Rain,Truck,high
876,18.475975,73.905961,Hadapsar Bypass,Minor,2023-11-27,14:00,2023-11-27 14:00:00,Clear,Bike,high
877,18.45307,73.809565,Kothrud Road,Minor,2024-06-01,08:00,2024-06-01 08:00:00,Rain,Auto,medium
878,18.527278,73.951703,Hadapsar Bypass,Minor,2024-07-25,08:00,2024-07-25 08:00:00,Rain,Bus,high
879,18.450829,73.815524,Kothrud Road,Minor,2022-11-29,22:00,2022-11-29 22:00:00,Rain,Auto,medium
880,18.549393,73.736494,Hinjewadi IT Park Road,Minor,2022-03-26,12:00,2022-03-26 12:00:00,Rain,Auto,high
881,18.684497,73.966551,Viman Nagar Road,Minor,2025-03-20,14:00,2025-03-20 14:00:00,Clear,Truck,medium
882,18.400918,73.958952,Hadapsar Bypass,Minor,2022-06-04,05:00,2022-06-04 05:00:00,Rain,Bike,high
883,18.468358,73.906306,Hadapsar Bypass,Severe,2023-05-27,06:00,2023-05-27 06:00:00,Clear,Bus,high
884,18.572048,73.702345,Hinjewadi IT Park Road,Minor,2023-10-02,12:00,2023-10-02 12:00:00,Clear,Bus,high
885,18.530627,73.797359,Kothrud Road,Fatal,2022-02-14,15:00,2022-02-14 15:00:00,Clear,Bike,medium
886,18.436607,73.968058,Hadapsar Bypass,Minor,2024-02-15,22:00,2024-02-15 22:00:00,Clear,Car,high
887,18.491976,73.761375,Kothrud Road,Fatal,2024-05-10,12:00,2024-05-10 12:00:00,Clear,Bike,medium
888,18.493221,73.876801,Deccan Road,Minor,2022-07-01,17:00,2022-07-01 17:00:00,Fog,Car,low
889,18.614747,73.777252,Wakad Highway,Severe,2023-06-08,22:00,2023-06-08 22:00:00,Rain,Auto,high
890,18.589369,73.804885,Baner Road,Fatal,2023-08-14,10:00,2023-08-14 10:00:00,Clear,Auto,medium
891,18.599093,73.993195,Viman Nagar Road,Minor,2023-05-01,14:00,2023-05-01 14:00:00,Fog,Bike,medium
892,18.53537,73.746452,Baner Road,Minor,2023-10-22,17:00,2023-10-22 17:00:00,Clear,Bus,medium
893,18.694167,73.794319,Pimpri-Chinchwad Link,Severe,2022-08-12,03:00,2022-08-12 03:00:00,Clear,Bus,high
894,18.690516,73.952041,Viman Nagar Road,Fatal,2023-10-27,22:00,2023-10-27 22:00:00,Rain,Truck,medium
895,18.51042,73.987339,Hadapsar Bypass,Minor,2023-09-27,16:00,2023-09-27 16:00:00,Fog,Bus,high
896,18.533953,73.815952,Kothrud Road,Severe,2024-10-19,00:00,2024-10-19 00:00:00,Rain,Car,medium
897,18.503938,73.736305,Kothrud Road,Minor,2023-05-26,05:00,2023-05-26 05:00:00,Rain,Auto,medium
898,18.403068,73.782254,Kothrud Road,Severe,2022-09-24,11:00,2022-09-24 11:00:00,Clear,Bus,medium
899,18.587556,73.837534,Pimpri-Chinchwad Link,Minor,2022-12-26,03:00,2022-12-26 03:00:00,Fog,Bike,high
900,18.580054,73.892304,Viman Nagar Road,Minor,2023-12-27,07:00,2023-12-27 07:00:00,Rain,Auto,medium
901,18.601026,73.969919,Viman Nagar Road,Minor,2024-11-01,15:00,2024-11-01 15:00:00,Clear,Truck,medium
902,18.650423,73.879535,Pimpri-Chinchwad Link,Severe,2023-10-14,22:00,2023-10-14 22:00:00,Fog,Bike,high
903,18.417839,73.809233,Kothrud Road,Severe,2024-07-03,17:00,2024-07-03 17:00:00,Fog,Truck,medium
904,18.436944,73.746152,Kothrud Road,Minor,2022-12-21,02:00,2022-12-21 02:00:00,Clear,Bus,medium
905,18.679736,73.813029,Pimpri-Chinchwad Link,Minor,2024-06-16,04:00,2024-06-16 04:00:00,Clear,Car,high
906,18.60637,73.993022,Viman Nagar Road,Fatal,2023-03-16,10:00,2023-03-16 10:00:00,Clear,Car,medium
907,18.456247,73.949514,Hadapsar Bypass,Minor,2023-03-09,19:00,2023-03-09 19:00:00,Rain,Bike,high
908,18.698559,73.759021,Pimpri-Chinchwad Link,Minor,2023-11-26,16:00,2023-11-26 16:00:00,Clear,Truck,high
909,18.669928,73.784247,Pimpri-Chinchwad Link,Minor,2024-02-05,06:00,2024-02-05 06:00:00,Rain,Truck,high
910,18.557031,73.767028,Baner Road,Fatal,2024-07-19,14:00,2024-07-19 14:00:00,Rain,Auto,medium
911,18.518011,73.911175,Hadapsar Bypass,Minor,2023-08-08,17:00,2023-08-08 17:00:00,Clear,Car,high
912,18.48934,73.792609,Kothrud Road,Minor,2022-04-06,19:00,2022-04-06 19:00:00,Rain,Car,medium
913,18.527416,73.755286,Baner Road,Minor,2022-02-12,13:00,2022-02-12 13:00:00,Clear,Auto,medium
914,18.591327,73.993697,Viman Nagar Road,Severe,2024-01-17,17:00,2024-01-17 17:00:00,Rain,Auto,medium
915,18.606214,73.930868,Viman Nagar Road,Minor,2022-05-29,00:00,2022-05-29 00:00:00,Rain,Bus,medium
916,18.482755,73.815944,Kothrud Road,Fatal,2023-08-12,17:00,2023-08-12 17:00:00,Fog,Auto,medium
917,18.55549,73.846131,Shivajinagar Road,Minor,2022-02-22,01:00,2022-02-22 01:00:00,Clear,Truck,medium
918,18.450716,73.911431,Hadapsar Bypass,Minor,2023-05-18,22:00,2023-05-18 22:00:00,Fog,Auto,high
919,18.477877,73.717157,Kothrud Road,Minor,2023-09-26,04:00,2023-09-26 04:00:00,Fog,Truck,medium
920,18.402486,73.7511,Kothrud Road,Minor,2024-06-09,14:00,2024-06-09 14:00:00,Rain,Auto,medium
921,18.4983,73.766361,Kothrud Road,Minor,2023-05-15,13:00,2023-05-15 13:00:00,Rain,Auto,medium
922,18.618283,73.900157,Viman Nagar Road,Minor,2023-04-18,21:00,2023-04-18 21:00:00,Fog,Car,medium
923,18.650714,73.773016,Pimpri-Chinchwad Link,Severe,2022-04-11,10:00,2022-04-11 10:00:00,Fog,Auto,high
924,18.511156,73.836869,Deccan Road,Minor,2022-11-10,14:00,2022-11-10 14:00:00,Fog,Bus,low
925,18.415584,73.806572,Kothrud Road,Severe,2023-09-10,22:00,2023-09-10 22:00:00,Clear,Auto,medium
926,18.496315,73.784583,Kothrud Road,Minor,2022-05-21,14:00,2022-05-21 14:00:00,Rain,Auto,medium
927,18.480709,73.841844,Deccan Road,Minor,2024-12-02,00:00,2024-12-02 00:00:00,Rain,Truck,low
928,18.526896,73.876679,Koregaon Park Road,Minor,2022-07-10,22:00,2022-07-10 22:00:00,Fog,Bike,low
929,18.46237,73.900348,Hadapsar Bypass,Minor,2023-12-12,03:00,2023-12-12 03:00:00,Rain,Bike,high
930,18.661564,73.818524,Pimpri-Chinchwad Link,Minor,2022-12-18,22:00,2022-12-18 22:00:00,Rain,Bus,high
931,18.461477,73.880543,Hadapsar Bypass,Minor,2024-05-11,23:00,2024-05-11 23:00:00,Rain,Car,high
932,18.472103,73.959957,Hadapsar Bypass,Severe,2024-11-19,01:00,2024-11-19 01:00:00,Clear,Bike,high
933,18.476195,73.991664,Hadapsar Bypass,Minor,2022-02-02,17:00,2022-02-02 17:00:00,Rain,Car,high
934,18.564809,73.88369,Viman Nagar Road,Minor,2025-03-26,09:00,2025-03-26 09:00:00,Fog,Bike,medium
935,18.453492,73.81105,Kothrud Road,Minor,2023-01-13,14:00,2023-01-13 14:00:00,Rain,Auto,medium
936,18.687134,73.751828,Pimpri-Chinchwad Link,Minor,2022-05-07,12:00,2022-05-07 12:00:00,Fog,Bus,high
937,18.546118,73.799871,Baner Road,Severe,2023-03-10,17:00,2023-03-10 17:00:00,Fog,Bus,medium
938,18.509439,73.702874,Hinjewadi IT Park Road,Minor,2024-06-07,22:00,2024-06-07 22:00:00,Rain,Car,high
939,18.568426,73.753387,Hinjewadi IT Park Road,Severe,2022-03-25,23:00,2022-03-25 23:00:00,Clear,Truck,high
940,18.585911,73.751024,Hinjewadi IT Park Road,Fatal,2022-08-18,21:00,2022-08-18 21:00:00,Fog,Bike,high
941,18.532185,73.785658,Baner Road,Minor,2024-01-05,14:00,2024-01-05 14:00:00,Rain,Car,medium
942,18.662034,73.869561,Pimpri-Chinchwad Link,Minor,2023-10-08,06:00,2023-10-08 06:00:00,Clear,Truck,high
943,18.436518,73.92838,Hadapsar Bypass,Minor,2024-11-07,23:00,2024-11-07 23:00:00,Rain,Bike,high
944,18.426564,73.878639,Hadapsar Bypass,Minor,2023-11-18,09:00,2023-11-18 09:00:00,Clear,Bus,high
945,18.617432,73.919572,Viman Nagar Road,Minor,2023-06-18,14:00,2023-06-18 14:00:00,Fog,Auto,medium
946,18.405805,73.857139,Kothrud Road,Minor,2025-01-02,03:00,2025-01-02 03:00:00,Rain,Truck,medium
947,18.667615,73.930734,Viman Nagar Road,Fatal,2023-04-20,15:00,2023-04-20 15:00:00,Clear,Bike,medium
948,18.668969,73.828405,Pimpri-Chinchwad Link,Minor,2023-11-20,23:00,2023-11-20 23:00:00,Rain,Bike,high
949,18.469976,73.963305,Hadapsar Bypass,Fatal,2024-05-04,01:00,2024-05-04 01:00:00,Fog,Auto,high
950,18.434747,73.736859,Kothrud Road,Minor,2022-10-13,05:00,2022-10-13 05:00:00,Rain,Car,medium
951,18.489317,73.994681,Hadapsar Bypass,Minor,2022-11-27,10:00,2022-11-27 10:00:00,Rain,Car,high
952,18.412136,73.775634,Kothrud Road,Severe,2022-07-05,08:00,2022-07-05 08:00:00,Fog,Truck,medium
953,18.597701,73.774863,Wakad Highway,Severe,2023-04-05,00:00,2023-04-05 00:00:00,Rain,Bus,high
954,18.664556,73.79808,Pimpri-Chinchwad Link,Severe,2022-01-03,16:00,2022-01-03 16:00:00,Clear,Car,high
955,18.659079,73.726903,Hinjewadi IT Park Road,Severe,2023-02-16,02:00,2023-02-16 02:00:00,Rain,Bike,high
956,18.520506,73.900847,Koregaon Park Road,Fatal,2024-07-25,13:00,2024-07-25 13:00:00,Clear,Truck,low
957,18.436039,73.778216,Kothrud Road,Minor,2024-12-16,21:00,2024-12-16 21:00:00,Clear,Car,medium
958,18.672685,73.910219,Pimpri-Chinchwad Link,Minor,2024-01-19,17:00,2024-01-19 17:00:00,Rain,Bus,high
959,18.440131,73.973884,Hadapsar Bypass,Severe,2022-05-12,13:00,2022-05-12 13:00:00,Fog,Car,high
960,18.625829,73.79056,Pimpri-Chinchwad Link,Minor,2022-09-29,17:00,2022-09-29 17:00:00,Clear,Bus,high
961,18.536002,73.818956,Shivajinagar Road,Minor,2024-10-13,13:00,2024-10-13 13:00:00,Rain,Bike,medium
962,18.508437,73.746954,Kothrud Road,Severe,2022-02-04,00:00,2022-02-04 00:00:00,Rain,Bike,medium
963,18.413313,73.940816,Hadapsar Bypass,Minor,2023-12-01,14:00,2023-12-01 14:00:00,Rain,Bike,high
964,18.572585,73.862839,Shivajinagar Road,Minor,2023-04-17,07:00,2023-04-17 07:00:00,Fog,Bike,medium
965,18.614212,73.745598,Wakad Highway,Minor,2022-09-07,00:00,2022-09-07 00:00:00,Fog,Bus,high
966,18.400888,73.782123,Kothrud Road,Minor,2024-08-26,12:00,2024-08-26 12:00:00,Fog,Bike,medium
967,18.687794,73.897396,Pimpri-Chinchwad Link,Minor,2025-03-05,07:00,2025-03-05 07:00:00,Fog,Bus,high
968,18.686124,73.717608,Hinjewadi IT Park Road,Severe,2024-08-14,23:00,2024-08-14 23:00:00,Clear,Car,high
969,18.531282,73.793208,Kothrud Road,Severe,2022-02-22,21:00,2022-02-22 21:00:00,Fog,Auto,medium
970,18.509195,73.920416,Hadapsar Bypass,Minor,2025-03-16,12:00,2025-03-16 12:00:00,Fog,Truck,high
971,18.668819,73.927504,Viman Nagar Road,Minor,2024-09-06,17:00,2024-09-06 17:00:00,Clear,Bus,medium
972,18.530738,73.889757,Koregaon Park Road,Severe,2025-03-27,16:00,2025-03-27 16:00:00,Clear,Bus,low
973,18.460103,73.957579,Hadapsar Bypass,Severe,2024-11-22,11:00,2024-11-22 11:00:00,Fog,Car,high
974,18.453543,73.801205,Kothrud Road,Minor,2023-01-30,02:00,2023-01-30 02:00:00,Fog,Bus,medium
975,18.401251,73.93012,Hadapsar Bypass,Minor,2022-09-14,07:00,2022-09-14 07:00:00,Rain,Truck,high
976,18.467289,73.831702,Kothrud Road,Severe,2024-03-12,19:00,2024-03-12 19:00:00,Clear,Bus,medium
977,18.447278,73.992859,Hadapsar Bypass,Minor,2024-04-02,14:00,2024-04-02 14:00:00,Fog,Bike,high
978,18.679536,73.725689,Hinjewadi IT Park Road,Minor,2025-01-09,12:00,2025-01-09 12:00:00,Rain,Bike,high
979,18.65749,73.833754,Pimpri-Chinchwad Link,Minor,2022-04-21,10:00,2022-04-21 10:00:00,Clear,Truck,high
980,18.471716,73.841469,Deccan Road,Fatal,2023-02-06,16:00,2023-02-06 16:00:00,Rain,Bus,low
981,18.617037,73.837563,Pimpri-Chinchwad Link,Severe,2022-07-15,20:00,2022-07-15 20:00:00,Fog,Bus,high
982,18.591027,73.849305,Pimpri-Chinchwad Link,Severe,2023-07-18,16:00,2023-07-18 16:00:00,Clear,Auto,high
983,18.521913,73.740138,Baner Road,Severe,2022-07-17,15:00,2022-07-17 15:00:00,Fog,Truck,medium
984,18.512389,73.887685,Koregaon Park Road,Minor,2023-01-22,18:00,2023-01-22 18:00:00,Rain,Car,low
985,18.441142,73.718585,Kothrud Road,Minor,2023-02-07,17:00,2023-02-07 17:00:00,Clear,Bike,medium
986,18.575638,73.923839,Viman Nagar Road,Minor,2024-12-20,06:00,2024-12-20 06:00:00,Fog,Bike,medium
987,18.463128,73.91656,Hadapsar Bypass,Minor,2023-01-16,00:00,2023-01-16 00:00:00,Rain,Auto,high
988,18.629516,73.855371,Pimpri-Chinchwad Link,Minor,2024-04-11,23:00,2024-04-11 23:00:00,Rain,Bus,high
989,18.56797,73.987189,Viman Nagar Road,Minor,2023-05-27,14:00,2023-05-27 14:00:00,Clear,Bike,medium
990,18.500845,73.911693,Hadapsar Bypass,Fatal,2022-12-12,05:00,2022-12-12 05:00:00,Rain,Auto,high
991,18.568535,73.896855,Viman Nagar Road,Severe,2024-09-24,02:00,2024-09-24 02:00:00,Rain,Car,medium
992,18.59091,73.797154,Wakad Highway,Minor,2022-12-09,08:00,2022-12-09 08:00:00,Fog,Truck,high
993,18.628792,73.85942,Pimpri-Chinchwad Link,Severe,2023-12-29,01:00,2023-12-29 01:00:00,Clear,Car,high
994,18.58951,73.865989,Viman Nagar Road,Severe,2024-12-29,14:00,2024-12-29 14:00:00,Clear,Truck,medium
995,18.481437,73.836261,Deccan Road,Minor,2024-03-11,06:00,2024-03-11 06:00:00,Clear,Truck,low
996,18.517952,73.95168,Hadapsar Bypass,Minor,2024-08-05,00:00,2024-08-05 00:00:00,Clear,Truck,high
997,18.54235,73.791194,Baner Road,Minor,2024-11-07,01:00,2024-11-07 01:00:00,Clear,Bike,medium
998,18.58844,73.895382,Viman Nagar Road,Minor,2024-05-12,02:00,2024-05-12 02:00:00,Clear,Auto,medium
999,18.693514,73.756329,Pimpri-Chinchwad Link,Minor,2023-08-21,00:00,2023-08-21 00:00:00,Fog,Bus,high
1000,18.581338,73.9717,Viman Nagar Road,Severe,2023-11-27,06:00,2023-11-27 06:00:00,Rain,Truck,medium
1001,18.47516,73.878622,Deccan Road,Minor,2024-04-21,00:00,2024-04-21 00:00:00,Clear,Auto,low
1002,18.527713,73.873024,Koregaon Park Road,Minor,2024-08-26,04:00,2024-08-26 04:00:00,Fog,Truck,low
1003,18.643905,73.886049,Pimpri-Chinchwad Link,Minor,2022-11-08,02:00,2022-11-08 02:00:00,Rain,Bus,high
1004,18.507716,73.738284,Kothrud Road,Severe,2025-02-15,08:00,2025-02-15 08:00:00,Rain,Truck,medium
1005,18.446021,73.737989,Kothrud Road,Minor,2025-01-12,12:00,2025-01-12 12:00:00,Rain,Car,medium
1006,18.568956,73.995043,Viman Nagar Road,Severe,2022-02-14,17:00,2022-02-14 17:00:00,Clear,Bus,medium
1007,18.402608,73.944143,Hadapsar Bypass,Minor,2024-06-11,22:00,2024-06-11 22:00:00,Rain,Car,high
1008,18.456938,73.965315,Hadapsar Bypass,Severe,2023-10-24,03:00,2023-10-24 03:00:00,Clear,Car,high
1009,18.676228,73.725473,Hinjewadi IT Park Road,Severe,2022-11-22,16:00,2022-11-22 16:00:00,Fog,Truck,high
1010,18.438309,73.801264,Kothrud Road,Minor,2024-07-03,02:00,2024-07-03 02:00:00,Fog,Truck,medium
1011,18.451706,73.85179,Deccan Road,Severe,2022-08-18,06:00,2022-08-18 06:00:00,Clear,Bus,low
1012,18.423559,73.910385,Hadapsar Bypass,Minor,2023-04-15,04:00,2023-04-15 04:00:00,Clear,Bike,high
1013,18.669714,73.763416,Pimpri-Chinchwad Link,Fatal,2022-11-07,23:00,2022-11-07 23:00:00,Fog,Bike,high
1014,18.637089,73.810948,Pimpri-Chinchwad Link,Severe,2024-08-23,16:00,2024-08-23 16:00:00,Fog,Bus,high
1015,18.445856,73.918852,Hadapsar Bypass,Minor,2025-04-07,13:00,2025-04-07 13:00:00,Fog,Auto,high
1016,18.528695,73.751151,Baner Road,Minor,2023-05-09,19:00,2023-05-09 19:00:00,Rain,Auto,medium
1017,18.400975,73.822494,Kothrud Road,Fatal,2022-06-26,07:00,2022-06-26 07:00:00,Rain,Car,medium
1018,18.405036,73.846428,Kothrud Road,Fatal,2024-07-08,16:00,2024-07-08 16:00:00,Clear,Auto,medium
1019,18.608903,73.930081,Viman Nagar Road,Fatal,2023-07-24,11:00,2023-07-24 11:00:00,Rain,Truck,medium
1020,18.502887,73.862135,Deccan Road,Minor,2025-01-03,10:00,2025-01-03 10:00:00,Clear,Auto,low
1021,18.677302,73.834383,Pimpri-Chinchwad Link,Minor,2024-08-09,14:00,2024-08-09 14:00:00,Rain,Bike,high
1022,18.449294,73.873439,Deccan Road,Minor,2025-02-02,19:00,2025-02-02 19:00:00,Fog,Bike,low
1023,18.640196,73.761261,Wakad Highway,Minor,2023-11-07,08:00,2023-11-07 08:00:00,Rain,Bus,high
1024,18.660792,73.927968,Viman Nagar Road,Minor,2022-09-02,18:00,2022-09-02 18:00:00,Fog,Car,medium
1025,18.569104,73.982002,Viman Nagar Road,Minor,2023-06-05,20:00,2023-06-05 20:00:00,Fog,Bus,medium
1026,18.647397,73.764706,Wakad Highway,Severe,2024-05-14,10:00,2024-05-14 10:00:00,Clear,Truck,high
1027,18.681597,73.90655,Pimpri-Chinchwad Link,Fatal,2023-11-04,09:00,2023-11-04 09:00:00,Fog,Auto,high
1028,18.419584,73.726475,Kothrud Road,Severe,2022-11-08,03:00,2022-11-08 03:00:00,Fog,Auto,medium
1029,18.683687,73.909692,Pimpri-Chinchwad Link,Severe,2024-09-28,09:00,2024-09-28 09:00:00,Clear,Auto,high
1030,18.569577,73.814475,Baner Road,Minor,2024-11-06,19:00,2024-11-06 19:00:00,Rain,Auto,medium
1031,18.65341,73.900991,Pimpri-Chinchwad Link,Minor,2023-07-18,05:00,2023-07-18 05:00:00,Clear,Car,high
1032,18.432002,73.745351,Kothrud Road,Minor,2025-04-06,04:00,2025-04-06 04:00:00,Rain,Bike,medium
1033,18.466051,73.944657,Hadapsar Bypass,Severe,2023-08-29,14:00,2023-08-29 14:00:00,Rain,Auto,high
1034,18.611333,73.975938,Viman Nagar Road,Severe,2022-01-26,16:00,2022-01-26 16:00:00,Clear,Truck,medium
1035,18.602243,73.757422,Wakad Highway,Fatal,2023-06-26,11:00,2023-06-26 11:00:00,Rain,Bus,high
1036,18.527586,73.934468,Hadapsar Bypass,Minor,2024-08-03,06:00,2024-08-03 06:00:00,Rain,Bus,high
1037,18.694807,73.913835,Pimpri-Chinchwad Link,Fatal,2025-04-01,18:00,2025-04-01 18:00:00,Fog,Car,high
1038,18.692554,73.855961,Pimpri-Chinchwad Link,Severe,2022-10-04,09:00,2022-10-04 09:00:00,Fog,Car,high
1039,18.421617,73.901452,Hadapsar Bypass,Minor,2024-05-07,17:00,2024-05-07 17:00:00,Clear,Car,high
1040,18.545505,73.815255,Shivajinagar Road,Minor,2022-04-29,14:00,2022-04-29 14:00:00,Rain,Truck,medium
1041,18.537524,73.975123,Hadapsar Bypass,Minor,2023-05-22,14:00,2023-05-22 14:00:00,Fog,Bike,high
1042,18.511517,73.933553,Hadapsar Bypass,Severe,2024-07-06,21:00,2024-07-06 21:00:00,Fog,Bike,high
1043,18.414304,73.879706,Hadapsar Bypass,Minor,2025-03-22,20:00,2025-03-22 20:00:00,Clear,Truck,high
1044,18.588632,73.855455,Pimpri-Chinchwad Link,Minor,2023-12-16,19:00,2023-12-16 19:00:00,Rain,Bus,high
1045,18.66483,73.952473,Viman Nagar Road,Minor,2022-05-19,10:00,2022-05-19 10:00:00,Clear,Auto,medium
1046,18.535748,73.812967,Kothrud Road,Severe,2024-11-21,23:00,2024-11-21 23:00:00,Fog,Bus,medium
1047,18.609179,73.803846,Pimpri-Chinchwad Link,Fatal,2022-04-24,13:00,2022-04-24 13:00:00,Clear,Auto,high
1048,18.585656,73.778538,Wakad Highway,Fatal,2024-01-13,01:00,2024-01-13 01:00:00,Fog,Bike,high
1049,18.566195,73.995381,Viman Nagar Road,Minor,2023-10-18,07:00,2023-10-18 07:00:00,Rain,Bus,medium
1050,18.696142,73.882039,Pimpri-Chinchwad Link,Severe,2024-05-23,22:00,2024-05-23 22:00:00,Rain,Car,high
1051,18.553559,73.891443,Koregaon Park Road,Severe,2023-11-24,16:00,2023-11-24 16:00:00,Clear,Car,low
1052,18.484572,73.920017,Hadapsar Bypass,Severe,2024-06-20,03:00,2024-06-20 03:00:00,Fog,Auto,high
1053,18.580952,73.898155,Viman Nagar Road,Severe,2022-10-02,19:00,2022-10-02 19:00:00,Rain,Bike,medium
1054,18.665506,73.882475,Pimpri-Chinchwad Link,Fatal,2024-08-27,10:00,2024-08-27 10:00:00,Clear,Truck,high
1055,18.646131,73.841467,Pimpri-Chinchwad Link,Minor,2024-10-05,15:00,2024-10-05 15:00:00,Clear,Auto,high
1056,18.417267,73.947593,Hadapsar Bypass,Fatal,2022-09-06,09:00,2022-09-06 09:00:00,Fog,Bike,high
1057,18.514232,73.712568,Baner Road,Minor,2024-11-30,14:00,2024-11-30 14:00:00,Rain,Car,medium
1058,18.636063,73.713863,Hinjewadi IT Park Road,Severe,2022-02-10,11:00,2022-02-10 11:00:00,Fog,Bus,high
1059,18.50196,73.907872,Hadapsar Bypass,Minor,2024-04-22,13:00,2024-04-22 13:00:00,Fog,Auto,high
1060,18.589458,73.996013,Viman Nagar Road,Fatal,2024-11-28,02:00,2024-11-28 02:00:00,Clear,Car,medium
1061,18.620886,73.78934,Pimpri-Chinchwad Link,Severe,2025-03-11,17:00,2025-03-11 17:00:00,Fog,Bus,high
1062,18.651771,73.909966,Viman Nagar Road,Minor,2023-07-02,03:00,2023-07-02 03:00:00,Clear,Auto,medium
1063,18.561798,73.758756,Baner Road,Minor,2024-10-10,12:00,2024-10-10 12:00:00,Fog,Bike,medium
1064,18.508527,73.906533,Hadapsar Bypass,Minor,2022-01-09,18:00,2022-01-09 18:00:00,Clear,Bike,high
1065,18.629362,73.896817,Viman Nagar Road,Minor,2023-07-30,09:00,2023-07-30 09:00:00,Fog,Bike,medium
1066,18.468696,73.797601,Kothrud Road,Severe,2022-08-02,14:00,2022-08-02 14:00:00,Clear,Bike,medium
1067,18.408536,73.947835,Hadapsar Bypass,Minor,2023-05-18,04:00,2023-05-18 04:00:00,Fog,Car,high
1068,18.602854,73.763306,Wakad Highway,Fatal,2022-04-07,22:00,2022-04-07 22:00:00,Rain,Bike,high
1069,18.61761,73.729127,Hinjewadi IT Park Road,Severe,2022-10-30,03:00,2022-10-30 03:00:00,Rain,Truck,high
1070,18.562494,73.849183,Shivajinagar Road,Minor,2022-04-12,12:00,2022-04-12 12:00:00,Clear,Truck,medium
1071,18.678512,73.752875,Pimpri-Chinchwad Link,Severe,2024-09-21,15:00,2024-09-21 15:00:00,Rain,Auto,high
1072,18.527607,73.723855,Baner Road,Severe,2023-12-20,17:00,2023-12-20 17:00:00,Rain,Bike,medium
1073,18.639331,73.856545,Pimpri-Chinchwad Link,Minor,2023-08-05,05:00,2023-08-05 05:00:00,Rain,Bus,high
1074,18.448112,73.931099,Hadapsar Bypass,Minor,2025-03-01,14:00,2025-03-01 14:00:00,Rain,Bus,high
1075,18.59126,73.852887,Pimpri-Chinchwad Link,Minor,2023-07-28,15:00,2023-07-28 15:00:00,Clear,Truck,high
1076,18.55151,73.89113,Koregaon Park Road,Minor,2024-01-14,18:00,2024-01-14 18:00:00,Rain,Bike,low
1077,18.53875,73.744059,Baner Road,Severe,2022-06-13,13:00,2022-06-13 13:00:00,Fog,Auto,medium
1078,18.680218,73.947913,Viman Nagar Road,Minor,2024-02-12,16:00,2024-02-12 16:00:00,Clear,Truck,medium
1079,18.468535,73.771387,Kothrud Road,Minor,2022-11-18,22:00,2022-11-18 22:00:00,Rain,Car,medium
1080,18.63377,73.847049,Pimpri-Chinchwad Link,Minor,2025-02-03,03:00,2025-02-03 03:00:00,Clear,Car,high
1081,18.505363,73.863627,Deccan Road,Minor,2023-08-01,00:00,2023-08-01 00:00:00,Clear,Bike,low
1082,18.415252,73.738367,Kothrud Road,Severe,2024-10-31,00:00,2024-10-31 00:00:00,Clear,Auto,medium
1083,18.492443,73.989855,Hadapsar Bypass,Minor,2024-07-03,04:00,2024-07-03 04:00:00,Clear,Auto,high
1084,18.631226,73.783679,Pimpri-Chinchwad Link,Minor,2024-01-05,15:00,2024-01-05 15:00:00,Rain,Bus,high
1085,18.566079,73.776662,Baner Road,Severe,2024-08-28,20:00,2024-08-28 20:00:00,Clear,Auto,medium
1086,18.692052,73.816629,Pimpri-Chinchwad Link,Minor,2024-06-15,02:00,2024-06-15 02:00:00,Clear,Auto,high
1087,18.413553,73.869846,Deccan Road,Fatal,2022-12-26,22:00,2022-12-26 22:00:00,Fog,Auto,low
1088,18.611956,73.859981,Pimpri-Chinchwad Link,Minor,2024-06-28,20:00,2024-06-28 20:00:00,Fog,Auto,high
1089,18.56346,73.764542,Baner Road,Minor,2024-11-08,08:00,2024-11-08 08:00:00,Rain,Bus,medium
1090,18.494621,73.89645,Hadapsar Bypass,Minor,2023-08-06,18:00,2023-08-06 18:00:00,Rain,Truck,high
1091,18.689946,73.908117,Pimpri-Chinchwad Link,Minor,2025-04-03,07:00,2025-04-03 07:00:00,Clear,Auto,high
1092,18.613684,73.943958,Viman Nagar Road,Minor,2025-03-10,17:00,2025-03-10 17:00:00,Fog,Auto,medium
1093,18.596536,73.725503,Hinjewadi IT Park Road,Severe,2024-09-15,02:00,2024-09-15 02:00:00,Fog,Truck,high
1094,18.687777,73.809703,Pimpri-Chinchwad Link,Minor,2024-11-11,06:00,2024-11-11 06:00:00,Fog,Bus,high
1095,18.499874,73.740441,Kothrud Road,Severe,2022-08-12,10:00,2022-08-12 10:00:00,Rain,Auto,medium
1096,18.507876,73.755728,Kothrud Road,Fatal,2024-12-28,20:00,2024-12-28 20:00:00,Rain,Bike,medium
1097,18.490266,73.774848,Kothrud Road,Minor,2024-05-22,16:00,2024-05-22 16:00:00,Clear,Auto,medium
1098,18.447166,73.73853,Kothrud Road,Fatal,2025-03-18,02:00,2025-03-18 02:00:00,Rain,Auto,medium
1099,18.69982,73.938396,Viman Nagar Road,Minor,2023-06-11,10:00,2023-06-11 10:00:00,Rain,Car,medium
1100,18.436672,73.885903,Hadapsar Bypass,Fatal,2023-11-02,15:00,2023-11-02 15:00:00,Rain,Auto,high
1101,18.59884,73.882029,Viman Nagar Road,Fatal,2024-05-16,22:00,2024-05-16 22:00:00,Clear,Bike,medium
1102,18.574712,73.918051,Viman Nagar Road,Minor,2024-09-28,15:00,2024-09-28 15:00:00,Clear,Bike,medium
1103,18.571192,73.804339,Baner Road,Minor,2022-09-06,03:00,2022-09-06 03:00:00,Fog,Truck,medium
1104,18.667323,73.714966,Hinjewadi IT Park Road,Minor,2022-03-17,14:00,2022-03-17 14:00:00,Clear,Truck,high
1105,18.561304,73.701937,Hinjewadi IT Park Road,Fatal,2023-11-19,10:00,2023-11-19 10:00:00,Fog,Truck,high
1106,18.483581,73.876594,Deccan Road,Severe,2024-10-08,05:00,2024-10-08 05:00:00,Clear,Car,low
1107,18.496229,73.746692,Kothrud Road,Minor,2025-02-18,18:00,2025-02-18 18:00:00,Clear,Bus,medium
1108,18.533329,73.957538,Hadapsar Bypass,Fatal,2022-07-16,13:00,2022-07-16 13:00:00,Rain,Truck,high
1109,18.426817,73.981851,Hadapsar Bypass,Minor,2023-10-21,22:00,2023-10-21 22:00:00,Clear,Bike,high
1110,18.457368,73.964177,Hadapsar Bypass,Severe,2022-11-12,22:00,2022-11-12 22:00:00,Rain,Truck,high
1111,18.622681,73.816462,Pimpri-Chinchwad Link,Severe,2024-12-19,15:00,2024-12-19 15:00:00,Rain,Bike,high
1112,18.408304,73.817573,Kothrud Road,Minor,2022-02-14,10:00,2022-02-14 10:00:00,Rain,Car,medium
1113,18.572133,73.823458,Baner Road,Severe,2025-04-08,14:00,2025-04-08 14:00:00,Rain,Car,medium
1114,18.665437,73.792594,Pimpri-Chinchwad Link,Severe,2023-01-15,13:00,2023-01-15 13:00:00,Fog,Truck,high
1115,18.4895,73.937846,Hadapsar Bypass,Severe,2024-01-14,11:00,2024-01-14 11:00:00,Fog,Bus,high
1116,18.433917,73.947158,Hadapsar Bypass,Severe,2023-02-10,07:00,2023-02-10 07:00:00,Clear,Truck,high
1117,18.633763,73.894188,Viman Nagar Road,Fatal,2023-12-30,08:00,2023-12-30 08:00:00,Clear,Auto,medium
1118,18.471377,73.798028,Kothrud Road,Minor,2023-01-21,13:00,2023-01-21 13:00:00,Clear,Bike,medium
1119,18.517759,73.740832,Baner Road,Severe,2022-05-19,16:00,2022-05-19 16:00:00,Rain,Auto,medium
1120,18.412332,73.722643,Kothrud Road,Minor,2023-04-26,00:00,2023-04-26 00:00:00,Rain,Car,medium
1121,18.693041,73.870494,Pimpri-Chinchwad Link,Minor,2023-08-11,15:00,2023-08-11 15:00:00,Fog,Auto,high
1122,18.676137,73.775291,Pimpri-Chinchwad Link,Minor,2022-07-04,10:00,2022-07-04 10:00:00,Rain,Bus,high
1123,18.472267,73.854343,Deccan Road,Minor,2022-09-26,10:00,2022-09-26 10:00:00,Rain,Bike,low
1124,18.499112,73.855214,Deccan Road,Minor,2024-05-30,01:00,2024-05-30 01:00:00,Rain,Bike,low
1125,18.59198,73.778924,Wakad Highway,Severe,2022-08-25,23:00,2022-08-25 23:00:00,Rain,Bus,high
1126,18.549444,73.87385,Koregaon Park Road,Minor,2023-03-03,15:00,2023-03-03 15:00:00,Fog,Auto,low
1127,18.529954,73.873615,Koregaon Park Road,Severe,2025-01-02,20:00,2025-01-02 20:00:00,Rain,Truck,low
1128,18.697253,73.834284,Pimpri-Chinchwad Link,Minor,2024-03-30,21:00,2024-03-30 21:00:00,Fog,Bike,high
1129,18.637593,73.983193,Viman Nagar Road,Minor,2022-07-11,14:00,2022-07-11 14:00:00,Fog,Car,medium
1130,18.442773,73.733715,Kothrud Road,Minor,2023-07-08,00:00,2023-07-08 00:00:00,Rain,Truck,medium
1131,18.524715,73.933344,Hadapsar Bypass,Minor,2022-12-05,03:00,2022-12-05 03:00:00,Rain,Bike,high
1132,18.64705,73.727824,Hinjewadi IT Park Road,Minor,2024-10-28,05:00,2024-10-28 05:00:00,Fog,Auto,high
1133,18.408741,73.923306,Hadapsar Bypass,Minor,2022-08-29,21:00,2022-08-29 21:00:00,Fog,Bus,high
1134,18.42537,73.903844,Hadapsar Bypass,Severe,2023-06-21,03:00,2023-06-21 03:00:00,Fog,Auto,high
1135,18.487764,73.917062,Hadapsar Bypass,Severe,2023-10-23,23:00,2023-10-23 23:00:00,Fog,Car,high
1136,18.596794,73.704473,Hinjewadi IT Park Road,Severe,2022-01-14,12:00,2022-01-14 12:00:00,Rain,Auto,high
1137,18.654411,73.981601,Viman Nagar Road,Severe,2023-12-20,15:00,2023-12-20 15:00:00,Fog,Auto,medium
1138,18.57625,73.794768,Baner Road,Severe,2023-10-03,03:00,2023-10-03 03:00:00,Clear,Car,medium
1139,18.62699,73.956777,Viman Nagar Road,Minor,2025-01-16,20:00,2025-01-16 20:00:00,Clear,Auto,medium
1140,18.629976,73.769335,Wakad Highway,Minor,2022-06-04,16:00,2022-06-04 16:00:00,Fog,Auto,high
1141,18.594237,73.862754,Viman Nagar Road,Severe,2024-02-09,12:00,2024-02-09 12:00:00,Fog,Car,medium
1142,18.439555,73.911085,Hadapsar Bypass,Minor,2023-09-04,00:00,2023-09-04 00:00:00,Clear,Bike,high
1143,18.549752,73.819305,Shivajinagar Road,Minor,2022-03-25,12:00,2022-03-25 12:00:00,Fog,Bus,medium
1144,18.514097,73.860196,Deccan Road,Minor,2024-07-04,19:00,2024-07-04 19:00:00,Fog,Truck,low
1145,18.423954,73.864703,Deccan Road,Severe,2023-09-29,03:00,2023-09-29 03:00:00,Fog,Auto,low
1146,18.453988,73.791959,Kothrud Road,Fatal,2023-09-11,21:00,2023-09-11 21:00:00,Rain,Bike,medium
1147,18.648157,73.837906,Pimpri-Chinchwad Link,Minor,2024-01-16,19:00,2024-01-16 19:00:00,Clear,Car,high
1148,18.566793,73.961535,Viman Nagar Road,Minor,2022-10-14,22:00,2022-10-14 22:00:00,Fog,Car,medium
1149,18.565377,73.701386,Hinjewadi IT Park Road,Severe,2023-03-13,11:00,2023-03-13 11:00:00,Clear,Car,high
1150,18.621784,73.846577,Pimpri-Chinchwad Link,Minor,2024-12-25,01:00,2024-12-25 01:00:00,Rain,Car,high
1151,18.670347,73.765334,Pimpri-Chinchwad Link,Fatal,2024-04-17,04:00,2024-04-17 04:00:00,Rain,Auto,high
1152,18.663151,73.800605,Pimpri-Chinchwad Link,Fatal,2024-01-28,13:00,2024-01-28 13:00:00,Rain,Auto,high
1153,18.494008,73.731609,Kothrud Road,Fatal,2025-01-07,23:00,2025-01-07 23:00:00,Rain,Auto,medium
1154,18.664453,73.891091,Pimpri-Chinchwad Link,Fatal,2024-08-12,18:00,2024-08-12 18:00:00,Rain,Car,high
1155,18.559016,73.965216,Viman Nagar Road,Minor,2022-04-27,13:00,2022-04-27 13:00:00,Fog,Bus,medium
1156,18.601986,73.833175,Pimpri-Chinchwad Link,Fatal,2023-08-29,15:00,2023-08-29 15:00:00,Fog,Car,high
1157,18.41414,73.815415,Kothrud Road,Severe,2022-05-06,18:00,2022-05-06 18:00:00,Fog,Car,medium
1158,18.674479,73.991643,Viman Nagar Road,Minor,2025-02-11,02:00,2025-02-11 02:00:00,Rain,Truck,medium
1159,18.57593,73.859289,Shivajinagar Road,Minor,2024-06-27,13:00,2024-06-27 13:00:00,Rain,Auto,medium
1160,18.465187,73.874309,Deccan Road,Minor,2024-03-06,06:00,2024-03-06 06:00:00,Fog,Car,low
1161,18.53209,73.772898,Baner Road,Fatal,2022-11-07,19:00,2022-11-07 19:00:00,Clear,Auto,medium
1162,18.69062,73.926846,Pimpri-Chinchwad Link,Minor,2022-02-05,18:00,2022-02-05 18:00:00,Rain,Bike,high
1163,18.453293,73.910581,Hadapsar Bypass,Minor,2024-11-18,04:00,2024-11-18 04:00:00,Rain,Auto,high
1164,18.444496,73.882203,Hadapsar Bypass,Severe,2022-12-30,15:00,2022-12-30 15:00:00,Fog,Car,high
1165,18.560763,73.926124,Viman Nagar Road,Minor,2024-08-14,19:00,2024-08-14 19:00:00,Clear,Bus,medium
1166,18.482524,73.958912,Hadapsar Bypass,Severe,2022-10-26,12:00,2022-10-26 12:00:00,Clear,Car,high
1167,18.672867,73.716025,Hinjewadi IT Park Road,Minor,2024-02-17,16:00,2024-02-17 16:00:00,Clear,Car,high
1168,18.521014,73.869992,Shivajinagar Road,Minor,2022-09-12,04:00,2022-09-12 04:00:00,Fog,Truck,medium
1169,18.557962,73.995291,Viman Nagar Road,Fatal,2024-02-01,15:00,2024-02-01 15:00:00,Fog,Bus,medium
1170,18.558307,73.971196,Viman Nagar Road,Severe,2023-08-24,15:00,2023-08-24 15:00:00,Clear,Car,medium
1171,18.452359,73.96742,Hadapsar Bypass,Minor,2023-09-28,00:00,2023-09-28 00:00:00,Rain,Auto,high
1172,18.577427,73.815026,Baner Road,Minor,2022-02-19,18:00,2022-02-19 18:00:00,Fog,Bus,medium
1173,18.651002,73.739576,Wakad Highway,Severe,2024-07-16,04:00,2024-07-16 04:00:00,Clear,Bike,high
1174,18.595541,73.820498,Pimpri-Chinchwad Link,Fatal,2022-11-03,13:00,2022-11-03 13:00:00,Fog,Bike,high
1175,18.503486,73.856841,Deccan Road,Minor,2024-03-06,03:00,2024-03-06 03:00:00,Rain,Bike,low
1176,18.419952,73.769967,Kothrud Road,Minor,2023-11-06,22:00,2023-11-06 22:00:00,Fog,Bus,medium
1177,18.411695,73.93356,Hadapsar Bypass,Minor,2022-06-11,14:00,2022-06-11 14:00:00,Fog,Bike,high
1178,18.639024,73.797546,Pimpri-Chinchwad Link,Severe,2024-11-17,20:00,2024-11-17 20:00:00,Rain,Bus,high
1179,18.647019,73.948048,Viman Nagar Road,Minor,2022-04-05,18:00,2022-04-05 18:00:00,Clear,Bike,medium
1180,18.467233,73.954266,Hadapsar Bypass,Minor,2022-04-21,14:00,2022-04-21 14:00:00,Fog,Car,high
1181,18.635945,73.760408,Wakad Highway,Minor,2022-07-12,04:00,2022-07-12 04:00:00,Rain,Car,high
1182,18.473856,73.975403,Hadapsar Bypass,Minor,2025-01-14,20:00,2025-01-14 20:00:00,Rain,Truck,high
1183,18.559795,73.88179,Koregaon Park Road,Severe,2023-10-18,20:00,2023-10-18 20:00:00,Fog,Car,low
1184,18.684098,73.967881,Viman Nagar Road,Severe,2025-02-15,03:00,2025-02-15 03:00:00,Clear,Car,medium
1185,18.639859,73.87215,Pimpri-Chinchwad Link,Severe,2024-01-09,17:00,2024-01-09 17:00:00,Rain,Bike,high
1186,18.405936,73.920505,Hadapsar Bypass,Fatal,2023-04-10,12:00,2023-04-10 12:00:00,Clear,Bus,high
1187,18.51439,73.926851,Hadapsar Bypass,Minor,2023-08-07,13:00,2023-08-07 13:00:00,Fog,Bus,high
1188,18.675491,73.971888,Viman Nagar Road,Severe,2024-06-10,03:00,2024-06-10 03:00:00,Clear,Truck,medium
1189,18.55709,73.831446,Shivajinagar Road,Minor,2025-03-27,17:00,2025-03-27 17:00:00,Clear,Bike,medium
1190,18.586417,73.897572,Viman Nagar Road,Minor,2022-07-31,14:00,2022-07-31 14:00:00,Rain,Auto,medium
1191,18.500953,73.754984,Kothrud Road,Minor,2023-10-24,23:00,2023-10-24 23:00:00,Fog,Car,medium
1192,18.642348,73.777364,Pimpri-Chinchwad Link,Minor,2024-07-26,02:00,2024-07-26 02:00:00,Fog,Bike,high
1193,18.631241,73.73777,Hinjewadi IT Park Road,Minor,2022-05-08,14:00,2022-05-08 14:00:00,Clear,Bus,high
1194,18.485517,73.870948,Deccan Road,Severe,2025-01-12,03:00,2025-01-12 03:00:00,Clear,Bus,low
1195,18.493707,73.895833,Hadapsar Bypass,Fatal,2024-11-09,18:00,2024-11-09 18:00:00,Fog,Car,high
1196,18.45318,73.754961,Kothrud Road,Minor,2023-05-24,12:00,2023-05-24 12:00:00,Clear,Bike,medium
1197,18.670782,73.981639,Viman Nagar Road,Minor,2022-04-12,19:00,2022-04-12 19:00:00,Clear,Bike,medium
1198,18.578185,73.98998,Viman Nagar Road,Minor,2023-04-26,23:00,2023-04-26 23:00:00,Fog,Car,medium
1199,18.414589,73.849291,Kothrud Road,Minor,2022-07-05,09:00,2022-07-05 09:00:00,Fog,Auto,medium
1200,18.484129,73.853411,Deccan Road,Minor,2024-11-30,04:00,2024-11-30 04:00:00,Fog,Bike,low
1201,18.649623,73.831133,Pimpri-Chinchwad Link,Severe,2022-06-21,03:00,2022-06-21 03:00:00,Clear,Bus,high
1202,18.451441,73.851756,Deccan Road,Minor,2022-04-08,09:00,2022-04-08 09:00:00,Rain,Auto,low
1203,18.686146,73.850463,Pimpri-Chinchwad Link,Minor,2024-02-02,10:00,2024-02-02 10:00:00,Fog,Truck,high
1204,18.60791,73.979046,Viman Nagar Road,Minor,2023-04-30,09:00,2023-04-30 09:00:00,Clear,Bike,medium
1205,18.681611,73.779087,Pimpri-Chinchwad Link,Severe,2023-09-13,00:00,2023-09-13 00:00:00,Fog,Truck,high
1206,18.531605,73.736817,Baner Road,Fatal,2022-05-09,12:00,2022-05-09 12:00:00,Clear,Car,medium
1207,18.499914,73.800908,Kothrud Road,Minor,2024-11-19,06:00,2024-11-19 06:00:00,Rain,Auto,medium
1208,18.692553,73.796014,Pimpri-Chinchwad Link,Severe,2022-06-04,16:00,2022-06-04 16:00:00,Rain,Bike,high
1209,18.69678,73.984282,Viman Nagar Road,Fatal,2023-08-02,00:00,2023-08-02 00:00:00,Fog,Auto,medium
1210,18.668256,73.802206,Pimpri-Chinchwad Link,Fatal,2022-05-18,12:00,2022-05-18 12:00:00,Rain,Car,high
1211,18.608288,73.921048,Viman Nagar Road,Fatal,2024-08-12,21:00,2024-08-12 21:00:00,Clear,Bike,medium
1212,18.506956,73.868207,Deccan Road,Minor,2022-09-06,07:00,2022-09-06 07:00:00,Clear,Truck,low
1213,18.679276,73.774109,Pimpri-Chinchwad Link,Minor,2023-05-16,05:00,2023-05-16 05:00:00,Fog,Truck,high
1214,18.618245,73.862113,Pimpri-Chinchwad Link,Fatal,2022-03-27,16:00,2022-03-27 16:00:00,Rain,Truck,high
1215,18.660044,73.950443,Viman Nagar Road,Severe,2022-11-27,15:00,2022-11-27 15:00:00,Rain,Truck,medium
1216,18.675633,73.874889,Pimpri-Chinchwad Link,Fatal,2023-10-07,02:00,2023-10-07 02:00:00,Fog,Bike,high
1217,18.533542,73.860181,Shivajinagar Road,Severe,2024-06-20,03:00,2024-06-20 03:00:00,Rain,Auto,medium
1218,18.66835,73.833677,Pimpri-Chinchwad Link,Minor,2023-08-09,00:00,2023-08-09 00:00:00,Rain,Auto,high
1219,18.555307,73.926764,Viman Nagar Road,Severe,2023-01-09,09:00,2023-01-09 09:00:00,Fog,Auto,medium
1220,18.450509,73.741076,Kothrud Road,Minor,2024-08-06,13:00,2024-08-06 13:00:00,Rain,Auto,medium
1221,18.653696,73.998043,Viman Nagar Road,Minor,2023-12-02,14:00,2023-12-02 14:00:00,Fog,Bike,medium
1222,18.547651,73.850692,Shivajinagar Road,Fatal,2023-09-21,00:00,2023-09-21 00:00:00,Clear,Auto,medium
1223,18.537453,73.985449,Hadapsar Bypass,Minor,2022-02-25,00:00,2022-02-25 00:00:00,Rain,Bike,high
1224,18.568951,73.729591,Hinjewadi IT Park Road,Minor,2024-09-10,11:00,2024-09-10 11:00:00,Clear,Bike,high
1225,18.620903,73.7643,Wakad Highway,Severe,2022-01-25,10:00,2022-01-25 10:00:00,Clear,Truck,high
1226,18.561616,73.979165,Viman Nagar Road,Minor,2022-05-09,09:00,2022-05-09 09:00:00,Fog,Car,medium
1227,18.689865,73.884495,Pimpri-Chinchwad Link,Minor,2022-01-16,10:00,2022-01-16 10:00:00,Rain,Car,high
1228,18.52452,73.839481,Deccan Road,Minor,2025-03-12,03:00,2025-03-12 03:00:00,Clear,Auto,low
1229,18.527996,73.972906,Hadapsar Bypass,Fatal,2023-11-27,23:00,2023-11-27 23:00:00,Clear,Bike,high
1230,18.411926,73.777234,Kothrud Road,Severe,2022-05-28,10:00,2022-05-28 10:00:00,Clear,Bus,medium
1231,18.51958,73.976114,Hadapsar Bypass,Minor,2024-08-10,20:00,2024-08-10 20:00:00,Clear,Car,high
1232,18.67344,73.72482,Hinjewadi IT Park Road,Fatal,2022-09-07,01:00,2022-09-07 01:00:00,Clear,Bike,high
1233,18.436636,73.855496,Deccan Road,Minor,2024-08-27,22:00,2024-08-27 22:00:00,Fog,Auto,low
1234,18.581763,73.950779,Viman Nagar Road,Minor,2023-10-02,05:00,2023-10-02 05:00:00,Fog,Bus,medium
1235,18.542744,73.781725,Baner Road,Minor,2023-10-22,20:00,2023-10-22 20:00:00,Fog,Bike,medium
1236,18.68534,73.739762,Pimpri-Chinchwad Link,Fatal,2024-07-14,09:00,2024-07-14 09:00:00,Rain,Car,high
1237,18.40829,73.835798,Kothrud Road,Minor,2024-12-26,04:00,2024-12-26 04:00:00,Rain,Car,medium
1238,18.468868,73.82966,Kothrud Road,Minor,2024-01-06,03:00,2024-01-06 03:00:00,Fog,Bike,medium
1239,18.49362,73.853742,Deccan Road,Severe,2025-02-19,07:00,2025-02-19 07:00:00,Fog,Car,low
1240,18.690426,73.700352,Hinjewadi IT Park Road,Minor,2024-09-03,13:00,2024-09-03 13:00:00,Clear,Auto,high
1241,18.467676,73.919883,Hadapsar Bypass,Minor,2022-07-13,22:00,2022-07-13 22:00:00,Clear,Bus,high
1242,18.478028,73.849214,Deccan Road,Minor,2024-05-17,18:00,2024-05-17 18:00:00,Fog,Car,low
1243,18.440055,73.932303,Hadapsar Bypass,Minor,2023-07-17,19:00,2023-07-17 19:00:00,Clear,Auto,high
1244,18.599646,73.870117,Viman Nagar Road,Fatal,2024-02-03,13:00,2024-02-03 13:00:00,Rain,Auto,medium
1245,18.665739,73.711253,Hinjewadi IT Park Road,Fatal,2024-08-14,06:00,2024-08-14 06:00:00,Clear,Car,high
1246,18.627855,73.952471,Viman Nagar Road,Severe,2024-12-21,06:00,2024-12-21 06:00:00,Rain,Auto,medium
1247,18.603711,73.833797,Pimpri-Chinchwad Link,Minor,2024-01-26,19:00,2024-01-26 19:00:00,Rain,Bike,high
1248,18.678291,73.74788,Pimpri-Chinchwad Link,Minor,2025-01-25,09:00,2025-01-25 09:00:00,Clear,Truck,high
1249,18.644287,73.903177,Viman Nagar Road,Fatal,2023-06-17,18:00,2023-06-17 18:00:00,Clear,Car,medium
1250,18.604216,73.957585,Viman Nagar Road,Minor,2022-05-28,14:00,2022-05-28 14:00:00,Rain,Car,medium
1251,18.617549,73.715976,Hinjewadi IT Park Road,Minor,2023-03-22,15:00,2023-03-22 15:00:00,Rain,Auto,high
1252,18.638034,73.820511,Pimpri-Chinchwad Link,Minor,2025-02-21,12:00,2025-02-21 12:00:00,Rain,Auto,high
1253,18.666325,73.752505,Wakad Highway,Severe,2023-03-27,01:00,2023-03-27 01:00:00,Clear,Bus,high
1254,18.606845,73.882056,Viman Nagar Road,Minor,2022-05-31,19:00,2022-05-31 19:00:00,Rain,Bike,medium
1255,18.600209,73.775785,Wakad Highway,Minor,2024-06-15,15:00,2024-06-15 15:00:00,Clear,Car,high
1256,18.448009,73.868227,Deccan Road,Minor,2024-05-06,00:00,2024-05-06 00:00:00,Rain,Car,low
1257,18.636538,73.714782,Hinjewadi IT Park Road,Severe,2024-10-14,01:00,2024-10-14 01:00:00,Clear,Auto,high
1258,18.588196,73.904427,Viman Nagar Road,Minor,2023-11-05,09:00,2023-11-05 09:00:00,Rain,Car,medium
1259,18.561187,73.889237,Viman Nagar Road,Minor,2025-03-29,10:00,2025-03-29 10:00:00,Clear,Car,medium
1260,18.62337,73.891819,Viman Nagar Road,Severe,2022-10-11,08:00,2022-10-11 08:00:00,Clear,Car,medium
1261,18.510634,73.902893,Hadapsar Bypass,Severe,2024-06-25,05:00,2024-06-25 05:00:00,Clear,Bus,high
1262,18.670126,73.996427,Viman Nagar Road,Fatal,2024-07-04,08:00,2024-07-04 08:00:00,Fog,Car,medium
1263,18.536301,73.956197,Hadapsar Bypass,Minor,2023-01-03,06:00,2023-01-03 06:00:00,Clear,Car,high
1264,18.663755,73.975916,Viman Nagar Road,Severe,2022-07-29,17:00,2022-07-29 17:00:00,Fog,Car,medium
1265,18.577491,73.956837,Viman Nagar Road,Minor,2024-11-04,23:00,2024-11-04 23:00:00,Fog,Truck,medium
1266,18.528641,73.960043,Hadapsar Bypass,Minor,2025-02-13,15:00,2025-02-13 15:00:00,Fog,Bike,high
1267,18.485844,73.92706,Hadapsar Bypass,Minor,2022-06-10,15:00,2022-06-10 15:00:00,Rain,Auto,high
1268,18.461559,73.75571,Kothrud Road,Fatal,2024-04-30,16:00,2024-04-30 16:00:00,Rain,Bike,medium
1269,18.519681,73.939738,Hadapsar Bypass,Severe,2024-08-31,14:00,2024-08-31 14:00:00,Clear,Car,high
1270,18.474632,73.751264,Kothrud Road,Minor,2023-12-20,02:00,2023-12-20 02:00:00,Rain,Bus,medium
1271,18.542438,73.770953,Baner Road,Severe,2023-05-04,13:00,2023-05-04 13:00:00,Clear,Truck,medium
1272,18.617018,73.821787,Pimpri-Chinchwad Link,Severe,2024-10-23,10:00,2024-10-23 10:00:00,Fog,Truck,high
1273,18.622115,73.902845,Viman Nagar Road,Minor,2024-04-28,11:00,2024-04-28 11:00:00,Clear,Auto,medium
1274,18.683429,73.830906,Pimpri-Chinchwad Link,Minor,2024-07-24,09:00,2024-07-24 09:00:00,Rain,Car,high
1275,18.626641,73.943415,Viman Nagar Road,Minor,2024-12-27,15:00,2024-12-27 15:00:00,Rain,Auto,medium
1276,18.683533,73.930547,Viman Nagar Road,Minor,2023-08-07,03:00,2023-08-07 03:00:00,Clear,Bus,medium
1277,18.514394,73.956023,Hadapsar Bypass,Severe,2023-11-18,00:00,2023-11-18 00:00:00,Fog,Truck,high
1278,18.668342,73.781883,Pimpri-Chinchwad Link,Minor,2023-04-05,11:00,2023-04-05 11:00:00,Clear,Auto,high
1279,18.61522,73.762006,Wakad Highway,Minor,2024-07-10,04:00,2024-07-10 04:00:00,Fog,Bus,high
1280,18.663215,73.81687,Pimpri-Chinchwad Link,Fatal,2022-07-12,13:00,2022-07-12 13:00:00,Clear,Car,high
1281,18.608923,73.709637,Hinjewadi IT Park Road,Minor,2022-10-16,20:00,2022-10-16 20:00:00,Clear,Bus,high
1282,18.60625,73.762172,Wakad Highway,Minor,2023-05-03,15:00,2023-05-03 15:00:00,Fog,Bike,high
1283,18.46594,73.994321,Hadapsar Bypass,Minor,2023-06-12,23:00,2023-06-12 23:00:00,Clear,Truck,high
1284,18.457375,73.885876,Hadapsar Bypass,Severe,2025-04-04,22:00,2025-04-04 22:00:00,Fog,Truck,high
1285,18.491925,73.884397,Hadapsar Bypass,Severe,2022-08-18,17:00,2022-08-18 17:00:00,Clear,Car,high
1286,18.42149,73.868073,Deccan Road,Fatal,2023-07-19,12:00,2023-07-19 12:00:00,Rain,Truck,low
1287,18.67819,73.756216,Pimpri-Chinchwad Link,Minor,2024-02-29,12:00,2024-02-29 12:00:00,Clear,Auto,high
1288,18.667841,73.932416,Viman Nagar Road,Severe,2022-07-10,17:00,2022-07-10 17:00:00,Clear,Truck,medium
1289,18.616658,73.848252,Pimpri-Chinchwad Link,Severe,2022-03-04,20:00,2022-03-04 20:00:00,Fog,Car,high
1290,18.675615,73.792252,Pimpri-Chinchwad Link,Minor,2024-04-25,05:00,2024-04-25 05:00:00,Fog,Car,high
1291,18.450578,73.910771,Hadapsar Bypass,Minor,2024-12-07,09:00,2024-12-07 09:00:00,Fog,Bus,high
1292,18.458242,73.917766,Hadapsar Bypass,Minor,2023-07-15,16:00,2023-07-15 16:00:00,Clear,Truck,high
1293,18.420528,73.906347,Hadapsar Bypass,Minor,2022-12-22,05:00,2022-12-22 05:00:00,Clear,Auto,high
1294,18.556236,73.836858,Shivajinagar Road,Minor,2023-02-18,14:00,2023-02-18 14:00:00,Fog,Car,medium
1295,18.654043,73.856896,Pimpri-Chinchwad Link,Minor,2022-10-13,15:00,2022-10-13 15:00:00,Fog,Truck,high
1296,18.46672,73.742364,Kothrud Road,Minor,2022-06-19,16:00,2022-06-19 16:00:00,Clear,Bike,medium
1297,18.555849,73.97791,Viman Nagar Road,Minor,2022-01-11,09:00,2022-01-11 09:00:00,Clear,Bike,medium
1298,18.656548,73.854845,Pimpri-Chinchwad Link,Severe,2024-09-02,09:00,2024-09-02 09:00:00,Clear,Car,high
1299,18.631884,73.882547,Pimpri-Chinchwad Link,Fatal,2023-11-18,11:00,2023-11-18 11:00:00,Fog,Bus,high
1300,18.417157,73.978853,Hadapsar Bypass,Minor,2024-03-26,10:00,2024-03-26 10:00:00,Fog,Car,high
1301,18.550086,73.830261,Shivajinagar Road,Minor,2023-10-14,14:00,2023-10-14 14:00:00,Clear,Car,medium
1302,18.456113,73.896429,Hadapsar Bypass,Fatal,2023-01-29,03:00,2023-01-29 03:00:00,Clear,Car,high
1303,18.494131,73.79722,Kothrud Road,Fatal,2024-01-23,02:00,2024-01-23 02:00:00,Fog,Truck,medium
1304,18.486254,73.782589,Kothrud Road,Minor,2022-11-08,03:00,2022-11-08 03:00:00,Clear,Bike,medium
1305,18.518849,73.788147,Kothrud Road,Severe,2024-12-03,03:00,2024-12-03 03:00:00,Rain,Auto,medium
1306,18.514249,73.715059,Baner Road,Severe,2022-09-16,09:00,2022-09-16 09:00:00,Fog,Bus,medium
1307,18.51056,73.926619,Hadapsar Bypass,Minor,2023-10-02,12:00,2023-10-02 12:00:00,Clear,Car,high
1308,18.572046,73.803813,Baner Road,Severe,2023-08-07,09:00,2023-08-07 09:00:00,Clear,Truck,medium
1309,18.539485,73.814696,Shivajinagar Road,Minor,2023-05-28,23:00,2023-05-28 23:00:00,Fog,Bike,medium
1310,18.580654,73.705054,Hinjewadi IT Park Road,Severe,2023-06-30,14:00,2023-06-30 14:00:00,Rain,Bike,high
1311,18.418973,73.875236,Hadapsar Bypass,Severe,2025-01-05,09:00,2025-01-05 09:00:00,Rain,Car,high
1312,18.677981,73.815514,Pimpri-Chinchwad Link,Fatal,2025-03-05,13:00,2025-03-05 13:00:00,Fog,Bus,high
1313,18.430323,73.808196,Kothrud Road,Minor,2025-01-03,11:00,2025-01-03 11:00:00,Fog,Bike,medium
1314,18.655641,73.886364,Pimpri-Chinchwad Link,Minor,2022-12-07,04:00,2022-12-07 04:00:00,Rain,Bus,high
1315,18.448714,73.905741,Hadapsar Bypass,Fatal,2024-04-25,06:00,2024-04-25 06:00:00,Clear,Auto,high
1316,18.414785,73.857087,Deccan Road,Minor,2025-01-07,04:00,2025-01-07 04:00:00,Clear,Bike,low
1317,18.612907,73.711964,Hinjewadi IT Park Road,Minor,2024-12-16,20:00,2024-12-16 20:00:00,Rain,Bus,high
1318,18.686393,73.734324,Wakad Highway,Severe,2023-05-09,21:00,2023-05-09 21:00:00,Clear,Truck,high
1319,18.648403,73.912645,Viman Nagar Road,Severe,2022-05-19,10:00,2022-05-19 10:00:00,Rain,Auto,medium
1320,18.488483,73.831843,Deccan Road,Severe,2025-03-02,14:00,2025-03-02 14:00:00,Rain,Auto,low
1321,18.400053,73.872485,Hadapsar Bypass,Minor,2025-01-14,13:00,2025-01-14 13:00:00,Clear,Truck,high
1322,18.46545,73.867003,Deccan Road,Minor,2023-06-08,13:00,2023-06-08 13:00:00,Fog,Car,low
1323,18.450596,73.812419,Kothrud Road,Minor,2024-12-10,13:00,2024-12-10 13:00:00,Clear,Car,medium
1324,18.464792,73.958251,Hadapsar Bypass,Minor,2023-05-05,22:00,2023-05-05 22:00:00,Rain,Bike,high
1325,18.630641,73.729655,Hinjewadi IT Park Road,Minor,2024-01-28,22:00,2024-01-28 22:00:00,Fog,Bus,high
1326,18.475893,73.796726,Kothrud Road,Minor,2023-12-07,14:00,2023-12-07 14:00:00,Fog,Auto,medium
1327,18.427636,73.825679,Kothrud Road,Severe,2023-08-05,06:00,2023-08-05 06:00:00,Fog,Car,medium
1328,18.434197,73.944924,Hadapsar Bypass,Severe,2025-03-14,11:00,2025-03-14 11:00:00,Rain,Truck,high
1329,18.5146,73.918443,Hadapsar Bypass,Minor,2022-07-10,19:00,2022-07-10 19:00:00,Clear,Car,high
1330,18.458836,73.745019,Kothrud Road,Severe,2024-03-23,06:00,2024-03-23 06:00:00,Fog,Bus,medium
1331,18.400165,73.871015,Deccan Road,Minor,2022-09-24,23:00,2022-09-24 23:00:00,Fog,Car,low
1332,18.696461,73.841395,Pimpri-Chinchwad Link,Severe,2022-05-04,15:00,2022-05-04 15:00:00,Rain,Auto,high
1333,18.659596,73.9191,Viman Nagar Road,Minor,2022-12-19,13:00,2022-12-19 13:00:00,Fog,Truck,medium
1334,18.615627,73.96768,Viman Nagar Road,Severe,2022-05-23,14:00,2022-05-23 14:00:00,Rain,Bus,medium
1335,18.437143,73.831727,Kothrud Road,Minor,2023-02-07,04:00,2023-02-07 04:00:00,Rain,Auto,medium
1336,18.400006,73.811887,Kothrud Road,Fatal,2024-09-07,21:00,2024-09-07 21:00:00,Rain,Bus,medium
1337,18.489355,73.832488,Deccan Road,Fatal,2025-01-27,19:00,2025-01-27 19:00:00,Rain,Car,low
1338,18.668619,73.810548,Pimpri-Chinchwad Link,Severe,2022-06-15,01:00,2022-06-15 01:00:00,Rain,Auto,high
1339,18.639124,73.761347,Wakad Highway,Minor,2022-10-30,15:00,2022-10-30 15:00:00,Fog,Car,high
1340,18.618909,73.88891,Viman Nagar Road,Fatal,2022-09-30,06:00,2022-09-30 06:00:00,Fog,Bus,medium
1341,18.693503,73.865845,Pimpri-Chinchwad Link,Minor,2023-01-01,21:00,2023-01-01 21:00:00,Rain,Car,high
1342,18.480379,73.906524,Hadapsar Bypass,Minor,2024-08-11,07:00,2024-08-11 07:00:00,Clear,Truck,high
1343,18.509537,73.907617,Hadapsar Bypass,Minor,2022-07-13,17:00,2022-07-13 17:00:00,Clear,Auto,high
1344,18.59593,73.910687,Viman Nagar Road,Minor,2024-04-17,14:00,2024-04-17 14:00:00,Rain,Bike,medium
1345,18.504664,73.889042,Koregaon Park Road,Minor,2024-05-15,13:00,2024-05-15 13:00:00,Rain,Bus,low
1346,18.589102,73.925011,Viman Nagar Road,Fatal,2023-01-18,14:00,2023-01-18 14:00:00,Fog,Car,medium
1347,18.496071,73.86387,Deccan Road,Fatal,2024-04-28,02:00,2024-04-28 02:00:00,Clear,Bike,low
1348,18.600288,73.971133,Viman Nagar Road,Minor,2022-02-18,16:00,2022-02-18 16:00:00,Clear,Truck,medium
1349,18.451672,73.922912,Hadapsar Bypass,Severe,2023-08-13,20:00,2023-08-13 20:00:00,Rain,Bus,high
1350,18.675176,73.802863,Pimpri-Chinchwad Link,Fatal,2022-12-11,11:00,2022-12-11 11:00:00,Clear,Auto,high
1351,18.574425,73.924604,Viman Nagar Road,Severe,2023-12-23,03:00,2023-12-23 03:00:00,Clear,Car,medium
1352,18.526404,73.89421,Koregaon Park Road,Minor,2024-01-21,23:00,2024-01-21 23:00:00,Rain,Bus,low
1353,18.533887,73.859115,Shivajinagar Road,Minor,2023-06-11,23:00,2023-06-11 23:00:00,Fog,Truck,medium
1354,18.628091,73.895085,Viman Nagar Road,Severe,2022-10-16,18:00,2022-10-16 18:00:00,Fog,Bike,medium
1355,18.548724,73.877983,Koregaon Park Road,Minor,2024-03-21,22:00,2024-03-21 22:00:00,Rain,Car,low
1356,18.683276,73.731501,Wakad Highway,Severe,2024-10-04,00:00,2024-10-04 00:00:00,Fog,Bus,high
1357,18.550765,73.866248,Shivajinagar Road,Fatal,2022-08-18,08:00,2022-08-18 08:00:00,Clear,Bike,medium
1358,18.617526,73.845796,Pimpri-Chinchwad Link,Severe,2022-05-01,02:00,2022-05-01 02:00:00,Clear,Auto,high
1359,18.608269,73.7146,Hinjewadi IT Park Road,Minor,2025-01-19,12:00,2025-01-19 12:00:00,Rain,Bike,high
1360,18.547137,73.873114,Koregaon Park Road,Severe,2022-10-08,10:00,2022-10-08 10:00:00,Fog,Auto,low
1361,18.413457,73.871617,Deccan Road,Minor,2023-12-31,04:00,2023-12-31 04:00:00,Clear,Bike,low
1362,18.405593,73.917662,Hadapsar Bypass,Minor,2022-12-10,22:00,2022-12-10 22:00:00,Clear,Bike,high
1363,18.592564,73.767139,Wakad Highway,Severe,2023-03-07,20:00,2023-03-07 20:00:00,Fog,Car,high
1364,18.438353,73.798502,Kothrud Road,Minor,2022-02-24,06:00,2022-02-24 06:00:00,Clear,Bike,medium
1365,18.558031,73.896847,Viman Nagar Road,Minor,2022-06-20,18:00,2022-06-20 18:00:00,Clear,Bike,medium
1366,18.69465,73.978104,Viman Nagar Road,Fatal,2022-10-25,09:00,2022-10-25 09:00:00,Fog,Auto,medium
1367,18.617549,73.70234,Hinjewadi IT Park Road,Minor,2024-07-08,21:00,2024-07-08 21:00:00,Fog,Auto,high
1368,18.490157,73.86878,Deccan Road,Minor,2023-09-25,00:00,2023-09-25 00:00:00,Rain,Bike,low
1369,18.491877,73.911131,Hadapsar Bypass,Severe,2023-09-05,11:00,2023-09-05 11:00:00,Clear,Bus,high
1370,18.486067,73.953164,Hadapsar Bypass,Fatal,2024-07-17,12:00,2024-07-17 12:00:00,Fog,Auto,high
1371,18.533161,73.886693,Koregaon Park Road,Minor,2025-02-24,02:00,2025-02-24 02:00:00,Clear,Bus,low
1372,18.540018,73.900166,Koregaon Park Road,Minor,2024-09-15,00:00,2024-09-15 00:00:00,Rain,Bus,low
1373,18.424345,73.788263,Kothrud Road,Minor,2025-01-04,22:00,2025-01-04 22:00:00,Rain,Bike,medium
1374,18.600268,73.843091,Pimpri-Chinchwad Link,Severe,2024-09-06,12:00,2024-09-06 12:00:00,Clear,Car,high
1375,18.469867,73.903164,Hadapsar Bypass,Minor,2024-01-31,16:00,2024-01-31 16:00:00,Fog,Car,high
1376,18.693075,73.85888,Pimpri-Chinchwad Link,Fatal,2022-03-14,23:00,2022-03-14 23:00:00,Rain,Bike,high
1377,18.6621,73.853615,Pimpri-Chinchwad Link,Fatal,2022-07-07,16:00,2022-07-07 16:00:00,Rain,Car,high
1378,18.553231,73.90113,Koregaon Park Road,Minor,2024-01-25,20:00,2024-01-25 20:00:00,Fog,Truck,low
1379,18.409889,73.940595,Hadapsar Bypass,Minor,2022-06-13,19:00,2022-06-13 19:00:00,Clear,Bus,high
1380,18.628263,73.857972,Pimpri-Chinchwad Link,Minor,2022-03-24,02:00,2022-03-24 02:00:00,Clear,Bike,high
1381,18.600248,73.889497,Viman Nagar Road,Severe,2024-12-28,15:00,2024-12-28 15:00:00,Rain,Auto,medium
1382,18.464588,73.989236,Hadapsar Bypass,Minor,2022-11-12,17:00,2022-11-12 17:00:00,Rain,Bus,high
1383,18.514195,73.872311,Shivajinagar Road,Severe,2024-02-09,08:00,2024-02-09 08:00:00,Rain,Truck,medium
1384,18.69612,73.966044,Viman Nagar Road,Minor,2022-09-13,17:00,2022-09-13 17:00:00,Fog,Truck,medium
1385,18.427033,73.823269,Kothrud Road,Minor,2024-10-07,05:00,2024-10-07 05:00:00,Rain,Bike,medium
1386,18.647658,73.930729,Viman Nagar Road,Minor,2022-10-02,22:00,2022-10-02 22:00:00,Rain,Bike,medium
1387,18.614108,73.778927,Wakad Highway,Minor,2024-07-10,14:00,2024-07-10 14:00:00,Clear,Auto,high
1388,18.645127,73.949704,Viman Nagar Road,Minor,2024-02-14,18:00,2024-02-14 18:00:00,Fog,Bus,medium
1389,18.650131,73.922859,Viman Nagar Road,Fatal,2022-06-03,11:00,2022-06-03 11:00:00,Clear,Bike,medium
1390,18.645212,73.752696,Wakad Highway,Severe,2024-07-10,04:00,2024-07-10 04:00:00,Fog,Auto,high
1391,18.693292,73.940446,Viman Nagar Road,Severe,2022-01-07,01:00,2022-01-07 01:00:00,Fog,Bike,medium
1392,18.624204,73.78391,Pimpri-Chinchwad Link,Minor,2025-02-24,08:00,2025-02-24 08:00:00,Fog,Bus,high
1393,18.519873,73.960937,Hadapsar Bypass,Minor,2022-10-08,22:00,2022-10-08 22:00:00,Clear,Truck,high
1394,18.481468,73.988657,Hadapsar Bypass,Minor,2023-01-20,15:00,2023-01-20 15:00:00,Rain,Car,high
1395,18.633706,73.705943,Hinjewadi IT Park Road,Minor,2023-02-06,18:00,2023-02-06 18:00:00,Fog,Car,high
1396,18.607055,73.975354,Viman Nagar Road,Minor,2024-06-12,20:00,2024-06-12 20:00:00,Fog,Bus,medium
1397,18.613011,73.79749,Pimpri-Chinchwad Link,Severe,2024-01-06,01:00,2024-01-06 01:00:00,Fog,Bike,high
1398,18.432139,73.777379,Kothrud Road,Minor,2023-08-21,19:00,2023-08-21 19:00:00,Rain,Truck,medium
1399,18.50252,73.734406,Kothrud Road,Minor,2024-12-01,01:00,2024-12-01 01:00:00,Clear,Auto,medium
1400,18.674626,73.707158,Hinjewadi IT Park Road,Minor,2024-09-15,18:00,2024-09-15 18:00:00,Fog,Bus,high
1401,18.523262,73.887688,Koregaon Park Road,Severe,2024-05-25,18:00,2024-05-25 18:00:00,Rain,Bus,low
1402,18.498279,73.890825,Hadapsar Bypass,Minor,2023-07-10,14:00,2023-07-10 14:00:00,Clear,Auto,high
1403,18.548575,73.775062,Baner Road,Minor,2022-03-13,16:00,2022-03-13 16:00:00,Fog,Auto,medium
1404,18.409122,73.9557,Hadapsar Bypass,Minor,2022-02-04,08:00,2022-02-04 08:00:00,Clear,Auto,high
1405,18.47377,73.712501,Kothrud Road,Minor,2024-12-18,18:00,2024-12-18 18:00:00,Fog,Bike,medium
1406,18.482711,73.743578,Kothrud Road,Minor,2022-10-28,07:00,2022-10-28 07:00:00,Clear,Auto,medium
1407,18.509233,73.846203,Deccan Road,Severe,2024-11-04,03:00,2024-11-04 03:00:00,Clear,Bike,low
1408,18.507924,73.80313,Kothrud Road,Minor,2022-03-26,08:00,2022-03-26 08:00:00,Clear,Bus,medium
1409,18.678327,73.772049,Pimpri-Chinchwad Link,Minor,2024-09-25,04:00,2024-09-25 04:00:00,Clear,Bike,high
1410,18.461887,73.839874,Kothrud Road,Minor,2023-10-28,18:00,2023-10-28 18:00:00,Rain,Auto,medium
1411,18.506964,73.810559,Kothrud Road,Severe,2024-05-21,20:00,2024-05-21 20:00:00,Fog,Bike,medium
1412,18.595138,73.789228,Wakad Highway,Minor,2022-12-29,15:00,2022-12-29 15:00:00,Clear,Truck,high
1413,18.459337,73.813734,Kothrud Road,Minor,2023-07-25,09:00,2023-07-25 09:00:00,Clear,Truck,medium
1414,18.406042,73.738152,Kothrud Road,Severe,2024-01-21,01:00,2024-01-21 01:00:00,Rain,Bike,medium
1415,18.543963,73.952017,Hadapsar Bypass,Severe,2022-09-16,18:00,2022-09-16 18:00:00,Clear,Truck,high
1416,18.692023,73.824863,Pimpri-Chinchwad Link,Minor,2023-01-23,10:00,2023-01-23 10:00:00,Rain,Bus,high
1417,18.657127,73.977097,Viman Nagar Road,Severe,2023-05-22,07:00,2023-05-22 07:00:00,Fog,Car,medium
1418,18.503723,73.833277,Deccan Road,Minor,2022-11-04,09:00,2022-11-04 09:00:00,Rain,Bus,low
1419,18.659997,73.833261,Pimpri-Chinchwad Link,Minor,2022-04-17,13:00,2022-04-17 13:00:00,Fog,Truck,high
1420,18.52073,73.708682,Hinjewadi IT Park Road,Fatal,2022-02-20,12:00,2022-02-20 12:00:00,Fog,Truck,high
1421,18.694229,73.785867,Pimpri-Chinchwad Link,Minor,2024-01-15,17:00,2024-01-15 17:00:00,Rain,Auto,high
1422,18.533772,73.763611,Baner Road,Severe,2022-05-10,10:00,2022-05-10 10:00:00,Clear,Bike,medium
1423,18.519418,73.905655,Koregaon Park Road,Minor,2024-09-17,06:00,2024-09-17 06:00:00,Rain,Truck,low
1424,18.469001,73.801768,Kothrud Road,Fatal,2023-08-02,14:00,2023-08-02 14:00:00,Rain,Car,medium
1425,18.618892,73.958247,Viman Nagar Road,Severe,2024-01-13,17:00,2024-01-13 17:00:00,Fog,Bus,medium
1426,18.6572,73.801465,Pimpri-Chinchwad Link,Minor,2023-08-26,23:00,2023-08-26 23:00:00,Fog,Auto,high
1427,18.642642,73.927362,Viman Nagar Road,Fatal,2023-06-26,05:00,2023-06-26 05:00:00,Clear,Bike,medium
1428,18.419611,73.829857,Kothrud Road,Minor,2025-01-24,13:00,2025-01-24 13:00:00,Clear,Bike,medium
1429,18.566699,73.832813,Shivajinagar Road,Minor,2024-03-02,16:00,2024-03-02 16:00:00,Rain,Car,medium
1430,18.680867,73.950379,Viman Nagar Road,Severe,2023-11-29,10:00,2023-11-29 10:00:00,Clear,Bike,medium
1431,18.403117,73.957661,Hadapsar Bypass,Fatal,2025-01-20,08:00,2025-01-20 08:00:00,Fog,Car,high
1432,18.604125,73.967687,Viman Nagar Road,Severe,2024-01-24,04:00,2024-01-24 04:00:00,Fog,Truck,medium
1433,18.455819,73.776516,Kothrud Road,Minor,2025-03-07,04:00,2025-03-07 04:00:00,Fog,Car,medium
1434,18.529123,73.955812,Hadapsar Bypass,Severe,2022-01-29,11:00,2022-01-29 11:00:00,Fog,Bus,high
1435,18.517741,73.764899,Kothrud Road,Minor,2022-03-18,16:00,2022-03-18 16:00:00,Clear,Bus,medium
1436,18.623539,73.910044,Viman Nagar Road,Minor,2022-02-26,07:00,2022-02-26 07:00:00,Clear,Truck,medium
1437,18.685028,73.700741,Hinjewadi IT Park Road,Fatal,2022-12-09,00:00,2022-12-09 00:00:00,Fog,Auto,high
1438,18.610248,73.747884,Wakad Highway,Minor,2024-04-25,13:00,2024-04-25 13:00:00,Fog,Bus,high
1439,18.568874,73.839102,Shivajinagar Road,Minor,2024-12-11,01:00,2024-12-11 01:00:00,Fog,Auto,medium
1440,18.612219,73.979501,Viman Nagar Road,Minor,2022-03-31,23:00,2022-03-31 23:00:00,Rain,Car,medium
1441,18.580489,73.907499,Viman Nagar Road,Fatal,2023-03-19,20:00,2023-03-19 20:00:00,Clear,Bike,medium
1442,18.445946,73.868848,Deccan Road,Fatal,2023-06-14,05:00,2023-06-14 05:00:00,Clear,Car,low
1443,18.502585,73.896942,Hadapsar Bypass,Severe,2022-03-10,23:00,2022-03-10 23:00:00,Clear,Auto,high
1444,18.452696,73.764536,Kothrud Road,Fatal,2023-04-26,04:00,2023-04-26 04:00:00,Rain,Bus,medium
1445,18.405575,73.924466,Hadapsar Bypass,Fatal,2023-06-15,22:00,2023-06-15 22:00:00,Fog,Car,high
1446,18.486064,73.956635,Hadapsar Bypass,Minor,2023-10-13,19:00,2023-10-13 19:00:00,Rain,Bus,high
1447,18.687012,73.829306,Pimpri-Chinchwad Link,Severe,2023-12-09,17:00,2023-12-09 17:00:00,Rain,Auto,high
1448,18.541194,73.978571,Hadapsar Bypass,Minor,2023-07-09,01:00,2023-07-09 01:00:00,Clear,Bus,high
1449,18.513908,73.884967,Koregaon Park Road,Minor,2024-11-11,01:00,2024-11-11 01:00:00,Clear,Bus,low
1450,18.492676,73.842879,Deccan Road,Fatal,2025-02-13,16:00,2025-02-13 16:00:00,Fog,Bus,low
1451,18.658304,73.928104,Viman Nagar Road,Minor,2022-05-28,06:00,2022-05-28 06:00:00,Clear,Bus,medium
1452,18.666525,73.808026,Pimpri-Chinchwad Link,Fatal,2024-08-23,10:00,2024-08-23 10:00:00,Rain,Bus,high
1453,18.63251,73.957889,Viman Nagar Road,Minor,2025-02-13,15:00,2025-02-13 15:00:00,Clear,Auto,medium
1454,18.491073,73.834262,Deccan Road,Minor,2023-05-09,01:00,2023-05-09 01:00:00,Rain,Bus,low
1455,18.52231,73.983711,Hadapsar Bypass,Minor,2023-09-08,19:00,2023-09-08 19:00:00,Fog,Auto,high
1456,18.575036,73.941851,Viman Nagar Road,Minor,2022-10-29,16:00,2022-10-29 16:00:00,Clear,Bus,medium
1457,18.641052,73.84382,Pimpri-Chinchwad Link,Minor,2024-04-07,15:00,2024-04-07 15:00:00,Clear,Car,high
1458,18.420388,73.964919,Hadapsar Bypass,Severe,2023-05-11,23:00,2023-05-11 23:00:00,Fog,Bus,high
1459,18.57165,73.859942,Shivajinagar Road,Severe,2024-06-04,23:00,2024-06-04 23:00:00,Rain,Auto,medium
1460,18.490268,73.959471,Hadapsar Bypass,Severe,2022-07-09,12:00,2022-07-09 12:00:00,Fog,Car,high
1461,18.549419,73.759588,Baner Road,Minor,2023-03-16,11:00,2023-03-16 11:00:00,Rain,Truck,medium
1462,18.444372,73.897116,Hadapsar Bypass,Severe,2023-12-26,21:00,2023-12-26 21:00:00,Rain,Truck,high
1463,18.433123,73.755531,Kothrud Road,Fatal,2024-06-19,14:00,2024-06-19 14:00:00,Fog,Auto,medium
1464,18.403051,73.875741,Hadapsar Bypass,Fatal,2023-06-19,13:00,2023-06-19 13:00:00,Clear,Bike,high
1465,18.465609,73.876594,Deccan Road,Minor,2024-08-11,01:00,2024-08-11 01:00:00,Fog,Bus,low
1466,18.566898,73.916609,Viman Nagar Road,Severe,2023-11-14,21:00,2023-11-14 21:00:00,Fog,Auto,medium
1467,18.455137,73.749767,Kothrud Road,Minor,2024-05-12,01:00,2024-05-12 01:00:00,Clear,Auto,medium
1468,18.535456,73.943986,Hadapsar Bypass,Fatal,2023-04-20,23:00,2023-04-20 23:00:00,Clear,Auto,high
1469,18.527939,73.893303,Koregaon Park Road,Minor,2024-06-10,18:00,2024-06-10 18:00:00,Clear,Bike,low
1470,18.481714,73.701206,Kothrud Road,Severe,2023-08-20,12:00,2023-08-20 12:00:00,Rain,Auto,medium
1471,18.61069,73.946637,Viman Nagar Road,Fatal,2022-08-24,14:00,2022-08-24 14:00:00,Clear,Truck,medium
1472,18.578384,73.984796,Viman Nagar Road,Severe,2023-11-13,21:00,2023-11-13 21:00:00,Fog,Truck,medium
1473,18.690506,73.871398,Pimpri-Chinchwad Link,Minor,2023-05-27,18:00,2023-05-27 18:00:00,Fog,Auto,high
1474,18.660799,73.809173,Pimpri-Chinchwad Link,Minor,2024-09-07,00:00,2024-09-07 00:00:00,Fog,Auto,high
1475,18.527028,73.71137,Hinjewadi IT Park Road,Minor,2022-12-09,01:00,2022-12-09 01:00:00,Clear,Bike,high
1476,18.430905,73.767672,Kothrud Road,Minor,2024-03-02,04:00,2024-03-02 04:00:00,Clear,Car,medium
1477,18.568698,73.868964,Koregaon Park Road,Minor,2024-12-11,15:00,2024-12-11 15:00:00,Clear,Bike,low
1478,18.652781,73.821187,Pimpri-Chinchwad Link,Minor,2023-05-12,10:00,2023-05-12 10:00:00,Clear,Car,high
1479,18.590526,73.706087,Hinjewadi IT Park Road,Severe,2022-12-01,21:00,2022-12-01 21:00:00,Clear,Bus,high
1480,18.451387,73.974037,Hadapsar Bypass,Minor,2025-02-17,06:00,2025-02-17 06:00:00,Rain,Auto,high
1481,18.692753,73.885197,Pimpri-Chinchwad Link,Minor,2023-03-19,19:00,2023-03-19 19:00:00,Clear,Truck,high
1482,18.405269,73.883495,Hadapsar Bypass,Minor,2024-11-16,04:00,2024-11-16 04:00:00,Clear,Truck,high
1483,18.443897,73.724557,Kothrud Road,Minor,2022-11-24,11:00,2022-11-24 11:00:00,Rain,Truck,medium
1484,18.553651,73.930166,Viman Nagar Road,Fatal,2025-03-25,01:00,2025-03-25 01:00:00,Fog,Bike,medium
1485,18.488533,73.997988,Hadapsar Bypass,Minor,2024-11-01,03:00,2024-11-01 03:00:00,Fog,Bike,high
1486,18.59448,73.996688,Viman Nagar Road,Minor,2023-12-10,12:00,2023-12-10 12:00:00,Clear,Auto,medium
1487,18.626055,73.702231,Hinjewadi IT Park Road,Fatal,2023-03-19,17:00,2023-03-19 17:00:00,Fog,Auto,high
1488,18.433308,73.847208,Kothrud Road,Severe,2022-01-07,05:00,2022-01-07 05:00:00,Rain,Bus,medium
1489,18.622524,73.872316,Pimpri-Chinchwad Link,Minor,2023-06-23,05:00,2023-06-23 05:00:00,Fog,Truck,high
1490,18.630039,73.966122,Viman Nagar Road,Minor,2024-10-20,03:00,2024-10-20 03:00:00,Fog,Auto,medium
1491,18.48858,73.854698,Deccan Road,Minor,2022-03-03,19:00,2022-03-03 19:00:00,Clear,Truck,low
1492,18.677273,73.806735,Pimpri-Chinchwad Link,Minor,2024-01-19,10:00,2024-01-19 10:00:00,Rain,Bike,high
1493,18.440568,73.995355,Hadapsar Bypass,Minor,2023-10-01,04:00,2023-10-01 04:00:00,Clear,Truck,high
1494,18.453121,73.775731,Kothrud Road,Minor,2023-11-30,06:00,2023-11-30 06:00:00,Rain,Truck,medium
1495,18.45806,73.799707,Kothrud Road,Severe,2022-05-16,11:00,2022-05-16 11:00:00,Rain,Truck,medium
1496,18.528097,73.756334,Baner Road,Minor,2023-11-23,17:00,2023-11-23 17:00:00,Fog,Bike,medium
1497,18.449114,73.859668,Deccan Road,Minor,2022-01-24,12:00,2022-01-24 12:00:00,Fog,Bike,low
1498,18.667367,73.882298,Pimpri-Chinchwad Link,Severe,2025-03-29,19:00,2025-03-29 19:00:00,Fog,Car,high
1499,18.680366,73.768982,Pimpri-Chinchwad Link,Severe,2025-03-29,12:00,2025-03-29 12:00:00,Clear,Car,high
1500,18.464991,73.755697,Kothrud Road,Minor,2022-09-13,16:00,2022-09-13 16:00:00,Clear,Auto,medium
1501,18.469278,73.868989,Deccan Road,Minor,2024-06-10,12:00,2024-06-10 12:00:00,Fog,Car,low
1502,18.465181,73.861849,Deccan Road,Minor,2025-03-29,04:00,2025-03-29 04:00:00,Clear,Bus,low
1503,18.514217,73.982976,Hadapsar Bypass,Severe,2023-10-31,05:00,2023-10-31 05:00:00,Clear,Bus,high
1504,18.585968,73.834621,Pimpri-Chinchwad Link,Minor,2024-03-27,17:00,2024-03-27 17:00:00,Rain,Auto,high
1505,18.479491,73.770169,Kothrud Road,Severe,2024-01-26,09:00,2024-01-26 09:00:00,Fog,Truck,medium
1506,18.629017,73.79193,Pimpri-Chinchwad Link,Minor,2024-12-02,15:00,2024-12-02 15:00:00,Rain,Auto,high
1507,18.586933,73.949166,Viman Nagar Road,Minor,2025-02-21,01:00,2025-02-21 01:00:00,Rain,Car,medium
1508,18.644755,73.927374,Viman Nagar Road,Minor,2024-01-21,09:00,2024-01-21 09:00:00,Fog,Auto,medium
1509,18.621806,73.947267,Viman Nagar Road,Fatal,2024-06-03,21:00,2024-06-03 21:00:00,Clear,Auto,medium
1510,18.573772,73.977916,Viman Nagar Road,Minor,2023-11-10,03:00,2023-11-10 03:00:00,Fog,Truck,medium
1511,18.426089,73.765805,Kothrud Road,Minor,2024-06-07,23:00,2024-06-07 23:00:00,Fog,Auto,medium
1512,18.504583,73.968261,Hadapsar Bypass,Severe,2022-10-18,06:00,2022-10-18 06:00:00,Clear,Bus,high
1513,18.643296,73.945547,Viman Nagar Road,Minor,2024-02-11,20:00,2024-02-11 20:00:00,Fog,Bus,medium
1514,18.616791,73.936007,Viman Nagar Road,Minor,2023-04-30,07:00,2023-04-30 07:00:00,Rain,Auto,medium
1515,18.572701,73.901998,Viman Nagar Road,Minor,2024-10-04,07:00,2024-10-04 07:00:00,Clear,Car,medium
1516,18.621216,73.869174,Pimpri-Chinchwad Link,Severe,2025-02-27,09:00,2025-02-27 09:00:00,Clear,Auto,high
1517,18.676668,73.810082,Pimpri-Chinchwad Link,Severe,2024-07-19,05:00,2024-07-19 05:00:00,Clear,Bike,high
1518,18.586444,73.781749,Wakad Highway,Fatal,2025-03-06,05:00,2025-03-06 05:00:00,Fog,Bus,high
1519,18.416905,73.874657,Hadapsar Bypass,Severe,2022-07-18,06:00,2022-07-18 06:00:00,Rain,Bike,high
1520,18.51899,73.771585,Kothrud Road,Minor,2025-01-20,04:00,2025-01-20 04:00:00,Clear,Car,medium
1521,18.415241,73.823662,Kothrud Road,Minor,2023-01-24,14:00,2023-01-24 14:00:00,Fog,Bike,medium
1522,18.625169,73.740608,Hinjewadi IT Park Road,Severe,2025-03-22,02:00,2025-03-22 02:00:00,Clear,Bus,high
1523,18.643613,73.729168,Hinjewadi IT Park Road,Minor,2024-07-16,01:00,2024-07-16 01:00:00,Clear,Truck,high
1524,18.673165,73.854169,Pimpri-Chinchwad Link,Minor,2023-05-04,20:00,2023-05-04 20:00:00,Fog,Bike,high
1525,18.436708,73.962504,Hadapsar Bypass,Severe,2022-07-23,12:00,2022-07-23 12:00:00,Clear,Bike,high
1526,18.625412,73.824651,Pimpri-Chinchwad Link,Minor,2023-12-02,05:00,2023-12-02 05:00:00,Rain,Bike,high
1527,18.509,73.977572,Hadapsar Bypass,Minor,2025-04-04,12:00,2025-04-04 12:00:00,Rain,Car,high
1528,18.64046,73.781779,Pimpri-Chinchwad Link,Minor,2023-10-08,22:00,2023-10-08 22:00:00,Clear,Bike,high
1529,18.524604,73.73057,Baner Road,Minor,2023-08-01,01:00,2023-08-01 01:00:00,Fog,Car,medium
1530,18.436365,73.81605,Kothrud Road,Minor,2023-03-25,14:00,2023-03-25 14:00:00,Fog,Auto,medium
1531,18.441292,73.788501,Kothrud Road,Severe,2022-07-29,03:00,2022-07-29 03:00:00,Rain,Car,medium
1532,18.634149,73.93628,Viman Nagar Road,Minor,2023-02-13,19:00,2023-02-13 19:00:00,Clear,Truck,medium
1533,18.556644,73.981995,Viman Nagar Road,Minor,2022-12-25,05:00,2022-12-25 05:00:00,Clear,Bike,medium
1534,18.405066,73.727652,Kothrud Road,Minor,2023-02-14,17:00,2023-02-14 17:00:00,Rain,Auto,medium
1535,18.531435,73.804073,Kothrud Road,Fatal,2024-05-17,07:00,2024-05-17 07:00:00,Rain,Car,medium
1536,18.546506,73.78641,Baner Road,Minor,2024-09-11,06:00,2024-09-11 06:00:00,Rain,Bus,medium
1537,18.517232,73.827851,Deccan Road,Minor,2025-03-18,05:00,2025-03-18 05:00:00,Rain,Auto,low
1538,18.648578,73.940694,Viman Nagar Road,Minor,2023-07-18,05:00,2023-07-18 05:00:00,Fog,Bus,medium
1539,18.653004,73.700893,Hinjewadi IT Park Road,Severe,2025-03-21,02:00,2025-03-21 02:00:00,Fog,Truck,high
1540,18.566396,73.874944,Koregaon Park Road,Severe,2023-04-11,13:00,2023-04-11 13:00:00,Rain,Bike,low
1541,18.670921,73.789888,Pimpri-Chinchwad Link,Minor,2024-09-07,13:00,2024-09-07 13:00:00,Clear,Car,high
1542,18.468605,73.746563,Kothrud Road,Severe,2022-10-07,06:00,2022-10-07 06:00:00,Fog,Auto,medium
1543,18.542512,73.902814,Koregaon Park Road,Severe,2024-06-09,09:00,2024-06-09 09:00:00,Rain,Car,low
1544,18.589551,73.921961,Viman Nagar Road,Minor,2025-02-28,18:00,2025-02-28 18:00:00,Fog,Bike,medium
1545,18.648487,73.812689,Pimpri-Chinchwad Link,Minor,2022-04-02,00:00,2022-04-02 00:00:00,Rain,Bike,high
1546,18.437086,73.950195,Hadapsar Bypass,Minor,2024-03-22,13:00,2024-03-22 13:00:00,Rain,Car,high
1547,18.436088,73.977828,Hadapsar Bypass,Minor,2023-10-21,04:00,2023-10-21 04:00:00,Rain,Car,high
1548,18.578133,73.855411,Shivajinagar Road,Fatal,2023-04-19,09:00,2023-04-19 09:00:00,Clear,Car,medium
1549,18.517321,73.814409,Kothrud Road,Severe,2023-03-02,20:00,2023-03-02 20:00:00,Clear,Car,medium
1550,18.53698,73.81564,Shivajinagar Road,Severe,2022-02-14,05:00,2022-02-14 05:00:00,Fog,Truck,medium
1551,18.535066,73.820771,Shivajinagar Road,Severe,2025-04-06,14:00,2025-04-06 14:00:00,Fog,Bus,medium
1552,18.468974,73.839247,Deccan Road,Severe,2022-05-23,21:00,2022-05-23 21:00:00,Fog,Auto,low
1553,18.542407,73.956977,Hadapsar Bypass,Severe,2022-04-30,04:00,2022-04-30 04:00:00,Clear,Auto,high
1554,18.684382,73.975328,Viman Nagar Road,Minor,2023-08-12,01:00,2023-08-12 01:00:00,Fog,Bike,medium
1555,18.538109,73.799047,Baner Road,Severe,2022-06-04,01:00,2022-06-04 01:00:00,Clear,Car,medium
1556,18.573431,73.950605,Viman Nagar Road,Minor,2022-11-26,10:00,2022-11-26 10:00:00,Clear,Bus,medium
1557,18.407116,73.781809,Kothrud Road,Minor,2023-08-09,07:00,2023-08-09 07:00:00,Fog,Bike,medium
1558,18.60606,73.758027,Wakad Highway,Minor,2022-01-26,16:00,2022-01-26 16:00:00,Clear,Truck,high
1559,18.656744,73.920236,Viman Nagar Road,Severe,2023-03-23,20:00,2023-03-23 20:00:00,Fog,Bus,medium
1560,18.572675,73.956342,Viman Nagar Road,Minor,2024-05-23,09:00,2024-05-23 09:00:00,Clear,Bus,medium
1561,18.49352,73.760179,Kothrud Road,Minor,2022-02-11,02:00,2022-02-11 02:00:00,Fog,Bus,medium
1562,18.561839,73.815609,Baner Road,Minor,2024-09-27,08:00,2024-09-27 08:00:00,Fog,Bike,medium
1563,18.629556,73.864362,Pimpri-Chinchwad Link,Minor,2024-09-26,13:00,2024-09-26 13:00:00,Clear,Auto,high
1564,18.407487,73.847606,Kothrud Road,Minor,2022-08-30,00:00,2022-08-30 00:00:00,Rain,Bike,medium
1565,18.605479,73.857656,Pimpri-Chinchwad Link,Minor,2023-12-22,06:00,2023-12-22 06:00:00,Fog,Bike,high
1566,18.595147,73.709303,Hinjewadi IT Park Road,Severe,2023-10-19,02:00,2023-10-19 02:00:00,Fog,Bike,high
1567,18.438343,73.834967,Kothrud Road,Severe,2023-08-12,06:00,2023-08-12 06:00:00,Fog,Bike,medium
1568,18.639946,73.742117,Wakad Highway,Fatal,2022-11-16,22:00,2022-11-16 22:00:00,Clear,Bike,high
1569,18.615348,73.939924,Viman Nagar Road,Minor,2025-01-05,12:00,2025-01-05 12:00:00,Clear,Car,medium
1570,18.609797,73.822919,Pimpri-Chinchwad Link,Minor,2024-01-07,07:00,2024-01-07 07:00:00,Fog,Bus,high
1571,18.685125,73.886471,Pimpri-Chinchwad Link,Severe,2024-10-27,12:00,2024-10-27 12:00:00,Fog,Bus,high
1572,18.430244,73.95737,Hadapsar Bypass,Severe,2025-03-14,14:00,2025-03-14 14:00:00,Rain,Bus,high
1573,18.596079,73.990996,Viman Nagar Road,Severe,2024-03-14,21:00,2024-03-14 21:00:00,Fog,Bike,medium
1574,18.51013,73.969656,Hadapsar Bypass,Minor,2024-08-25,08:00,2024-08-25 08:00:00,Fog,Auto,high
1575,18.424762,73.752257,Kothrud Road,Minor,2023-07-25,20:00,2023-07-25 20:00:00,Fog,Auto,medium
1576,18.413576,73.959206,Hadapsar Bypass,Severe,2023-08-29,07:00,2023-08-29 07:00:00,Rain,Bus,high
1577,18.407029,73.938773,Hadapsar Bypass,Minor,2022-10-23,23:00,2022-10-23 23:00:00,Clear,Bike,high
1578,18.690557,73.93312,Viman Nagar Road,Minor,2023-06-03,08:00,2023-06-03 08:00:00,Fog,Car,medium
1579,18.60032,73.928156,Viman Nagar Road,Minor,2023-10-06,23:00,2023-10-06 23:00:00,Clear,Bus,medium
1580,18.459566,73.869326,Deccan Road,Minor,2023-09-19,20:00,2023-09-19 20:00:00,Rain,Car,low
1581,18.506826,73.911616,Hadapsar Bypass,Fatal,2024-05-01,14:00,2024-05-01 14:00:00,Clear,Truck,high
1582,18.698809,73.846236,Pimpri-Chinchwad Link,Fatal,2024-08-12,05:00,2024-08-12 05:00:00,Fog,Auto,high
1583,18.400245,73.809255,Kothrud Road,Minor,2022-06-24,16:00,2022-06-24 16:00:00,Rain,Car,medium
1584,18.576706,73.828832,Baner Road,Minor,2022-04-20,01:00,2022-04-20 01:00:00,Rain,Car,medium
1585,18.680588,73.784752,Pimpri-Chinchwad Link,Fatal,2024-12-12,01:00,2024-12-12 01:00:00,Clear,Car,high
1586,18.470459,73.929295,Hadapsar Bypass,Fatal,2022-09-28,23:00,2022-09-28 23:00:00,Clear,Auto,high
1587,18.643598,73.705436,Hinjewadi IT Park Road,Severe,2023-08-23,00:00,2023-08-23 00:00:00,Rain,Auto,high
1588,18.496209,73.92396,Hadapsar Bypass,Minor,2023-03-05,05:00,2023-03-05 05:00:00,Rain,Car,high
1589,18.590642,73.99423,Viman Nagar Road,Minor,2024-10-16,05:00,2024-10-16 05:00:00,Fog,Bus,medium
1590,18.604319,73.885121,Viman Nagar Road,Minor,2024-04-20,22:00,2024-04-20 22:00:00,Clear,Auto,medium
1591,18.661945,73.828362,Pimpri-Chinchwad Link,Minor,2023-10-15,12:00,2023-10-15 12:00:00,Clear,Bus,high
1592,18.490742,73.769211,Kothrud Road,Minor,2024-08-14,08:00,2024-08-14 08:00:00,Clear,Auto,medium
1593,18.65508,73.99244,Viman Nagar Road,Minor,2023-01-04,10:00,2023-01-04 10:00:00,Clear,Bus,medium
1594,18.481179,73.985674,Hadapsar Bypass,Minor,2024-12-08,11:00,2024-12-08 11:00:00,Rain,Car,high
1595,18.47945,73.987515,Hadapsar Bypass,Severe,2023-02-09,20:00,2023-02-09 20:00:00,Rain,Bus,high
1596,18.52746,73.71945,Hinjewadi IT Park Road,Severe,2023-05-18,09:00,2023-05-18 09:00:00,Clear,Car,high
1597,18.693755,73.968151,Viman Nagar Road,Severe,2022-11-18,22:00,2022-11-18 22:00:00,Rain,Truck,medium
1598,18.486127,73.840663,Deccan Road,Minor,2022-12-21,16:00,2022-12-21 16:00:00,Clear,Bike,low
1599,18.584913,73.97892,Viman Nagar Road,Minor,2023-01-13,04:00,2023-01-13 04:00:00,Fog,Bus,medium
1600,18.46298,73.90624,Hadapsar Bypass,Severe,2023-03-30,10:00,2023-03-30 10:00:00,Fog,Auto,high
1601,18.464942,73.922172,Hadapsar Bypass,Minor,2024-03-31,08:00,2024-03-31 08:00:00,Rain,Truck,high
1602,18.630042,73.81481,Pimpri-Chinchwad Link,Severe,2022-04-12,22:00,2022-04-12 22:00:00,Clear,Truck,high
1603,18.512528,73.914193,Hadapsar Bypass,Minor,2024-05-19,16:00,2024-05-19 16:00:00,Clear,Bike,high
1604,18.664624,73.788278,Pimpri-Chinchwad Link,Minor,2023-04-09,14:00,2023-04-09 14:00:00,Rain,Auto,high
1605,18.600776,73.754211,Wakad Highway,Minor,2022-08-10,05:00,2022-08-10 05:00:00,Clear,Bus,high
1606,18.656069,73.782621,Pimpri-Chinchwad Link,Minor,2022-03-23,04:00,2022-03-23 04:00:00,Fog,Truck,high
1607,18.505186,73.860032,Deccan Road,Minor,2023-05-26,14:00,2023-05-26 14:00:00,Clear,Auto,low
1608,18.428503,73.913338,Hadapsar Bypass,Severe,2022-09-20,04:00,2022-09-20 04:00:00,Clear,Bike,high
1609,18.617795,73.959098,Viman Nagar Road,Minor,2023-11-30,15:00,2023-11-30 15:00:00,Rain,Bike,medium
1610,18.673117,73.897786,Pimpri-Chinchwad Link,Fatal,2024-03-13,23:00,2024-03-13 23:00:00,Rain,Auto,high
1611,18.506498,73.898272,Hadapsar Bypass,Severe,2024-08-22,01:00,2024-08-22 01:00:00,Fog,Bus,high
1612,18.418585,73.75969,Kothrud Road,Severe,2025-01-03,05:00,2025-01-03 05:00:00,Rain,Bus,medium
1613,18.497268,73.867609,Deccan Road,Minor,2023-11-14,15:00,2023-11-14 15:00:00,Rain,Bus,low
1614,18.620484,73.844715,Pimpri-Chinchwad Link,Fatal,2023-05-17,08:00,2023-05-17 08:00:00,Rain,Car,high
1615,18.574868,73.960333,Viman Nagar Road,Minor,2025-02-08,01:00,2025-02-08 01:00:00,Fog,Truck,medium
1616,18.421682,73.727804,Kothrud Road,Minor,2023-12-08,19:00,2023-12-08 19:00:00,Fog,Truck,medium
1617,18.487039,73.904911,Hadapsar Bypass,Severe,2023-08-12,19:00,2023-08-12 19:00:00,Clear,Bus,high
1618,18.522124,73.748346,Baner Road,Minor,2023-05-16,05:00,2023-05-16 05:00:00,Rain,Bus,medium
1619,18.473264,73.813005,Kothrud Road,Minor,2024-08-28,06:00,2024-08-28 06:00:00,Clear,Auto,medium
1620,18.630892,73.918865,Viman Nagar Road,Fatal,2024-12-02,06:00,2024-12-02 06:00:00,Clear,Car,medium
1621,18.558741,73.849087,Shivajinagar Road,Fatal,2023-08-16,10:00,2023-08-16 10:00:00,Rain,Bike,medium
1622,18.402826,73.708001,Kothrud Road,Minor,2023-10-09,14:00,2023-10-09 14:00:00,Clear,Auto,medium
1623,18.526653,73.926145,Hadapsar Bypass,Minor,2024-12-06,22:00,2024-12-06 22:00:00,Rain,Car,high
1624,18.626101,73.710739,Hinjewadi IT Park Road,Severe,2025-01-11,21:00,2025-01-11 21:00:00,Clear,Car,high
1625,18.585553,73.983087,Viman Nagar Road,Minor,2023-03-27,10:00,2023-03-27 10:00:00,Rain,Bus,medium
1626,18.614164,73.749016,Wakad Highway,Fatal,2022-03-20,07:00,2022-03-20 07:00:00,Rain,Bike,high
1627,18.545105,73.759523,Baner Road,Minor,2022-06-13,06:00,2022-06-13 06:00:00,Clear,Bus,medium
1628,18.610572,73.755597,Wakad Highway,Minor,2024-07-10,09:00,2024-07-10 09:00:00,Clear,Bike,high
1629,18.649613,73.803621,Pimpri-Chinchwad Link,Severe,2023-06-29,20:00,2023-06-29 20:00:00,Rain,Auto,high
1630,18.611243,73.864142,Pimpri-Chinchwad Link,Minor,2024-10-22,00:00,2024-10-22 00:00:00,Fog,Truck,high
1631,18.572124,73.900149,Viman Nagar Road,Minor,2024-04-20,05:00,2024-04-20 05:00:00,Clear,Bus,medium
1632,18.433714,73.833387,Kothrud Road,Minor,2024-08-28,03:00,2024-08-28 03:00:00,Rain,Auto,medium
1633,18.585559,73.982188,Viman Nagar Road,Fatal,2024-02-07,05:00,2024-02-07 05:00:00,Rain,Truck,medium
1634,18.538238,73.813961,Kothrud Road,Minor,2025-04-08,23:00,2025-04-08 23:00:00,Rain,Bike,medium
1635,18.413276,73.774337,Kothrud Road,Minor,2024-02-17,12:00,2024-02-17 12:00:00,Clear,Bus,medium
1636,18.642646,73.924923,Viman Nagar Road,Fatal,2024-12-15,19:00,2024-12-15 19:00:00,Clear,Bike,medium
1637,18.487289,73.827835,Kothrud Road,Minor,2025-02-15,15:00,2025-02-15 15:00:00,Rain,Bike,medium
1638,18.488887,73.775059,Kothrud Road,Minor,2023-03-02,21:00,2023-03-02 21:00:00,Fog,Auto,medium
1639,18.410992,73.88864,Hadapsar Bypass,Severe,2023-08-24,01:00,2023-08-24 01:00:00,Fog,Auto,high
1640,18.420022,73.846832,Kothrud Road,Minor,2023-11-13,11:00,2023-11-13 11:00:00,Fog,Bus,medium
1641,18.562536,73.715174,Hinjewadi IT Park Road,Minor,2022-10-22,06:00,2022-10-22 06:00:00,Rain,Bus,high
1642,18.605285,73.764333,Wakad Highway,Minor,2022-08-20,17:00,2022-08-20 17:00:00,Clear,Bike,high
1643,18.442622,73.957596,Hadapsar Bypass,Minor,2023-11-04,00:00,2023-11-04 00:00:00,Rain,Auto,high
1644,18.473815,73.862689,Deccan Road,Fatal,2022-12-08,06:00,2022-12-08 06:00:00,Rain,Truck,low
1645,18.51394,73.985207,Hadapsar Bypass,Minor,2022-01-20,15:00,2022-01-20 15:00:00,Fog,Bus,high
1646,18.590365,73.787626,Wakad Highway,Minor,2023-07-12,06:00,2023-07-12 06:00:00,Clear,Bike,high
1647,18.55171,73.917398,Viman Nagar Road,Minor,2024-11-06,18:00,2024-11-06 18:00:00,Clear,Bike,medium
1648,18.509662,73.888766,Koregaon Park Road,Minor,2024-06-04,13:00,2024-06-04 13:00:00,Rain,Bus,low
1649,18.42284,73.877364,Hadapsar Bypass,Minor,2022-12-25,18:00,2022-12-25 18:00:00,Fog,Car,high
1650,18.631324,73.783106,Pimpri-Chinchwad Link,Minor,2024-07-28,22:00,2024-07-28 22:00:00,Clear,Truck,high
1651,18.619082,73.988944,Viman Nagar Road,Severe,2023-10-07,08:00,2023-10-07 08:00:00,Rain,Bike,medium
1652,18.467765,73.882882,Hadapsar Bypass,Minor,2022-10-14,14:00,2022-10-14 14:00:00,Rain,Truck,high
1653,18.508016,73.966963,Hadapsar Bypass,Minor,2024-05-11,13:00,2024-05-11 13:00:00,Clear,Auto,high
1654,18.569665,73.846466,Shivajinagar Road,Fatal,2023-04-04,14:00,2023-04-04 14:00:00,Clear,Truck,medium
1655,18.638324,73.985506,Viman Nagar Road,Minor,2022-02-26,20:00,2022-02-26 20:00:00,Fog,Truck,medium
1656,18.482646,73.889385,Hadapsar Bypass,Fatal,2023-11-05,23:00,2023-11-05 23:00:00,Clear,Bus,high
1657,18.44145,73.746795,Kothrud Road,Minor,2023-06-28,02:00,2023-06-28 02:00:00,Clear,Bus,medium
1658,18.678722,73.835072,Pimpri-Chinchwad Link,Fatal,2024-11-05,23:00,2024-11-05 23:00:00,Fog,Bike,high
1659,18.678309,73.711139,Hinjewadi IT Park Road,Minor,2024-04-17,16:00,2024-04-17 16:00:00,Fog,Bike,high
1660,18.52228,73.847271,Shivajinagar Road,Minor,2022-02-12,01:00,2022-02-12 01:00:00,Rain,Auto,medium
1661,18.426862,73.819068,Kothrud Road,Minor,2024-06-26,23:00,2024-06-26 23:00:00,Rain,Bus,medium
1662,18.632231,73.925641,Viman Nagar Road,Minor,2023-08-15,09:00,2023-08-15 09:00:00,Fog,Auto,medium
1663,18.471055,73.735401,Kothrud Road,Minor,2023-04-15,07:00,2023-04-15 07:00:00,Fog,Car,medium
1664,18.542231,73.751422,Baner Road,Minor,2023-09-28,03:00,2023-09-28 03:00:00,Rain,Auto,medium
1665,18.457968,73.832886,Kothrud Road,Severe,2022-01-21,02:00,2022-01-21 02:00:00,Clear,Bus,medium
1666,18.415426,73.720334,Kothrud Road,Severe,2023-03-26,07:00,2023-03-26 07:00:00,Rain,Bus,medium
1667,18.562666,73.771489,Baner Road,Severe,2022-11-28,10:00,2022-11-28 10:00:00,Clear,Car,medium
1668,18.52236,73.714746,Hinjewadi IT Park Road,Minor,2022-03-20,05:00,2022-03-20 05:00:00,Rain,Car,high
1669,18.433374,73.903519,Hadapsar Bypass,Minor,2025-03-31,10:00,2025-03-31 10:00:00,Clear,Bus,high
1670,18.680517,73.818974,Pimpri-Chinchwad Link,Fatal,2022-04-05,14:00,2022-04-05 14:00:00,Rain,Truck,high
1671,18.55211,73.781999,Baner Road,Fatal,2023-12-30,04:00,2023-12-30 04:00:00,Clear,Truck,medium
1672,18.692624,73.750137,Pimpri-Chinchwad Link,Fatal,2025-02-16,10:00,2025-02-16 10:00:00,Fog,Bike,high
1673,18.571626,73.707274,Hinjewadi IT Park Road,Minor,2024-01-04,05:00,2024-01-04 05:00:00,Rain,Auto,high
1674,18.469922,73.78889,Kothrud Road,Minor,2022-02-02,16:00,2022-02-02 16:00:00,Clear,Bike,medium
1675,18.605213,73.982173,Viman Nagar Road,Fatal,2024-06-21,01:00,2024-06-21 01:00:00,Fog,Bike,medium
1676,18.494158,73.78339,Kothrud Road,Severe,2022-04-26,14:00,2022-04-26 14:00:00,Fog,Car,medium
1677,18.489347,73.968247,Hadapsar Bypass,Fatal,2023-10-14,05:00,2023-10-14 05:00:00,Rain,Truck,high
1678,18.442791,73.842377,Kothrud Road,Minor,2022-05-03,23:00,2022-05-03 23:00:00,Clear,Bike,medium
1679,18.535286,73.83075,Shivajinagar Road,Severe,2023-10-28,22:00,2023-10-28 22:00:00,Rain,Bus,medium
1680,18.457324,73.773203,Kothrud Road,Minor,2024-11-20,15:00,2024-11-20 15:00:00,Fog,Bus,medium
1681,18.430796,73.728321,Kothrud Road,Fatal,2024-12-04,11:00,2024-12-04 11:00:00,Clear,Car,medium
1682,18.516523,73.944204,Hadapsar Bypass,Fatal,2023-01-09,15:00,2023-01-09 15:00:00,Rain,Bus,high
1683,18.437463,73.742449,Kothrud Road,Fatal,2024-12-21,10:00,2024-12-21 10:00:00,Rain,Bike,medium
1684,18.598182,73.870858,Viman Nagar Road,Minor,2022-03-12,10:00,2022-03-12 10:00:00,Clear,Auto,medium
1685,18.628032,73.732018,Hinjewadi IT Park Road,Minor,2024-10-30,01:00,2024-10-30 01:00:00,Fog,Truck,high
1686,18.608674,73.728428,Hinjewadi IT Park Road,Minor,2022-10-10,22:00,2022-10-10 22:00:00,Clear,Car,high
1687,18.570055,73.875878,Viman Nagar Road,Minor,2023-09-01,06:00,2023-09-01 06:00:00,Fog,Truck,medium
1688,18.69281,73.978498,Viman Nagar Road,Minor,2022-02-01,19:00,2022-02-01 19:00:00,Rain,Truck,medium
1689,18.661703,73.82795,Pimpri-Chinchwad Link,Minor,2023-08-07,15:00,2023-08-07 15:00:00,Rain,Truck,high
1690,18.510146,73.709164,Baner Road,Fatal,2024-06-21,16:00,2024-06-21 16:00:00,Fog,Auto,medium
1691,18.6554,73.755377,Wakad Highway,Minor,2023-02-08,16:00,2023-02-08 16:00:00,Clear,Auto,high
1692,18.570773,73.957511,Viman Nagar Road,Severe,2022-03-04,22:00,2022-03-04 22:00:00,Rain,Truck,medium
1693,18.584012,73.86317,Viman Nagar Road,Minor,2023-09-24,20:00,2023-09-24 20:00:00,Fog,Auto,medium
1694,18.62791,73.920684,Viman Nagar Road,Minor,2024-02-10,10:00,2024-02-10 10:00:00,Clear,Bus,medium
1695,18.43872,73.85836,Deccan Road,Fatal,2023-12-11,01:00,2023-12-11 01:00:00,Fog,Car,low
1696,18.463872,73.940245,Hadapsar Bypass,Minor,2023-04-26,17:00,2023-04-26 17:00:00,Fog,Truck,high
1697,18.568561,73.780914,Baner Road,Minor,2022-04-06,02:00,2022-04-06 02:00:00,Rain,Car,medium
1698,18.474629,73.95364,Hadapsar Bypass,Fatal,2022-04-12,15:00,2022-04-12 15:00:00,Fog,Bus,high
1699,18.567595,73.987449,Viman Nagar Road,Minor,2024-03-01,21:00,2024-03-01 21:00:00,Rain,Car,medium
1700,18.61506,73.721713,Hinjewadi IT Park Road,Minor,2023-02-25,17:00,2023-02-25 17:00:00,Fog,Bike,high
1701,18.621892,73.966561,Viman Nagar Road,Severe,2022-05-07,22:00,2022-05-07 22:00:00,Clear,Bike,medium
1702,18.657274,73.701651,Hinjewadi IT Park Road,Fatal,2025-01-24,04:00,2025-01-24 04:00:00,Fog,Car,high
1703,18.529321,73.746007,Baner Road,Minor,2023-07-23,09:00,2023-07-23 09:00:00,Clear,Truck,medium
1704,18.486779,73.730292,Kothrud Road,Fatal,2024-06-28,20:00,2024-06-28 20:00:00,Clear,Truck,medium
1705,18.56309,73.841782,Shivajinagar Road,Minor,2024-07-24,20:00,2024-07-24 20:00:00,Rain,Bus,medium
1706,18.595856,73.85795,Pimpri-Chinchwad Link,Minor,2024-04-12,05:00,2024-04-12 05:00:00,Rain,Auto,high
1707,18.507863,73.836349,Deccan Road,Minor,2025-03-20,17:00,2025-03-20 17:00:00,Clear,Auto,low
1708,18.566788,73.930613,Viman Nagar Road,Severe,2023-09-11,21:00,2023-09-11 21:00:00,Fog,Truck,medium
1709,18.523035,73.76257,Baner Road,Minor,2024-11-23,22:00,2024-11-23 22:00:00,Rain,Car,medium
1710,18.645729,73.945193,Viman Nagar Road,Minor,2025-03-01,10:00,2025-03-01 10:00:00,Rain,Car,medium
1711,18.442489,73.715864,Kothrud Road,Severe,2024-08-08,03:00,2024-08-08 03:00:00,Clear,Auto,medium
1712,18.448079,73.796602,Kothrud Road,Minor,2023-05-30,10:00,2023-05-30 10:00:00,Rain,Bike,medium
1713,18.692473,73.761689,Pimpri-Chinchwad Link,Fatal,2024-07-07,04:00,2024-07-07 04:00:00,Fog,Auto,high
1714,18.535798,73.766214,Baner Road,Minor,2022-09-28,08:00,2022-09-28 08:00:00,Clear,Bus,medium
1715,18.423799,73.72328,Kothrud Road,Minor,2024-11-16,08:00,2024-11-16 08:00:00,Fog,Truck,medium
1716,18.57186,73.965758,Viman Nagar Road,Minor,2023-01-06,18:00,2023-01-06 18:00:00,Fog,Auto,medium
1717,18.6595,73.820176,Pimpri-Chinchwad Link,Fatal,2023-06-15,11:00,2023-06-15 11:00:00,Rain,Bus,high
1718,18.669989,73.811775,Pimpri-Chinchwad Link,Minor,2024-06-13,06:00,2024-06-13 06:00:00,Fog,Bus,high
1719,18.518111,73.966686,Hadapsar Bypass,Minor,2023-03-01,18:00,2023-03-01 18:00:00,Rain,Auto,high
1720,18.663957,73.94062,Viman Nagar Road,Minor,2024-08-10,21:00,2024-08-10 21:00:00,Clear,Bike,medium
1721,18.436538,73.87984,Hadapsar Bypass,Severe,2024-10-23,18:00,2024-10-23 18:00:00,Clear,Car,high
1722,18.568716,73.930922,Viman Nagar Road,Severe,2022-07-30,03:00,2022-07-30 03:00:00,Rain,Car,medium
1723,18.534057,73.963116,Hadapsar Bypass,Minor,2024-10-15,14:00,2024-10-15 14:00:00,Clear,Bike,high
1724,18.484099,73.944508,Hadapsar Bypass,Minor,2022-07-28,07:00,2022-07-28 07:00:00,Clear,Car,high
1725,18.528782,73.90191,Koregaon Park Road,Minor,2023-11-24,21:00,2023-11-24 21:00:00,Rain,Truck,low
1726,18.676989,73.764464,Pimpri-Chinchwad Link,Minor,2024-09-25,16:00,2024-09-25 16:00:00,Clear,Bike,high
1727,18.582258,73.811252,Baner Road,Minor,2023-07-29,11:00,2023-07-29 11:00:00,Fog,Bus,medium
1728,18.560804,73.861644,Shivajinagar Road,Severe,2022-02-04,12:00,2022-02-04 12:00:00,Fog,Bike,medium
1729,18.495641,73.837598,Deccan Road,Severe,2024-04-06,12:00,2024-04-06 12:00:00,Clear,Bike,low
1730,18.580978,73.822163,Baner Road,Fatal,2022-06-06,11:00,2022-06-06 11:00:00,Fog,Bike,medium
1731,18.598015,73.873239,Viman Nagar Road,Minor,2023-04-14,02:00,2023-04-14 02:00:00,Rain,Truck,medium
1732,18.642107,73.977776,Viman Nagar Road,Severe,2023-02-01,20:00,2023-02-01 20:00:00,Clear,Auto,medium
1733,18.605548,73.828086,Pimpri-Chinchwad Link,Minor,2024-02-23,22:00,2024-02-23 22:00:00,Clear,Car,high
1734,18.641299,73.842576,Pimpri-Chinchwad Link,Minor,2023-12-29,22:00,2023-12-29 22:00:00,Fog,Auto,high
1735,18.565109,73.951928,Viman Nagar Road,Minor,2025-02-21,02:00,2025-02-21 02:00:00,Fog,Truck,medium
1736,18.556549,73.801262,Baner Road,Minor,2022-12-27,19:00,2022-12-27 19:00:00,Rain,Auto,medium
1737,18.529067,73.819848,Deccan Road,Minor,2022-02-08,06:00,2022-02-08 06:00:00,Rain,Auto,low
1738,18.533443,73.95083,Hadapsar Bypass,Severe,2024-05-18,11:00,2024-05-18 11:00:00,Clear,Bike,high
1739,18.665184,73.910136,Pimpri-Chinchwad Link,Severe,2024-06-11,15:00,2024-06-11 15:00:00,Clear,Auto,high
1740,18.448778,73.948897,Hadapsar Bypass,Fatal,2023-05-14,06:00,2023-05-14 06:00:00,Rain,Auto,high
1741,18.411664,73.925854,Hadapsar Bypass,Minor,2024-02-16,17:00,2024-02-16 17:00:00,Clear,Truck,high
1742,18.510792,73.911882,Hadapsar Bypass,Minor,2024-11-14,13:00,2024-11-14 13:00:00,Rain,Truck,high
1743,18.540758,73.910706,Koregaon Park Road,Minor,2022-03-05,15:00,2022-03-05 15:00:00,Rain,Auto,low
1744,18.436365,73.805817,Kothrud Road,Severe,2023-06-26,16:00,2023-06-26 16:00:00,Clear,Truck,medium
1745,18.662198,73.727384,Hinjewadi IT Park Road,Severe,2022-12-25,04:00,2022-12-25 04:00:00,Clear,Truck,high
1746,18.446174,73.834569,Kothrud Road,Fatal,2023-03-28,09:00,2023-03-28 09:00:00,Fog,Bus,medium
1747,18.667833,73.796937,Pimpri-Chinchwad Link,Minor,2023-10-14,12:00,2023-10-14 12:00:00,Clear,Bike,high
1748,18.479901,73.917466,Hadapsar Bypass,Severe,2022-07-19,23:00,2022-07-19 23:00:00,Fog,Bus,high
1749,18.599949,73.739618,Hinjewadi IT Park Road,Severe,2024-10-19,17:00,2024-10-19 17:00:00,Fog,Auto,high
1750,18.489101,73.888796,Hadapsar Bypass,Minor,2023-12-12,21:00,2023-12-12 21:00:00,Fog,Car,high
1751,18.480665,73.84322,Deccan Road,Minor,2024-12-01,17:00,2024-12-01 17:00:00,Rain,Car,low
1752,18.607315,73.951043,Viman Nagar Road,Minor,2022-04-05,05:00,2022-04-05 05:00:00,Fog,Bus,medium
1753,18.507836,73.854262,Deccan Road,Minor,2022-04-24,10:00,2022-04-24 10:00:00,Clear,Bus,low
1754,18.497005,73.834183,Deccan Road,Minor,2022-05-12,10:00,2022-05-12 10:00:00,Rain,Truck,low
1755,18.562774,73.915775,Viman Nagar Road,Severe,2022-09-04,01:00,2022-09-04 01:00:00,Clear,Auto,medium
1756,18.652555,73.965921,Viman Nagar Road,Minor,2023-01-27,12:00,2023-01-27 12:00:00,Clear,Auto,medium
1757,18.408226,73.870816,Deccan Road,Minor,2024-02-29,23:00,2024-02-29 23:00:00,Fog,Truck,low
1758,18.433019,73.945888,Hadapsar Bypass,Severe,2022-01-31,21:00,2022-01-31 21:00:00,Clear,Bus,high
1759,18.655075,73.991828,Viman Nagar Road,Fatal,2024-11-02,10:00,2024-11-02 10:00:00,Rain,Auto,medium
1760,18.693068,73.932997,Viman Nagar Road,Fatal,2024-09-24,01:00,2024-09-24 01:00:00,Rain,Bike,medium
1761,18.405746,73.845932,Kothrud Road,Minor,2023-04-29,12:00,2023-04-29 12:00:00,Rain,Car,medium
1762,18.435483,73.813058,Kothrud Road,Severe,2023-09-11,15:00,2023-09-11 15:00:00,Clear,Car,medium
1763,18.562206,73.819829,Baner Road,Minor,2023-11-16,14:00,2023-11-16 14:00:00,Rain,Bike,medium
1764,18.589155,73.978514,Viman Nagar Road,Fatal,2022-07-11,13:00,2022-07-11 13:00:00,Fog,Bike,medium
1765,18.422351,73.900085,Hadapsar Bypass,Severe,2023-07-09,11:00,2023-07-09 11:00:00,Rain,Car,high
1766,18.485639,73.716261,Kothrud Road,Minor,2023-10-28,16:00,2023-10-28 16:00:00,Fog,Truck,medium
1767,18.630914,73.828458,Pimpri-Chinchwad Link,Fatal,2024-03-15,12:00,2024-03-15 12:00:00,Rain,Truck,high
1768,18.556692,73.781069,Baner Road,Minor,2023-05-06,12:00,2023-05-06 12:00:00,Clear,Truck,medium
1769,18.516599,73.872618,Shivajinagar Road,Fatal,2023-04-19,00:00,2023-04-19 00:00:00,Fog,Auto,medium
1770,18.405317,73.77606,Kothrud Road,Minor,2023-07-07,18:00,2023-07-07 18:00:00,Rain,Bus,medium
1771,18.664241,73.8439,Pimpri-Chinchwad Link,Severe,2025-02-19,16:00,2025-02-19 16:00:00,Fog,Truck,high
1772,18.457013,73.912927,Hadapsar Bypass,Severe,2025-03-15,04:00,2025-03-15 04:00:00,Rain,Truck,high
1773,18.593003,73.979626,Viman Nagar Road,Minor,2022-04-03,04:00,2022-04-03 04:00:00,Clear,Car,medium
1774,18.448401,73.8945,Hadapsar Bypass,Minor,2022-04-29,02:00,2022-04-29 02:00:00,Fog,Auto,high
1775,18.640412,73.859348,Pimpri-Chinchwad Link,Severe,2023-01-27,14:00,2023-01-27 14:00:00,Fog,Bus,high
1776,18.413287,73.913683,Hadapsar Bypass,Minor,2024-04-20,15:00,2024-04-20 15:00:00,Fog,Bus,high
1777,18.642687,73.762959,Wakad Highway,Minor,2022-03-16,23:00,2022-03-16 23:00:00,Fog,Bus,high
1778,18.627338,73.810023,Pimpri-Chinchwad Link,Fatal,2023-07-28,12:00,2023-07-28 12:00:00,Rain,Auto,high
1779,18.504088,73.835148,Deccan Road,Severe,2023-09-06,02:00,2023-09-06 02:00:00,Rain,Auto,low
1780,18.634692,73.855685,Pimpri-Chinchwad Link,Minor,2025-01-13,10:00,2025-01-13 10:00:00,Fog,Auto,high
1781,18.632446,73.748306,Wakad Highway,Minor,2023-07-26,02:00,2023-07-26 02:00:00,Rain,Bike,high
1782,18.423097,73.965614,Hadapsar Bypass,Minor,2023-12-23,05:00,2023-12-23 05:00:00,Fog,Truck,high
1783,18.605031,73.759402,Wakad Highway,Minor,2024-06-10,12:00,2024-06-10 12:00:00,Fog,Car,high
1784,18.613549,73.889359,Viman Nagar Road,Severe,2023-06-02,04:00,2023-06-02 04:00:00,Fog,Auto,medium
1785,18.63,73.719595,Hinjewadi IT Park Road,Fatal,2024-11-28,10:00,2024-11-28 10:00:00,Fog,Bike,high
1786,18.686853,73.888856,Pimpri-Chinchwad Link,Fatal,2023-05-13,02:00,2023-05-13 02:00:00,Clear,Bike,high
1787,18.668618,73.758116,Pimpri-Chinchwad Link,Severe,2022-07-04,15:00,2022-07-04 15:00:00,Fog,Bike,high
1788,18.498445,73.879093,Deccan Road,Minor,2023-10-09,12:00,2023-10-09 12:00:00,Rain,Truck,low
1789,18.44995,73.764096,Kothrud Road,Severe,2024-10-02,18:00,2024-10-02 18:00:00,Fog,Auto,medium
1790,18.519527,73.892789,Koregaon Park Road,Fatal,2023-02-05,17:00,2023-02-05 17:00:00,Fog,Car,low
1791,18.667733,73.977398,Viman Nagar Road,Minor,2024-10-24,10:00,2024-10-24 10:00:00,Fog,Bike,medium
1792,18.606796,73.926854,Viman Nagar Road,Minor,2022-02-24,11:00,2022-02-24 11:00:00,Fog,Bus,medium
1793,18.583468,73.854857,Shivajinagar Road,Severe,2022-06-09,09:00,2022-06-09 09:00:00,Rain,Bus,medium
1794,18.640516,73.984371,Viman Nagar Road,Fatal,2023-11-22,20:00,2023-11-22 20:00:00,Clear,Car,medium
1795,18.515232,73.754427,Baner Road,Severe,2023-02-09,22:00,2023-02-09 22:00:00,Fog,Bus,medium
1796,18.571369,73.946525,Viman Nagar Road,Fatal,2022-10-31,21:00,2022-10-31 21:00:00,Fog,Car,medium
1797,18.478061,73.856696,Deccan Road,Fatal,2022-01-21,19:00,2022-01-21 19:00:00,Clear,Auto,low
1798,18.616315,73.757868,Wakad Highway,Fatal,2022-12-19,18:00,2022-12-19 18:00:00,Clear,Auto,high
1799,18.405763,73.986812,Hadapsar Bypass,Minor,2022-10-20,22:00,2022-10-20 22:00:00,Fog,Auto,high
1800,18.666304,73.722612,Hinjewadi IT Park Road,Minor,2024-03-23,02:00,2024-03-23 02:00:00,Rain,Bike,high
1801,18.432427,73.972314,Hadapsar Bypass,Minor,2024-04-19,10:00,2024-04-19 10:00:00,Rain,Auto,high
1802,18.585034,73.805685,Baner Road,Fatal,2024-05-27,18:00,2024-05-27 18:00:00,Rain,Bike,medium
1803,18.61267,73.784792,Wakad Highway,Minor,2023-04-21,06:00,2023-04-21 06:00:00,Rain,Car,high
1804,18.556092,73.784519,Baner Road,Fatal,2025-04-07,15:00,2025-04-07 15:00:00,Clear,Auto,medium
1805,18.633462,73.984999,Viman Nagar Road,Minor,2024-04-20,01:00,2024-04-20 01:00:00,Clear,Bus,medium
1806,18.519302,73.919989,Hadapsar Bypass,Minor,2022-10-04,06:00,2022-10-04 06:00:00,Clear,Car,high
1807,18.638479,73.91746,Viman Nagar Road,Minor,2024-11-26,09:00,2024-11-26 09:00:00,Rain,Car,medium
1808,18.431357,73.722213,Kothrud Road,Minor,2022-01-20,21:00,2022-01-20 21:00:00,Clear,Bike,medium
1809,18.578035,73.860635,Shivajinagar Road,Fatal,2023-05-20,16:00,2023-05-20 16:00:00,Fog,Truck,medium
1810,18.553637,73.758397,Baner Road,Minor,2025-03-17,18:00,2025-03-17 18:00:00,Fog,Auto,medium
1811,18.609433,73.772718,Wakad Highway,Severe,2022-11-01,02:00,2022-11-01 02:00:00,Rain,Auto,high
1812,18.491218,73.81784,Kothrud Road,Minor,2022-06-28,19:00,2022-06-28 19:00:00,Rain,Bus,medium
1813,18.677908,73.983751,Viman Nagar Road,Severe,2022-03-22,04:00,2022-03-22 04:00:00,Rain,Bike,medium
1814,18.6406,73.780798,Pimpri-Chinchwad Link,Minor,2022-04-14,23:00,2022-04-14 23:00:00,Fog,Car,high
1815,18.46064,73.943948,Hadapsar Bypass,Fatal,2022-11-05,08:00,2022-11-05 08:00:00,Fog,Car,high
1816,18.489646,73.822124,Kothrud Road,Minor,2025-02-27,17:00,2025-02-27 17:00:00,Rain,Truck,medium
1817,18.694709,73.908922,Pimpri-Chinchwad Link,Minor,2024-04-13,23:00,2024-04-13 23:00:00,Clear,Bike,high
1818,18.548454,73.97912,Hadapsar Bypass,Severe,2024-12-15,22:00,2024-12-15 22:00:00,Fog,Bus,high
1819,18.469139,73.710234,Kothrud Road,Fatal,2023-06-07,20:00,2023-06-07 20:00:00,Clear,Truck,medium
1820,18.57181,73.785955,Baner Road,Severe,2022-03-27,07:00,2022-03-27 07:00:00,Clear,Bus,medium
1821,18.434467,73.729384,Kothrud Road,Severe,2023-03-07,19:00,2023-03-07 19:00:00,Rain,Bike,medium
1822,18.694004,73.839989,Pimpri-Chinchwad Link,Fatal,2024-10-30,01:00,2024-10-30 01:00:00,Clear,Car,high
1823,18.522804,73.854259,Shivajinagar Road,Severe,2023-02-20,07:00,2023-02-20 07:00:00,Rain,Bus,medium
1824,18.578299,73.814106,Baner Road,Minor,2022-11-29,15:00,2022-11-29 15:00:00,Clear,Bus,medium
1825,18.589949,73.987415,Viman Nagar Road,Severe,2023-11-04,14:00,2023-11-04 14:00:00,Clear,Bus,medium
1826,18.552592,73.986118,Viman Nagar Road,Minor,2023-01-04,13:00,2023-01-04 13:00:00,Fog,Auto,medium
1827,18.52049,73.704688,Hinjewadi IT Park Road,Minor,2023-05-02,07:00,2023-05-02 07:00:00,Rain,Bike,high
1828,18.629373,73.787331,Pimpri-Chinchwad Link,Minor,2024-02-06,19:00,2024-02-06 19:00:00,Fog,Bus,high
1829,18.626445,73.787936,Pimpri-Chinchwad Link,Minor,2022-09-29,23:00,2022-09-29 23:00:00,Rain,Auto,high
1830,18.409215,73.884831,Hadapsar Bypass,Severe,2024-09-05,12:00,2024-09-05 12:00:00,Fog,Car,high
1831,18.473422,73.954945,Hadapsar Bypass,Minor,2025-01-02,18:00,2025-01-02 18:00:00,Rain,Truck,high
1832,18.534891,73.856957,Shivajinagar Road,Fatal,2022-10-16,13:00,2022-10-16 13:00:00,Fog,Bus,medium
1833,18.421773,73.860679,Deccan Road,Minor,2023-09-05,00:00,2023-09-05 00:00:00,Fog,Bus,low
1834,18.51758,73.980293,Hadapsar Bypass,Minor,2024-04-07,02:00,2024-04-07 02:00:00,Clear,Bus,high
1835,18.490453,73.899096,Hadapsar Bypass,Fatal,2023-12-21,07:00,2023-12-21 07:00:00,Fog,Truck,high
1836,18.446699,73.898609,Hadapsar Bypass,Severe,2022-02-13,22:00,2022-02-13 22:00:00,Clear,Truck,high
1837,18.698508,73.960418,Viman Nagar Road,Minor,2023-04-24,16:00,2023-04-24 16:00:00,Clear,Auto,medium
1838,18.469744,73.885367,Hadapsar Bypass,Severe,2022-08-16,13:00,2022-08-16 13:00:00,Rain,Auto,high
1839,18.540784,73.956157,Hadapsar Bypass,Severe,2025-01-07,00:00,2025-01-07 00:00:00,Fog,Bus,high
1840,18.485302,73.997901,Hadapsar Bypass,Minor,2024-09-02,19:00,2024-09-02 19:00:00,Clear,Truck,high
1841,18.622262,73.81792,Pimpri-Chinchwad Link,Fatal,2022-07-27,02:00,2022-07-27 02:00:00,Clear,Bus,high
1842,18.481557,73.776617,Kothrud Road,Minor,2022-09-28,10:00,2022-09-28 10:00:00,Fog,Car,medium
1843,18.417045,73.937641,Hadapsar Bypass,Minor,2024-05-10,22:00,2024-05-10 22:00:00,Fog,Truck,high
1844,18.450178,73.956197,Hadapsar Bypass,Severe,2024-01-07,09:00,2024-01-07 09:00:00,Clear,Truck,high
1845,18.499987,73.942375,Hadapsar Bypass,Minor,2022-09-18,23:00,2022-09-18 23:00:00,Rain,Auto,high
1846,18.47766,73.979313,Hadapsar Bypass,Fatal,2025-01-22,07:00,2025-01-22 07:00:00,Clear,Car,high
1847,18.618966,73.951391,Viman Nagar Road,Minor,2023-12-04,14:00,2023-12-04 14:00:00,Clear,Bus,medium
1848,18.589054,73.923123,Viman Nagar Road,Minor,2023-06-09,02:00,2023-06-09 02:00:00,Clear,Auto,medium
1849,18.535486,73.88817,Koregaon Park Road,Severe,2022-09-19,20:00,2022-09-19 20:00:00,Clear,Bike,low
1850,18.449901,73.848896,Deccan Road,Severe,2024-05-17,03:00,2024-05-17 03:00:00,Rain,Bus,low
1851,18.417278,73.855094,Deccan Road,Minor,2022-10-05,00:00,2022-10-05 00:00:00,Rain,Car,low
1852,18.412096,73.997951,Hadapsar Bypass,Severe,2023-01-25,13:00,2023-01-25 13:00:00,Clear,Bus,high
1853,18.596527,73.941392,Viman Nagar Road,Severe,2025-01-25,19:00,2025-01-25 19:00:00,Clear,Auto,medium
1854,18.554218,73.975367,Viman Nagar Road,Fatal,2022-04-02,08:00,2022-04-02 08:00:00,Fog,Car,medium
1855,18.454319,73.968212,Hadapsar Bypass,Fatal,2022-04-28,09:00,2022-04-28 09:00:00,Fog,Bus,high
1856,18.490456,73.747394,Kothrud Road,Minor,2024-01-14,10:00,2024-01-14 10:00:00,Fog,Truck,medium
1857,18.542101,73.976305,Hadapsar Bypass,Minor,2023-03-28,03:00,2023-03-28 03:00:00,Clear,Truck,high
1858,18.680825,73.996637,Viman Nagar Road,Fatal,2022-03-12,18:00,2022-03-12 18:00:00,Clear,Truck,medium
1859,18.543774,73.961743,Hadapsar Bypass,Minor,2025-01-31,14:00,2025-01-31 14:00:00,Rain,Car,high
1860,18.474158,73.861664,Deccan Road,Minor,2024-04-01,16:00,2024-04-01 16:00:00,Clear,Bus,low
1861,18.494591,73.962673,Hadapsar Bypass,Severe,2022-07-17,07:00,2022-07-17 07:00:00,Clear,Auto,high
1862,18.400087,73.956382,Hadapsar Bypass,Minor,2024-07-27,18:00,2024-07-27 18:00:00,Fog,Car,high
1863,18.468342,73.892114,Hadapsar Bypass,Minor,2023-10-19,13:00,2023-10-19 13:00:00,Clear,Bike,high
1864,18.642348,73.849321,Pimpri-Chinchwad Link,Severe,2022-03-26,07:00,2022-03-26 07:00:00,Rain,Car,high
1865,18.512472,73.821869,Kothrud Road,Fatal,2023-12-04,02:00,2023-12-04 02:00:00,Rain,Bike,medium
1866,18.511035,73.948101,Hadapsar Bypass,Minor,2023-07-19,18:00,2023-07-19 18:00:00,Rain,Truck,high
1867,18.68418,73.886294,Pimpri-Chinchwad Link,Minor,2024-10-22,15:00,2024-10-22 15:00:00,Clear,Bus,high
1868,18.472589,73.78862,Kothrud Road,Fatal,2024-08-10,21:00,2024-08-10 21:00:00,Fog,Truck,medium
1869,18.506772,73.883726,Koregaon Park Road,Fatal,2023-12-10,21:00,2023-12-10 21:00:00,Rain,Car,low
1870,18.4348,73.94046,Hadapsar Bypass,Minor,2023-11-28,02:00,2023-11-28 02:00:00,Clear,Bike,high
1871,18.557063,73.861022,Shivajinagar Road,Minor,2022-05-08,18:00,2022-05-08 18:00:00,Rain,Auto,medium
1872,18.410994,73.759685,Kothrud Road,Minor,2024-09-05,05:00,2024-09-05 05:00:00,Fog,Car,medium
1873,18.455887,73.72746,Kothrud Road,Severe,2023-12-25,23:00,2023-12-25 23:00:00,Clear,Bike,medium
1874,18.654824,73.865604,Pimpri-Chinchwad Link,Minor,2023-01-01,14:00,2023-01-01 14:00:00,Clear,Car,high
1875,18.480365,73.94808,Hadapsar Bypass,Fatal,2023-09-04,23:00,2023-09-04 23:00:00,Clear,Bike,high
1876,18.536651,73.861115,Shivajinagar Road,Minor,2022-02-23,07:00,2022-02-23 07:00:00,Rain,Auto,medium
1877,18.507808,73.888317,Koregaon Park Road,Minor,2024-05-16,22:00,2024-05-16 22:00:00,Fog,Truck,low
1878,18.455929,73.919389,Hadapsar Bypass,Severe,2023-08-12,14:00,2023-08-12 14:00:00,Rain,Truck,high
1879,18.621244,73.902924,Viman Nagar Road,Severe,2023-01-24,08:00,2023-01-24 08:00:00,Rain,Bike,medium
1880,18.546309,73.742749,Baner Road,Severe,2024-02-27,19:00,2024-02-27 19:00:00,Rain,Auto,medium
1881,18.423808,73.829932,Kothrud Road,Minor,2024-05-16,01:00,2024-05-16 01:00:00,Rain,Auto,medium
1882,18.41257,73.762925,Kothrud Road,Minor,2023-10-08,01:00,2023-10-08 01:00:00,Rain,Auto,medium
1883,18.611507,73.904855,Viman Nagar Road,Fatal,2023-12-29,20:00,2023-12-29 20:00:00,Fog,Bus,medium
1884,18.4667,73.808193,Kothrud Road,Minor,2022-08-25,06:00,2022-08-25 06:00:00,Fog,Truck,medium
1885,18.470259,73.947108,Hadapsar Bypass,Fatal,2024-01-26,14:00,2024-01-26 14:00:00,Rain,Bike,high
1886,18.567327,73.817275,Baner Road,Fatal,2024-11-27,11:00,2024-11-27 11:00:00,Clear,Bus,medium
1887,18.647879,73.995589,Viman Nagar Road,Severe,2023-04-04,00:00,2023-04-04 00:00:00,Fog,Truck,medium
1888,18.44191,73.955508,Hadapsar Bypass,Minor,2023-10-30,00:00,2023-10-30 00:00:00,Clear,Bike,high
1889,18.677391,73.975773,Viman Nagar Road,Minor,2023-06-19,04:00,2023-06-19 04:00:00,Clear,Bus,medium
1890,18.407025,73.943438,Hadapsar Bypass,Severe,2022-10-21,09:00,2022-10-21 09:00:00,Rain,Bus,high
1891,18.476823,73.72368,Kothrud Road,Minor,2024-07-23,15:00,2024-07-23 15:00:00,Rain,Car,medium
1892,18.558702,73.70599,Hinjewadi IT Park Road,Severe,2023-12-22,14:00,2023-12-22 14:00:00,Fog,Car,high
1893,18.574344,73.750401,Hinjewadi IT Park Road,Severe,2024-03-31,23:00,2024-03-31 23:00:00,Rain,Auto,high
1894,18.494548,73.894483,Hadapsar Bypass,Severe,2022-06-26,08:00,2022-06-26 08:00:00,Rain,Bus,high
1895,18.452405,73.903087,Hadapsar Bypass,Severe,2022-12-15,08:00,2022-12-15 08:00:00,Fog,Bike,high
1896,18.539475,73.700817,Hinjewadi IT Park Road,Minor,2022-07-07,20:00,2022-07-07 20:00:00,Clear,Bus,high
1897,18.666447,73.733448,Wakad Highway,Severe,2025-03-18,05:00,2025-03-18 05:00:00,Clear,Bus,high
1898,18.518193,73.766764,Kothrud Road,Minor,2023-12-26,13:00,2023-12-26 13:00:00,Clear,Car,medium
1899,18.574422,73.91454,Viman Nagar Road,Severe,2023-12-10,19:00,2023-12-10 19:00:00,Clear,Car,medium
1900,18.465372,73.751706,Kothrud Road,Severe,2022-08-01,01:00,2022-08-01 01:00:00,Rain,Auto,medium
1901,18.510504,73.814065,Kothrud Road,Severe,2025-03-29,10:00,2025-03-29 10:00:00,Fog,Auto,medium
1902,18.584992,73.883803,Viman Nagar Road,Severe,2025-03-08,17:00,2025-03-08 17:00:00,Rain,Bus,medium
1903,18.523016,73.791024,Kothrud Road,Minor,2023-09-29,20:00,2023-09-29 20:00:00,Fog,Car,medium
1904,18.662603,73.741794,Wakad Highway,Minor,2023-09-20,00:00,2023-09-20 00:00:00,Fog,Auto,high
1905,18.43848,73.764395,Kothrud Road,Minor,2024-04-18,17:00,2024-04-18 17:00:00,Fog,Car,medium
1906,18.679471,73.865036,Pimpri-Chinchwad Link,Minor,2023-03-09,09:00,2023-03-09 09:00:00,Clear,Bike,high
1907,18.554241,73.741357,Hinjewadi IT Park Road,Minor,2022-10-12,14:00,2022-10-12 14:00:00,Fog,Car,high
1908,18.403612,73.700483,Kothrud Road,Minor,2025-04-14,05:00,2025-04-14 05:00:00,Fog,Auto,medium
1909,18.4098,73.771391,Kothrud Road,Minor,2022-05-10,08:00,2022-05-10 08:00:00,Rain,Truck,medium
1910,18.494722,73.935138,Hadapsar Bypass,Minor,2022-01-31,00:00,2022-01-31 00:00:00,Clear,Bike,high
1911,18.652911,73.769099,Pimpri-Chinchwad Link,Minor,2024-05-31,17:00,2024-05-31 17:00:00,Clear,Bike,high
1912,18.548769,73.713313,Hinjewadi IT Park Road,Minor,2025-01-26,19:00,2025-01-26 19:00:00,Clear,Car,high
1913,18.532982,73.96841,Hadapsar Bypass,Minor,2024-08-26,18:00,2024-08-26 18:00:00,Rain,Auto,high
1914,18.408906,73.8328,Kothrud Road,Minor,2022-02-14,08:00,2022-02-14 08:00:00,Clear,Bike,medium
1915,18.478171,73.84552,Deccan Road,Severe,2023-01-30,05:00,2023-01-30 05:00:00,Clear,Auto,low
1916,18.560492,73.835566,Shivajinagar Road,Severe,2022-02-22,01:00,2022-02-22 01:00:00,Fog,Car,medium
1917,18.510953,73.979758,Hadapsar Bypass,Minor,2023-10-19,10:00,2023-10-19 10:00:00,Rain,Truck,high
1918,18.698777,73.74858,Pimpri-Chinchwad Link,Minor,2024-01-03,12:00,2024-01-03 12:00:00,Clear,Truck,high
1919,18.692704,73.982507,Viman Nagar Road,Fatal,2022-06-15,12:00,2022-06-15 12:00:00,Fog,Auto,medium
1920,18.421805,73.962129,Hadapsar Bypass,Fatal,2022-02-23,11:00,2022-02-23 11:00:00,Rain,Bike,high
1921,18.465026,73.737223,Kothrud Road,Minor,2022-09-03,06:00,2022-09-03 06:00:00,Rain,Auto,medium
1922,18.572334,73.732867,Hinjewadi IT Park Road,Fatal,2025-03-27,20:00,2025-03-27 20:00:00,Fog,Truck,high
1923,18.446744,73.740164,Kothrud Road,Minor,2023-03-28,08:00,2023-03-28 08:00:00,Clear,Bike,medium
1924,18.466933,73.962031,Hadapsar Bypass,Minor,2022-08-02,04:00,2022-08-02 04:00:00,Rain,Bus,high
1925,18.699107,73.734363,Pimpri-Chinchwad Link,Severe,2023-09-18,13:00,2023-09-18 13:00:00,Fog,Bike,high
1926,18.670525,73.861432,Pimpri-Chinchwad Link,Severe,2023-12-03,14:00,2023-12-03 14:00:00,Rain,Truck,high
1927,18.577819,73.736697,Hinjewadi IT Park Road,Severe,2024-03-13,14:00,2024-03-13 14:00:00,Clear,Bus,high
1928,18.421523,73.834894,Kothrud Road,Minor,2022-08-12,05:00,2022-08-12 05:00:00,Rain,Auto,medium
1929,18.624465,73.784546,Pimpri-Chinchwad Link,Minor,2022-05-01,15:00,2022-05-01 15:00:00,Clear,Car,high
1930,18.506382,73.976677,Hadapsar Bypass,Minor,2023-06-09,02:00,2023-06-09 02:00:00,Rain,Auto,high
1931,18.46032,73.748953,Kothrud Road,Minor,2022-08-23,04:00,2022-08-23 04:00:00,Rain,Car,medium
1932,18.606798,73.782357,Wakad Highway,Severe,2024-02-06,05:00,2024-02-06 05:00:00,Rain,Car,high
1933,18.543321,73.803362,Baner Road,Minor,2023-06-27,00:00,2023-06-27 00:00:00,Clear,Car,medium
1934,18.662717,73.994724,Viman Nagar Road,Severe,2024-01-29,06:00,2024-01-29 06:00:00,Rain,Auto,medium
1935,18.547455,73.832597,Shivajinagar Road,Severe,2025-03-20,19:00,2025-03-20 19:00:00,Clear,Bike,medium
1936,18.414543,73.824602,Kothrud Road,Minor,2022-12-11,18:00,2022-12-11 18:00:00,Rain,Car,medium
1937,18.554681,73.838338,Shivajinagar Road,Minor,2022-12-25,10:00,2022-12-25 10:00:00,Fog,Auto,medium
1938,18.621464,73.824567,Pimpri-Chinchwad Link,Minor,2023-12-01,12:00,2023-12-01 12:00:00,Fog,Auto,high
1939,18.53813,73.875785,Koregaon Park Road,Fatal,2024-06-24,04:00,2024-06-24 04:00:00,Fog,Bike,low
1940,18.452494,73.976977,Hadapsar Bypass,Minor,2023-06-24,22:00,2023-06-24 22:00:00,Clear,Car,high
1941,18.460449,73.760003,Kothrud Road,Minor,2024-08-17,22:00,2024-08-17 22:00:00,Rain,Auto,medium
1942,18.690284,73.874178,Pimpri-Chinchwad Link,Minor,2022-11-22,23:00,2022-11-22 23:00:00,Rain,Bus,high
1943,18.423464,73.937158,Hadapsar Bypass,Minor,2025-01-22,15:00,2025-01-22 15:00:00,Fog,Car,high
1944,18.52233,73.875455,Koregaon Park Road,Minor,2022-02-08,03:00,2022-02-08 03:00:00,Clear,Auto,low
1945,18.480296,73.710298,Kothrud Road,Severe,2025-02-09,10:00,2025-02-09 10:00:00,Fog,Bus,medium
1946,18.564737,73.870122,Koregaon Park Road,Minor,2024-05-12,08:00,2024-05-12 08:00:00,Clear,Car,low
1947,18.419674,73.844935,Kothrud Road,Severe,2023-03-24,14:00,2023-03-24 14:00:00,Clear,Truck,medium
1948,18.599057,73.723936,Hinjewadi IT Park Road,Severe,2024-10-16,05:00,2024-10-16 05:00:00,Clear,Car,high
1949,18.549999,73.858537,Shivajinagar Road,Minor,2025-03-19,00:00,2025-03-19 00:00:00,Clear,Bus,medium
1950,18.642209,73.917571,Viman Nagar Road,Severe,2024-02-21,04:00,2024-02-21 04:00:00,Fog,Bike,medium
1951,18.591362,73.821266,Pimpri-Chinchwad Link,Minor,2023-05-31,08:00,2023-05-31 08:00:00,Clear,Truck,high
1952,18.549405,73.940391,Viman Nagar Road,Fatal,2024-08-27,21:00,2024-08-27 21:00:00,Clear,Auto,medium
1953,18.623188,73.861714,Pimpri-Chinchwad Link,Severe,2024-02-02,00:00,2024-02-02 00:00:00,Fog,Bike,high
1954,18.557327,73.903596,Viman Nagar Road,Severe,2022-01-27,13:00,2022-01-27 13:00:00,Rain,Car,medium
1955,18.462195,73.85783,Deccan Road,Severe,2025-04-12,16:00,2025-04-12 16:00:00,Rain,Bike,low
1956,18.624848,73.870702,Pimpri-Chinchwad Link,Minor,2024-08-31,01:00,2024-08-31 01:00:00,Rain,Auto,high
1957,18.636708,73.758977,Wakad Highway,Minor,2022-02-14,01:00,2022-02-14 01:00:00,Rain,Car,high
1958,18.51524,73.8837,Koregaon Park Road,Minor,2022-10-12,12:00,2022-10-12 12:00:00,Rain,Car,low
1959,18.618402,73.921097,Viman Nagar Road,Severe,2023-02-05,05:00,2023-02-05 05:00:00,Fog,Auto,medium
1960,18.421767,73.864237,Deccan Road,Severe,2024-04-12,02:00,2024-04-12 02:00:00,Rain,Bike,low
1961,18.537311,73.877844,Koregaon Park Road,Minor,2024-07-17,06:00,2024-07-17 06:00:00,Fog,Truck,low
1962,18.688044,73.761493,Pimpri-Chinchwad Link,Minor,2022-11-30,06:00,2022-11-30 06:00:00,Fog,Truck,high
1963,18.636186,73.725077,Hinjewadi IT Park Road,Minor,2024-05-10,17:00,2024-05-10 17:00:00,Clear,Bus,high
1964,18.630376,73.854651,Pimpri-Chinchwad Link,Minor,2022-04-10,04:00,2022-04-10 04:00:00,Fog,Bus,high
1965,18.496563,73.808926,Kothrud Road,Fatal,2024-12-16,19:00,2024-12-16 19:00:00,Clear,Bike,medium
1966,18.675347,73.864046,Pimpri-Chinchwad Link,Minor,2024-02-06,18:00,2024-02-06 18:00:00,Clear,Auto,high
1967,18.568518,73.874909,Viman Nagar Road,Fatal,2023-04-09,07:00,2023-04-09 07:00:00,Rain,Bus,medium
1968,18.67453,73.705785,Hinjewadi IT Park Road,Minor,2022-09-08,06:00,2022-09-08 06:00:00,Rain,Bike,high
1969,18.551196,73.893292,Koregaon Park Road,Minor,2025-01-07,12:00,2025-01-07 12:00:00,Fog,Bike,low
1970,18.408032,73.949335,Hadapsar Bypass,Severe,2022-07-25,05:00,2022-07-25 05:00:00,Clear,Auto,high
1971,18.429872,73.782946,Kothrud Road,Minor,2022-11-04,10:00,2022-11-04 10:00:00,Fog,Auto,medium
1972,18.563219,73.701059,Hinjewadi IT Park Road,Minor,2025-04-05,17:00,2025-04-05 17:00:00,Fog,Car,high
1973,18.686049,73.966614,Viman Nagar Road,Severe,2024-02-03,17:00,2024-02-03 17:00:00,Rain,Auto,medium
1974,18.546915,73.977374,Hadapsar Bypass,Minor,2025-01-05,12:00,2025-01-05 12:00:00,Rain,Car,high
1975,18.434166,73.725291,Kothrud Road,Minor,2022-07-22,02:00,2022-07-22 02:00:00,Fog,Bus,medium
1976,18.64195,73.727828,Hinjewadi IT Park Road,Minor,2024-08-12,15:00,2024-08-12 15:00:00,Clear,Auto,high
1977,18.672323,73.986413,Viman Nagar Road,Minor,2025-01-28,17:00,2025-01-28 17:00:00,Fog,Auto,medium
1978,18.523341,73.88529,Koregaon Park Road,Minor,2024-06-13,16:00,2024-06-13 16:00:00,Clear,Bus,low
1979,18.530286,73.830864,Shivajinagar Road,Minor,2024-08-13,09:00,2024-08-13 09:00:00,Clear,Truck,medium
1980,18.511755,73.932646,Hadapsar Bypass,Minor,2024-06-03,13:00,2024-06-03 13:00:00,Rain,Truck,high
1981,18.565331,73.792413,Baner Road,Severe,2022-10-12,00:00,2022-10-12 00:00:00,Clear,Bike,medium
1982,18.579158,73.996661,Viman Nagar Road,Minor,2024-09-25,11:00,2024-09-25 11:00:00,Clear,Bus,medium
1983,18.699109,73.894216,Pimpri-Chinchwad Link,Minor,2023-03-29,14:00,2023-03-29 14:00:00,Fog,Truck,high
1984,18.449863,73.702853,Kothrud Road,Fatal,2024-01-06,09:00,2024-01-06 09:00:00,Fog,Car,medium
1985,18.626366,73.969451,Viman Nagar Road,Minor,2024-04-23,14:00,2024-04-23 14:00:00,Clear,Car,medium
1986,18.657169,73.84383,Pimpri-Chinchwad Link,Severe,2024-10-30,04:00,2024-10-30 04:00:00,Clear,Bus,high
1987,18.440847,73.847954,Deccan Road,Severe,2024-12-20,16:00,2024-12-20 16:00:00,Rain,Car,low
1988,18.448145,73.958878,Hadapsar Bypass,Fatal,2022-06-19,04:00,2022-06-19 04:00:00,Clear,Car,high
1989,18.556057,73.942532,Viman Nagar Road,Severe,2022-12-05,08:00,2022-12-05 08:00:00,Rain,Bus,medium
1990,18.644689,73.990693,Viman Nagar Road,Minor,2024-12-15,03:00,2024-12-15 03:00:00,Fog,Truck,medium
1991,18.551691,73.969883,Viman Nagar Road,Minor,2023-04-19,18:00,2023-04-19 18:00:00,Fog,Auto,medium
1992,18.658427,73.775601,Pimpri-Chinchwad Link,Minor,2024-10-19,07:00,2024-10-19 07:00:00,Clear,Car,high
1993,18.548533,73.707275,Hinjewadi IT Park Road,Minor,2022-12-13,11:00,2022-12-13 11:00:00,Clear,Car,high
1994,18.688208,73.91407,Pimpri-Chinchwad Link,Minor,2022-10-24,03:00,2022-10-24 03:00:00,Fog,Bus,high
1995,18.485191,73.951903,Hadapsar Bypass,Minor,2024-09-20,02:00,2024-09-20 02:00:00,Rain,Auto,high
1996,18.529342,73.840607,Shivajinagar Road,Minor,2023-01-10,03:00,2023-01-10 03:00:00,Fog,Bus,medium
1997,18.673768,73.764746,Pimpri-Chinchwad Link,Fatal,2024-11-21,23:00,2024-11-21 23:00:00,Rain,Bus,high
1998,18.43968,73.741387,Kothrud Road,Minor,2024-02-17,19:00,2024-02-17 19:00:00,Fog,Bike,medium
1999,18.527329,73.871345,Shivajinagar Road,Fatal,2023-08-21,02:00,2023-08-21 02:00:00,Clear,Auto,medium
2000,18.696752,73.95285,Viman Nagar Road,Minor,2023-06-12,23:00,2023-06-12 23:00:00,Clear,Bus,medium
2001,18.567217,73.776904,Baner Road,Minor,2023-11-17,07:00,2023-11-17 07:00:00,Rain,Bike,medium
2002,18.556423,73.954367,Viman Nagar Road,Severe,2022-06-26,23:00,2022-06-26 23:00:00,Clear,Bike,medium
2003,18.567097,73.796799,Baner Road,Minor,2023-02-13,14:00,2023-02-13 14:00:00,Fog,Bus,medium
2004,18.655931,73.802159,Pimpri-Chinchwad Link,Minor,2023-07-08,19:00,2023-07-08 19:00:00,Fog,Bike,high
2005,18.411242,73.852324,Kothrud Road,Minor,2024-04-10,17:00,2024-04-10 17:00:00,Fog,Bus,medium
2006,18.594261,73.946578,Viman Nagar Road,Fatal,2024-11-21,02:00,2024-11-21 02:00:00,Fog,Bus,medium
2007,18.671963,73.907496,Pimpri-Chinchwad Link,Minor,2025-01-07,19:00,2025-01-07 19:00:00,Fog,Bus,high
2008,18.561173,73.759014,Baner Road,Fatal,2023-12-09,07:00,2023-12-09 07:00:00,Rain,Bike,medium
2009,18.428903,73.930843,Hadapsar Bypass,Severe,2024-05-07,08:00,2024-05-07 08:00:00,Fog,Auto,high
2010,18.694557,73.897745,Pimpri-Chinchwad Link,Minor,2023-11-27,09:00,2023-11-27 09:00:00,Clear,Bus,high
2011,18.506367,73.814935,Kothrud Road,Minor,2023-10-14,10:00,2023-10-14 10:00:00,Clear,Bus,medium
2012,18.664792,73.784561,Pimpri-Chinchwad Link,Minor,2025-01-03,04:00,2025-01-03 04:00:00,Fog,Truck,high
2013,18.526982,73.782715,Kothrud Road,Severe,2023-12-13,22:00,2023-12-13 22:00:00,Rain,Auto,medium
2014,18.614451,73.74067,Hinjewadi IT Park Road,Severe,2022-09-04,07:00,2022-09-04 07:00:00,Rain,Bus,high
2015,18.493615,73.787164,Kothrud Road,Minor,2024-10-22,18:00,2024-10-22 18:00:00,Clear,Truck,medium
2016,18.420354,73.808553,Kothrud Road,Severe,2024-01-02,20:00,2024-01-02 20:00:00,Fog,Auto,medium
2017,18.528978,73.963622,Hadapsar Bypass,Minor,2023-11-22,09:00,2023-11-22 09:00:00,Fog,Bike,high
2018,18.505214,73.764713,Kothrud Road,Severe,2023-01-26,07:00,2023-01-26 07:00:00,Rain,Bike,medium
2019,18.626494,73.998979,Viman Nagar Road,Severe,2023-07-27,06:00,2023-07-27 06:00:00,Rain,Bike,medium
2020,18.505808,73.781354,Kothrud Road,Severe,2025-03-08,19:00,2025-03-08 19:00:00,Clear,Truck,medium
2021,18.415953,73.851952,Kothrud Road,Minor,2022-08-12,17:00,2022-08-12 17:00:00,Clear,Bike,medium
2022,18.430562,73.922705,Hadapsar Bypass,Severe,2022-04-13,08:00,2022-04-13 08:00:00,Clear,Auto,high
2023,18.554206,73.977664,Viman Nagar Road,Minor,2022-12-16,08:00,2022-12-16 08:00:00,Rain,Bus,medium
2024,18.592971,73.946514,Viman Nagar Road,Fatal,2023-01-27,07:00,2023-01-27 07:00:00,Fog,Car,medium
2025,18.533303,73.962821,Hadapsar Bypass,Minor,2023-02-09,03:00,2023-02-09 03:00:00,Fog,Auto,high
2026,18.656791,73.88423,Pimpri-Chinchwad Link,Minor,2022-02-20,05:00,2022-02-20 05:00:00,Fog,Bike,high
2027,18.421988,73.761423,Kothrud Road,Severe,2023-04-14,01:00,2023-04-14 01:00:00,Clear,Car,medium
2028,18.533144,73.700607,Hinjewadi IT Park Road,Minor,2024-07-12,10:00,2024-07-12 10:00:00,Rain,Bike,high
2029,18.698209,73.771393,Pimpri-Chinchwad Link,Severe,2022-08-21,13:00,2022-08-21 13:00:00,Fog,Bike,high
2030,18.603316,73.797349,Pimpri-Chinchwad Link,Minor,2023-01-26,15:00,2023-01-26 15:00:00,Fog,Truck,high
2031,18.682235,73.899897,Pimpri-Chinchwad Link,Fatal,2024-06-27,12:00,2024-06-27 12:00:00,Fog,Bike,high
2032,18.575957,73.805321,Baner Road,Minor,2023-03-06,11:00,2023-03-06 11:00:00,Rain,Car,medium
2033,18.570909,73.78901,Baner Road,Fatal,2023-02-06,06:00,2023-02-06 06:00:00,Clear,Truck,medium
2034,18.453047,73.863015,Deccan Road,Minor,2023-04-01,21:00,2023-04-01 21:00:00,Rain,Truck,low
2035,18.569057,73.709002,Hinjewadi IT Park Road,Minor,2023-07-19,00:00,2023-07-19 00:00:00,Clear,Auto,high
2036,18.445466,73.919835,Hadapsar Bypass,Minor,2023-05-26,09:00,2023-05-26 09:00:00,Clear,Truck,high
2037,18.479713,73.964094,Hadapsar Bypass,Minor,2022-08-16,16:00,2022-08-16 16:00:00,Rain,Auto,high
2038,18.679655,73.971601,Viman Nagar Road,Fatal,2024-01-21,07:00,2024-01-21 07:00:00,Clear,Bike,medium
2039,18.665439,73.91723,Viman Nagar Road,Minor,2023-06-30,10:00,2023-06-30 10:00:00,Fog,Car,medium
2040,18.506054,73.735719,Kothrud Road,Minor,2023-02-09,21:00,2023-02-09 21:00:00,Clear,Bike,medium
2041,18.452015,73.704296,Kothrud Road,Fatal,2023-04-14,17:00,2023-04-14 17:00:00,Rain,Auto,medium
2042,18.53534,73.732802,Baner Road,Minor,2024-12-17,15:00,2024-12-17 15:00:00,Rain,Bus,medium
2043,18.486702,73.996567,Hadapsar Bypass,Minor,2023-05-29,07:00,2023-05-29 07:00:00,Clear,Car,high
2044,18.63451,73.703684,Hinjewadi IT Park Road,Minor,2023-06-25,12:00,2023-06-25 12:00:00,Fog,Auto,high
2045,18.638886,73.732286,Hinjewadi IT Park Road,Severe,2023-03-22,11:00,2023-03-22 11:00:00,Rain,Auto,high
2046,18.460352,73.964651,Hadapsar Bypass,Minor,2023-05-23,15:00,2023-05-23 15:00:00,Rain,Bus,high
2047,18.614685,73.885952,Viman Nagar Road,Minor,2023-02-20,04:00,2023-02-20 04:00:00,Fog,Car,medium
2048,18.609641,73.755727,Wakad Highway,Fatal,2023-10-02,17:00,2023-10-02 17:00:00,Fog,Auto,high
2049,18.442103,73.823901,Kothrud Road,Severe,2022-08-08,08:00,2022-08-08 08:00:00,Clear,Truck,medium
2050,18.660562,73.709982,Hinjewadi IT Park Road,Severe,2023-09-27,01:00,2023-09-27 01:00:00,Rain,Bike,high
2051,18.613606,73.893162,Viman Nagar Road,Minor,2024-08-15,06:00,2024-08-15 06:00:00,Fog,Truck,medium
2052,18.68558,73.748893,Pimpri-Chinchwad Link,Minor,2023-11-23,01:00,2023-11-23 01:00:00,Clear,Bus,high
2053,18.649116,73.818041,Pimpri-Chinchwad Link,Minor,2024-07-26,13:00,2024-07-26 13:00:00,Fog,Auto,high
2054,18.492824,73.863601,Deccan Road,Severe,2022-12-20,06:00,2022-12-20 06:00:00,Rain,Car,low
2055,18.508556,73.905159,Hadapsar Bypass,Severe,2022-08-01,04:00,2022-08-01 04:00:00,Clear,Truck,high
2056,18.685396,73.858298,Pimpri-Chinchwad Link,Minor,2022-10-22,21:00,2022-10-22 21:00:00,Clear,Auto,high
2057,18.462119,73.835299,Kothrud Road,Severe,2022-04-02,17:00,2022-04-02 17:00:00,Fog,Car,medium
2058,18.668844,73.79891,Pimpri-Chinchwad Link,Minor,2025-02-12,19:00,2025-02-12 19:00:00,Fog,Car,high
2059,18.506185,73.745189,Kothrud Road,Severe,2022-12-02,03:00,2022-12-02 03:00:00,Fog,Truck,medium
2060,18.550505,73.8729,Koregaon Park Road,Minor,2022-05-30,02:00,2022-05-30 02:00:00,Clear,Bike,low
2061,18.605137,73.911033,Viman Nagar Road,Severe,2023-03-20,19:00,2023-03-20 19:00:00,Clear,Truck,medium
2062,18.51982,73.925605,Hadapsar Bypass,Minor,2024-09-03,20:00,2024-09-03 20:00:00,Clear,Auto,high
2063,18.495222,73.864356,Deccan Road,Fatal,2022-12-27,14:00,2022-12-27 14:00:00,Clear,Truck,low
2064,18.617071,73.944351,Viman Nagar Road,Fatal,2024-11-19,03:00,2024-11-19 03:00:00,Clear,Bike,medium
2065,18.5587,73.770462,Baner Road,Minor,2023-04-13,02:00,2023-04-13 02:00:00,Clear,Auto,medium
2066,18.685764,73.870142,Pimpri-Chinchwad Link,Minor,2024-01-30,08:00,2024-01-30 08:00:00,Fog,Car,high
2067,18.41458,73.869654,Deccan Road,Severe,2022-11-01,00:00,2022-11-01 00:00:00,Rain,Bike,low
2068,18.471605,73.746814,Kothrud Road,Minor,2024-12-24,02:00,2024-12-24 02:00:00,Fog,Auto,medium
2069,18.520706,73.739431,Baner Road,Fatal,2022-05-06,07:00,2022-05-06 07:00:00,Clear,Bike,medium
2070,18.5111,73.821686,Kothrud Road,Minor,2023-09-29,16:00,2023-09-29 16:00:00,Fog,Bus,medium
2071,18.574957,73.928373,Viman Nagar Road,Minor,2022-09-24,07:00,2022-09-24 07:00:00,Fog,Car,medium
2072,18.470608,73.866842,Deccan Road,Fatal,2023-08-17,23:00,2023-08-17 23:00:00,Rain,Auto,low
2073,18.57992,73.876061,Viman Nagar Road,Fatal,2024-11-26,18:00,2024-11-26 18:00:00,Rain,Car,medium
2074,18.553995,73.712118,Hinjewadi IT Park Road,Severe,2022-12-16,12:00,2022-12-16 12:00:00,Rain,Truck,high
2075,18.507441,73.76849,Kothrud Road,Minor,2024-05-15,23:00,2024-05-15 23:00:00,Fog,Bus,medium
2076,18.639759,73.756852,Wakad Highway,Fatal,2023-01-20,06:00,2023-01-20 06:00:00,Fog,Car,high
2077,18.484324,73.947663,Hadapsar Bypass,Severe,2023-06-05,16:00,2023-06-05 16:00:00,Rain,Auto,high
2078,18.617926,73.936145,Viman Nagar Road,Fatal,2024-10-05,16:00,2024-10-05 16:00:00,Clear,Bike,medium
2079,18.578815,73.707397,Hinjewadi IT Park Road,Minor,2024-01-19,13:00,2024-01-19 13:00:00,Rain,Bus,high
2080,18.537998,73.817089,Shivajinagar Road,Severe,2022-07-16,20:00,2022-07-16 20:00:00,Clear,Truck,medium
2081,18.540711,73.746921,Baner Road,Fatal,2024-02-17,01:00,2024-02-17 01:00:00,Clear,Auto,medium
2082,18.684737,73.721999,Hinjewadi IT Park Road,Minor,2025-03-02,20:00,2025-03-02 20:00:00,Rain,Car,high
2083,18.497135,73.758863,Kothrud Road,Severe,2024-01-24,22:00,2024-01-24 22:00:00,Clear,Bus,medium
2084,18.59792,73.759447,Wakad Highway,Minor,2024-05-30,11:00,2024-05-30 11:00:00,Fog,Car,high
2085,18.617107,73.977568,Viman Nagar Road,Minor,2023-06-07,06:00,2023-06-07 06:00:00,Rain,Truck,medium
2086,18.477803,73.958097,Hadapsar Bypass,Fatal,2025-02-24,08:00,2025-02-24 08:00:00,Rain,Truck,high
2087,18.4564,73.894422,Hadapsar Bypass,Minor,2022-12-24,19:00,2022-12-24 19:00:00,Fog,Car,high
2088,18.514701,73.977401,Hadapsar Bypass,Minor,2023-03-18,20:00,2023-03-18 20:00:00,Fog,Bike,high
2089,18.685632,73.821755,Pimpri-Chinchwad Link,Severe,2025-01-29,13:00,2025-01-29 13:00:00,Clear,Bus,high
2090,18.572968,73.802281,Baner Road,Fatal,2023-02-02,14:00,2023-02-02 14:00:00,Fog,Auto,medium
2091,18.498237,73.961501,Hadapsar Bypass,Severe,2022-04-05,01:00,2022-04-05 01:00:00,Clear,Car,high
2092,18.553455,73.785282,Baner Road,Fatal,2022-05-07,03:00,2022-05-07 03:00:00,Clear,Bike,medium
2093,18.584548,73.855167,Shivajinagar Road,Severe,2022-10-21,21:00,2022-10-21 21:00:00,Fog,Auto,medium
2094,18.546055,73.939192,Viman Nagar Road,Fatal,2024-02-10,22:00,2024-02-10 22:00:00,Clear,Car,medium
2095,18.624523,73.836062,Pimpri-Chinchwad Link,Minor,2025-03-03,00:00,2025-03-03 00:00:00,Rain,Auto,high
2096,18.628403,73.725846,Hinjewadi IT Park Road,Minor,2023-04-15,16:00,2023-04-15 16:00:00,Rain,Bus,high
2097,18.56452,73.994217,Viman Nagar Road,Fatal,2022-07-23,02:00,2022-07-23 02:00:00,Clear,Car,medium
2098,18.528125,73.903472,Koregaon Park Road,Minor,2022-02-10,11:00,2022-02-10 11:00:00,Fog,Car,low
2099,18.496938,73.743091,Kothrud Road,Minor,2022-12-01,17:00,2022-12-01 17:00:00,Fog,Bus,medium
2100,18.669758,73.759353,Pimpri-Chinchwad Link,Minor,2023-12-10,17:00,2023-12-10 17:00:00,Fog,Auto,high
2101,18.473016,73.9194,Hadapsar Bypass,Minor,2024-08-02,19:00,2024-08-02 19:00:00,Rain,Car,high
2102,18.579858,73.717915,Hinjewadi IT Park Road,Severe,2022-09-04,15:00,2022-09-04 15:00:00,Fog,Bus,high
2103,18.625524,73.721466,Hinjewadi IT Park Road,Minor,2024-01-24,11:00,2024-01-24 11:00:00,Fog,Truck,high
2104,18.628813,73.760983,Wakad Highway,Minor,2024-03-09,02:00,2024-03-09 02:00:00,Fog,Bike,high
2105,18.690331,73.963191,Viman Nagar Road,Minor,2024-11-09,17:00,2024-11-09 17:00:00,Fog,Bus,medium
2106,18.521036,73.87973,Koregaon Park Road,Minor,2023-01-18,14:00,2023-01-18 14:00:00,Fog,Truck,low
2107,18.678175,73.868538,Pimpri-Chinchwad Link,Minor,2022-09-27,08:00,2022-09-27 08:00:00,Rain,Truck,high
2108,18.407486,73.941228,Hadapsar Bypass,Fatal,2023-01-05,15:00,2023-01-05 15:00:00,Rain,Bike,high
2109,18.617345,73.947853,Viman Nagar Road,Fatal,2024-05-13,23:00,2024-05-13 23:00:00,Clear,Bike,medium
2110,18.661275,73.907919,Viman Nagar Road,Minor,2024-07-15,05:00,2024-07-15 05:00:00,Fog,Auto,medium
2111,18.529766,73.876762,Koregaon Park Road,Minor,2023-07-19,01:00,2023-07-19 01:00:00,Clear,Bike,low
2112,18.583396,73.705273,Hinjewadi IT Park Road,Severe,2022-05-31,23:00,2022-05-31 23:00:00,Clear,Bus,high
2113,18.630385,73.793132,Pimpri-Chinchwad Link,Minor,2023-04-14,01:00,2023-04-14 01:00:00,Fog,Bus,high
2114,18.407495,73.896164,Hadapsar Bypass,Minor,2023-08-05,22:00,2023-08-05 22:00:00,Rain,Auto,high
2115,18.523712,73.713274,Hinjewadi IT Park Road,Minor,2022-07-14,02:00,2022-07-14 02:00:00,Fog,Truck,high
2116,18.5732,73.73773,Hinjewadi IT Park Road,Minor,2023-09-27,05:00,2023-09-27 05:00:00,Rain,Truck,high
2117,18.591319,73.837126,Pimpri-Chinchwad Link,Fatal,2025-01-10,16:00,2025-01-10 16:00:00,Rain,Truck,high
2118,18.692578,73.77419,Pimpri-Chinchwad Link,Severe,2023-09-23,22:00,2023-09-23 22:00:00,Fog,Car,high
2119,18.613602,73.767978,Wakad Highway,Minor,2022-04-04,03:00,2022-04-04 03:00:00,Clear,Truck,high
2120,18.602502,73.938816,Viman Nagar Road,Severe,2023-12-06,20:00,2023-12-06 20:00:00,Rain,Car,medium
2121,18.471159,73.922731,Hadapsar Bypass,Minor,2025-04-11,10:00,2025-04-11 10:00:00,Clear,Car,high
2122,18.61861,73.873278,Pimpri-Chinchwad Link,Minor,2024-02-07,00:00,2024-02-07 00:00:00,Fog,Bus,high
2123,18.417855,73.749477,Kothrud Road,Minor,2024-10-30,00:00,2024-10-30 00:00:00,Clear,Bike,medium
2124,18.655754,73.779491,Pimpri-Chinchwad Link,Minor,2025-02-18,16:00,2025-02-18 16:00:00,Rain,Car,high
2125,18.510145,73.725292,Baner Road,Severe,2022-11-17,08:00,2022-11-17 08:00:00,Rain,Bike,medium
2126,18.494818,73.817231,Kothrud Road,Fatal,2024-02-21,06:00,2024-02-21 06:00:00,Clear,Car,medium
2127,18.460791,73.744384,Kothrud Road,Fatal,2023-04-06,00:00,2023-04-06 00:00:00,Clear,Auto,medium
2128,18.550509,73.932758,Viman Nagar Road,Minor,2023-09-20,19:00,2023-09-20 19:00:00,Rain,Bus,medium
2129,18.405486,73.842935,Kothrud Road,Fatal,2022-06-23,14:00,2022-06-23 14:00:00,Rain,Bike,medium
2130,18.544922,73.802023,Baner Road,Minor,2023-12-24,13:00,2023-12-24 13:00:00,Clear,Truck,medium
2131,18.564763,73.928902,Viman Nagar Road,Severe,2025-04-11,22:00,2025-04-11 22:00:00,Clear,Truck,medium
2132,18.490081,73.8631,Deccan Road,Minor,2022-09-07,00:00,2022-09-07 00:00:00,Clear,Auto,low
2133,18.667652,73.980006,Viman Nagar Road,Minor,2022-09-09,05:00,2022-09-09 05:00:00,Clear,Bike,medium
2134,18.417124,73.790663,Kothrud Road,Minor,2023-03-01,11:00,2023-03-01 11:00:00,Rain,Car,medium
2135,18.586153,73.700405,Hinjewadi IT Park Road,Minor,2022-06-29,06:00,2022-06-29 06:00:00,Rain,Bike,high
2136,18.694753,73.989846,Viman Nagar Road,Severe,2022-09-09,21:00,2022-09-09 21:00:00,Fog,Bike,medium
2137,18.488368,73.842427,Deccan Road,Minor,2022-08-17,07:00,2022-08-17 07:00:00,Rain,Bus,low
2138,18.537069,73.913088,Koregaon Park Road,Minor,2025-03-23,07:00,2025-03-23 07:00:00,Clear,Truck,low
2139,18.553084,73.99959,Viman Nagar Road,Fatal,2023-01-17,21:00,2023-01-17 21:00:00,Rain,Bus,medium
2140,18.664877,73.748045,Wakad Highway,Severe,2023-04-01,12:00,2023-04-01 12:00:00,Rain,Bus,high
2141,18.63933,73.742017,Wakad Highway,Minor,2024-04-05,12:00,2024-04-05 12:00:00,Clear,Truck,high
2142,18.601422,73.910995,Viman Nagar Road,Minor,2022-10-04,15:00,2022-10-04 15:00:00,Rain,Bus,medium
2143,18.59047,73.95351,Viman Nagar Road,Minor,2025-01-20,12:00,2025-01-20 12:00:00,Rain,Car,medium
2144,18.429132,73.972819,Hadapsar Bypass,Minor,2022-10-09,19:00,2022-10-09 19:00:00,Fog,Bike,high
2145,18.486136,73.88732,Hadapsar Bypass,Minor,2023-04-30,02:00,2023-04-30 02:00:00,Rain,Truck,high
2146,18.564434,73.987147,Viman Nagar Road,Minor,2024-12-04,06:00,2024-12-04 06:00:00,Clear,Bus,medium
2147,18.598335,73.742121,Hinjewadi IT Park Road,Fatal,2024-11-27,05:00,2024-11-27 05:00:00,Rain,Truck,high
2148,18.520596,73.755874,Baner Road,Fatal,2024-04-02,12:00,2024-04-02 12:00:00,Clear,Car,medium
2149,18.407149,73.973854,Hadapsar Bypass,Minor,2022-09-22,06:00,2022-09-22 06:00:00,Fog,Car,high
2150,18.559706,73.92158,Viman Nagar Road,Minor,2024-06-01,10:00,2024-06-01 10:00:00,Clear,Auto,medium
2151,18.498603,73.895506,Hadapsar Bypass,Severe,2025-03-01,05:00,2025-03-01 05:00:00,Fog,Bike,high
2152,18.58336,73.742008,Hinjewadi IT Park Road,Minor,2024-10-08,00:00,2024-10-08 00:00:00,Clear,Car,high
2153,18.452247,73.932554,Hadapsar Bypass,Severe,2023-02-13,05:00,2023-02-13 05:00:00,Clear,Bus,high
2154,18.40053,73.771755,Kothrud Road,Minor,2023-06-05,01:00,2023-06-05 01:00:00,Clear,Car,medium
2155,18.503689,73.983223,Hadapsar Bypass,Fatal,2025-02-11,18:00,2025-02-11 18:00:00,Clear,Bus,high
2156,18.460711,73.951892,Hadapsar Bypass,Minor,2023-02-14,18:00,2023-02-14 18:00:00,Rain,Auto,high
2157,18.429281,73.909719,Hadapsar Bypass,Minor,2024-11-23,08:00,2024-11-23 08:00:00,Rain,Bus,high
2158,18.552645,73.849482,Shivajinagar Road,Minor,2024-12-27,18:00,2024-12-27 18:00:00,Clear,Auto,medium
2159,18.690899,73.947426,Viman Nagar Road,Minor,2024-12-08,23:00,2024-12-08 23:00:00,Fog,Truck,medium
2160,18.638393,73.949432,Viman Nagar Road,Minor,2024-09-27,03:00,2024-09-27 03:00:00,Rain,Bike,medium
2161,18.631251,73.728446,Hinjewadi IT Park Road,Minor,2022-02-23,08:00,2022-02-23 08:00:00,Rain,Truck,high
2162,18.450135,73.955434,Hadapsar Bypass,Severe,2023-09-13,03:00,2023-09-13 03:00:00,Rain,Bus,high
2163,18.547283,73.934091,Viman Nagar Road,Severe,2023-01-22,19:00,2023-01-22 19:00:00,Rain,Bus,medium
2164,18.414041,73.892668,Hadapsar Bypass,Minor,2023-02-12,23:00,2023-02-12 23:00:00,Clear,Truck,high
2165,18.555347,73.906353,Viman Nagar Road,Minor,2024-03-02,07:00,2024-03-02 07:00:00,Fog,Auto,medium
2166,18.517238,73.870282,Shivajinagar Road,Severe,2022-09-09,15:00,2022-09-09 15:00:00,Clear,Car,medium
2167,18.698102,73.971843,Viman Nagar Road,Fatal,2022-06-30,03:00,2022-06-30 03:00:00,Rain,Car,medium
2168,18.524354,73.749791,Baner Road,Minor,2024-09-15,00:00,2024-09-15 00:00:00,Rain,Bus,medium
2169,18.505018,73.784486,Kothrud Road,Severe,2025-02-27,23:00,2025-02-27 23:00:00,Fog,Bus,medium
2170,18.624367,73.796953,Pimpri-Chinchwad Link,Fatal,2023-06-30,20:00,2023-06-30 20:00:00,Fog,Auto,high
2171,18.68253,73.714525,Hinjewadi IT Park Road,Minor,2024-10-27,11:00,2024-10-27 11:00:00,Fog,Truck,high
2172,18.667111,73.889438,Pimpri-Chinchwad Link,Minor,2025-02-02,17:00,2025-02-02 17:00:00,Clear,Auto,high
2173,18.595755,73.983763,Viman Nagar Road,Severe,2024-10-09,21:00,2024-10-09 21:00:00,Clear,Car,medium
2174,18.443973,73.888127,Hadapsar Bypass,Minor,2023-12-06,19:00,2023-12-06 19:00:00,Fog,Bus,high
2175,18.445923,73.991916,Hadapsar Bypass,Severe,2024-05-27,17:00,2024-05-27 17:00:00,Rain,Bike,high
2176,18.591206,73.888446,Viman Nagar Road,Severe,2024-03-17,16:00,2024-03-17 16:00:00,Rain,Auto,medium
2177,18.48811,73.946109,Hadapsar Bypass,Minor,2024-05-24,14:00,2024-05-24 14:00:00,Rain,Bus,high
2178,18.593203,73.838803,Pimpri-Chinchwad Link,Minor,2025-03-24,21:00,2025-03-24 21:00:00,Clear,Bus,high
2179,18.626192,73.851481,Pimpri-Chinchwad Link,Severe,2024-11-04,03:00,2024-11-04 03:00:00,Clear,Truck,high
2180,18.492484,73.884619,Hadapsar Bypass,Severe,2023-08-17,07:00,2023-08-17 07:00:00,Rain,Auto,high
2181,18.679664,73.956292,Viman Nagar Road,Minor,2024-12-11,09:00,2024-12-11 09:00:00,Clear,Car,medium
2182,18.666901,73.985022,Viman Nagar Road,Severe,2024-07-25,14:00,2024-07-25 14:00:00,Fog,Bike,medium
2183,18.699306,73.969279,Viman Nagar Road,Severe,2023-04-13,12:00,2023-04-13 12:00:00,Clear,Car,medium
2184,18.461212,73.964394,Hadapsar Bypass,Severe,2023-10-01,12:00,2023-10-01 12:00:00,Fog,Auto,high
2185,18.620545,73.9221,Viman Nagar Road,Fatal,2023-06-14,15:00,2023-06-14 15:00:00,Fog,Car,medium
2186,18.466367,73.779159,Kothrud Road,Fatal,2024-05-09,11:00,2024-05-09 11:00:00,Rain,Auto,medium
2187,18.572566,73.804051,Baner Road,Minor,2024-03-16,19:00,2024-03-16 19:00:00,Fog,Bus,medium
2188,18.490509,73.811887,Kothrud Road,Minor,2022-07-10,11:00,2022-07-10 11:00:00,Fog,Bus,medium
2189,18.464245,73.970143,Hadapsar Bypass,Minor,2024-02-07,20:00,2024-02-07 20:00:00,Rain,Auto,high
2190,18.59358,73.756626,Wakad Highway,Fatal,2024-09-14,05:00,2024-09-14 05:00:00,Fog,Car,high
2191,18.458209,73.830308,Kothrud Road,Fatal,2022-04-28,06:00,2022-04-28 06:00:00,Rain,Bike,medium
2192,18.60557,73.819336,Pimpri-Chinchwad Link,Minor,2022-11-03,12:00,2022-11-03 12:00:00,Clear,Auto,high
2193,18.437864,73.738979,Kothrud Road,Severe,2023-04-24,01:00,2023-04-24 01:00:00,Rain,Bus,medium
2194,18.478279,73.954566,Hadapsar Bypass,Fatal,2024-01-12,19:00,2024-01-12 19:00:00,Clear,Auto,high
2195,18.586205,73.885952,Viman Nagar Road,Severe,2023-10-15,21:00,2023-10-15 21:00:00,Clear,Bus,medium
2196,18.532927,73.911314,Koregaon Park Road,Severe,2024-06-05,09:00,2024-06-05 09:00:00,Clear,Auto,low
2197,18.610824,73.943473,Viman Nagar Road,Fatal,2022-02-22,04:00,2022-02-22 04:00:00,Fog,Truck,medium
2198,18.413731,73.734076,Kothrud Road,Minor,2022-03-03,02:00,2022-03-03 02:00:00,Clear,Auto,medium
2199,18.431742,73.906743,Hadapsar Bypass,Minor,2024-04-04,16:00,2024-04-04 16:00:00,Clear,Car,high
2200,18.569117,73.893537,Viman Nagar Road,Minor,2024-12-15,01:00,2024-12-15 01:00:00,Clear,Auto,medium
2201,18.688503,73.723319,Wakad Highway,Minor,2024-06-30,20:00,2024-06-30 20:00:00,Fog,Car,high
2202,18.415886,73.812896,Kothrud Road,Minor,2023-11-29,06:00,2023-11-29 06:00:00,Clear,Truck,medium
2203,18.55192,73.729286,Hinjewadi IT Park Road,Minor,2024-03-19,10:00,2024-03-19 10:00:00,Rain,Car,high
2204,18.67344,73.829634,Pimpri-Chinchwad Link,Minor,2025-03-16,02:00,2025-03-16 02:00:00,Fog,Car,high
2205,18.636023,73.969027,Viman Nagar Road,Minor,2023-05-05,14:00,2023-05-05 14:00:00,Clear,Auto,medium
2206,18.635735,73.7612,Wakad Highway,Severe,2023-04-17,05:00,2023-04-17 05:00:00,Fog,Auto,high
2207,18.612186,73.944538,Viman Nagar Road,Minor,2025-01-18,03:00,2025-01-18 03:00:00,Rain,Bus,medium
2208,18.446385,73.765331,Kothrud Road,Severe,2022-11-02,23:00,2022-11-02 23:00:00,Clear,Car,medium
2209,18.477742,73.729136,Kothrud Road,Fatal,2023-06-27,11:00,2023-06-27 11:00:00,Clear,Bus,medium
2210,18.437333,73.781004,Kothrud Road,Fatal,2023-08-13,12:00,2023-08-13 12:00:00,Fog,Car,medium
2211,18.43935,73.805147,Kothrud Road,Fatal,2023-05-14,14:00,2023-05-14 14:00:00,Clear,Truck,medium
2212,18.597783,73.843434,Pimpri-Chinchwad Link,Minor,2022-07-17,17:00,2022-07-17 17:00:00,Clear,Bike,high
2213,18.579952,73.933045,Viman Nagar Road,Severe,2025-02-08,02:00,2025-02-08 02:00:00,Rain,Bike,medium
2214,18.454791,73.962046,Hadapsar Bypass,Severe,2024-01-16,01:00,2024-01-16 01:00:00,Rain,Truck,high
2215,18.490226,73.888281,Hadapsar Bypass,Minor,2023-04-01,16:00,2023-04-01 16:00:00,Clear,Bike,high
2216,18.477828,73.99197,Hadapsar Bypass,Minor,2025-04-10,06:00,2025-04-10 06:00:00,Rain,Auto,high
2217,18.455032,73.70995,Kothrud Road,Severe,2024-12-18,03:00,2024-12-18 03:00:00,Rain,Auto,medium
2218,18.684995,73.76101,Pimpri-Chinchwad Link,Minor,2025-01-20,03:00,2025-01-20 03:00:00,Rain,Bike,high
2219,18.629375,73.989303,Viman Nagar Road,Severe,2024-03-14,12:00,2024-03-14 12:00:00,Fog,Bike,medium
2220,18.670615,73.755714,Pimpri-Chinchwad Link,Minor,2024-05-27,05:00,2024-05-27 05:00:00,Clear,Bike,high
2221,18.470143,73.90583,Hadapsar Bypass,Severe,2024-08-03,18:00,2024-08-03 18:00:00,Rain,Bike,high
2222,18.66906,73.759517,Pimpri-Chinchwad Link,Severe,2022-11-09,20:00,2022-11-09 20:00:00,Clear,Bus,high
2223,18.667443,73.844506,Pimpri-Chinchwad Link,Minor,2022-12-24,15:00,2022-12-24 15:00:00,Clear,Truck,high
2224,18.69199,73.962831,Viman Nagar Road,Fatal,2025-03-05,02:00,2025-03-05 02:00:00,Clear,Bike,medium
2225,18.616604,73.829925,Pimpri-Chinchwad Link,Fatal,2022-12-31,16:00,2022-12-31 16:00:00,Fog,Auto,high
2226,18.639378,73.747317,Wakad Highway,Fatal,2022-05-11,23:00,2022-05-11 23:00:00,Fog,Car,high
2227,18.540574,73.725926,Hinjewadi IT Park Road,Severe,2022-02-27,21:00,2022-02-27 21:00:00,Fog,Bike,high
2228,18.442452,73.984845,Hadapsar Bypass,Severe,2022-10-04,00:00,2022-10-04 00:00:00,Clear,Bus,high
2229,18.50295,73.702941,Baner Road,Minor,2022-08-14,15:00,2022-08-14 15:00:00,Fog,Bike,medium
2230,18.679944,73.778327,Pimpri-Chinchwad Link,Minor,2023-10-09,16:00,2023-10-09 16:00:00,Rain,Bus,high
2231,18.638564,73.835237,Pimpri-Chinchwad Link,Minor,2024-01-12,02:00,2024-01-12 02:00:00,Clear,Bus,high
2232,18.480609,73.863907,Deccan Road,Minor,2023-06-06,14:00,2023-06-06 14:00:00,Rain,Car,low
2233,18.58768,73.900651,Viman Nagar Road,Minor,2024-07-05,09:00,2024-07-05 09:00:00,Clear,Car,medium
2234,18.664209,73.721993,Hinjewadi IT Park Road,Fatal,2024-03-23,16:00,2024-03-23 16:00:00,Rain,Car,high
2235,18.510604,73.806448,Kothrud Road,Severe,2023-12-31,08:00,2023-12-31 08:00:00,Fog,Car,medium
2236,18.526882,73.984964,Hadapsar Bypass,Severe,2023-03-02,21:00,2023-03-02 21:00:00,Rain,Bus,high
2237,18.468426,73.887974,Hadapsar Bypass,Minor,2022-04-21,02:00,2022-04-21 02:00:00,Rain,Car,high
2238,18.628596,73.76385,Wakad Highway,Severe,2023-02-25,05:00,2023-02-25 05:00:00,Fog,Auto,high
2239,18.553624,73.738129,Hinjewadi IT Park Road,Severe,2023-10-11,03:00,2023-10-11 03:00:00,Rain,Auto,high
2240,18.510009,73.782065,Kothrud Road,Minor,2022-07-29,23:00,2022-07-29 23:00:00,Fog,Bike,medium
2241,18.567933,73.749602,Hinjewadi IT Park Road,Minor,2022-07-10,04:00,2022-07-10 04:00:00,Rain,Car,high
2242,18.527133,73.903879,Koregaon Park Road,Minor,2023-10-04,09:00,2023-10-04 09:00:00,Rain,Bike,low
2243,18.455093,73.943694,Hadapsar Bypass,Minor,2023-02-26,15:00,2023-02-26 15:00:00,Fog,Auto,high
2244,18.466862,73.715172,Kothrud Road,Minor,2023-12-04,19:00,2023-12-04 19:00:00,Clear,Bike,medium
2245,18.65103,73.989651,Viman Nagar Road,Severe,2023-05-24,08:00,2023-05-24 08:00:00,Fog,Auto,medium
2246,18.687713,73.908541,Pimpri-Chinchwad Link,Fatal,2025-01-27,18:00,2025-01-27 18:00:00,Fog,Car,high
2247,18.504072,73.949901,Hadapsar Bypass,Fatal,2024-06-26,20:00,2024-06-26 20:00:00,Rain,Car,high
2248,18.455412,73.709077,Kothrud Road,Minor,2024-09-03,03:00,2024-09-03 03:00:00,Rain,Bus,medium
2249,18.602264,73.99038,Viman Nagar Road,Fatal,2022-12-06,18:00,2022-12-06 18:00:00,Clear,Auto,medium
2250,18.69878,73.755717,Pimpri-Chinchwad Link,Severe,2024-07-23,22:00,2024-07-23 22:00:00,Rain,Bike,high
2251,18.404609,73.812172,Kothrud Road,Severe,2023-12-17,06:00,2023-12-17 06:00:00,Rain,Car,medium
2252,18.699673,73.947116,Viman Nagar Road,Minor,2025-02-21,01:00,2025-02-21 01:00:00,Rain,Auto,medium
2253,18.561958,73.872227,Koregaon Park Road,Severe,2023-02-07,00:00,2023-02-07 00:00:00,Clear,Auto,low
2254,18.428044,73.895404,Hadapsar Bypass,Fatal,2024-02-20,13:00,2024-02-20 13:00:00,Clear,Car,high
2255,18.484517,73.751692,Kothrud Road,Minor,2023-04-07,09:00,2023-04-07 09:00:00,Fog,Bus,medium
2256,18.692681,73.77828,Pimpri-Chinchwad Link,Fatal,2024-11-29,14:00,2024-11-29 14:00:00,Clear,Auto,high
2257,18.639246,73.985354,Viman Nagar Road,Minor,2023-08-15,15:00,2023-08-15 15:00:00,Rain,Truck,medium
2258,18.471542,73.757287,Kothrud Road,Fatal,2024-08-24,21:00,2024-08-24 21:00:00,Clear,Truck,medium
2259,18.698702,73.740187,Pimpri-Chinchwad Link,Fatal,2022-05-13,23:00,2022-05-13 23:00:00,Clear,Auto,high
2260,18.595412,73.965144,Viman Nagar Road,Minor,2022-07-01,01:00,2022-07-01 01:00:00,Fog,Bike,medium
2261,18.665548,73.859526,Pimpri-Chinchwad Link,Fatal,2023-09-06,00:00,2023-09-06 00:00:00,Rain,Car,high
2262,18.694506,73.72174,Wakad Highway,Severe,2022-08-09,06:00,2022-08-09 06:00:00,Rain,Truck,high
2263,18.460794,73.729809,Kothrud Road,Severe,2023-08-18,21:00,2023-08-18 21:00:00,Rain,Truck,medium
2264,18.59411,73.991629,Viman Nagar Road,Minor,2023-11-23,05:00,2023-11-23 05:00:00,Clear,Truck,medium
2265,18.567175,73.998673,Viman Nagar Road,Severe,2022-03-04,07:00,2022-03-04 07:00:00,Rain,Bike,medium
2266,18.646809,73.810894,Pimpri-Chinchwad Link,Minor,2024-07-26,02:00,2024-07-26 02:00:00,Rain,Truck,high
2267,18.547192,73.726019,Hinjewadi IT Park Road,Severe,2024-09-12,22:00,2024-09-12 22:00:00,Fog,Truck,high
2268,18.667248,73.784339,Pimpri-Chinchwad Link,Minor,2022-09-20,03:00,2022-09-20 03:00:00,Clear,Bus,high
2269,18.480182,73.739922,Kothrud Road,Minor,2025-03-13,05:00,2025-03-13 05:00:00,Fog,Auto,medium
2270,18.514142,73.867542,Deccan Road,Minor,2024-05-06,02:00,2024-05-06 02:00:00,Rain,Car,low
2271,18.571176,73.972627,Viman Nagar Road,Severe,2024-03-12,21:00,2024-03-12 21:00:00,Fog,Truck,medium
2272,18.542069,73.753327,Baner Road,Minor,2023-03-15,10:00,2023-03-15 10:00:00,Rain,Truck,medium
2273,18.646597,73.721833,Hinjewadi IT Park Road,Severe,2023-01-23,05:00,2023-01-23 05:00:00,Fog,Bike,high
2274,18.60518,73.793208,Wakad Highway,Minor,2024-10-11,19:00,2024-10-11 19:00:00,Fog,Car,high
2275,18.68039,73.967927,Viman Nagar Road,Minor,2024-10-27,09:00,2024-10-27 09:00:00,Fog,Car,medium
2276,18.618791,73.855711,Pimpri-Chinchwad Link,Severe,2024-11-25,14:00,2024-11-25 14:00:00,Clear,Car,high
2277,18.581233,73.978832,Viman Nagar Road,Fatal,2025-03-02,00:00,2025-03-02 00:00:00,Clear,Auto,medium
2278,18.400933,73.861406,Deccan Road,Severe,2022-10-07,03:00,2022-10-07 03:00:00,Clear,Truck,low
2279,18.63617,73.993188,Viman Nagar Road,Severe,2024-11-12,20:00,2024-11-12 20:00:00,Clear,Car,medium
2280,18.450466,73.835922,Kothrud Road,Minor,2023-09-24,15:00,2023-09-24 15:00:00,Clear,Car,medium
2281,18.620105,73.823122,Pimpri-Chinchwad Link,Fatal,2022-09-09,23:00,2022-09-09 23:00:00,Rain,Bus,high
2282,18.638362,73.784293,Pimpri-Chinchwad Link,Minor,2024-05-13,10:00,2024-05-13 10:00:00,Rain,Auto,high
2283,18.456242,73.863494,Deccan Road,Fatal,2023-11-20,21:00,2023-11-20 21:00:00,Clear,Car,low
2284,18.67527,73.717585,Hinjewadi IT Park Road,Minor,2022-04-02,22:00,2022-04-02 22:00:00,Clear,Bike,high
2285,18.645802,73.753,Wakad Highway,Severe,2023-10-06,05:00,2023-10-06 05:00:00,Fog,Bus,high
2286,18.563893,73.785048,Baner Road,Minor,2023-02-26,18:00,2023-02-26 18:00:00,Rain,Bike,medium
2287,18.62076,73.806484,Pimpri-Chinchwad Link,Fatal,2024-03-08,17:00,2024-03-08 17:00:00,Fog,Bus,high
2288,18.687156,73.879047,Pimpri-Chinchwad Link,Minor,2022-12-24,11:00,2022-12-24 11:00:00,Fog,Car,high
2289,18.604021,73.703142,Hinjewadi IT Park Road,Fatal,2022-01-25,11:00,2022-01-25 11:00:00,Rain,Truck,high
2290,18.587005,73.783475,Wakad Highway,Severe,2022-06-21,02:00,2022-06-21 02:00:00,Rain,Truck,high
2291,18.674237,73.96749,Viman Nagar Road,Minor,2024-04-07,00:00,2024-04-07 00:00:00,Rain,Bike,medium
2292,18.591661,73.790274,Wakad Highway,Fatal,2023-08-31,01:00,2023-08-31 01:00:00,Clear,Auto,high
2293,18.619946,73.843859,Pimpri-Chinchwad Link,Minor,2022-11-01,04:00,2022-11-01 04:00:00,Clear,Truck,high
2294,18.663573,73.922629,Viman Nagar Road,Fatal,2023-02-15,01:00,2023-02-15 01:00:00,Clear,Car,medium
2295,18.612452,73.745915,Wakad Highway,Fatal,2022-04-06,04:00,2022-04-06 04:00:00,Clear,Car,high
2296,18.487697,73.778354,Kothrud Road,Minor,2025-01-31,13:00,2025-01-31 13:00:00,Clear,Bike,medium
2297,18.64107,73.722517,Hinjewadi IT Park Road,Severe,2025-03-23,21:00,2025-03-23 21:00:00,Rain,Truck,high
2298,18.640598,73.7208,Hinjewadi IT Park Road,Severe,2022-09-09,01:00,2022-09-09 01:00:00,Rain,Bike,high
2299,18.548567,73.864122,Shivajinagar Road,Severe,2024-08-09,20:00,2024-08-09 20:00:00,Fog,Auto,medium
2300,18.500381,73.722677,Kothrud Road,Minor,2023-03-01,10:00,2023-03-01 10:00:00,Rain,Bike,medium
2301,18.530543,73.989768,Hadapsar Bypass,Minor,2023-02-23,16:00,2023-02-23 16:00:00,Clear,Car,high
2302,18.493199,73.955334,Hadapsar Bypass,Fatal,2025-04-10,09:00,2025-04-10 09:00:00,Fog,Car,high
2303,18.665138,73.79688,Pimpri-Chinchwad Link,Minor,2022-01-25,08:00,2022-01-25 08:00:00,Clear,Bike,high
2304,18.683511,73.896828,Pimpri-Chinchwad Link,Fatal,2023-12-10,08:00,2023-12-10 08:00:00,Fog,Auto,high
2305,18.462671,73.826721,Kothrud Road,Minor,2024-06-30,07:00,2024-06-30 07:00:00,Rain,Car,medium
2306,18.579521,73.937079,Viman Nagar Road,Minor,2022-04-09,15:00,2022-04-09 15:00:00,Clear,Truck,medium
2307,18.566031,73.955608,Viman Nagar Road,Severe,2023-09-30,09:00,2023-09-30 09:00:00,Rain,Auto,medium
2308,18.675717,73.9727,Viman Nagar Road,Severe,2022-06-03,10:00,2022-06-03 10:00:00,Rain,Bus,medium
2309,18.650221,73.935922,Viman Nagar Road,Severe,2024-01-21,00:00,2024-01-21 00:00:00,Clear,Bus,medium
2310,18.628453,73.896803,Viman Nagar Road,Minor,2024-09-14,17:00,2024-09-14 17:00:00,Rain,Bus,medium
2311,18.699837,73.736717,Pimpri-Chinchwad Link,Minor,2023-04-12,16:00,2023-04-12 16:00:00,Fog,Car,high
2312,18.606075,73.887285,Viman Nagar Road,Severe,2024-11-11,00:00,2024-11-11 00:00:00,Clear,Bike,medium
2313,18.542998,73.720253,Hinjewadi IT Park Road,Severe,2022-07-05,23:00,2022-07-05 23:00:00,Clear,Bike,high
2314,18.404195,73.772643,Kothrud Road,Minor,2022-07-15,02:00,2022-07-15 02:00:00,Fog,Car,medium
2315,18.606039,73.848209,Pimpri-Chinchwad Link,Severe,2024-12-09,18:00,2024-12-09 18:00:00,Fog,Truck,high
2316,18.426034,73.861867,Deccan Road,Minor,2024-05-25,22:00,2024-05-25 22:00:00,Fog,Bus,low
2317,18.46332,73.957396,Hadapsar Bypass,Fatal,2022-10-26,12:00,2022-10-26 12:00:00,Fog,Truck,high
2318,18.585675,73.787276,Wakad Highway,Minor,2024-07-05,09:00,2024-07-05 09:00:00,Rain,Auto,high
2319,18.607094,73.857892,Pimpri-Chinchwad Link,Minor,2022-11-06,20:00,2022-11-06 20:00:00,Rain,Bike,high
2320,18.621525,73.745047,Wakad Highway,Minor,2022-07-20,21:00,2022-07-20 21:00:00,Rain,Car,high
2321,18.607181,73.815772,Pimpri-Chinchwad Link,Fatal,2022-09-28,09:00,2022-09-28 09:00:00,Clear,Car,high
2322,18.582332,73.991962,Viman Nagar Road,Fatal,2024-03-11,06:00,2024-03-11 06:00:00,Rain,Bus,medium
2323,18.640734,73.946087,Viman Nagar Road,Fatal,2023-12-28,17:00,2023-12-28 17:00:00,Fog,Bike,medium
2324,18.635358,73.94449,Viman Nagar Road,Fatal,2023-11-09,08:00,2023-11-09 08:00:00,Clear,Truck,medium
2325,18.655517,73.939239,Viman Nagar Road,Minor,2023-07-12,18:00,2023-07-12 18:00:00,Clear,Car,medium
2326,18.616732,73.976721,Viman Nagar Road,Minor,2023-03-31,00:00,2023-03-31 00:00:00,Fog,Auto,medium
2327,18.698277,73.766375,Pimpri-Chinchwad Link,Fatal,2022-01-04,09:00,2022-01-04 09:00:00,Clear,Truck,high
2328,18.654763,73.799455,Pimpri-Chinchwad Link,Fatal,2022-11-19,00:00,2022-11-19 00:00:00,Rain,Bike,high
2329,18.584475,73.778135,Wakad Highway,Minor,2024-02-19,05:00,2024-02-19 05:00:00,Clear,Truck,high
2330,18.525644,73.774312,Baner Road,Minor,2024-06-28,11:00,2024-06-28 11:00:00,Fog,Car,medium
2331,18.529682,73.7653,Baner Road,Minor,2023-06-30,04:00,2023-06-30 04:00:00,Fog,Auto,medium
2332,18.607862,73.700821,Hinjewadi IT Park Road,Severe,2023-03-23,21:00,2023-03-23 21:00:00,Rain,Auto,high
2333,18.499502,73.752397,Kothrud Road,Severe,2023-07-01,05:00,2023-07-01 05:00:00,Clear,Car,medium
2334,18.409032,73.921606,Hadapsar Bypass,Severe,2024-11-02,22:00,2024-11-02 22:00:00,Rain,Bus,high
2335,18.411024,73.95741,Hadapsar Bypass,Minor,2023-08-03,11:00,2023-08-03 11:00:00,Rain,Auto,high
2336,18.483068,73.85382,Deccan Road,Fatal,2023-07-08,08:00,2023-07-08 08:00:00,Clear,Bus,low
2337,18.594578,73.887035,Viman Nagar Road,Minor,2023-07-30,18:00,2023-07-30 18:00:00,Rain,Bike,medium
2338,18.428311,73.776023,Kothrud Road,Severe,2023-06-29,17:00,2023-06-29 17:00:00,Rain,Auto,medium
2339,18.582022,73.845816,Shivajinagar Road,Fatal,2024-03-28,12:00,2024-03-28 12:00:00,Clear,Car,medium
2340,18.571407,73.765497,Baner Road,Fatal,2023-03-28,03:00,2023-03-28 03:00:00,Fog,Truck,medium
2341,18.532613,73.708939,Hinjewadi IT Park Road,Severe,2022-02-03,04:00,2022-02-03 04:00:00,Fog,Truck,high
2342,18.477512,73.845674,Deccan Road,Minor,2025-01-28,16:00,2025-01-28 16:00:00,Rain,Auto,low
2343,18.557168,73.864789,Shivajinagar Road,Minor,2024-10-10,07:00,2024-10-10 07:00:00,Rain,Truck,medium
2344,18.647413,73.864788,Pimpri-Chinchwad Link,Severe,2022-12-08,08:00,2022-12-08 08:00:00,Fog,Truck,high
2345,18.514457,73.86039,Deccan Road,Severe,2022-07-04,12:00,2022-07-04 12:00:00,Rain,Car,low
2346,18.524633,73.780528,Kothrud Road,Minor,2024-06-05,03:00,2024-06-05 03:00:00,Clear,Bus,medium
2347,18.450123,73.942754,Hadapsar Bypass,Minor,2025-04-12,09:00,2025-04-12 09:00:00,Fog,Bus,high
2348,18.642184,73.788672,Pimpri-Chinchwad Link,Severe,2023-01-06,14:00,2023-01-06 14:00:00,Clear,Bike,high
2349,18.585278,73.887013,Viman Nagar Road,Minor,2022-07-28,11:00,2022-07-28 11:00:00,Fog,Bus,medium
2350,18.585343,73.737304,Hinjewadi IT Park Road,Fatal,2024-02-02,21:00,2024-02-02 21:00:00,Rain,Truck,high
2351,18.411194,73.905799,Hadapsar Bypass,Minor,2023-09-17,22:00,2023-09-17 22:00:00,Fog,Bus,high
2352,18.452007,73.924153,Hadapsar Bypass,Minor,2023-07-09,09:00,2023-07-09 09:00:00,Rain,Bus,high
2353,18.694524,73.921678,Pimpri-Chinchwad Link,Minor,2022-09-07,13:00,2022-09-07 13:00:00,Rain,Auto,high
2354,18.697685,73.947444,Viman Nagar Road,Severe,2023-01-31,08:00,2023-01-31 08:00:00,Rain,Car,medium
2355,18.556774,73.844082,Shivajinagar Road,Severe,2022-04-16,22:00,2022-04-16 22:00:00,Clear,Auto,medium
2356,18.535642,73.722163,Hinjewadi IT Park Road,Fatal,2024-05-20,18:00,2024-05-20 18:00:00,Clear,Auto,high
2357,18.550642,73.89598,Koregaon Park Road,Minor,2023-07-18,01:00,2023-07-18 01:00:00,Clear,Bus,low
2358,18.417727,73.956883,Hadapsar Bypass,Minor,2022-01-31,06:00,2022-01-31 06:00:00,Clear,Truck,high
2359,18.420409,73.74937,Kothrud Road,Severe,2025-03-16,10:00,2025-03-16 10:00:00,Clear,Bus,medium
2360,18.402632,73.957652,Hadapsar Bypass,Minor,2023-03-15,00:00,2023-03-15 00:00:00,Rain,Bus,high
2361,18.611086,73.835337,Pimpri-Chinchwad Link,Severe,2022-11-02,19:00,2022-11-02 19:00:00,Clear,Car,high
2362,18.57984,73.748277,Hinjewadi IT Park Road,Severe,2022-10-30,00:00,2022-10-30 00:00:00,Clear,Truck,high
2363,18.438849,73.911711,Hadapsar Bypass,Fatal,2023-05-21,03:00,2023-05-21 03:00:00,Clear,Auto,high
2364,18.668143,73.725491,Hinjewadi IT Park Road,Severe,2023-06-15,02:00,2023-06-15 02:00:00,Clear,Bus,high
2365,18.623468,73.902854,Viman Nagar Road,Minor,2022-12-15,13:00,2022-12-15 13:00:00,Rain,Truck,medium
2366,18.435526,73.98231,Hadapsar Bypass,Severe,2024-12-13,22:00,2024-12-13 22:00:00,Clear,Bus,high
2367,18.463954,73.977741,Hadapsar Bypass,Severe,2023-09-20,15:00,2023-09-20 15:00:00,Rain,Car,high
2368,18.449546,73.882082,Hadapsar Bypass,Minor,2023-11-10,17:00,2023-11-10 17:00:00,Rain,Auto,high
2369,18.523873,73.777606,Kothrud Road,Minor,2022-09-23,02:00,2022-09-23 02:00:00,Rain,Bike,medium
2370,18.572077,73.856964,Shivajinagar Road,Fatal,2022-12-03,09:00,2022-12-03 09:00:00,Fog,Auto,medium
2371,18.59372,73.717552,Hinjewadi IT Park Road,Minor,2025-01-07,02:00,2025-01-07 02:00:00,Clear,Bus,high
2372,18.487454,73.855979,Deccan Road,Severe,2023-05-08,13:00,2023-05-08 13:00:00,Clear,Bike,low
2373,18.51833,73.765603,Kothrud Road,Minor,2024-01-01,10:00,2024-01-01 10:00:00,Fog,Auto,medium
2374,18.650048,73.785354,Pimpri-Chinchwad Link,Severe,2024-10-02,05:00,2024-10-02 05:00:00,Rain,Car,high
2375,18.617997,73.748363,Wakad Highway,Minor,2024-08-17,15:00,2024-08-17 15:00:00,Fog,Bus,high
2376,18.552608,73.973904,Viman Nagar Road,Minor,2023-05-25,00:00,2023-05-25 00:00:00,Rain,Auto,medium
2377,18.556632,73.985866,Viman Nagar Road,Minor,2024-06-27,11:00,2024-06-27 11:00:00,Clear,Auto,medium
2378,18.587309,73.809237,Baner Road,Severe,2022-03-11,20:00,2022-03-11 20:00:00,Rain,Truck,medium
2379,18.645168,73.932308,Viman Nagar Road,Minor,2022-01-29,18:00,2022-01-29 18:00:00,Fog,Auto,medium
2380,18.650059,73.735758,Wakad Highway,Severe,2024-04-07,02:00,2024-04-07 02:00:00,Rain,Bus,high
2381,18.594147,73.880889,Viman Nagar Road,Minor,2025-02-06,03:00,2025-02-06 03:00:00,Rain,Car,medium
2382,18.516796,73.724517,Baner Road,Minor,2023-08-03,21:00,2023-08-03 21:00:00,Clear,Auto,medium
2383,18.503254,73.763458,Kothrud Road,Minor,2024-08-03,11:00,2024-08-03 11:00:00,Rain,Auto,medium
2384,18.546561,73.873243,Koregaon Park Road,Minor,2025-02-21,19:00,2025-02-21 19:00:00,Rain,Bus,low
2385,18.635546,73.856124,Pimpri-Chinchwad Link,Minor,2025-01-15,03:00,2025-01-15 03:00:00,Fog,Car,high
2386,18.587118,73.987174,Viman Nagar Road,Minor,2023-07-28,19:00,2023-07-28 19:00:00,Rain,Auto,medium
2387,18.52576,73.772246,Baner Road,Minor,2024-05-25,17:00,2024-05-25 17:00:00,Rain,Car,medium
2388,18.436319,73.804873,Kothrud Road,Minor,2022-01-08,10:00,2022-01-08 10:00:00,Fog,Bus,medium
2389,18.435121,73.992758,Hadapsar Bypass,Minor,2023-12-30,18:00,2023-12-30 18:00:00,Clear,Auto,high
2390,18.695862,73.937221,Viman Nagar Road,Fatal,2024-05-20,12:00,2024-05-20 12:00:00,Clear,Car,medium
2391,18.613733,73.971488,Viman Nagar Road,Minor,2022-06-02,23:00,2022-06-02 23:00:00,Fog,Auto,medium
2392,18.66106,73.97911,Viman Nagar Road,Severe,2023-01-04,21:00,2023-01-04 21:00:00,Rain,Auto,medium
2393,18.576621,73.860081,Shivajinagar Road,Minor,2023-10-23,20:00,2023-10-23 20:00:00,Fog,Auto,medium
2394,18.523482,73.756413,Baner Road,Minor,2023-07-02,04:00,2023-07-02 04:00:00,Fog,Truck,medium
2395,18.569795,73.755039,Hinjewadi IT Park Road,Fatal,2023-03-27,05:00,2023-03-27 05:00:00,Fog,Car,high
2396,18.56474,73.876934,Koregaon Park Road,Severe,2024-12-06,06:00,2024-12-06 06:00:00,Fog,Bus,low
2397,18.681304,73.920575,Pimpri-Chinchwad Link,Minor,2023-03-28,13:00,2023-03-28 13:00:00,Rain,Bus,high
2398,18.408617,73.72151,Kothrud Road,Minor,2022-08-23,18:00,2022-08-23 18:00:00,Rain,Car,medium
2399,18.551484,73.991676,Viman Nagar Road,Fatal,2024-04-08,13:00,2024-04-08 13:00:00,Fog,Bus,medium
2400,18.406149,73.717812,Kothrud Road,Minor,2024-07-24,05:00,2024-07-24 05:00:00,Rain,Car,medium
2401,18.57608,73.720522,Hinjewadi IT Park Road,Minor,2022-12-14,07:00,2022-12-14 07:00:00,Fog,Car,high
2402,18.457842,73.765566,Kothrud Road,Severe,2022-04-02,16:00,2022-04-02 16:00:00,Rain,Bike,medium
2403,18.52016,73.801577,Kothrud Road,Fatal,2022-03-01,02:00,2022-03-01 02:00:00,Fog,Auto,medium
2404,18.650345,73.916486,Viman Nagar Road,Severe,2022-11-26,08:00,2022-11-26 08:00:00,Fog,Car,medium
2405,18.535371,73.870387,Shivajinagar Road,Minor,2022-01-28,17:00,2022-01-28 17:00:00,Clear,Auto,medium
2406,18.691743,73.830354,Pimpri-Chinchwad Link,Severe,2023-06-24,03:00,2023-06-24 03:00:00,Fog,Bike,high
2407,18.428372,73.933946,Hadapsar Bypass,Minor,2023-06-24,16:00,2023-06-24 16:00:00,Clear,Truck,high
2408,18.560756,73.818742,Baner Road,Minor,2022-01-12,03:00,2022-01-12 03:00:00,Fog,Car,medium
2409,18.545764,73.773557,Baner Road,Fatal,2022-10-05,19:00,2022-10-05 19:00:00,Rain,Bus,medium
2410,18.448165,73.767128,Kothrud Road,Minor,2023-09-03,22:00,2023-09-03 22:00:00,Rain,Truck,medium
2411,18.544541,73.99506,Hadapsar Bypass,Severe,2023-10-07,05:00,2023-10-07 05:00:00,Fog,Bus,high
2412,18.493728,73.767898,Kothrud Road,Minor,2025-01-31,15:00,2025-01-31 15:00:00,Clear,Truck,medium
2413,18.690634,73.93668,Viman Nagar Road,Fatal,2024-06-27,06:00,2024-06-27 06:00:00,Fog,Bus,medium
2414,18.601082,73.811511,Pimpri-Chinchwad Link,Severe,2025-02-18,23:00,2025-02-18 23:00:00,Fog,Car,high
2415,18.602735,73.713011,Hinjewadi IT Park Road,Minor,2024-02-25,10:00,2024-02-25 10:00:00,Fog,Truck,high
2416,18.620912,73.811974,Pimpri-Chinchwad Link,Minor,2024-03-27,06:00,2024-03-27 06:00:00,Clear,Bus,high
2417,18.508204,73.933233,Hadapsar Bypass,Fatal,2023-04-07,20:00,2023-04-07 20:00:00,Fog,Bike,high
2418,18.430398,73.868105,Deccan Road,Fatal,2024-02-11,12:00,2024-02-11 12:00:00,Clear,Auto,low
2419,18.517829,73.743717,Baner Road,Severe,2024-12-22,21:00,2024-12-22 21:00:00,Rain,Bike,medium
2420,18.502938,73.749158,Kothrud Road,Minor,2022-12-12,23:00,2022-12-12 23:00:00,Fog,Bus,medium
2421,18.593842,73.94735,Viman Nagar Road,Minor,2024-01-20,04:00,2024-01-20 04:00:00,Fog,Car,medium
2422,18.624186,73.806633,Pimpri-Chinchwad Link,Severe,2025-04-11,19:00,2025-04-11 19:00:00,Clear,Bus,high
2423,18.648056,73.775127,Pimpri-Chinchwad Link,Fatal,2022-08-18,05:00,2022-08-18 05:00:00,Rain,Auto,high
2424,18.519235,73.752692,Baner Road,Severe,2024-01-21,06:00,2024-01-21 06:00:00,Fog,Car,medium
2425,18.45783,73.745412,Kothrud Road,Minor,2022-11-26,17:00,2022-11-26 17:00:00,Clear,Bike,medium
2426,18.493134,73.712909,Kothrud Road,Severe,2024-09-02,21:00,2024-09-02 21:00:00,Clear,Truck,medium
2427,18.537633,73.764188,Baner Road,Minor,2022-05-30,01:00,2022-05-30 01:00:00,Rain,Truck,medium
2428,18.457903,73.907819,Hadapsar Bypass,Minor,2024-06-26,13:00,2024-06-26 13:00:00,Fog,Bike,high
2429,18.528387,73.738417,Baner Road,Severe,2025-03-20,10:00,2025-03-20 10:00:00,Clear,Auto,medium
2430,18.448976,73.729967,Kothrud Road,Minor,2022-10-21,03:00,2022-10-21 03:00:00,Fog,Bike,medium
2431,18.588537,73.956247,Viman Nagar Road,Minor,2022-01-12,02:00,2022-01-12 02:00:00,Rain,Bike,medium
2432,18.505498,73.891104,Koregaon Park Road,Fatal,2022-10-12,01:00,2022-10-12 01:00:00,Rain,Car,low
2433,18.550162,73.720495,Hinjewadi IT Park Road,Minor,2023-06-16,22:00,2023-06-16 22:00:00,Clear,Car,high
2434,18.547599,73.754722,Baner Road,Minor,2022-01-20,04:00,2022-01-20 04:00:00,Rain,Bike,medium
2435,18.602764,73.921727,Viman Nagar Road,Minor,2023-06-29,07:00,2023-06-29 07:00:00,Clear,Car,medium
2436,18.406878,73.954311,Hadapsar Bypass,Severe,2022-08-21,13:00,2022-08-21 13:00:00,Fog,Truck,high
2437,18.675075,73.766495,Pimpri-Chinchwad Link,Minor,2024-01-10,16:00,2024-01-10 16:00:00,Rain,Bike,high
2438,18.484776,73.93803,Hadapsar Bypass,Fatal,2024-06-11,07:00,2024-06-11 07:00:00,Rain,Auto,high
2439,18.678874,73.835454,Pimpri-Chinchwad Link,Fatal,2025-01-13,05:00,2025-01-13 05:00:00,Clear,Auto,high
2440,18.603281,73.712607,Hinjewadi IT Park Road,Minor,2024-12-07,19:00,2024-12-07 19:00:00,Rain,Car,high
2441,18.668714,73.776719,Pimpri-Chinchwad Link,Severe,2023-07-07,23:00,2023-07-07 23:00:00,Fog,Bike,high
2442,18.679302,73.817014,Pimpri-Chinchwad Link,Minor,2024-07-11,12:00,2024-07-11 12:00:00,Rain,Bike,high
2443,18.589588,73.752851,Wakad Highway,Severe,2023-10-08,14:00,2023-10-08 14:00:00,Clear,Car,high
2444,18.536102,73.796258,Baner Road,Minor,2023-06-04,00:00,2023-06-04 00:00:00,Fog,Bike,medium
2445,18.539486,73.813455,Kothrud Road,Minor,2022-10-10,00:00,2022-10-10 00:00:00,Fog,Bus,medium
2446,18.56628,73.782351,Baner Road,Fatal,2022-01-17,11:00,2022-01-17 11:00:00,Fog,Bus,medium
2447,18.41379,73.822376,Kothrud Road,Minor,2022-10-28,18:00,2022-10-28 18:00:00,Fog,Bus,medium
2448,18.440151,73.991922,Hadapsar Bypass,Severe,2022-12-10,02:00,2022-12-10 02:00:00,Fog,Truck,high
2449,18.585112,73.785161,Wakad Highway,Minor,2024-09-20,16:00,2024-09-20 16:00:00,Rain,Bike,high
2450,18.546806,73.835378,Shivajinagar Road,Minor,2022-06-08,13:00,2022-06-08 13:00:00,Fog,Auto,medium
2451,18.42098,73.755888,Kothrud Road,Minor,2024-01-30,17:00,2024-01-30 17:00:00,Clear,Car,medium
2452,18.459789,73.862413,Deccan Road,Severe,2025-02-20,14:00,2025-02-20 14:00:00,Rain,Bike,low
2453,18.439871,73.817076,Kothrud Road,Minor,2023-11-23,20:00,2023-11-23 20:00:00,Clear,Bus,medium
2454,18.409067,73.85049,Kothrud Road,Minor,2025-01-28,10:00,2025-01-28 10:00:00,Fog,Car,medium
2455,18.512579,73.959271,Hadapsar Bypass,Minor,2023-04-09,04:00,2023-04-09 04:00:00,Rain,Auto,high
2456,18.601953,73.746068,Hinjewadi IT Park Road,Minor,2024-11-30,00:00,2024-11-30 00:00:00,Rain,Bike,high
2457,18.427225,73.83538,Kothrud Road,Minor,2024-08-02,21:00,2024-08-02 21:00:00,Clear,Bus,medium
2458,18.670694,73.838425,Pimpri-Chinchwad Link,Severe,2024-04-13,01:00,2024-04-13 01:00:00,Rain,Auto,high
2459,18.503936,73.955807,Hadapsar Bypass,Minor,2025-02-14,07:00,2025-02-14 07:00:00,Rain,Car,high
2460,18.563246,73.808892,Baner Road,Severe,2022-02-18,03:00,2022-02-18 03:00:00,Fog,Bike,medium
2461,18.495466,73.792859,Kothrud Road,Minor,2022-06-09,03:00,2022-06-09 03:00:00,Rain,Bus,medium
2462,18.640334,73.925291,Viman Nagar Road,Minor,2024-06-21,22:00,2024-06-21 22:00:00,Rain,Auto,medium
2463,18.638843,73.931048,Viman Nagar Road,Minor,2022-07-08,02:00,2022-07-08 02:00:00,Fog,Bus,medium
2464,18.624893,73.734503,Hinjewadi IT Park Road,Minor,2024-03-13,11:00,2024-03-13 11:00:00,Rain,Car,high
2465,18.531697,73.898907,Koregaon Park Road,Severe,2023-08-30,07:00,2023-08-30 07:00:00,Rain,Car,low
2466,18.559769,73.804459,Baner Road,Severe,2022-08-07,02:00,2022-08-07 02:00:00,Fog,Auto,medium
2467,18.442706,73.997548,Hadapsar Bypass,Severe,2022-03-12,21:00,2022-03-12 21:00:00,Fog,Auto,high
2468,18.506134,73.891714,Koregaon Park Road,Minor,2023-11-07,21:00,2023-11-07 21:00:00,Rain,Bus,low
2469,18.604942,73.854235,Pimpri-Chinchwad Link,Severe,2023-01-24,00:00,2023-01-24 00:00:00,Fog,Bus,high
2470,18.525868,73.849705,Shivajinagar Road,Severe,2022-11-15,12:00,2022-11-15 12:00:00,Clear,Bus,medium
2471,18.586771,73.710242,Hinjewadi IT Park Road,Severe,2024-06-22,02:00,2024-06-22 02:00:00,Rain,Bike,high
2472,18.570787,73.758625,Baner Road,Severe,2022-07-08,14:00,2022-07-08 14:00:00,Clear,Bike,medium
2473,18.550735,73.811253,Baner Road,Severe,2024-12-14,03:00,2024-12-14 03:00:00,Clear,Auto,medium
2474,18.616483,73.900229,Viman Nagar Road,Minor,2024-09-13,18:00,2024-09-13 18:00:00,Clear,Auto,medium
2475,18.662302,73.98547,Viman Nagar Road,Fatal,2024-07-09,15:00,2024-07-09 15:00:00,Rain,Bike,medium
2476,18.519367,73.964766,Hadapsar Bypass,Severe,2024-10-25,14:00,2024-10-25 14:00:00,Rain,Bus,high
2477,18.49188,73.869063,Deccan Road,Minor,2023-02-14,12:00,2023-02-14 12:00:00,Rain,Truck,low
2478,18.413172,73.705821,Kothrud Road,Fatal,2023-10-26,22:00,2023-10-26 22:00:00,Fog,Truck,medium
2479,18.675072,73.857517,Pimpri-Chinchwad Link,Minor,2024-10-15,08:00,2024-10-15 08:00:00,Fog,Truck,high
2480,18.630885,73.969869,Viman Nagar Road,Fatal,2025-03-15,03:00,2025-03-15 03:00:00,Rain,Auto,medium
2481,18.694468,73.78791,Pimpri-Chinchwad Link,Severe,2024-04-18,13:00,2024-04-18 13:00:00,Clear,Car,high
2482,18.660045,73.8285,Pimpri-Chinchwad Link,Severe,2023-08-28,13:00,2023-08-28 13:00:00,Rain,Car,high
2483,18.584017,73.890195,Viman Nagar Road,Minor,2024-06-27,23:00,2024-06-27 23:00:00,Clear,Auto,medium
2484,18.679292,73.889992,Pimpri-Chinchwad Link,Minor,2023-01-26,12:00,2023-01-26 12:00:00,Rain,Car,high
2485,18.548337,73.76161,Baner Road,Minor,2024-06-25,19:00,2024-06-25 19:00:00,Clear,Truck,medium
2486,18.65968,73.761304,Pimpri-Chinchwad Link,Minor,2023-09-19,21:00,2023-09-19 21:00:00,Clear,Car,high
2487,18.416121,73.941331,Hadapsar Bypass,Minor,2023-05-11,08:00,2023-05-11 08:00:00,Fog,Bus,high
2488,18.593614,73.989573,Viman Nagar Road,Severe,2024-04-04,09:00,2024-04-04 09:00:00,Clear,Bus,medium
2489,18.505687,73.705434,Baner Road,Minor,2022-03-28,08:00,2022-03-28 08:00:00,Clear,Truck,medium
2490,18.417397,73.990297,Hadapsar Bypass,Severe,2024-02-03,19:00,2024-02-03 19:00:00,Fog,Car,high
2491,18.50594,73.880846,Koregaon Park Road,Fatal,2022-05-09,00:00,2022-05-09 00:00:00,Clear,Auto,low
2492,18.623444,73.780492,Wakad Highway,Minor,2022-10-15,10:00,2022-10-15 10:00:00,Fog,Bike,high
2493,18.682201,73.771368,Pimpri-Chinchwad Link,Fatal,2024-11-08,11:00,2024-11-08 11:00:00,Fog,Car,high
2494,18.506903,73.99675,Hadapsar Bypass,Minor,2023-09-27,13:00,2023-09-27 13:00:00,Rain,Truck,high
2495,18.456098,73.74251,Kothrud Road,Severe,2022-11-28,15:00,2022-11-28 15:00:00,Rain,Bike,medium
2496,18.553835,73.772554,Baner Road,Severe,2023-12-04,18:00,2023-12-04 18:00:00,Fog,Bus,medium
2497,18.671672,73.852874,Pimpri-Chinchwad Link,Minor,2023-05-31,08:00,2023-05-31 08:00:00,Rain,Bike,high
2498,18.433351,73.718718,Kothrud Road,Fatal,2023-02-15,07:00,2023-02-15 07:00:00,Fog,Truck,medium
2499,18.494716,73.826551,Kothrud Road,Minor,2025-01-21,10:00,2025-01-21 10:00:00,Fog,Bus,medium
2500,18.487738,73.914654,Hadapsar Bypass,Fatal,2023-08-06,16:00,2023-08-06 16:00:00,Clear,Bike,high
2501,18.479857,73.783907,Kothrud Road,Minor,2024-03-18,14:00,2024-03-18 14:00:00,Clear,Auto,medium
2502,18.558755,73.824771,Shivajinagar Road,Severe,2024-12-05,14:00,2024-12-05 14:00:00,Fog,Truck,medium
2503,18.474393,73.796846,Kothrud Road,Minor,2023-04-07,13:00,2023-04-07 13:00:00,Fog,Bus,medium
2504,18.50872,73.979646,Hadapsar Bypass,Minor,2022-08-10,06:00,2022-08-10 06:00:00,Fog,Bike,high
2505,18.570644,73.932283,Viman Nagar Road,Minor,2024-05-10,21:00,2024-05-10 21:00:00,Clear,Bus,medium
2506,18.674285,73.746677,Wakad Highway,Minor,2023-10-27,19:00,2023-10-27 19:00:00,Fog,Bike,high
2507,18.513462,73.924587,Hadapsar Bypass,Fatal,2024-09-10,17:00,2024-09-10 17:00:00,Clear,Bus,high
2508,18.497285,73.871418,Deccan Road,Minor,2022-01-02,03:00,2022-01-02 03:00:00,Rain,Bike,low
2509,18.496469,73.913608,Hadapsar Bypass,Severe,2022-03-18,04:00,2022-03-18 04:00:00,Rain,Auto,high
2510,18.525493,73.758978,Baner Road,Fatal,2024-01-20,06:00,2024-01-20 06:00:00,Rain,Auto,medium
2511,18.414047,73.812067,Kothrud Road,Minor,2024-11-12,02:00,2024-11-12 02:00:00,Fog,Bus,medium
2512,18.5826,73.861325,Viman Nagar Road,Minor,2023-08-20,02:00,2023-08-20 02:00:00,Fog,Bike,medium
2513,18.635644,73.816653,Pimpri-Chinchwad Link,Minor,2023-08-06,20:00,2023-08-06 20:00:00,Rain,Truck,high
2514,18.626351,73.703876,Hinjewadi IT Park Road,Severe,2024-01-31,13:00,2024-01-31 13:00:00,Rain,Bus,high
2515,18.562729,73.83703,Shivajinagar Road,Minor,2023-04-09,08:00,2023-04-09 08:00:00,Clear,Car,medium
2516,18.438063,73.97227,Hadapsar Bypass,Minor,2022-03-21,02:00,2022-03-21 02:00:00,Clear,Bus,high
2517,18.698589,73.735182,Pimpri-Chinchwad Link,Minor,2023-07-20,06:00,2023-07-20 06:00:00,Fog,Bike,high
