id,latitude,longitude,road_name,severity,date,time,datetime,weather,vehicle_type,road_risk_level
1,12.965155,80.283313,OMR,Minor,2024-01-25,16:00,2024-01-25 16:00:00,Clear,Car,medium
2,13.161404,80.197819,Anna Salai,Fatal,2023-09-26,21:00,2023-09-26 21:00:00,Fog,Bike,high
3,12.98416,80.153974,Mount Road,Minor,2023-07-26,23:00,2023-07-26 23:00:00,Clear,Car,medium
4,12.964354,80.262971,OMR,Severe,2024-10-11,13:00,2024-10-11 13:00:00,Clear,Truck,medium
5,13.171632,80.200311,Anna Salai,Minor,2023-09-05,05:00,2023-09-05 05:00:00,Rain,Truck,high
6,12.941766,80.271836,OMR,Fatal,2023-02-19,18:00,2023-02-19 18:00:00,Clear,Truck,medium
7,13.174093,80.150346,Anna Salai,Minor,2025-01-13,13:00,2025-01-13 13:00:00,Clear,Truck,high
8,12.959773,80.153419,Mount Road,Minor,2022-06-28,02:00,2022-06-28 02:00:00,Clear,Car,medium
9,12.985135,80.226248,Mount Road,Fatal,2025-03-28,23:00,2025-03-28 23:00:00,Rain,Truck,medium
10,12.852053,80.121615,ECR,Severe,2023-05-13,14:00,2023-05-13 14:00:00,Rain,Car,high
11,13.017299,80.224813,Mount Road,Severe,2024-04-02,00:00,2024-04-02 00:00:00,Fog,Car,medium
12,12.97141,80.197487,Mount Road,Severe,2023-12-11,07:00,2023-12-11 07:00:00,Rain,Car,medium
13,12.919435,80.207627,OMR,Fatal,2023-03-28,15:00,2023-03-28 15:00:00,Fog,Truck,medium
14,12.93952,80.153093,OMR,Minor,2023-12-07,14:00,2023-12-07 14:00:00,Rain,Auto,medium
15,12.810721,80.19735,ECR,Minor,2023-08-05,18:00,2023-08-05 18:00:00,Fog,Auto,high
16,13.10543,80.11737,Mount Road,Minor,2023-12-20,04:00,2023-12-20 04:00:00,Clear,Auto,medium
17,12.812744,80.226751,ECR,Severe,2022-09-07,20:00,2022-09-07 20:00:00,Fog,Bike,high
18,13.126298,80.273119,Anna Salai,Severe,2024-07-07,09:00,2024-07-07 09:00:00,Clear,Bike,high
19,12.829772,80.266893,ECR,Minor,2023-11-23,05:00,2023-11-23 05:00:00,Rain,Car,high
20,12.917829,80.107956,OMR,Severe,2022-09-09,00:00,2022-09-09 00:00:00,Rain,Bike,medium
21,13.023148,80.267046,Anna Salai,Severe,2023-10-24,22:00,2023-10-24 22:00:00,Clear,Bus,high
22,12.910539,80.183088,OMR,Minor,2023-07-08,12:00,2023-07-08 12:00:00,Clear,Bus,medium
23,13.099257,80.226182,Anna Salai,Severe,2024-09-21,08:00,2024-09-21 08:00:00,Rain,Bus,high
24,13.145041,80.133716,Anna Salai,Severe,2022-05-06,07:00,2022-05-06 07:00:00,Fog,Auto,high
25,13.196352,80.138535,Anna Salai,Minor,2023-02-04,07:00,2023-02-04 07:00:00,Fog,Bike,high
26,13.152998,80.258685,Anna Salai,Severe,2024-09-15,22:00,2024-09-15 22:00:00,Fog,Auto,high
27,12.921984,80.115306,OMR,Severe,2023-03-24,18:00,2023-03-24 18:00:00,Clear,Bike,medium
28,12.841819,80.258805,ECR,Minor,2022-05-06,00:00,2022-05-06 00:00:00,Rain,Bike,high
29,12.891896,80.227598,OMR,Minor,2022-01-21,18:00,2022-01-21 18:00:00,Clear,Bike,medium
30,13.057219,80.184551,Mount Road,Fatal,2022-09-18,06:00,2022-09-18 06:00:00,Rain,Bike,medium
31,12.894547,80.239536,OMR,Minor,2025-03-03,03:00,2025-03-03 03:00:00,Clear,Bus,medium
32,12.942775,80.266239,OMR,Minor,2023-09-11,00:00,2023-09-11 00:00:00,Fog,Truck,medium
33,12.861288,80.167097,ECR,Minor,2022-01-18,02:00,2022-01-18 02:00:00,Rain,Car,high
34,13.059482,80.132694,Mount Road,Severe,2022-12-30,19:00,2022-12-30 19:00:00,Fog,Bike,medium
35,12.931329,80.177908,OMR,Minor,2024-09-28,22:00,2024-09-28 22:00:00,Rain,Car,medium
36,12.931505,80.204867,OMR,Severe,2023-05-01,18:00,2023-05-01 18:00:00,Rain,Bus,medium
37,12.826312,80.207278,ECR,Minor,2022-01-14,03:00,2022-01-14 03:00:00,Clear,Truck,high
38,13.101426,80.265354,Anna Salai,Minor,2022-11-27,09:00,2022-11-27 09:00:00,Rain,Bike,high
39,13.104646,80.294344,Anna Salai,Severe,2024-05-23,07:00,2024-05-23 07:00:00,Fog,Bike,high
40,12.979934,80.258425,Mount Road,Severe,2022-06-29,16:00,2022-06-29 16:00:00,Fog,Auto,medium
41,13.07404,80.152144,Mount Road,Minor,2022-12-30,20:00,2022-12-30 20:00:00,Clear,Bike,medium
42,12.911957,80.196891,OMR,Minor,2023-05-21,18:00,2023-05-21 18:00:00,Rain,Bike,medium
43,12.968853,80.196115,Mount Road,Severe,2024-10-15,01:00,2024-10-15 01:00:00,Fog,Truck,medium
44,13.032356,80.200645,Mount Road,Minor,2022-06-01,13:00,2022-06-01 13:00:00,Clear,Bus,medium
45,12.865666,80.225481,ECR,Minor,2023-12-06,02:00,2023-12-06 02:00:00,Rain,Bus,high
46,13.125687,80.288644,Anna Salai,Severe,2022-04-07,14:00,2022-04-07 14:00:00,Fog,Bike,high
47,13.030792,80.290558,Anna Salai,Minor,2023-08-10,09:00,2023-08-10 09:00:00,Fog,Car,high
48,13.158922,80.282375,Anna Salai,Severe,2022-11-14,09:00,2022-11-14 09:00:00,Clear,Bus,high
49,13.087316,80.226797,Anna Salai,Severe,2022-04-26,06:00,2022-04-26 06:00:00,Fog,Car,high
50,12.934717,80.259504,OMR,Severe,2022-10-04,02:00,2022-10-04 02:00:00,Clear,Bus,medium
51,12.865026,80.224187,ECR,Minor,2025-04-10,21:00,2025-04-10 21:00:00,Clear,Bike,high
52,12.979773,80.125904,Mount Road,Minor,2024-11-01,15:00,2024-11-01 15:00:00,Fog,Truck,medium
53,12.880956,80.246202,OMR,Fatal,2025-03-21,19:00,2025-03-21 19:00:00,Fog,Auto,medium
54,12.952895,80.171875,OMR,Minor,2025-01-17,19:00,2025-01-17 19:00:00,Rain,Bike,medium
55,12.987532,80.20733,Mount Road,Severe,2023-09-26,07:00,2023-09-26 07:00:00,Rain,Car,medium
56,13.147207,80.153679,Anna Salai,Minor,2023-03-13,06:00,2023-03-13 06:00:00,Rain,Auto,high
57,13.114273,80.249777,Anna Salai,Severe,2022-08-28,20:00,2022-08-28 20:00:00,Clear,Bike,high
58,13.15716,80.108805,Anna Salai,Minor,2025-03-19,14:00,2025-03-19 14:00:00,Rain,Bike,high
59,13.144941,80.121944,Anna Salai,Minor,2023-09-28,04:00,2023-09-28 04:00:00,Fog,Bus,high
60,12.910369,80.297392,OMR,Severe,2024-09-21,06:00,2024-09-21 06:00:00,Clear,Truck,medium
61,13.193579,80.177155,Anna Salai,Severe,2024-03-01,06:00,2024-03-01 06:00:00,Clear,Bike,high
62,12.808568,80.17975,ECR,Minor,2023-11-10,16:00,2023-11-10 16:00:00,Clear,Car,high
63,13.171356,80.145615,Anna Salai,Minor,2022-09-09,05:00,2022-09-09 05:00:00,Clear,Car,high
64,13.087089,80.113956,Mount Road,Minor,2023-04-18,09:00,2023-04-18 09:00:00,Rain,Auto,medium
65,12.994972,80.274334,Mount Road,Severe,2022-11-03,01:00,2022-11-03 01:00:00,Clear,Bus,medium
66,12.822978,80.147682,ECR,Minor,2022-11-03,01:00,2022-11-03 01:00:00,Rain,Auto,high
67,12.929043,80.164165,OMR,Minor,2023-05-28,00:00,2023-05-28 00:00:00,Fog,Car,medium
68,12.873824,80.12014,ECR,Minor,2024-02-12,02:00,2024-02-12 02:00:00,Clear,Bike,high
69,13.125771,80.140205,Anna Salai,Minor,2022-02-09,23:00,2022-02-09 23:00:00,Rain,Auto,high
70,13.109903,80.151201,Anna Salai,Minor,2022-03-29,19:00,2022-03-29 19:00:00,Rain,Bike,high
71,12.988869,80.247665,Mount Road,Fatal,2023-11-21,20:00,2023-11-21 20:00:00,Fog,Bike,medium
72,12.839362,80.263658,ECR,Fatal,2025-02-05,07:00,2025-02-05 07:00:00,Rain,Auto,high
73,13.077407,80.263691,Anna Salai,Minor,2023-03-05,11:00,2023-03-05 11:00:00,Rain,Car,high
74,13.004738,80.164282,Mount Road,Minor,2023-11-28,14:00,2023-11-28 14:00:00,Rain,Car,medium
75,12.973499,80.109124,Mount Road,Severe,2023-09-28,09:00,2023-09-28 09:00:00,Fog,Bus,medium
76,12.855499,80.235898,ECR,Fatal,2025-02-22,04:00,2025-02-22 04:00:00,Clear,Auto,high
77,12.885732,80.28941,OMR,Minor,2023-12-08,22:00,2023-12-08 22:00:00,Clear,Truck,medium
78,12.817504,80.136037,ECR,Minor,2022-09-10,17:00,2022-09-10 17:00:00,Rain,Auto,high
79,13.038197,80.150161,Mount Road,Minor,2022-11-28,05:00,2022-11-28 05:00:00,Fog,Bus,medium
80,13.194003,80.175637,Anna Salai,Minor,2023-08-05,02:00,2023-08-05 02:00:00,Rain,Auto,high
81,12.82867,80.226388,ECR,Fatal,2025-03-16,14:00,2025-03-16 14:00:00,Clear,Bike,high
82,13.065036,80.225858,Anna Salai,Minor,2022-11-23,14:00,2022-11-23 14:00:00,Clear,Bike,high
83,13.195316,80.29898,Anna Salai,Minor,2022-02-02,13:00,2022-02-02 13:00:00,Fog,Bike,high
84,12.935117,80.189321,OMR,Minor,2022-03-13,01:00,2022-03-13 01:00:00,Fog,Auto,medium
85,12.860229,80.110222,ECR,Severe,2024-04-17,09:00,2024-04-17 09:00:00,Fog,Car,high
86,12.885873,80.174002,OMR,Minor,2022-11-03,16:00,2022-11-03 16:00:00,Rain,Truck,medium
87,12.995703,80.246007,Mount Road,Minor,2024-07-14,01:00,2024-07-14 01:00:00,Rain,Truck,medium
88,13.121114,80.196258,Anna Salai,Minor,2023-06-07,08:00,2023-06-07 08:00:00,Clear,Auto,high
89,12.968258,80.278025,OMR,Severe,2022-03-16,02:00,2022-03-16 02:00:00,Clear,Car,medium
90,13.152644,80.13559,Anna Salai,Fatal,2022-05-12,21:00,2022-05-12 21:00:00,Clear,Auto,high
91,12.86041,80.120678,ECR,Severe,2023-06-24,17:00,2023-06-24 17:00:00,Rain,Bus,high
92,13.034434,80.287617,Anna Salai,Minor,2023-07-07,15:00,2023-07-07 15:00:00,Fog,Car,high
93,13.102428,80.140145,Mount Road,Minor,2025-03-21,15:00,2025-03-21 15:00:00,Clear,Auto,medium
94,13.1071,80.190945,Anna Salai,Minor,2022-09-10,13:00,2022-09-10 13:00:00,Clear,Car,high
95,12.932566,80.18442,OMR,Severe,2023-08-15,17:00,2023-08-15 17:00:00,Clear,Bike,medium
96,12.80732,80.151435,ECR,Minor,2023-03-08,02:00,2023-03-08 02:00:00,Rain,Truck,high
97,12.87787,80.223929,OMR,Minor,2025-03-26,15:00,2025-03-26 15:00:00,Fog,Auto,medium
98,12.990145,80.238815,Mount Road,Minor,2024-11-07,03:00,2024-11-07 03:00:00,Clear,Truck,medium
99,12.948178,80.233552,OMR,Fatal,2022-06-03,21:00,2022-06-03 21:00:00,Rain,Bike,medium
100,13.155989,80.182345,Anna Salai,Fatal,2024-06-15,20:00,2024-06-15 20:00:00,Clear,Bus,high
101,12.964008,80.20961,Mount Road,Minor,2024-08-25,21:00,2024-08-25 21:00:00,Clear,Auto,medium
102,13.062713,80.22507,Anna Salai,Minor,2022-06-22,21:00,2022-06-22 21:00:00,Clear,Bike,high
103,13.010852,80.286373,Anna Salai,Minor,2024-11-30,23:00,2024-11-30 23:00:00,Fog,Auto,high
104,13.121184,80.199072,Anna Salai,Minor,2023-08-20,15:00,2023-08-20 15:00:00,Fog,Car,high
105,13.177203,80.230773,Anna Salai,Severe,2022-09-11,06:00,2022-09-11 06:00:00,Rain,Bus,high
106,13.178245,80.237615,Anna Salai,Severe,2024-12-18,22:00,2024-12-18 22:00:00,Rain,Car,high
107,13.121059,80.174293,Anna Salai,Severe,2023-08-26,10:00,2023-08-26 10:00:00,Rain,Car,high
108,12.968113,80.224685,Mount Road,Severe,2023-01-07,12:00,2023-01-07 12:00:00,Fog,Car,medium
109,12.869088,80.124342,ECR,Severe,2023-07-27,08:00,2023-07-27 08:00:00,Rain,Bike,high
110,13.122343,80.263315,Anna Salai,Minor,2023-09-03,19:00,2023-09-03 19:00:00,Rain,Auto,high
111,13.103667,80.23097,Anna Salai,Minor,2022-02-11,10:00,2022-02-11 10:00:00,Fog,Auto,high
112,13.033398,80.120058,Mount Road,Minor,2024-05-21,23:00,2024-05-21 23:00:00,Rain,Bike,medium
113,13.016902,80.196833,Mount Road,Fatal,2023-04-11,07:00,2023-04-11 07:00:00,Fog,Truck,medium
114,13.145444,80.154342,Anna Salai,Severe,2024-10-10,17:00,2024-10-10 17:00:00,Clear,Bus,high
115,12.910988,80.218927,OMR,Minor,2024-08-02,21:00,2024-08-02 21:00:00,Fog,Bike,medium
116,12.844104,80.274743,ECR,Severe,2022-04-28,00:00,2022-04-28 00:00:00,Rain,Truck,high
117,13.007451,80.178109,Mount Road,Severe,2023-12-11,13:00,2023-12-11 13:00:00,Fog,Car,medium
118,12.93409,80.168384,OMR,Fatal,2022-04-01,19:00,2022-04-01 19:00:00,Rain,Bike,medium
119,12.869936,80.153265,ECR,Severe,2024-06-24,04:00,2024-06-24 04:00:00,Clear,Truck,high
120,12.853686,80.188687,ECR,Minor,2023-11-06,00:00,2023-11-06 00:00:00,Rain,Car,high
121,12.898188,80.15184,OMR,Minor,2023-05-25,18:00,2023-05-25 18:00:00,Rain,Car,medium
122,13.080223,80.245501,Anna Salai,Minor,2024-01-25,16:00,2024-01-25 16:00:00,Clear,Bus,high
123,12.888951,80.260139,OMR,Fatal,2023-11-13,14:00,2023-11-13 14:00:00,Fog,Bus,medium
124,13.068834,80.22901,Anna Salai,Minor,2024-04-26,06:00,2024-04-26 06:00:00,Fog,Bike,high
125,12.885642,80.167902,OMR,Minor,2022-11-14,04:00,2022-11-14 04:00:00,Clear,Bus,medium
126,13.046156,80.156044,Mount Road,Minor,2024-05-09,02:00,2024-05-09 02:00:00,Fog,Bus,medium
127,13.101136,80.130029,Mount Road,Minor,2023-09-20,20:00,2023-09-20 20:00:00,Rain,Truck,medium
128,13.1682,80.141954,Anna Salai,Minor,2023-03-12,01:00,2023-03-12 01:00:00,Rain,Bike,high
129,12.885827,80.187077,OMR,Fatal,2024-04-24,07:00,2024-04-24 07:00:00,Fog,Car,medium
130,12.931046,80.165453,OMR,Fatal,2023-06-07,02:00,2023-06-07 02:00:00,Clear,Car,medium
131,13.105252,80.289928,Anna Salai,Fatal,2023-06-28,21:00,2023-06-28 21:00:00,Clear,Car,high
132,13.132402,80.2171,Anna Salai,Minor,2022-10-17,17:00,2022-10-17 17:00:00,Rain,Bike,high
133,12.863699,80.222965,ECR,Minor,2024-05-25,09:00,2024-05-25 09:00:00,Clear,Truck,high
134,12.815252,80.242129,ECR,Fatal,2022-01-29,15:00,2022-01-29 15:00:00,Rain,Truck,high
135,12.924742,80.254927,OMR,Minor,2025-01-12,13:00,2025-01-12 13:00:00,Fog,Car,medium
136,12.872674,80.164163,ECR,Minor,2023-12-06,15:00,2023-12-06 15:00:00,Fog,Truck,high
137,12.824106,80.168157,ECR,Minor,2023-04-25,20:00,2023-04-25 20:00:00,Clear,Auto,high
138,12.862118,80.250096,ECR,Severe,2023-07-26,23:00,2023-07-26 23:00:00,Clear,Truck,high
139,13.050105,80.250811,Anna Salai,Fatal,2022-08-22,23:00,2022-08-22 23:00:00,Fog,Auto,high
140,13.0234,80.18927,Mount Road,Minor,2022-07-27,10:00,2022-07-27 10:00:00,Fog,Bike,medium
141,13.104355,80.283238,Anna Salai,Minor,2024-05-14,00:00,2024-05-14 00:00:00,Fog,Bike,high
142,12.947432,80.221219,OMR,Severe,2022-02-14,21:00,2022-02-14 21:00:00,Clear,Truck,medium
143,12.9592,80.247434,OMR,Minor,2024-11-19,02:00,2024-11-19 02:00:00,Rain,Auto,medium
144,13.126374,80.232932,Anna Salai,Minor,2022-06-15,19:00,2022-06-15 19:00:00,Clear,Car,high
145,13.134495,80.230798,Anna Salai,Minor,2024-04-24,22:00,2024-04-24 22:00:00,Clear,Bike,high
146,12.925445,80.229567,OMR,Severe,2023-05-10,12:00,2023-05-10 12:00:00,Clear,Bike,medium
147,12.859974,80.13642,ECR,Fatal,2022-04-07,19:00,2022-04-07 19:00:00,Rain,Car,high
148,12.912737,80.173525,OMR,Fatal,2024-12-09,08:00,2024-12-09 08:00:00,Clear,Car,medium
149,13.07201,80.27389,Anna Salai,Minor,2023-01-11,13:00,2023-01-11 13:00:00,Fog,Bike,high
150,12.812323,80.16859,ECR,Severe,2024-12-23,12:00,2024-12-23 12:00:00,Fog,Car,high
151,13.085771,80.161597,Mount Road,Severe,2024-08-26,02:00,2024-08-26 02:00:00,Fog,Truck,medium
152,13.153851,80.222886,Anna Salai,Minor,2022-06-08,19:00,2022-06-08 19:00:00,Fog,Auto,high
153,13.121948,80.115833,Mount Road,Minor,2022-02-22,02:00,2022-02-22 02:00:00,Fog,Bus,medium
154,12.919597,80.153443,OMR,Fatal,2022-06-14,03:00,2022-06-14 03:00:00,Fog,Bus,medium
155,13.032794,80.212157,Mount Road,Severe,2024-05-20,00:00,2024-05-20 00:00:00,Clear,Bike,medium
156,13.113592,80.299163,Anna Salai,Minor,2022-11-25,10:00,2022-11-25 10:00:00,Rain,Car,high
157,12.866343,80.196234,ECR,Minor,2023-03-17,05:00,2023-03-17 05:00:00,Rain,Truck,high
158,13.139816,80.164193,Anna Salai,Minor,2025-02-04,01:00,2025-02-04 01:00:00,Rain,Bike,high
159,12.82502,80.180172,ECR,Minor,2022-06-22,03:00,2022-06-22 03:00:00,Rain,Auto,high
160,12.871585,80.233698,ECR,Minor,2022-12-31,19:00,2022-12-31 19:00:00,Clear,Bike,high
161,12.974196,80.262335,Mount Road,Fatal,2023-04-18,23:00,2023-04-18 23:00:00,Rain,Car,medium
162,13.029198,80.168271,Mount Road,Minor,2024-04-13,13:00,2024-04-13 13:00:00,Clear,Car,medium
163,13.04075,80.235901,Anna Salai,Severe,2024-03-17,09:00,2024-03-17 09:00:00,Rain,Car,high
164,13.127776,80.222476,Anna Salai,Minor,2024-12-05,01:00,2024-12-05 01:00:00,Fog,Bus,high
165,12.891178,80.14983,OMR,Minor,2025-01-24,14:00,2025-01-24 14:00:00,Clear,Bus,medium
166,13.069127,80.267634,Anna Salai,Fatal,2023-07-09,08:00,2023-07-09 08:00:00,Rain,Car,high
167,12.90234,80.177051,OMR,Severe,2025-01-21,12:00,2025-01-21 12:00:00,Clear,Bus,medium
168,13.124944,80.175219,Anna Salai,Severe,2022-11-21,15:00,2022-11-21 15:00:00,Clear,Auto,high
169,12.873977,80.170854,ECR,Minor,2022-01-02,06:00,2022-01-02 06:00:00,Rain,Bike,high
170,13.058188,80.211724,Anna Salai,Severe,2025-01-27,12:00,2025-01-27 12:00:00,Rain,Auto,high
171,12.824737,80.131002,ECR,Severe,2022-09-01,00:00,2022-09-01 00:00:00,Fog,Car,high
172,13.164131,80.133463,Anna Salai,Minor,2024-06-24,22:00,2024-06-24 22:00:00,Clear,Car,high
173,12.910297,80.204532,OMR,Minor,2023-08-27,06:00,2023-08-27 06:00:00,Fog,Truck,medium
174,13.10602,80.241722,Anna Salai,Severe,2024-05-29,18:00,2024-05-29 18:00:00,Clear,Truck,high
175,13.079539,80.290415,Anna Salai,Severe,2024-08-10,12:00,2024-08-10 12:00:00,Clear,Auto,high
176,12.990756,80.164036,Mount Road,Severe,2023-01-14,23:00,2023-01-14 23:00:00,Rain,Bus,medium
177,13.104089,80.225617,Anna Salai,Severe,2025-04-11,06:00,2025-04-11 06:00:00,Rain,Car,high
178,13.16312,80.183735,Anna Salai,Minor,2024-06-22,04:00,2024-06-22 04:00:00,Fog,Bus,high
179,12.999216,80.280452,Mount Road,Severe,2022-04-29,05:00,2022-04-29 05:00:00,Fog,Auto,medium
180,12.802955,80.18015,ECR,Minor,2024-10-19,14:00,2024-10-19 14:00:00,Rain,Auto,high
181,12.953383,80.150248,OMR,Severe,2023-06-25,06:00,2023-06-25 06:00:00,Clear,Bus,medium
182,12.886001,80.171634,OMR,Fatal,2024-05-14,06:00,2024-05-14 06:00:00,Rain,Bike,medium
183,13.030911,80.129662,Mount Road,Severe,2024-12-22,23:00,2024-12-22 23:00:00,Rain,Auto,medium
184,13.036749,80.243384,Anna Salai,Severe,2022-06-10,23:00,2022-06-10 23:00:00,Rain,Car,high
185,12.900778,80.288994,OMR,Severe,2022-08-04,12:00,2022-08-04 12:00:00,Clear,Bus,medium
186,12.889813,80.170269,OMR,Minor,2022-04-15,00:00,2022-04-15 00:00:00,Fog,Bike,medium
187,13.039999,80.226995,Mount Road,Severe,2023-10-02,21:00,2023-10-02 21:00:00,Rain,Truck,medium
188,13.071647,80.107273,Mount Road,Minor,2024-11-11,23:00,2024-11-11 23:00:00,Fog,Bus,medium
189,13.149879,80.255234,Anna Salai,Minor,2022-04-04,17:00,2022-04-04 17:00:00,Clear,Bike,high
190,13.172703,80.138354,Anna Salai,Minor,2025-01-21,07:00,2025-01-21 07:00:00,Clear,Auto,high
191,12.833999,80.299465,ECR,Minor,2024-05-18,17:00,2024-05-18 17:00:00,Rain,Truck,high
192,12.904701,80.128434,OMR,Minor,2024-07-24,14:00,2024-07-24 14:00:00,Fog,Truck,medium
193,13.062244,80.117455,Mount Road,Severe,2023-08-12,19:00,2023-08-12 19:00:00,Rain,Truck,medium
194,12.865325,80.174861,ECR,Minor,2024-07-14,17:00,2024-07-14 17:00:00,Fog,Bus,high
195,13.023442,80.159728,Mount Road,Minor,2025-04-08,07:00,2025-04-08 07:00:00,Fog,Bike,medium
196,12.852895,80.146839,ECR,Severe,2024-06-20,17:00,2024-06-20 17:00:00,Fog,Car,high
197,12.952884,80.217683,OMR,Minor,2022-01-02,09:00,2022-01-02 09:00:00,Rain,Bus,medium
198,13.117455,80.194828,Anna Salai,Minor,2023-12-25,09:00,2023-12-25 09:00:00,Clear,Bike,high
199,13.073761,80.153664,Mount Road,Minor,2022-12-04,03:00,2022-12-04 03:00:00,Rain,Truck,medium
200,12.941818,80.265391,OMR,Severe,2022-04-16,14:00,2022-04-16 14:00:00,Clear,Truck,medium
201,12.872623,80.29819,OMR,Minor,2024-05-07,22:00,2024-05-07 22:00:00,Clear,Bus,medium
202,12.857413,80.150105,ECR,Fatal,2022-10-04,08:00,2022-10-04 08:00:00,Clear,Bike,high
203,12.912869,80.174888,OMR,Minor,2024-11-12,03:00,2024-11-12 03:00:00,Fog,Auto,medium
204,12.91542,80.168664,OMR,Minor,2023-04-03,00:00,2023-04-03 00:00:00,Fog,Truck,medium
205,12.985334,80.241761,Mount Road,Severe,2022-01-28,09:00,2022-01-28 09:00:00,Rain,Car,medium
206,13.163624,80.290835,Anna Salai,Severe,2023-07-17,05:00,2023-07-17 05:00:00,Rain,Car,high
207,13.017174,80.118194,Mount Road,Fatal,2024-10-02,11:00,2024-10-02 11:00:00,Rain,Bus,medium
208,12.804156,80.174845,ECR,Minor,2025-02-28,12:00,2025-02-28 12:00:00,Fog,Truck,high
209,12.832497,80.256613,ECR,Fatal,2023-04-27,04:00,2023-04-27 04:00:00,Rain,Bus,high
210,12.820997,80.143515,ECR,Severe,2024-08-23,15:00,2024-08-23 15:00:00,Clear,Auto,high
211,12.975961,80.243145,Mount Road,Minor,2024-08-21,00:00,2024-08-21 00:00:00,Clear,Car,medium
212,12.973798,80.263565,Mount Road,Minor,2023-11-28,19:00,2023-11-28 19:00:00,Clear,Bike,medium
213,12.886631,80.227444,OMR,Severe,2025-02-05,11:00,2025-02-05 11:00:00,Clear,Car,medium
214,13.124754,80.18175,Anna Salai,Minor,2023-03-10,23:00,2023-03-10 23:00:00,Rain,Auto,high
215,13.184077,80.237855,Anna Salai,Minor,2022-07-29,01:00,2022-07-29 01:00:00,Rain,Bike,high
216,12.964832,80.215799,Mount Road,Fatal,2022-06-23,22:00,2022-06-23 22:00:00,Clear,Bike,medium
217,13.064529,80.124595,Mount Road,Minor,2022-06-14,19:00,2022-06-14 19:00:00,Fog,Car,medium
218,13.056486,80.108545,Mount Road,Severe,2022-08-07,06:00,2022-08-07 06:00:00,Clear,Truck,medium
219,13.087733,80.105714,Mount Road,Minor,2023-01-15,11:00,2023-01-15 11:00:00,Rain,Auto,medium
220,12.800331,80.172707,ECR,Severe,2022-09-13,06:00,2022-09-13 06:00:00,Clear,Auto,high
221,12.993764,80.252691,Mount Road,Fatal,2022-01-08,16:00,2022-01-08 16:00:00,Fog,Bus,medium
222,13.091225,80.155214,Mount Road,Minor,2023-04-13,00:00,2023-04-13 00:00:00,Clear,Car,medium
223,13.130428,80.264176,Anna Salai,Fatal,2023-09-25,12:00,2023-09-25 12:00:00,Clear,Car,high
224,13.11856,80.221476,Anna Salai,Minor,2023-02-17,11:00,2023-02-17 11:00:00,Fog,Truck,high
225,12.874258,80.213865,OMR,Minor,2024-11-08,12:00,2024-11-08 12:00:00,Rain,Bike,medium
226,12.984423,80.146295,Mount Road,Minor,2022-12-12,22:00,2022-12-12 22:00:00,Fog,Truck,medium
227,13.087965,80.181664,Anna Salai,Severe,2022-05-16,11:00,2022-05-16 11:00:00,Clear,Car,high
228,13.094486,80.278522,Anna Salai,Minor,2023-02-03,18:00,2023-02-03 18:00:00,Clear,Truck,high
229,13.159472,80.18306,Anna Salai,Fatal,2023-09-16,10:00,2023-09-16 10:00:00,Clear,Bus,high
230,13.184877,80.180381,Anna Salai,Severe,2022-01-11,23:00,2022-01-11 23:00:00,Fog,Bus,high
231,12.831183,80.13847,ECR,Minor,2023-08-03,09:00,2023-08-03 09:00:00,Clear,Car,high
232,12.915393,80.1335,OMR,Fatal,2023-12-15,04:00,2023-12-15 04:00:00,Fog,Auto,medium
233,13.178928,80.253025,Anna Salai,Severe,2022-12-11,16:00,2022-12-11 16:00:00,Fog,Bus,high
234,13.15515,80.176578,Anna Salai,Minor,2022-12-02,09:00,2022-12-02 09:00:00,Rain,Bike,high
235,13.091178,80.120332,Mount Road,Fatal,2024-06-15,21:00,2024-06-15 21:00:00,Rain,Auto,medium
236,13.133817,80.247453,Anna Salai,Minor,2022-03-07,08:00,2022-03-07 08:00:00,Fog,Bus,high
237,12.943777,80.140845,OMR,Minor,2024-10-01,17:00,2024-10-01 17:00:00,Rain,Bus,medium
238,13.150376,80.129118,Anna Salai,Minor,2022-01-19,01:00,2022-01-19 01:00:00,Clear,Bus,high
239,12.887356,80.28566,OMR,Minor,2022-07-11,01:00,2022-07-11 01:00:00,Fog,Auto,medium
240,13.045885,80.132065,Mount Road,Minor,2023-10-17,15:00,2023-10-17 15:00:00,Clear,Car,medium
241,12.850497,80.230316,ECR,Severe,2024-10-26,05:00,2024-10-26 05:00:00,Fog,Bus,high
242,12.904146,80.203999,OMR,Severe,2024-06-29,14:00,2024-06-29 14:00:00,Fog,Bike,medium
243,12.873027,80.243677,OMR,Severe,2024-10-03,13:00,2024-10-03 13:00:00,Rain,Truck,medium
244,13.165022,80.110241,Anna Salai,Minor,2024-07-19,04:00,2024-07-19 04:00:00,Clear,Car,high
245,13.073111,80.143818,Mount Road,Severe,2024-11-19,05:00,2024-11-19 05:00:00,Clear,Truck,medium
246,12.954687,80.122731,Mount Road,Fatal,2022-08-19,00:00,2022-08-19 00:00:00,Rain,Bike,medium
247,12.892055,80.122731,OMR,Minor,2025-02-11,02:00,2025-02-11 02:00:00,Clear,Truck,medium
248,12.860095,80.242405,ECR,Minor,2022-07-07,23:00,2022-07-07 23:00:00,Clear,Truck,high
249,13.08094,80.147151,Mount Road,Severe,2023-06-26,21:00,2023-06-26 21:00:00,Clear,Bus,medium
250,12.81285,80.123366,ECR,Minor,2024-05-19,01:00,2024-05-19 01:00:00,Clear,Bike,high
251,13.177533,80.15272,Anna Salai,Minor,2025-03-06,06:00,2025-03-06 06:00:00,Fog,Auto,high
252,13.118581,80.15622,Anna Salai,Fatal,2024-05-07,14:00,2024-05-07 14:00:00,Fog,Bus,high
253,13.160877,80.217073,Anna Salai,Minor,2025-03-19,06:00,2025-03-19 06:00:00,Fog,Bus,high
254,13.101163,80.246818,Anna Salai,Severe,2023-12-21,12:00,2023-12-21 12:00:00,Rain,Bus,high
255,12.961216,80.143204,Mount Road,Minor,2024-10-02,21:00,2024-10-02 21:00:00,Clear,Auto,medium
256,12.863459,80.189853,ECR,Minor,2024-05-02,09:00,2024-05-02 09:00:00,Clear,Truck,high
257,13.116273,80.146533,Anna Salai,Minor,2024-04-20,20:00,2024-04-20 20:00:00,Fog,Truck,high
258,13.14766,80.239653,Anna Salai,Minor,2022-05-14,15:00,2022-05-14 15:00:00,Fog,Bike,high
259,12.903102,80.241634,OMR,Severe,2022-05-29,11:00,2022-05-29 11:00:00,Clear,Bus,medium
260,12.95703,80.195474,OMR,Minor,2023-06-25,11:00,2023-06-25 11:00:00,Fog,Auto,medium
261,12.866195,80.106558,ECR,Minor,2023-02-27,04:00,2023-02-27 04:00:00,Fog,Bus,high
262,12.885723,80.240431,OMR,Minor,2023-01-02,17:00,2023-01-02 17:00:00,Fog,Truck,medium
263,12.875038,80.258345,OMR,Minor,2024-04-22,20:00,2024-04-22 20:00:00,Clear,Bike,medium
264,13.104747,80.198658,Anna Salai,Minor,2023-01-03,15:00,2023-01-03 15:00:00,Rain,Truck,high
265,12.939528,80.272917,OMR,Severe,2022-10-01,11:00,2022-10-01 11:00:00,Fog,Car,medium
266,13.180099,80.101531,Anna Salai,Severe,2022-11-06,19:00,2022-11-06 19:00:00,Fog,Truck,high
267,12.946222,80.113415,OMR,Minor,2022-08-15,15:00,2022-08-15 15:00:00,Rain,Car,medium
268,12.896898,80.231358,OMR,Minor,2023-08-31,20:00,2023-08-31 20:00:00,Clear,Bus,medium
269,13.175449,80.13624,Anna Salai,Severe,2023-08-23,09:00,2023-08-23 09:00:00,Fog,Car,high
270,12.964527,80.187314,Mount Road,Minor,2023-11-20,15:00,2023-11-20 15:00:00,Rain,Bus,medium
271,12.933043,80.154737,OMR,Minor,2025-02-25,12:00,2025-02-25 12:00:00,Rain,Bus,medium
272,13.18411,80.143003,Anna Salai,Fatal,2022-04-13,18:00,2022-04-13 18:00:00,Fog,Car,high
273,12.929805,80.123724,OMR,Fatal,2023-03-17,17:00,2023-03-17 17:00:00,Fog,Auto,medium
274,13.027855,80.179502,Mount Road,Minor,2024-10-14,17:00,2024-10-14 17:00:00,Fog,Car,medium
275,12.860881,80.110511,ECR,Minor,2025-01-26,07:00,2025-01-26 07:00:00,Fog,Car,high
276,13.056918,80.294864,Anna Salai,Minor,2024-01-21,23:00,2024-01-21 23:00:00,Clear,Car,high
277,13.096338,80.170412,Anna Salai,Minor,2022-05-21,08:00,2022-05-21 08:00:00,Clear,Truck,high
278,12.818068,80.117959,ECR,Severe,2022-03-23,16:00,2022-03-23 16:00:00,Clear,Bus,high
279,12.990661,80.299722,Mount Road,Minor,2025-01-27,10:00,2025-01-27 10:00:00,Rain,Auto,medium
280,13.042058,80.148231,Mount Road,Minor,2022-03-24,08:00,2022-03-24 08:00:00,Fog,Truck,medium
281,12.842078,80.137613,ECR,Minor,2023-12-15,13:00,2023-12-15 13:00:00,Rain,Car,high
282,12.851092,80.2815,ECR,Minor,2024-12-16,12:00,2024-12-16 12:00:00,Clear,Bike,high
283,13.132439,80.247215,Anna Salai,Fatal,2024-07-31,08:00,2024-07-31 08:00:00,Clear,Auto,high
284,12.945712,80.191529,OMR,Minor,2023-07-06,07:00,2023-07-06 07:00:00,Rain,Bike,medium
285,12.964005,80.157435,Mount Road,Minor,2025-03-02,08:00,2025-03-02 08:00:00,Fog,Car,medium
286,12.953365,80.262988,OMR,Minor,2023-01-19,06:00,2023-01-19 06:00:00,Clear,Auto,medium
287,13.162541,80.20427,Anna Salai,Minor,2025-03-06,02:00,2025-03-06 02:00:00,Clear,Truck,high
288,12.916654,80.156393,OMR,Minor,2023-09-14,07:00,2023-09-14 07:00:00,Clear,Auto,medium
289,13.006992,80.154755,Mount Road,Fatal,2024-08-20,09:00,2024-08-20 09:00:00,Fog,Truck,medium
290,12.964979,80.237874,OMR,Minor,2022-11-27,14:00,2022-11-27 14:00:00,Fog,Truck,medium
291,13.10537,80.152945,Anna Salai,Minor,2023-05-13,13:00,2023-05-13 13:00:00,Rain,Car,high
292,12.810811,80.231258,ECR,Minor,2022-05-17,16:00,2022-05-17 16:00:00,Clear,Auto,high
293,12.927222,80.250661,OMR,Fatal,2024-07-09,06:00,2024-07-09 06:00:00,Clear,Bus,medium
294,12.825818,80.277113,ECR,Minor,2023-03-16,13:00,2023-03-16 13:00:00,Fog,Truck,high
295,12.990446,80.267189,Mount Road,Minor,2022-10-28,17:00,2022-10-28 17:00:00,Fog,Bus,medium
296,12.979261,80.132062,Mount Road,Fatal,2024-05-20,15:00,2024-05-20 15:00:00,Rain,Bike,medium
297,13.012712,80.282714,Anna Salai,Minor,2022-12-09,15:00,2022-12-09 15:00:00,Fog,Bike,high
298,13.036686,80.206434,Mount Road,Minor,2024-04-08,02:00,2024-04-08 02:00:00,Clear,Car,medium
299,13.0393,80.215464,Mount Road,Severe,2024-10-17,03:00,2024-10-17 03:00:00,Rain,Car,medium
300,13.197038,80.200628,Anna Salai,Minor,2022-10-24,17:00,2022-10-24 17:00:00,Fog,Bus,high
301,13.171506,80.222711,Anna Salai,Minor,2022-11-27,10:00,2022-11-27 10:00:00,Rain,Car,high
302,13.03784,80.21269,Mount Road,Minor,2023-12-11,16:00,2023-12-11 16:00:00,Clear,Bus,medium
303,13.064045,80.216357,Anna Salai,Minor,2024-02-23,10:00,2024-02-23 10:00:00,Clear,Bus,high
304,12.994773,80.254173,Mount Road,Minor,2022-03-31,02:00,2022-03-31 02:00:00,Fog,Auto,medium
305,13.029148,80.27469,Anna Salai,Minor,2023-11-27,19:00,2023-11-27 19:00:00,Rain,Truck,high
306,12.950217,80.150704,OMR,Minor,2023-01-08,13:00,2023-01-08 13:00:00,Fog,Bike,medium
307,13.077614,80.283161,Anna Salai,Severe,2022-04-11,15:00,2022-04-11 15:00:00,Fog,Truck,high
308,13.053856,80.199701,Mount Road,Severe,2024-10-19,14:00,2024-10-19 14:00:00,Fog,Auto,medium
309,12.87508,80.253895,OMR,Fatal,2022-11-06,19:00,2022-11-06 19:00:00,Fog,Car,medium
310,13.083656,80.137518,Mount Road,Minor,2025-01-07,18:00,2025-01-07 18:00:00,Fog,Bus,medium
311,13.145502,80.19604,Anna Salai,Minor,2024-04-09,20:00,2024-04-09 20:00:00,Clear,Auto,high
312,13.051112,80.18564,Mount Road,Severe,2024-09-07,09:00,2024-09-07 09:00:00,Rain,Car,medium
313,12.86675,80.216233,ECR,Minor,2023-11-23,07:00,2023-11-23 07:00:00,Fog,Truck,high
314,12.927905,80.139509,OMR,Minor,2025-03-08,12:00,2025-03-08 12:00:00,Fog,Bus,medium
315,12.975234,80.216203,Mount Road,Minor,2022-07-01,22:00,2022-07-01 22:00:00,Fog,Bus,medium
316,13.11454,80.20678,Anna Salai,Minor,2024-10-02,14:00,2024-10-02 14:00:00,Clear,Truck,high
317,13.036123,80.191211,Mount Road,Minor,2024-08-26,15:00,2024-08-26 15:00:00,Fog,Truck,medium
318,12.823279,80.210898,ECR,Severe,2023-01-22,09:00,2023-01-22 09:00:00,Rain,Auto,high
319,13.034166,80.209832,Mount Road,Minor,2025-01-09,05:00,2025-01-09 05:00:00,Rain,Bike,medium
320,12.902436,80.143492,OMR,Minor,2024-08-12,03:00,2024-08-12 03:00:00,Fog,Auto,medium
321,12.897466,80.156803,OMR,Severe,2025-03-23,18:00,2025-03-23 18:00:00,Fog,Car,medium
322,13.103558,80.2082,Anna Salai,Severe,2022-12-06,05:00,2022-12-06 05:00:00,Rain,Bike,high
323,12.879819,80.276385,OMR,Fatal,2022-03-19,18:00,2022-03-19 18:00:00,Fog,Truck,medium
324,12.988736,80.18217,Mount Road,Minor,2024-09-26,20:00,2024-09-26 20:00:00,Fog,Bus,medium
325,13.012291,80.101907,Mount Road,Fatal,2025-03-21,07:00,2025-03-21 07:00:00,Clear,Bus,medium
326,12.818075,80.125708,ECR,Minor,2023-08-17,03:00,2023-08-17 03:00:00,Clear,Auto,high
327,13.114407,80.147693,Anna Salai,Severe,2024-10-29,23:00,2024-10-29 23:00:00,Clear,Bike,high
328,13.147179,80.187993,Anna Salai,Minor,2023-09-19,06:00,2023-09-19 06:00:00,Fog,Bus,high
329,13.00759,80.151338,Mount Road,Minor,2023-04-04,10:00,2023-04-04 10:00:00,Clear,Bike,medium
330,12.916766,80.20389,OMR,Minor,2024-02-02,04:00,2024-02-02 04:00:00,Clear,Car,medium
331,12.864763,80.217582,ECR,Severe,2025-04-03,11:00,2025-04-03 11:00:00,Clear,Auto,high
332,13.088509,80.260873,Anna Salai,Minor,2024-03-28,22:00,2024-03-28 22:00:00,Fog,Bike,high
333,12.8144,80.203421,ECR,Minor,2023-01-08,21:00,2023-01-08 21:00:00,Fog,Bike,high
334,13.093187,80.107711,Mount Road,Minor,2023-03-20,15:00,2023-03-20 15:00:00,Clear,Bike,medium
335,13.14024,80.197076,Anna Salai,Minor,2022-12-25,00:00,2022-12-25 00:00:00,Fog,Bus,high
336,12.972525,80.125713,Mount Road,Minor,2023-09-20,22:00,2023-09-20 22:00:00,Fog,Bus,medium
337,12.800608,80.240743,ECR,Minor,2023-10-26,13:00,2023-10-26 13:00:00,Rain,Bike,high
338,12.995911,80.145887,Mount Road,Severe,2023-08-22,19:00,2023-08-22 19:00:00,Fog,Bike,medium
339,12.939007,80.282664,OMR,Fatal,2024-01-29,19:00,2024-01-29 19:00:00,Rain,Car,medium
340,13.144441,80.202173,Anna Salai,Severe,2022-09-11,00:00,2022-09-11 00:00:00,Clear,Truck,high
341,12.867929,80.29808,ECR,Fatal,2024-08-08,12:00,2024-08-08 12:00:00,Fog,Bus,high
342,12.897614,80.123997,OMR,Minor,2023-07-12,13:00,2023-07-12 13:00:00,Rain,Car,medium
343,12.807663,80.111806,ECR,Severe,2024-02-20,04:00,2024-02-20 04:00:00,Rain,Truck,high
344,13.127034,80.159577,Anna Salai,Minor,2025-03-25,22:00,2025-03-25 22:00:00,Clear,Bike,high
345,13.006747,80.155321,Mount Road,Minor,2024-07-22,01:00,2024-07-22 01:00:00,Rain,Truck,medium
346,13.196094,80.179584,Anna Salai,Minor,2022-08-23,03:00,2022-08-23 03:00:00,Fog,Auto,high
347,13.134146,80.154744,Anna Salai,Minor,2022-01-09,15:00,2022-01-09 15:00:00,Clear,Truck,high
348,12.900535,80.101799,OMR,Minor,2023-02-15,12:00,2023-02-15 12:00:00,Rain,Bus,medium
349,13.193719,80.162826,Anna Salai,Severe,2023-12-04,18:00,2023-12-04 18:00:00,Fog,Car,high
350,12.986803,80.198399,Mount Road,Minor,2023-10-02,06:00,2023-10-02 06:00:00,Clear,Truck,medium
351,12.830404,80.226647,ECR,Minor,2025-02-14,20:00,2025-02-14 20:00:00,Rain,Bike,high
352,12.803045,80.296823,ECR,Minor,2022-10-08,08:00,2022-10-08 08:00:00,Rain,Truck,high
353,13.151487,80.24682,Anna Salai,Severe,2024-09-26,08:00,2024-09-26 08:00:00,Rain,Auto,high
354,12.986734,80.15425,Mount Road,Minor,2022-09-15,03:00,2022-09-15 03:00:00,Rain,Bus,medium
355,13.042466,80.21764,Mount Road,Minor,2024-04-23,16:00,2024-04-23 16:00:00,Rain,Car,medium
356,12.860343,80.198009,ECR,Minor,2024-12-25,02:00,2024-12-25 02:00:00,Fog,Bike,high
357,12.893851,80.169587,OMR,Severe,2024-08-24,10:00,2024-08-24 10:00:00,Fog,Truck,medium
358,13.077077,80.299948,Anna Salai,Minor,2023-04-14,17:00,2023-04-14 17:00:00,Rain,Auto,high
359,12.87965,80.12887,OMR,Severe,2022-08-18,09:00,2022-08-18 09:00:00,Fog,Auto,medium
360,13.190019,80.265431,Anna Salai,Severe,2022-08-23,07:00,2022-08-23 07:00:00,Clear,Bike,high
361,12.976348,80.167709,Mount Road,Severe,2025-02-21,08:00,2025-02-21 08:00:00,Clear,Car,medium
362,13.194131,80.133434,Anna Salai,Severe,2024-09-24,19:00,2024-09-24 19:00:00,Rain,Bus,high
363,13.124293,80.130494,Anna Salai,Fatal,2024-12-10,13:00,2024-12-10 13:00:00,Rain,Car,high
364,13.125873,80.128272,Anna Salai,Severe,2023-12-19,12:00,2023-12-19 12:00:00,Fog,Truck,high
365,12.965081,80.207483,Mount Road,Severe,2025-03-31,20:00,2025-03-31 20:00:00,Rain,Car,medium
366,12.993085,80.128408,Mount Road,Minor,2022-07-15,20:00,2022-07-15 20:00:00,Rain,Auto,medium
367,13.112555,80.102129,Mount Road,Minor,2024-10-09,02:00,2024-10-09 02:00:00,Rain,Bike,medium
368,13.102968,80.20593,Anna Salai,Severe,2022-12-25,05:00,2022-12-25 05:00:00,Clear,Bus,high
369,12.939717,80.288367,OMR,Severe,2023-04-22,08:00,2023-04-22 08:00:00,Clear,Auto,medium
370,12.963814,80.271207,OMR,Severe,2023-11-20,05:00,2023-11-20 05:00:00,Fog,Bus,medium
371,12.918551,80.21127,OMR,Minor,2024-04-23,07:00,2024-04-23 07:00:00,Clear,Bike,medium
372,12.817605,80.223391,ECR,Minor,2025-01-13,06:00,2025-01-13 06:00:00,Rain,Truck,high
373,12.822553,80.196891,ECR,Minor,2023-08-31,21:00,2023-08-31 21:00:00,Rain,Truck,high
374,12.858205,80.289077,ECR,Minor,2024-09-15,09:00,2024-09-15 09:00:00,Clear,Auto,high
375,12.815252,80.187181,ECR,Minor,2022-02-14,07:00,2022-02-14 07:00:00,Rain,Auto,high
376,13.068218,80.194411,Anna Salai,Fatal,2023-04-20,08:00,2023-04-20 08:00:00,Fog,Car,high
377,13.191465,80.159939,Anna Salai,Severe,2023-05-18,09:00,2023-05-18 09:00:00,Rain,Auto,high
378,12.968204,80.285127,OMR,Severe,2024-06-16,04:00,2024-06-16 04:00:00,Fog,Bike,medium
379,13.178284,80.117253,Anna Salai,Severe,2022-01-02,01:00,2022-01-02 01:00:00,Clear,Bike,high
380,12.984162,80.151032,Mount Road,Minor,2025-02-23,18:00,2025-02-23 18:00:00,Rain,Car,medium
381,12.8325,80.167822,ECR,Severe,2023-03-22,19:00,2023-03-22 19:00:00,Clear,Bike,high
382,13.002674,80.254176,Mount Road,Minor,2025-04-12,03:00,2025-04-12 03:00:00,Clear,Bike,medium
383,12.907528,80.217115,OMR,Minor,2023-10-30,22:00,2023-10-30 22:00:00,Rain,Bike,medium
384,13.138966,80.216937,Anna Salai,Severe,2023-03-11,19:00,2023-03-11 19:00:00,Clear,Bike,high
385,13.086102,80.158265,Mount Road,Minor,2024-12-07,04:00,2024-12-07 04:00:00,Clear,Bus,medium
386,12.911609,80.220121,OMR,Minor,2024-04-14,18:00,2024-04-14 18:00:00,Rain,Truck,medium
387,13.093309,80.232512,Anna Salai,Severe,2023-07-17,15:00,2023-07-17 15:00:00,Clear,Truck,high
388,12.879705,80.107007,OMR,Minor,2023-09-26,20:00,2023-09-26 20:00:00,Clear,Truck,medium
389,13.121331,80.184471,Anna Salai,Severe,2024-11-15,15:00,2024-11-15 15:00:00,Clear,Bike,high
390,12.820146,80.101181,ECR,Severe,2022-01-28,22:00,2022-01-28 22:00:00,Rain,Bus,high
391,12.966102,80.260969,OMR,Minor,2022-02-11,14:00,2022-02-11 14:00:00,Fog,Bus,medium
392,12.836683,80.241686,ECR,Minor,2025-03-22,04:00,2025-03-22 04:00:00,Clear,Truck,high
393,13.199589,80.278355,Anna Salai,Minor,2023-11-15,07:00,2023-11-15 07:00:00,Clear,Car,high
394,13.144089,80.144206,Anna Salai,Severe,2022-05-08,16:00,2022-05-08 16:00:00,Fog,Bike,high
395,13.1362,80.273543,Anna Salai,Minor,2025-03-12,18:00,2025-03-12 18:00:00,Clear,Truck,high
396,13.020325,80.144872,Mount Road,Severe,2024-01-25,21:00,2024-01-25 21:00:00,Fog,Auto,medium
397,13.024871,80.173756,Mount Road,Minor,2022-02-17,20:00,2022-02-17 20:00:00,Rain,Bus,medium
398,13.068291,80.107857,Mount Road,Severe,2022-11-20,01:00,2022-11-20 01:00:00,Clear,Auto,medium
399,13.017829,80.107395,Mount Road,Minor,2024-01-22,06:00,2024-01-22 06:00:00,Clear,Auto,medium
400,12.837192,80.225342,ECR,Severe,2024-02-14,19:00,2024-02-14 19:00:00,Clear,Truck,high
401,13.190709,80.160767,Anna Salai,Severe,2023-11-29,17:00,2023-11-29 17:00:00,Rain,Car,high
402,13.045938,80.225999,Anna Salai,Minor,2022-03-07,14:00,2022-03-07 14:00:00,Rain,Car,high
403,12.804397,80.225323,ECR,Minor,2025-04-09,09:00,2025-04-09 09:00:00,Fog,Truck,high
404,13.104919,80.298426,Anna Salai,Minor,2025-01-10,13:00,2025-01-10 13:00:00,Fog,Bike,high
405,12.884651,80.134621,OMR,Fatal,2023-04-22,19:00,2023-04-22 19:00:00,Clear,Bike,medium
406,13.175468,80.104464,Anna Salai,Minor,2024-12-21,15:00,2024-12-21 15:00:00,Rain,Bus,high
407,13.03665,80.279026,Anna Salai,Minor,2022-02-16,18:00,2022-02-16 18:00:00,Fog,Bus,high
408,12.807076,80.216667,ECR,Minor,2024-06-13,19:00,2024-06-13 19:00:00,Clear,Car,high
409,12.890253,80.125048,OMR,Minor,2023-05-25,01:00,2023-05-25 01:00:00,Clear,Bike,medium
410,12.861668,80.143683,ECR,Minor,2023-04-14,11:00,2023-04-14 11:00:00,Fog,Auto,high
411,12.80225,80.246583,ECR,Minor,2023-05-31,23:00,2023-05-31 23:00:00,Rain,Truck,high
412,12.869171,80.161093,ECR,Fatal,2024-04-14,11:00,2024-04-14 11:00:00,Fog,Bus,high
413,12.890831,80.21738,OMR,Fatal,2022-02-26,14:00,2022-02-26 14:00:00,Clear,Auto,medium
414,12.981966,80.101033,Mount Road,Severe,2023-06-01,17:00,2023-06-01 17:00:00,Fog,Car,medium
415,12.950767,80.119943,OMR,Minor,2024-02-20,02:00,2024-02-20 02:00:00,Fog,Truck,medium
416,13.151956,80.299011,Anna Salai,Fatal,2022-11-01,19:00,2022-11-01 19:00:00,Fog,Car,high
417,13.105254,80.251276,Anna Salai,Fatal,2022-05-17,12:00,2022-05-17 12:00:00,Clear,Car,high
418,12.915832,80.258889,OMR,Fatal,2022-05-10,14:00,2022-05-10 14:00:00,Fog,Truck,medium
419,13.182476,80.171201,Anna Salai,Minor,2023-06-08,03:00,2023-06-08 03:00:00,Rain,Bus,high
420,13.022991,80.230795,Mount Road,Severe,2024-02-02,18:00,2024-02-02 18:00:00,Fog,Car,medium
421,13.081975,80.182263,Anna Salai,Minor,2023-03-23,14:00,2023-03-23 14:00:00,Fog,Bike,high
422,13.084857,80.297754,Anna Salai,Minor,2022-01-02,11:00,2022-01-02 11:00:00,Fog,Truck,high
423,13.044829,80.193424,Mount Road,Severe,2023-02-16,05:00,2023-02-16 05:00:00,Clear,Truck,medium
424,12.819473,80.294897,ECR,Minor,2023-09-08,01:00,2023-09-08 01:00:00,Fog,Bike,high
425,12.960269,80.220175,OMR,Minor,2024-06-22,17:00,2024-06-22 17:00:00,Clear,Bike,medium
426,13.186146,80.281577,Anna Salai,Severe,2024-01-03,20:00,2024-01-03 20:00:00,Fog,Bike,high
427,13.173527,80.257474,Anna Salai,Minor,2024-03-19,13:00,2024-03-19 13:00:00,Fog,Car,high
428,12.889206,80.281218,OMR,Severe,2022-04-25,17:00,2022-04-25 17:00:00,Rain,Truck,medium
429,13.034204,80.240845,Anna Salai,Minor,2022-10-02,23:00,2022-10-02 23:00:00,Rain,Car,high
430,12.918877,80.26903,OMR,Severe,2023-04-20,23:00,2023-04-20 23:00:00,Rain,Bike,medium
431,12.99838,80.191239,Mount Road,Minor,2023-06-06,23:00,2023-06-06 23:00:00,Rain,Car,medium
432,13.193073,80.241825,Anna Salai,Minor,2023-06-27,00:00,2023-06-27 00:00:00,Fog,Bike,high
433,13.079678,80.115897,Mount Road,Minor,2022-03-28,01:00,2022-03-28 01:00:00,Clear,Car,medium
434,13.098467,80.234911,Anna Salai,Minor,2022-06-09,09:00,2022-06-09 09:00:00,Rain,Auto,high
435,13.112155,80.185645,Anna Salai,Severe,2024-01-13,12:00,2024-01-13 12:00:00,Fog,Car,high
436,12.880808,80.22483,OMR,Minor,2022-07-24,19:00,2022-07-24 19:00:00,Clear,Truck,medium
437,13.010989,80.231369,Mount Road,Minor,2024-02-21,01:00,2024-02-21 01:00:00,Fog,Bus,medium
438,13.190289,80.185905,Anna Salai,Severe,2023-03-29,06:00,2023-03-29 06:00:00,Fog,Car,high
439,12.984885,80.198132,Mount Road,Severe,2024-05-19,20:00,2024-05-19 20:00:00,Clear,Bus,medium
440,13.134112,80.137367,Anna Salai,Severe,2025-02-09,04:00,2025-02-09 04:00:00,Fog,Bus,high
441,13.153794,80.125494,Anna Salai,Severe,2024-11-05,16:00,2024-11-05 16:00:00,Clear,Car,high
442,12.944741,80.122554,OMR,Minor,2022-01-16,02:00,2022-01-16 02:00:00,Rain,Car,medium
443,12.90307,80.246303,OMR,Minor,2022-10-21,06:00,2022-10-21 06:00:00,Clear,Bus,medium
444,13.100713,80.196343,Anna Salai,Minor,2025-03-04,19:00,2025-03-04 19:00:00,Rain,Car,high
445,13.030426,80.285824,Anna Salai,Fatal,2025-01-07,16:00,2025-01-07 16:00:00,Clear,Bike,high
446,13.169506,80.107817,Anna Salai,Minor,2024-04-04,19:00,2024-04-04 19:00:00,Rain,Truck,high
447,13.183126,80.184002,Anna Salai,Severe,2024-06-18,23:00,2024-06-18 23:00:00,Clear,Truck,high
448,12.906304,80.174676,OMR,Minor,2024-02-12,01:00,2024-02-12 01:00:00,Rain,Truck,medium
449,13.047408,80.296186,Anna Salai,Severe,2023-08-28,06:00,2023-08-28 06:00:00,Clear,Bus,high
450,12.965336,80.214144,Mount Road,Severe,2025-03-08,17:00,2025-03-08 17:00:00,Rain,Bus,medium
451,13.072898,80.160243,Mount Road,Severe,2025-01-21,07:00,2025-01-21 07:00:00,Clear,Bike,medium
452,13.049407,80.225222,Anna Salai,Severe,2023-05-22,18:00,2023-05-22 18:00:00,Fog,Car,high
453,13.192789,80.192123,Anna Salai,Minor,2025-02-16,01:00,2025-02-16 01:00:00,Fog,Auto,high
454,12.80647,80.270128,ECR,Minor,2023-06-06,18:00,2023-06-06 18:00:00,Clear,Bus,high
455,13.037348,80.283686,Anna Salai,Severe,2022-03-30,05:00,2022-03-30 05:00:00,Rain,Truck,high
456,12.948212,80.224529,OMR,Minor,2022-03-12,07:00,2022-03-12 07:00:00,Clear,Bus,medium
457,13.083851,80.246222,Anna Salai,Minor,2025-02-12,14:00,2025-02-12 14:00:00,Clear,Truck,high
458,13.043664,80.258363,Anna Salai,Minor,2024-03-31,06:00,2024-03-31 06:00:00,Clear,Bus,high
459,12.807969,80.215278,ECR,Severe,2024-10-09,17:00,2024-10-09 17:00:00,Clear,Bus,high
460,13.152049,80.137085,Anna Salai,Severe,2023-06-06,04:00,2023-06-06 04:00:00,Rain,Auto,high
461,13.144752,80.259873,Anna Salai,Severe,2023-04-10,04:00,2023-04-10 04:00:00,Fog,Bus,high
462,12.874726,80.246613,OMR,Fatal,2022-12-21,19:00,2022-12-21 19:00:00,Clear,Auto,medium
463,13.073786,80.236485,Anna Salai,Severe,2022-07-22,20:00,2022-07-22 20:00:00,Clear,Truck,high
464,12.910225,80.265923,OMR,Minor,2022-04-04,18:00,2022-04-04 18:00:00,Rain,Truck,medium
465,13.128577,80.12399,Anna Salai,Severe,2023-05-27,21:00,2023-05-27 21:00:00,Clear,Auto,high
466,12.895268,80.149013,OMR,Minor,2022-09-28,22:00,2022-09-28 22:00:00,Clear,Truck,medium
467,13.181609,80.111415,Anna Salai,Minor,2022-03-03,10:00,2022-03-03 10:00:00,Clear,Bus,high
468,12.877694,80.214263,OMR,Minor,2025-03-29,14:00,2025-03-29 14:00:00,Rain,Auto,medium
469,12.987271,80.131334,Mount Road,Minor,2023-05-04,18:00,2023-05-04 18:00:00,Clear,Bike,medium
470,12.926247,80.103256,OMR,Fatal,2022-12-16,05:00,2022-12-16 05:00:00,Clear,Auto,medium
471,13.151126,80.191242,Anna Salai,Severe,2022-10-17,02:00,2022-10-17 02:00:00,Fog,Truck,high
472,12.850446,80.128621,ECR,Fatal,2024-11-23,17:00,2024-11-23 17:00:00,Rain,Bus,high
473,12.871614,80.109634,ECR,Severe,2022-03-06,05:00,2022-03-06 05:00:00,Rain,Car,high
474,13.071226,80.235352,Anna Salai,Minor,2025-02-01,07:00,2025-02-01 07:00:00,Fog,Auto,high
475,13.183234,80.198492,Anna Salai,Fatal,2025-03-02,17:00,2025-03-02 17:00:00,Rain,Bus,high
476,12.830031,80.145924,ECR,Minor,2024-05-03,21:00,2024-05-03 21:00:00,Fog,Bike,high
477,13.11849,80.24107,Anna Salai,Minor,2025-04-06,22:00,2025-04-06 22:00:00,Fog,Car,high
478,13.036251,80.261128,Anna Salai,Minor,2025-02-21,04:00,2025-02-21 04:00:00,Clear,Bus,high
479,13.191555,80.225763,Anna Salai,Severe,2024-08-17,10:00,2024-08-17 10:00:00,Clear,Car,high
480,13.181795,80.130798,Anna Salai,Fatal,2022-01-22,06:00,2022-01-22 06:00:00,Fog,Auto,high
481,13.163468,80.170432,Anna Salai,Minor,2024-02-13,16:00,2024-02-13 16:00:00,Clear,Bike,high
482,13.065724,80.167541,Mount Road,Severe,2023-05-24,02:00,2023-05-24 02:00:00,Clear,Auto,medium
483,13.037015,80.284166,Anna Salai,Minor,2025-04-13,00:00,2025-04-13 00:00:00,Rain,Truck,high
484,12.80153,80.157125,ECR,Severe,2024-08-25,13:00,2024-08-25 13:00:00,Rain,Bus,high
485,13.065873,80.135585,Mount Road,Severe,2022-05-07,03:00,2022-05-07 03:00:00,Rain,Bike,medium
486,12.810145,80.159297,ECR,Minor,2023-11-07,02:00,2023-11-07 02:00:00,Rain,Truck,high
487,12.838717,80.113583,ECR,Severe,2023-09-24,17:00,2023-09-24 17:00:00,Clear,Truck,high
488,12.938979,80.253336,OMR,Severe,2023-02-27,08:00,2023-02-27 08:00:00,Fog,Bus,medium
489,13.064989,80.161706,Mount Road,Minor,2022-02-01,09:00,2022-02-01 09:00:00,Fog,Car,medium
490,12.998466,80.126253,Mount Road,Minor,2023-06-22,01:00,2023-06-22 01:00:00,Rain,Truck,medium
491,12.803057,80.256023,ECR,Minor,2024-12-10,21:00,2024-12-10 21:00:00,Rain,Car,high
492,13.196199,80.28358,Anna Salai,Minor,2023-08-08,04:00,2023-08-08 04:00:00,Rain,Bus,high
493,12.912884,80.222293,OMR,Minor,2022-12-20,18:00,2022-12-20 18:00:00,Fog,Bus,medium
494,12.935147,80.119896,OMR,Minor,2022-05-13,17:00,2022-05-13 17:00:00,Clear,Auto,medium
495,12.804431,80.153807,ECR,Minor,2023-08-01,22:00,2023-08-01 22:00:00,Rain,Truck,high
496,12.828279,80.181377,ECR,Severe,2024-02-20,19:00,2024-02-20 19:00:00,Rain,Auto,high
497,12.925717,80.157838,OMR,Minor,2024-11-18,13:00,2024-11-18 13:00:00,Fog,Bike,medium
498,12.803447,80.190025,ECR,Fatal,2024-10-29,21:00,2024-10-29 21:00:00,Fog,Bus,high
499,13.134177,80.290553,Anna Salai,Minor,2025-04-05,01:00,2025-04-05 01:00:00,Clear,Bus,high
500,13.192653,80.170617,Anna Salai,Minor,2022-02-23,08:00,2022-02-23 08:00:00,Fog,Truck,high
501,12.834533,80.255918,ECR,Minor,2022-11-27,08:00,2022-11-27 08:00:00,Rain,Bus,high
502,12.975993,80.275661,Mount Road,Minor,2023-09-24,10:00,2023-09-24 10:00:00,Clear,Auto,medium
503,13.169898,80.234005,Anna Salai,Minor,2023-02-04,16:00,2023-02-04 16:00:00,Fog,Car,high
504,12.893295,80.254756,OMR,Minor,2023-11-06,19:00,2023-11-06 19:00:00,Rain,Car,medium
505,12.968137,80.229948,Mount Road,Severe,2023-08-06,18:00,2023-08-06 18:00:00,Rain,Truck,medium
506,12.958839,80.212485,OMR,Minor,2024-11-29,18:00,2024-11-29 18:00:00,Fog,Truck,medium
507,12.802141,80.114106,ECR,Minor,2024-05-10,05:00,2024-05-10 05:00:00,Fog,Bus,high
508,13.143699,80.197399,Anna Salai,Severe,2022-07-26,00:00,2022-07-26 00:00:00,Fog,Car,high
509,12.875156,80.19871,OMR,Fatal,2024-10-06,07:00,2024-10-06 07:00:00,Clear,Bike,medium
510,13.101488,80.166135,Anna Salai,Severe,2024-09-28,14:00,2024-09-28 14:00:00,Fog,Bike,high
511,12.927907,80.205975,OMR,Fatal,2022-10-30,10:00,2022-10-30 10:00:00,Fog,Car,medium
512,12.895541,80.22899,OMR,Minor,2024-04-08,21:00,2024-04-08 21:00:00,Fog,Car,medium
513,13.065896,80.114266,Mount Road,Minor,2024-02-16,00:00,2024-02-16 00:00:00,Rain,Bike,medium
514,13.120078,80.28184,Anna Salai,Severe,2023-06-27,19:00,2023-06-27 19:00:00,Rain,Auto,high
515,13.079708,80.251384,Anna Salai,Severe,2024-10-18,03:00,2024-10-18 03:00:00,Rain,Auto,high
516,13.164089,80.248588,Anna Salai,Severe,2024-08-06,02:00,2024-08-06 02:00:00,Rain,Truck,high
517,12.900662,80.19423,OMR,Minor,2022-12-16,23:00,2022-12-16 23:00:00,Clear,Auto,medium
518,12.94234,80.279217,OMR,Fatal,2022-08-28,11:00,2022-08-28 11:00:00,Fog,Bike,medium
519,13.183409,80.257544,Anna Salai,Minor,2023-10-10,16:00,2023-10-10 16:00:00,Fog,Car,high
520,12.991413,80.264667,Mount Road,Severe,2023-07-26,14:00,2023-07-26 14:00:00,Rain,Truck,medium
521,12.988825,80.252467,Mount Road,Fatal,2023-01-22,00:00,2023-01-22 00:00:00,Fog,Bus,medium
522,13.103774,80.258784,Anna Salai,Fatal,2023-12-16,07:00,2023-12-16 07:00:00,Rain,Auto,high
523,12.955984,80.227487,OMR,Severe,2022-10-25,08:00,2022-10-25 08:00:00,Fog,Bus,medium
524,12.95878,80.171951,OMR,Minor,2023-03-19,16:00,2023-03-19 16:00:00,Fog,Auto,medium
525,13.029833,80.23607,Mount Road,Minor,2024-09-02,18:00,2024-09-02 18:00:00,Fog,Auto,medium
526,12.898734,80.23123,OMR,Minor,2024-08-28,00:00,2024-08-28 00:00:00,Rain,Car,medium
527,13.122641,80.113793,Mount Road,Minor,2024-11-05,18:00,2024-11-05 18:00:00,Rain,Auto,medium
528,13.12168,80.276868,Anna Salai,Minor,2024-03-28,20:00,2024-03-28 20:00:00,Rain,Truck,high
529,13.04665,80.155475,Mount Road,Minor,2022-05-20,10:00,2022-05-20 10:00:00,Rain,Bus,medium
530,13.024731,80.239553,Mount Road,Severe,2022-10-12,18:00,2022-10-12 18:00:00,Rain,Bus,medium
531,13.101572,80.122991,Mount Road,Severe,2023-05-22,22:00,2023-05-22 22:00:00,Clear,Bike,medium
532,13.164642,80.213809,Anna Salai,Severe,2023-01-08,13:00,2023-01-08 13:00:00,Fog,Truck,high
533,12.950049,80.200269,OMR,Minor,2022-02-08,02:00,2022-02-08 02:00:00,Rain,Car,medium
534,12.849367,80.100754,ECR,Severe,2022-12-11,22:00,2022-12-11 22:00:00,Clear,Truck,high
535,12.809011,80.22488,ECR,Minor,2024-07-14,09:00,2024-07-14 09:00:00,Clear,Bus,high
536,13.087043,80.165999,Mount Road,Severe,2022-12-06,18:00,2022-12-06 18:00:00,Clear,Bus,medium
537,12.889874,80.295514,OMR,Minor,2022-03-10,13:00,2022-03-10 13:00:00,Rain,Bus,medium
538,12.825323,80.299837,ECR,Minor,2023-09-06,04:00,2023-09-06 04:00:00,Clear,Auto,high
539,13.070594,80.182354,Mount Road,Minor,2024-10-31,12:00,2024-10-31 12:00:00,Rain,Car,medium
540,12.876736,80.287699,OMR,Minor,2024-03-08,14:00,2024-03-08 14:00:00,Clear,Bus,medium
541,12.935693,80.100202,OMR,Minor,2024-02-23,02:00,2024-02-23 02:00:00,Clear,Auto,medium
542,13.050073,80.187817,Mount Road,Severe,2024-07-11,20:00,2024-07-11 20:00:00,Fog,Bus,medium
543,12.888945,80.110333,OMR,Minor,2022-01-23,16:00,2022-01-23 16:00:00,Clear,Bus,medium
544,13.187286,80.281251,Anna Salai,Minor,2025-01-29,10:00,2025-01-29 10:00:00,Clear,Bus,high
545,13.008078,80.132941,Mount Road,Minor,2024-02-06,00:00,2024-02-06 00:00:00,Clear,Bike,medium
546,12.83108,80.124511,ECR,Minor,2024-05-18,01:00,2024-05-18 01:00:00,Rain,Truck,high
547,12.909472,80.164682,OMR,Minor,2022-05-26,09:00,2022-05-26 09:00:00,Clear,Bus,medium
548,13.113479,80.148316,Anna Salai,Minor,2024-11-15,00:00,2024-11-15 00:00:00,Fog,Car,high
549,12.933082,80.119543,OMR,Minor,2024-09-11,10:00,2024-09-11 10:00:00,Rain,Car,medium
550,12.875693,80.233383,OMR,Minor,2024-04-24,10:00,2024-04-24 10:00:00,Rain,Truck,medium
551,12.929508,80.212971,OMR,Severe,2022-02-28,10:00,2022-02-28 10:00:00,Clear,Auto,medium
552,13.028318,80.189276,Mount Road,Minor,2025-04-04,04:00,2025-04-04 04:00:00,Fog,Bike,medium
553,13.032444,80.138141,Mount Road,Minor,2023-02-17,06:00,2023-02-17 06:00:00,Rain,Auto,medium
554,12.900805,80.188648,OMR,Minor,2023-06-22,19:00,2023-06-22 19:00:00,Rain,Truck,medium
555,13.186773,80.223555,Anna Salai,Severe,2023-06-20,12:00,2023-06-20 12:00:00,Clear,Bus,high
556,13.047683,80.153537,Mount Road,Fatal,2025-01-18,19:00,2025-01-18 19:00:00,Clear,Auto,medium
557,12.854244,80.184236,ECR,Minor,2022-04-08,09:00,2022-04-08 09:00:00,Clear,Car,high
558,12.890623,80.236131,OMR,Minor,2024-06-24,23:00,2024-06-24 23:00:00,Fog,Bike,medium
559,13.188134,80.23047,Anna Salai,Fatal,2022-06-08,20:00,2022-06-08 20:00:00,Clear,Car,high
560,13.134201,80.198234,Anna Salai,Minor,2022-09-24,07:00,2022-09-24 07:00:00,Clear,Bus,high
561,12.920957,80.266577,OMR,Minor,2024-05-17,10:00,2024-05-17 10:00:00,Rain,Bus,medium
562,12.961124,80.112981,Mount Road,Severe,2024-05-21,03:00,2024-05-21 03:00:00,Clear,Car,medium
563,12.950008,80.286565,OMR,Minor,2025-02-10,19:00,2025-02-10 19:00:00,Clear,Truck,medium
564,12.840675,80.172056,ECR,Minor,2023-09-10,21:00,2023-09-10 21:00:00,Rain,Car,high
565,13.053037,80.256862,Anna Salai,Minor,2024-10-15,13:00,2024-10-15 13:00:00,Rain,Car,high
566,12.936386,80.131068,OMR,Minor,2023-11-15,02:00,2023-11-15 02:00:00,Rain,Auto,medium
567,13.064536,80.18276,Mount Road,Minor,2023-10-25,03:00,2023-10-25 03:00:00,Clear,Bus,medium
568,13.119884,80.137942,Anna Salai,Fatal,2024-10-07,04:00,2024-10-07 04:00:00,Rain,Bike,high
569,12.954767,80.197839,OMR,Minor,2024-11-01,16:00,2024-11-01 16:00:00,Rain,Auto,medium
570,12.87119,80.117872,ECR,Severe,2024-12-21,08:00,2024-12-21 08:00:00,Fog,Bus,high
571,12.852345,80.294485,ECR,Severe,2024-08-04,17:00,2024-08-04 17:00:00,Fog,Bus,high
572,13.036521,80.261865,Anna Salai,Severe,2022-01-26,12:00,2022-01-26 12:00:00,Fog,Bike,high
573,12.93666,80.280177,OMR,Severe,2023-02-02,17:00,2023-02-02 17:00:00,Clear,Auto,medium
574,12.845239,80.195003,ECR,Severe,2023-08-30,17:00,2023-08-30 17:00:00,Rain,Bus,high
575,13.052071,80.29892,Anna Salai,Severe,2024-02-29,11:00,2024-02-29 11:00:00,Rain,Truck,high
576,12.999181,80.277455,Mount Road,Minor,2023-10-28,01:00,2023-10-28 01:00:00,Clear,Truck,medium
577,12.831271,80.276485,ECR,Minor,2024-11-28,12:00,2024-11-28 12:00:00,Rain,Bike,high
578,12.827596,80.265653,ECR,Minor,2024-08-17,04:00,2024-08-17 04:00:00,Fog,Auto,high
579,13.083412,80.237882,Anna Salai,Minor,2023-06-20,19:00,2023-06-20 19:00:00,Clear,Bus,high
580,12.869537,80.131079,ECR,Severe,2024-07-11,02:00,2024-07-11 02:00:00,Fog,Bus,high
581,13.011989,80.214536,Mount Road,Minor,2024-05-25,02:00,2024-05-25 02:00:00,Rain,Truck,medium
582,12.875933,80.268281,OMR,Severe,2024-08-16,18:00,2024-08-16 18:00:00,Fog,Truck,medium
583,12.815571,80.158474,ECR,Minor,2023-01-07,06:00,2023-01-07 06:00:00,Clear,Bus,high
584,12.98851,80.274881,Mount Road,Minor,2024-02-09,23:00,2024-02-09 23:00:00,Rain,Truck,medium
585,13.014068,80.295614,Anna Salai,Severe,2022-06-12,22:00,2022-06-12 22:00:00,Rain,Auto,high
586,13.037934,80.109048,Mount Road,Fatal,2022-09-03,23:00,2022-09-03 23:00:00,Clear,Bike,medium
587,12.860617,80.192037,ECR,Minor,2024-09-15,03:00,2024-09-15 03:00:00,Clear,Bus,high
588,13.098584,80.181253,Anna Salai,Minor,2024-02-12,10:00,2024-02-12 10:00:00,Clear,Truck,high
589,12.969884,80.255952,Mount Road,Minor,2022-12-16,10:00,2022-12-16 10:00:00,Clear,Bus,medium
590,13.165908,80.156331,Anna Salai,Fatal,2022-07-11,05:00,2022-07-11 05:00:00,Clear,Bike,high
591,13.138163,80.108908,Anna Salai,Severe,2023-11-30,06:00,2023-11-30 06:00:00,Clear,Bike,high
592,13.18327,80.247719,Anna Salai,Severe,2024-11-07,08:00,2024-11-07 08:00:00,Clear,Car,high
593,13.18626,80.217465,Anna Salai,Minor,2023-09-09,09:00,2023-09-09 09:00:00,Fog,Bike,high
594,13.073762,80.124766,Mount Road,Minor,2022-05-17,12:00,2022-05-17 12:00:00,Clear,Bike,medium
595,13.162317,80.124656,Anna Salai,Minor,2024-12-23,11:00,2024-12-23 11:00:00,Clear,Car,high
596,13.110731,80.187372,Anna Salai,Fatal,2024-08-03,18:00,2024-08-03 18:00:00,Clear,Auto,high
597,13.095613,80.101007,Mount Road,Minor,2025-01-09,08:00,2025-01-09 08:00:00,Fog,Truck,medium
598,13.020792,80.288117,Anna Salai,Minor,2024-04-25,19:00,2024-04-25 19:00:00,Clear,Car,high
599,13.121636,80.23204,Anna Salai,Minor,2023-08-08,05:00,2023-08-08 05:00:00,Fog,Auto,high
600,12.95539,80.180246,OMR,Minor,2022-03-26,10:00,2022-03-26 10:00:00,Rain,Car,medium
601,12.905585,80.295515,OMR,Severe,2023-08-19,03:00,2023-08-19 03:00:00,Rain,Car,medium
602,13.09037,80.256853,Anna Salai,Severe,2023-06-26,13:00,2023-06-26 13:00:00,Clear,Car,high
603,13.166828,80.188292,Anna Salai,Fatal,2022-07-08,06:00,2022-07-08 06:00:00,Clear,Car,high
604,12.805494,80.198562,ECR,Minor,2024-04-13,07:00,2024-04-13 07:00:00,Clear,Bus,high
605,12.921084,80.260865,OMR,Severe,2023-04-12,17:00,2023-04-12 17:00:00,Fog,Auto,medium
606,12.980328,80.276252,Mount Road,Severe,2022-12-18,14:00,2022-12-18 14:00:00,Fog,Auto,medium
607,12.905304,80.180541,OMR,Minor,2023-04-30,19:00,2023-04-30 19:00:00,Rain,Truck,medium
608,12.82229,80.258237,ECR,Fatal,2024-08-16,14:00,2024-08-16 14:00:00,Clear,Bike,high
609,12.947358,80.267337,OMR,Minor,2022-04-03,21:00,2022-04-03 21:00:00,Fog,Bus,medium
610,13.129486,80.272429,Anna Salai,Severe,2022-08-04,03:00,2022-08-04 03:00:00,Rain,Truck,high
611,12.984553,80.200492,Mount Road,Minor,2022-12-14,06:00,2022-12-14 06:00:00,Clear,Auto,medium
612,12.869719,80.283277,OMR,Minor,2022-12-04,03:00,2022-12-04 03:00:00,Clear,Truck,medium
613,13.072579,80.158956,Mount Road,Minor,2022-06-20,13:00,2022-06-20 13:00:00,Fog,Bus,medium
614,13.007842,80.263724,Mount Road,Minor,2023-06-12,05:00,2023-06-12 05:00:00,Rain,Auto,medium
615,12.826656,80.147582,ECR,Minor,2025-01-13,00:00,2025-01-13 00:00:00,Fog,Bike,high
616,13.162978,80.212145,Anna Salai,Fatal,2024-09-26,16:00,2024-09-26 16:00:00,Rain,Auto,high
617,12.979358,80.239249,Mount Road,Minor,2023-03-17,02:00,2023-03-17 02:00:00,Clear,Bus,medium
618,13.080144,80.20682,Anna Salai,Minor,2022-12-21,21:00,2022-12-21 21:00:00,Fog,Auto,high
619,12.97823,80.296513,Mount Road,Severe,2022-11-23,00:00,2022-11-23 00:00:00,Fog,Auto,medium
620,12.94675,80.135346,OMR,Severe,2023-04-29,15:00,2023-04-29 15:00:00,Fog,Truck,medium
621,12.932244,80.142896,OMR,Minor,2022-07-20,01:00,2022-07-20 01:00:00,Clear,Auto,medium
622,12.908412,80.2383,OMR,Minor,2024-11-26,19:00,2024-11-26 19:00:00,Rain,Car,medium
623,12.941891,80.217504,OMR,Minor,2023-12-24,04:00,2023-12-24 04:00:00,Fog,Car,medium
624,12.843776,80.234998,ECR,Minor,2022-11-09,16:00,2022-11-09 16:00:00,Clear,Bike,high
625,13.189908,80.29931,Anna Salai,Minor,2022-10-16,20:00,2022-10-16 20:00:00,Rain,Bus,high
626,13.110143,80.149776,Anna Salai,Fatal,2025-03-07,08:00,2025-03-07 08:00:00,Clear,Bike,high
627,12.999477,80.16754,Mount Road,Severe,2022-05-20,16:00,2022-05-20 16:00:00,Clear,Bike,medium
628,13.048128,80.262451,Anna Salai,Minor,2022-12-02,22:00,2022-12-02 22:00:00,Fog,Auto,high
629,13.03367,80.13825,Mount Road,Severe,2024-04-19,17:00,2024-04-19 17:00:00,Fog,Bus,medium
630,13.150067,80.119374,Anna Salai,Fatal,2022-03-12,16:00,2022-03-12 16:00:00,Clear,Auto,high
631,13.074748,80.294306,Anna Salai,Minor,2022-06-17,00:00,2022-06-17 00:00:00,Clear,Car,high
632,13.056623,80.116676,Mount Road,Minor,2022-12-12,04:00,2022-12-12 04:00:00,Clear,Car,medium
633,12.882682,80.172913,OMR,Minor,2024-06-04,16:00,2024-06-04 16:00:00,Fog,Truck,medium
634,13.044217,80.205497,Mount Road,Severe,2022-06-15,05:00,2022-06-15 05:00:00,Fog,Bus,medium
635,12.906835,80.18758,OMR,Minor,2023-11-17,02:00,2023-11-17 02:00:00,Fog,Truck,medium
636,13.161054,80.206634,Anna Salai,Minor,2025-01-16,14:00,2025-01-16 14:00:00,Fog,Auto,high
637,12.971415,80.159095,Mount Road,Minor,2024-01-27,14:00,2024-01-27 14:00:00,Clear,Truck,medium
638,12.803783,80.148517,ECR,Severe,2023-07-28,06:00,2023-07-28 06:00:00,Clear,Truck,high
639,13.190375,80.227212,Anna Salai,Fatal,2025-03-25,20:00,2025-03-25 20:00:00,Clear,Auto,high
640,13.009488,80.194379,Mount Road,Minor,2022-04-02,00:00,2022-04-02 00:00:00,Rain,Auto,medium
641,13.178866,80.218139,Anna Salai,Severe,2023-08-24,19:00,2023-08-24 19:00:00,Rain,Auto,high
642,13.122016,80.112614,Mount Road,Fatal,2024-01-08,06:00,2024-01-08 06:00:00,Clear,Car,medium
643,13.092468,80.114716,Mount Road,Minor,2024-05-07,13:00,2024-05-07 13:00:00,Rain,Bus,medium
644,12.948346,80.231396,OMR,Minor,2024-02-16,14:00,2024-02-16 14:00:00,Clear,Auto,medium
645,12.864064,80.143779,ECR,Fatal,2025-01-10,14:00,2025-01-10 14:00:00,Fog,Car,high
646,12.844141,80.188055,ECR,Severe,2024-02-02,01:00,2024-02-02 01:00:00,Rain,Bus,high
647,13.165116,80.162989,Anna Salai,Fatal,2024-09-02,15:00,2024-09-02 15:00:00,Fog,Bike,high
648,12.904797,80.254944,OMR,Minor,2024-08-22,08:00,2024-08-22 08:00:00,Clear,Auto,medium
649,12.987825,80.124032,Mount Road,Severe,2023-05-18,01:00,2023-05-18 01:00:00,Rain,Auto,medium
650,12.956672,80.252997,OMR,Minor,2023-03-05,22:00,2023-03-05 22:00:00,Clear,Bus,medium
651,13.140114,80.294483,Anna Salai,Minor,2023-05-06,02:00,2023-05-06 02:00:00,Clear,Bus,high
652,13.150922,80.282123,Anna Salai,Severe,2023-06-27,22:00,2023-06-27 22:00:00,Rain,Truck,high
653,12.906555,80.141124,OMR,Severe,2024-09-01,01:00,2024-09-01 01:00:00,Fog,Bike,medium
654,12.997541,80.234468,Mount Road,Severe,2024-07-27,10:00,2024-07-27 10:00:00,Fog,Bike,medium
655,12.917935,80.266571,OMR,Severe,2022-04-21,12:00,2022-04-21 12:00:00,Rain,Truck,medium
656,13.072522,80.244514,Anna Salai,Minor,2024-12-27,01:00,2024-12-27 01:00:00,Rain,Bike,high
657,12.869027,80.170917,ECR,Minor,2022-11-09,00:00,2022-11-09 00:00:00,Clear,Bus,high
658,13.144258,80.115096,Anna Salai,Minor,2023-06-06,00:00,2023-06-06 00:00:00,Rain,Bike,high
659,13.160576,80.10095,Anna Salai,Severe,2025-01-25,19:00,2025-01-25 19:00:00,Clear,Car,high
660,13.125641,80.270732,Anna Salai,Severe,2024-11-15,06:00,2024-11-15 06:00:00,Fog,Truck,high
661,12.900436,80.256927,OMR,Minor,2023-08-14,12:00,2023-08-14 12:00:00,Fog,Auto,medium
662,12.858275,80.142778,ECR,Fatal,2023-03-22,11:00,2023-03-22 11:00:00,Clear,Auto,high
663,12.813662,80.121273,ECR,Severe,2024-03-28,00:00,2024-03-28 00:00:00,Fog,Bus,high
664,12.830269,80.185378,ECR,Minor,2023-06-06,13:00,2023-06-06 13:00:00,Fog,Auto,high
665,13.176686,80.167788,Anna Salai,Minor,2024-11-30,19:00,2024-11-30 19:00:00,Clear,Bus,high
666,12.872029,80.134123,ECR,Minor,2022-01-08,00:00,2022-01-08 00:00:00,Clear,Bike,high
667,13.146157,80.216694,Anna Salai,Fatal,2022-01-03,09:00,2022-01-03 09:00:00,Rain,Car,high
668,12.816074,80.262722,ECR,Severe,2024-11-09,03:00,2024-11-09 03:00:00,Rain,Auto,high
669,13.035809,80.170197,Mount Road,Fatal,2022-02-22,09:00,2022-02-22 09:00:00,Rain,Truck,medium
670,12.800328,80.212585,ECR,Minor,2023-12-19,06:00,2023-12-19 06:00:00,Fog,Bike,high
671,13.106379,80.121158,Mount Road,Severe,2023-10-26,02:00,2023-10-26 02:00:00,Clear,Truck,medium
672,13.019017,80.244442,Mount Road,Severe,2022-10-28,06:00,2022-10-28 06:00:00,Rain,Car,medium
673,13.121331,80.152805,Anna Salai,Severe,2024-11-24,10:00,2024-11-24 10:00:00,Clear,Truck,high
674,12.995069,80.185781,Mount Road,Severe,2024-11-29,18:00,2024-11-29 18:00:00,Rain,Auto,medium
675,13.103214,80.220878,Anna Salai,Minor,2022-02-23,11:00,2022-02-23 11:00:00,Fog,Bus,high
676,12.817179,80.168162,ECR,Severe,2024-02-28,10:00,2024-02-28 10:00:00,Rain,Auto,high
677,12.966211,80.231067,Mount Road,Minor,2023-08-30,06:00,2023-08-30 06:00:00,Clear,Bus,medium
678,12.936025,80.262786,OMR,Minor,2024-06-26,12:00,2024-06-26 12:00:00,Fog,Bus,medium
679,12.829566,80.202482,ECR,Fatal,2024-08-24,18:00,2024-08-24 18:00:00,Clear,Auto,high
680,13.118749,80.149829,Anna Salai,Minor,2023-06-03,01:00,2023-06-03 01:00:00,Rain,Bus,high
681,13.161004,80.215234,Anna Salai,Minor,2024-04-18,10:00,2024-04-18 10:00:00,Rain,Truck,high
682,13.12658,80.120888,Anna Salai,Fatal,2024-03-08,20:00,2024-03-08 20:00:00,Rain,Auto,high
683,13.132048,80.246179,Anna Salai,Minor,2023-03-23,19:00,2023-03-23 19:00:00,Clear,Bus,high
684,12.977494,80.105521,Mount Road,Fatal,2023-11-18,12:00,2023-11-18 12:00:00,Fog,Auto,medium
685,12.956919,80.248972,OMR,Minor,2024-06-11,19:00,2024-06-11 19:00:00,Rain,Auto,medium
686,13.174804,80.142827,Anna Salai,Severe,2022-03-02,14:00,2022-03-02 14:00:00,Clear,Car,high
687,12.857109,80.126846,ECR,Severe,2024-09-03,19:00,2024-09-03 19:00:00,Clear,Auto,high
688,13.015057,80.245216,Mount Road,Severe,2023-01-31,10:00,2023-01-31 10:00:00,Rain,Bike,medium
689,12.881615,80.126654,OMR,Fatal,2024-12-21,03:00,2024-12-21 03:00:00,Rain,Truck,medium
690,13.129522,80.106106,Mount Road,Fatal,2023-02-05,08:00,2023-02-05 08:00:00,Fog,Car,medium
691,12.901189,80.148122,OMR,Severe,2023-04-27,19:00,2023-04-27 19:00:00,Clear,Truck,medium
692,13.111531,80.116303,Mount Road,Minor,2023-12-27,00:00,2023-12-27 00:00:00,Clear,Bike,medium
693,12.909958,80.241515,OMR,Severe,2022-02-23,19:00,2022-02-23 19:00:00,Rain,Truck,medium
694,13.177969,80.157725,Anna Salai,Minor,2023-05-01,04:00,2023-05-01 04:00:00,Rain,Car,high
695,12.94741,80.228573,OMR,Severe,2023-11-25,20:00,2023-11-25 20:00:00,Fog,Auto,medium
696,13.193623,80.18198,Anna Salai,Minor,2022-12-12,12:00,2022-12-12 12:00:00,Rain,Car,high
697,13.041367,80.159813,Mount Road,Minor,2022-01-23,05:00,2022-01-23 05:00:00,Fog,Car,medium
698,13.014649,80.148693,Mount Road,Severe,2022-04-20,07:00,2022-04-20 07:00:00,Clear,Auto,medium
699,12.996384,80.194442,Mount Road,Severe,2022-12-11,03:00,2022-12-11 03:00:00,Fog,Auto,medium
700,13.173737,80.239311,Anna Salai,Minor,2024-07-06,07:00,2024-07-06 07:00:00,Fog,Bus,high
701,13.067617,80.271861,Anna Salai,Severe,2022-03-06,02:00,2022-03-06 02:00:00,Rain,Bus,high
702,12.83104,80.182448,ECR,Severe,2022-08-22,11:00,2022-08-22 11:00:00,Rain,Car,high
703,12.819679,80.125141,ECR,Fatal,2022-10-17,16:00,2022-10-17 16:00:00,Clear,Truck,high
704,12.90381,80.265489,OMR,Minor,2023-09-08,11:00,2023-09-08 11:00:00,Clear,Bike,medium
705,12.918304,80.275596,OMR,Minor,2024-06-29,01:00,2024-06-29 01:00:00,Clear,Auto,medium
706,13.044535,80.250072,Anna Salai,Severe,2023-06-08,08:00,2023-06-08 08:00:00,Fog,Truck,high
707,12.984466,80.279952,Mount Road,Severe,2022-05-24,19:00,2022-05-24 19:00:00,Clear,Bike,medium
708,13.148936,80.255732,Anna Salai,Minor,2023-05-18,18:00,2023-05-18 18:00:00,Clear,Truck,high
709,12.948599,80.160574,OMR,Minor,2023-09-26,18:00,2023-09-26 18:00:00,Rain,Bus,medium
710,12.888697,80.273382,OMR,Minor,2024-06-07,20:00,2024-06-07 20:00:00,Fog,Bike,medium
711,13.090077,80.156785,Mount Road,Fatal,2024-10-18,12:00,2024-10-18 12:00:00,Clear,Car,medium
712,12.876447,80.249683,OMR,Minor,2023-07-29,16:00,2023-07-29 16:00:00,Fog,Truck,medium
713,12.952264,80.188725,OMR,Minor,2023-11-07,00:00,2023-11-07 00:00:00,Fog,Truck,medium
714,13.13497,80.171664,Anna Salai,Fatal,2022-07-24,08:00,2022-07-24 08:00:00,Clear,Bike,high
715,12.97267,80.135841,Mount Road,Minor,2023-12-03,20:00,2023-12-03 20:00:00,Clear,Bus,medium
716,12.836164,80.270189,ECR,Minor,2023-10-08,07:00,2023-10-08 07:00:00,Fog,Auto,high
717,13.120348,80.290025,Anna Salai,Minor,2022-04-21,00:00,2022-04-21 00:00:00,Rain,Car,high
718,13.132088,80.161247,Anna Salai,Minor,2025-02-20,06:00,2025-02-20 06:00:00,Rain,Truck,high
719,13.054735,80.128024,Mount Road,Minor,2023-12-20,18:00,2023-12-20 18:00:00,Fog,Truck,medium
720,13.03324,80.223743,Mount Road,Minor,2024-12-19,07:00,2024-12-19 07:00:00,Rain,Bus,medium
721,13.138819,80.141277,Anna Salai,Severe,2024-05-28,11:00,2024-05-28 11:00:00,Fog,Bike,high
722,12.809371,80.123588,ECR,Minor,2023-10-07,05:00,2023-10-07 05:00:00,Clear,Auto,high
723,13.055637,80.105365,Mount Road,Minor,2022-02-21,22:00,2022-02-21 22:00:00,Fog,Auto,medium
724,13.096069,80.200814,Anna Salai,Minor,2025-04-01,23:00,2025-04-01 23:00:00,Clear,Bike,high
725,13.13826,80.259491,Anna Salai,Minor,2022-02-25,01:00,2022-02-25 01:00:00,Rain,Truck,high
726,13.131525,80.114963,Anna Salai,Minor,2024-10-06,05:00,2024-10-06 05:00:00,Fog,Bike,high
727,13.166052,80.216448,Anna Salai,Fatal,2024-04-16,04:00,2024-04-16 04:00:00,Rain,Auto,high
728,13.062486,80.134961,Mount Road,Minor,2022-08-30,05:00,2022-08-30 05:00:00,Clear,Bike,medium
729,13.089662,80.174393,Anna Salai,Severe,2024-06-12,09:00,2024-06-12 09:00:00,Clear,Car,high
730,12.906455,80.268365,OMR,Minor,2022-11-14,09:00,2022-11-14 09:00:00,Clear,Auto,medium
731,13.089186,80.225706,Anna Salai,Fatal,2023-10-01,21:00,2023-10-01 21:00:00,Fog,Car,high
732,13.080444,80.118655,Mount Road,Minor,2024-02-09,01:00,2024-02-09 01:00:00,Rain,Car,medium
733,13.001562,80.278283,Mount Road,Severe,2022-01-28,00:00,2022-01-28 00:00:00,Fog,Truck,medium
734,12.882736,80.124834,OMR,Severe,2023-12-25,22:00,2023-12-25 22:00:00,Clear,Truck,medium
735,13.179112,80.17807,Anna Salai,Minor,2024-02-26,11:00,2024-02-26 11:00:00,Rain,Car,high
736,13.108774,80.129999,Mount Road,Fatal,2024-02-08,17:00,2024-02-08 17:00:00,Fog,Truck,medium
737,12.817781,80.109314,ECR,Minor,2024-11-04,20:00,2024-11-04 20:00:00,Clear,Truck,high
738,12.951208,80.229214,OMR,Minor,2022-11-03,01:00,2022-11-03 01:00:00,Rain,Car,medium
739,13.156342,80.133357,Anna Salai,Severe,2022-06-02,10:00,2022-06-02 10:00:00,Fog,Auto,high
740,12.944302,80.129298,OMR,Severe,2023-07-18,15:00,2023-07-18 15:00:00,Rain,Car,medium
741,12.830335,80.237824,ECR,Minor,2023-09-15,00:00,2023-09-15 00:00:00,Fog,Auto,high
742,13.062826,80.282181,Anna Salai,Minor,2024-09-07,17:00,2024-09-07 17:00:00,Fog,Truck,high
743,13.087782,80.234596,Anna Salai,Minor,2023-10-15,00:00,2023-10-15 00:00:00,Rain,Car,high
744,13.132167,80.118847,Anna Salai,Minor,2024-08-07,11:00,2024-08-07 11:00:00,Clear,Car,high
745,12.809467,80.166282,ECR,Minor,2023-08-26,03:00,2023-08-26 03:00:00,Fog,Car,high
746,12.994285,80.19041,Mount Road,Fatal,2025-04-08,00:00,2025-04-08 00:00:00,Rain,Car,medium
747,13.0745,80.173078,Mount Road,Fatal,2022-06-19,11:00,2022-06-19 11:00:00,Clear,Auto,medium
748,12.840759,80.235226,ECR,Minor,2022-02-22,23:00,2022-02-22 23:00:00,Clear,Truck,high
749,12.898973,80.124526,OMR,Minor,2024-06-14,15:00,2024-06-14 15:00:00,Clear,Auto,medium
750,13.069032,80.259931,Anna Salai,Minor,2022-02-10,00:00,2022-02-10 00:00:00,Rain,Bike,high
751,13.06324,80.159052,Mount Road,Severe,2022-08-09,23:00,2022-08-09 23:00:00,Fog,Bus,medium
752,12.927461,80.148145,OMR,Minor,2022-08-14,13:00,2022-08-14 13:00:00,Fog,Truck,medium
753,13.052805,80.237248,Anna Salai,Minor,2025-04-02,18:00,2025-04-02 18:00:00,Clear,Auto,high
754,13.002196,80.146,Mount Road,Severe,2024-09-12,03:00,2024-09-12 03:00:00,Fog,Truck,medium
755,12.877946,80.215993,OMR,Severe,2024-04-09,13:00,2024-04-09 13:00:00,Clear,Truck,medium
756,13.190167,80.115243,Anna Salai,Minor,2023-05-18,04:00,2023-05-18 04:00:00,Rain,Bike,high
757,13.095916,80.223158,Anna Salai,Minor,2023-08-21,08:00,2023-08-21 08:00:00,Fog,Truck,high
758,12.88571,80.26429,OMR,Minor,2024-05-17,00:00,2024-05-17 00:00:00,Fog,Bus,medium
759,12.878088,80.253026,OMR,Fatal,2024-05-21,03:00,2024-05-21 03:00:00,Rain,Auto,medium
760,12.815513,80.200707,ECR,Fatal,2024-08-13,10:00,2024-08-13 10:00:00,Clear,Car,high
761,13.157348,80.197923,Anna Salai,Fatal,2025-01-10,18:00,2025-01-10 18:00:00,Clear,Bike,high
762,12.90624,80.241547,OMR,Severe,2023-06-12,19:00,2023-06-12 19:00:00,Fog,Bus,medium
763,12.910101,80.179989,OMR,Fatal,2022-05-31,05:00,2022-05-31 05:00:00,Fog,Bike,medium
764,13.056708,80.246617,Anna Salai,Fatal,2023-04-16,23:00,2023-04-16 23:00:00,Rain,Bike,high
765,12.817928,80.195278,ECR,Minor,2022-10-02,04:00,2022-10-02 04:00:00,Fog,Car,high
766,12.812437,80.226885,ECR,Minor,2025-03-27,10:00,2025-03-27 10:00:00,Rain,Auto,high
767,13.028486,80.12801,Mount Road,Fatal,2022-10-06,00:00,2022-10-06 00:00:00,Fog,Bike,medium
768,13.024906,80.246376,Mount Road,Severe,2024-05-16,12:00,2024-05-16 12:00:00,Fog,Bike,medium
769,13.034875,80.213271,Mount Road,Severe,2023-07-16,02:00,2023-07-16 02:00:00,Clear,Bus,medium
770,13.131202,80.297242,Anna Salai,Minor,2022-03-12,18:00,2022-03-12 18:00:00,Rain,Bike,high
771,12.912108,80.226275,OMR,Minor,2024-10-03,02:00,2024-10-03 02:00:00,Clear,Bus,medium
772,13.168663,80.128246,Anna Salai,Minor,2023-10-19,17:00,2023-10-19 17:00:00,Fog,Truck,high
773,12.926157,80.209326,OMR,Minor,2024-02-14,06:00,2024-02-14 06:00:00,Rain,Bus,medium
774,13.0244,80.223243,Mount Road,Fatal,2022-11-06,19:00,2022-11-06 19:00:00,Clear,Bike,medium
775,12.969937,80.235117,Mount Road,Fatal,2024-01-17,04:00,2024-01-17 04:00:00,Clear,Bike,medium
776,13.105874,80.28423,Anna Salai,Minor,2024-04-17,20:00,2024-04-17 20:00:00,Rain,Bike,high
777,13.112975,80.199933,Anna Salai,Minor,2022-04-26,22:00,2022-04-26 22:00:00,Clear,Bus,high
778,12.806998,80.206946,ECR,Minor,2024-02-26,11:00,2024-02-26 11:00:00,Fog,Car,high
779,12.848674,80.261952,ECR,Minor,2023-05-30,20:00,2023-05-30 20:00:00,Clear,Bus,high
780,12.851443,80.205803,ECR,Minor,2023-06-05,10:00,2023-06-05 10:00:00,Clear,Bus,high
781,13.176228,80.186923,Anna Salai,Minor,2022-08-29,15:00,2022-08-29 15:00:00,Fog,Auto,high
782,13.177849,80.114908,Anna Salai,Severe,2023-03-03,13:00,2023-03-03 13:00:00,Rain,Auto,high
783,12.873369,80.104395,ECR,Minor,2024-11-23,04:00,2024-11-23 04:00:00,Rain,Bike,high
784,13.030113,80.210738,Mount Road,Severe,2023-01-11,15:00,2023-01-11 15:00:00,Rain,Auto,medium
785,13.155148,80.158062,Anna Salai,Severe,2022-04-09,20:00,2022-04-09 20:00:00,Clear,Car,high
786,12.842401,80.248851,ECR,Minor,2023-01-18,03:00,2023-01-18 03:00:00,Fog,Car,high
787,12.855413,80.115938,ECR,Minor,2022-03-20,12:00,2022-03-20 12:00:00,Fog,Bus,high
788,13.124067,80.226184,Anna Salai,Severe,2023-06-26,02:00,2023-06-26 02:00:00,Clear,Auto,high
789,13.094356,80.291078,Anna Salai,Severe,2023-04-18,00:00,2023-04-18 00:00:00,Clear,Truck,high
790,13.183117,80.261954,Anna Salai,Minor,2022-10-03,16:00,2022-10-03 16:00:00,Clear,Car,high
791,13.127236,80.250878,Anna Salai,Minor,2023-06-29,02:00,2023-06-29 02:00:00,Fog,Bus,high
792,12.974985,80.113063,Mount Road,Fatal,2023-01-04,06:00,2023-01-04 06:00:00,Rain,Car,medium
793,13.115064,80.137086,Anna Salai,Minor,2022-07-22,07:00,2022-07-22 07:00:00,Fog,Car,high
794,13.193415,80.240279,Anna Salai,Minor,2025-03-28,19:00,2025-03-28 19:00:00,Clear,Car,high
795,12.848052,80.217394,ECR,Minor,2022-04-30,18:00,2022-04-30 18:00:00,Clear,Bike,high
796,12.831447,80.288248,ECR,Minor,2023-07-02,04:00,2023-07-02 04:00:00,Fog,Truck,high
797,12.858387,80.268921,ECR,Severe,2024-06-01,13:00,2024-06-01 13:00:00,Rain,Bus,high
798,13.079455,80.145256,Mount Road,Fatal,2022-02-02,15:00,2022-02-02 15:00:00,Fog,Bus,medium
799,13.025153,80.290321,Anna Salai,Fatal,2023-05-18,12:00,2023-05-18 12:00:00,Rain,Bus,high
800,13.097919,80.267971,Anna Salai,Minor,2023-09-30,01:00,2023-09-30 01:00:00,Rain,Truck,high
801,12.866693,80.203994,ECR,Fatal,2025-03-21,05:00,2025-03-21 05:00:00,Clear,Bus,high
802,13.147743,80.284721,Anna Salai,Fatal,2023-11-05,13:00,2023-11-05 13:00:00,Fog,Truck,high
803,13.178429,80.123177,Anna Salai,Fatal,2022-01-07,20:00,2022-01-07 20:00:00,Fog,Auto,high
804,13.121171,80.166994,Anna Salai,Minor,2022-06-08,11:00,2022-06-08 11:00:00,Clear,Bus,high
805,12.840995,80.14852,ECR,Minor,2023-12-09,10:00,2023-12-09 10:00:00,Rain,Truck,high
806,12.943783,80.271495,OMR,Minor,2023-01-21,06:00,2023-01-21 06:00:00,Rain,Truck,medium
807,13.098836,80.239309,Anna Salai,Fatal,2023-05-29,21:00,2023-05-29 21:00:00,Rain,Bike,high
808,13.149261,80.103419,Anna Salai,Minor,2023-03-26,21:00,2023-03-26 21:00:00,Rain,Car,high
809,12.800782,80.185838,ECR,Severe,2022-02-02,08:00,2022-02-02 08:00:00,Clear,Truck,high
810,13.128761,80.276771,Anna Salai,Minor,2023-11-15,01:00,2023-11-15 01:00:00,Clear,Truck,high
811,12.831533,80.116534,ECR,Minor,2024-02-16,22:00,2024-02-16 22:00:00,Fog,Bus,high
812,13.055457,80.117927,Mount Road,Severe,2023-04-20,07:00,2023-04-20 07:00:00,Clear,Car,medium
813,13.118329,80.239739,Anna Salai,Minor,2024-12-03,17:00,2024-12-03 17:00:00,Fog,Bus,high
814,12.904452,80.132491,OMR,Severe,2022-10-07,07:00,2022-10-07 07:00:00,Clear,Truck,medium
815,13.107187,80.137322,Mount Road,Severe,2024-02-14,13:00,2024-02-14 13:00:00,Fog,Truck,medium
816,12.882114,80.191765,OMR,Minor,2024-08-19,10:00,2024-08-19 10:00:00,Fog,Truck,medium
817,12.809487,80.259562,ECR,Severe,2023-10-04,09:00,2023-10-04 09:00:00,Clear,Car,high
818,13.019482,80.11662,Mount Road,Severe,2023-08-16,00:00,2023-08-16 00:00:00,Clear,Car,medium
819,13.062449,80.25601,Anna Salai,Severe,2024-09-06,11:00,2024-09-06 11:00:00,Clear,Bus,high
820,13.001722,80.223465,Mount Road,Minor,2023-02-11,11:00,2023-02-11 11:00:00,Clear,Auto,medium
821,12.801511,80.181234,ECR,Minor,2024-02-29,19:00,2024-02-29 19:00:00,Rain,Bike,high
822,12.808191,80.293183,ECR,Minor,2022-05-28,09:00,2022-05-28 09:00:00,Fog,Truck,high
823,12.888962,80.116751,OMR,Minor,2023-08-10,14:00,2023-08-10 14:00:00,Fog,Bus,medium
824,12.916598,80.295059,OMR,Minor,2023-12-29,23:00,2023-12-29 23:00:00,Rain,Bus,medium
825,12.972974,80.174092,Mount Road,Minor,2022-06-22,11:00,2022-06-22 11:00:00,Clear,Car,medium
826,12.812376,80.270596,ECR,Minor,2024-11-23,15:00,2024-11-23 15:00:00,Clear,Bus,high
827,13.063656,80.222595,Anna Salai,Minor,2023-11-19,09:00,2023-11-19 09:00:00,Rain,Truck,high
828,12.814841,80.251199,ECR,Minor,2023-04-21,02:00,2023-04-21 02:00:00,Rain,Bus,high
829,13.116773,80.126954,Anna Salai,Minor,2023-03-01,01:00,2023-03-01 01:00:00,Clear,Bus,high
830,12.812884,80.252648,ECR,Fatal,2024-12-31,15:00,2024-12-31 15:00:00,Fog,Auto,high
831,13.046123,80.225965,Anna Salai,Severe,2024-01-25,17:00,2024-01-25 17:00:00,Rain,Car,high
832,13.038511,80.117667,Mount Road,Minor,2022-04-30,22:00,2022-04-30 22:00:00,Clear,Auto,medium
833,13.196273,80.296287,Anna Salai,Minor,2023-04-24,23:00,2023-04-24 23:00:00,Clear,Bus,high
834,13.180216,80.171662,Anna Salai,Minor,2023-02-26,12:00,2023-02-26 12:00:00,Rain,Bike,high
835,13.009107,80.261191,Mount Road,Minor,2024-03-12,23:00,2024-03-12 23:00:00,Fog,Bus,medium
836,13.125191,80.167623,Anna Salai,Minor,2025-03-26,02:00,2025-03-26 02:00:00,Fog,Auto,high
837,12.893003,80.238972,OMR,Minor,2024-02-06,10:00,2024-02-06 10:00:00,Fog,Truck,medium
838,13.163786,80.256639,Anna Salai,Fatal,2022-05-05,21:00,2022-05-05 21:00:00,Fog,Auto,high
839,12.994957,80.201406,Mount Road,Severe,2022-05-14,15:00,2022-05-14 15:00:00,Fog,Bus,medium
840,13.080232,80.131154,Mount Road,Severe,2022-07-26,00:00,2022-07-26 00:00:00,Fog,Bus,medium
841,12.87271,80.136728,ECR,Minor,2022-04-30,22:00,2022-04-30 22:00:00,Rain,Car,high
842,13.095197,80.154196,Mount Road,Minor,2022-01-02,08:00,2022-01-02 08:00:00,Clear,Car,medium
843,13.156855,80.14827,Anna Salai,Minor,2023-06-06,13:00,2023-06-06 13:00:00,Fog,Truck,high
844,13.105195,80.188055,Anna Salai,Minor,2025-04-05,23:00,2025-04-05 23:00:00,Rain,Truck,high
845,13.107723,80.157639,Anna Salai,Severe,2023-02-07,17:00,2023-02-07 17:00:00,Rain,Bike,high
846,12.906363,80.241672,OMR,Minor,2024-05-05,15:00,2024-05-05 15:00:00,Clear,Bus,medium
847,13.114218,80.196128,Anna Salai,Severe,2024-01-26,19:00,2024-01-26 19:00:00,Clear,Car,high
848,13.142006,80.215367,Anna Salai,Minor,2024-11-19,08:00,2024-11-19 08:00:00,Rain,Auto,high
849,12.819746,80.138439,ECR,Minor,2025-01-11,15:00,2025-01-11 15:00:00,Fog,Bus,high
850,12.848401,80.135934,ECR,Minor,2024-11-14,02:00,2024-11-14 02:00:00,Clear,Bike,high
851,13.059899,80.213344,Anna Salai,Minor,2024-03-29,14:00,2024-03-29 14:00:00,Clear,Truck,high
852,12.845778,80.167839,ECR,Severe,2023-05-29,06:00,2023-05-29 06:00:00,Clear,Auto,high
853,13.011998,80.103842,Mount Road,Minor,2024-09-23,05:00,2024-09-23 05:00:00,Fog,Bike,medium
854,13.033226,80.136025,Mount Road,Minor,2024-07-20,04:00,2024-07-20 04:00:00,Rain,Auto,medium
855,12.941019,80.24415,OMR,Minor,2024-04-27,18:00,2024-04-27 18:00:00,Fog,Bike,medium
856,12.866485,80.223521,ECR,Severe,2022-03-12,16:00,2022-03-12 16:00:00,Clear,Bike,high
857,12.924624,80.158824,OMR,Fatal,2022-01-02,01:00,2022-01-02 01:00:00,Clear,Car,medium
858,13.083493,80.234633,Anna Salai,Severe,2024-12-14,07:00,2024-12-14 07:00:00,Clear,Auto,high
859,13.167691,80.243075,Anna Salai,Severe,2024-02-10,14:00,2024-02-10 14:00:00,Fog,Car,high
860,12.936386,80.241983,OMR,Fatal,2024-09-20,12:00,2024-09-20 12:00:00,Fog,Truck,medium
861,13.017095,80.221562,Mount Road,Severe,2022-09-29,11:00,2022-09-29 11:00:00,Rain,Truck,medium
862,13.050938,80.281228,Anna Salai,Minor,2022-02-09,23:00,2022-02-09 23:00:00,Rain,Bus,high
863,13.123045,80.148689,Anna Salai,Severe,2025-02-01,12:00,2025-02-01 12:00:00,Rain,Car,high
864,13.135944,80.135927,Anna Salai,Minor,2023-11-15,19:00,2023-11-15 19:00:00,Rain,Auto,high
865,13.063099,80.228853,Anna Salai,Minor,2023-04-02,11:00,2023-04-02 11:00:00,Fog,Truck,high
866,13.191588,80.183222,Anna Salai,Fatal,2024-07-15,13:00,2024-07-15 13:00:00,Clear,Car,high
867,12.810332,80.237123,ECR,Minor,2023-05-19,13:00,2023-05-19 13:00:00,Fog,Bike,high
868,12.92935,80.201991,OMR,Minor,2022-08-26,03:00,2022-08-26 03:00:00,Clear,Bus,medium
869,13.152273,80.264406,Anna Salai,Minor,2023-10-17,21:00,2023-10-17 21:00:00,Clear,Auto,high
870,12.918477,80.208836,OMR,Minor,2023-10-05,12:00,2023-10-05 12:00:00,Rain,Truck,medium
871,12.901373,80.240392,OMR,Minor,2023-04-27,10:00,2023-04-27 10:00:00,Fog,Truck,medium
872,12.94901,80.272534,OMR,Fatal,2024-09-06,16:00,2024-09-06 16:00:00,Fog,Auto,medium
873,13.123434,80.276577,Anna Salai,Minor,2024-09-28,08:00,2024-09-28 08:00:00,Rain,Auto,high
874,12.854779,80.217248,ECR,Severe,2022-06-03,14:00,2022-06-03 14:00:00,Rain,Car,high
875,12.957745,80.233285,OMR,Minor,2024-04-19,03:00,2024-04-19 03:00:00,Rain,Bike,medium
876,12.882418,80.203158,OMR,Severe,2023-01-09,17:00,2023-01-09 17:00:00,Rain,Car,medium
877,12.80445,80.2964,ECR,Minor,2024-06-16,18:00,2024-06-16 18:00:00,Fog,Bike,high
878,13.186402,80.120472,Anna Salai,Minor,2022-01-08,01:00,2022-01-08 01:00:00,Rain,Bus,high
879,13.107768,80.165562,Anna Salai,Fatal,2023-09-30,18:00,2023-09-30 18:00:00,Fog,Truck,high
880,13.191947,80.197908,Anna Salai,Severe,2023-09-14,22:00,2023-09-14 22:00:00,Fog,Truck,high
881,13.181448,80.12048,Anna Salai,Minor,2022-05-15,04:00,2022-05-15 04:00:00,Clear,Truck,high
882,12.854975,80.142989,ECR,Severe,2023-07-21,12:00,2023-07-21 12:00:00,Rain,Bus,high
883,13.06439,80.236755,Anna Salai,Severe,2023-08-12,01:00,2023-08-12 01:00:00,Fog,Auto,high
884,13.168757,80.164926,Anna Salai,Fatal,2024-12-22,23:00,2024-12-22 23:00:00,Clear,Auto,high
885,12.812753,80.191619,ECR,Minor,2022-12-29,11:00,2022-12-29 11:00:00,Fog,Truck,high
886,12.904113,80.144893,OMR,Fatal,2025-04-13,04:00,2025-04-13 04:00:00,Rain,Bus,medium
887,12.824304,80.231344,ECR,Minor,2023-09-25,07:00,2023-09-25 07:00:00,Fog,Bus,high
888,12.889997,80.161407,OMR,Minor,2024-04-17,17:00,2024-04-17 17:00:00,Rain,Bike,medium
889,12.838996,80.122011,ECR,Minor,2024-08-29,00:00,2024-08-29 00:00:00,Fog,Car,high
890,13.16345,80.183127,Anna Salai,Fatal,2022-05-29,04:00,2022-05-29 04:00:00,Rain,Bus,high
891,12.957,80.144806,Mount Road,Severe,2023-01-16,23:00,2023-01-16 23:00:00,Clear,Bus,medium
892,13.124228,80.203327,Anna Salai,Fatal,2023-08-19,03:00,2023-08-19 03:00:00,Rain,Truck,high
893,12.904834,80.288228,OMR,Minor,2023-03-21,14:00,2023-03-21 14:00:00,Rain,Truck,medium
894,12.977456,80.259942,Mount Road,Minor,2022-08-01,12:00,2022-08-01 12:00:00,Clear,Truck,medium
895,13.138602,80.197139,Anna Salai,Severe,2024-08-21,17:00,2024-08-21 17:00:00,Fog,Auto,high
896,12.892278,80.159791,OMR,Minor,2023-01-04,09:00,2023-01-04 09:00:00,Rain,Bike,medium
897,12.809452,80.29079,ECR,Severe,2025-01-07,08:00,2025-01-07 08:00:00,Rain,Bus,high
898,12.882826,80.13918,OMR,Severe,2024-06-11,00:00,2024-06-11 00:00:00,Clear,Auto,medium
899,12.814463,80.272871,ECR,Minor,2022-07-09,22:00,2022-07-09 22:00:00,Clear,Car,high
900,12.986297,80.109566,Mount Road,Minor,2022-05-19,18:00,2022-05-19 18:00:00,Rain,Car,medium
901,12.906044,80.187186,OMR,Minor,2022-07-24,21:00,2022-07-24 21:00:00,Fog,Bike,medium
902,12.955207,80.154385,OMR,Severe,2023-02-24,05:00,2023-02-24 05:00:00,Fog,Car,medium
903,13.158059,80.111982,Anna Salai,Minor,2025-02-24,06:00,2025-02-24 06:00:00,Rain,Bus,high
904,12.829092,80.111005,ECR,Fatal,2024-05-22,20:00,2024-05-22 20:00:00,Clear,Bus,high
905,13.134627,80.127923,Anna Salai,Minor,2023-08-27,16:00,2023-08-27 16:00:00,Fog,Truck,high
906,13.156857,80.267444,Anna Salai,Minor,2022-11-21,09:00,2022-11-21 09:00:00,Rain,Bike,high
907,13.057524,80.252202,Anna Salai,Fatal,2025-03-23,18:00,2025-03-23 18:00:00,Rain,Bus,high
908,13.195686,80.134903,Anna Salai,Severe,2025-01-31,20:00,2025-01-31 20:00:00,Rain,Bike,high
909,12.906793,80.157973,OMR,Fatal,2025-03-09,17:00,2025-03-09 17:00:00,Rain,Bus,medium
910,13.016376,80.158952,Mount Road,Severe,2023-02-02,19:00,2023-02-02 19:00:00,Clear,Bus,medium
911,12.809695,80.198185,ECR,Severe,2024-04-18,17:00,2024-04-18 17:00:00,Rain,Car,high
912,13.088205,80.282326,Anna Salai,Minor,2024-08-09,02:00,2024-08-09 02:00:00,Fog,Auto,high
913,13.166625,80.209667,Anna Salai,Minor,2025-03-02,10:00,2025-03-02 10:00:00,Clear,Truck,high
914,12.868244,80.287826,ECR,Minor,2023-08-12,22:00,2023-08-12 22:00:00,Rain,Auto,high
915,13.145045,80.284428,Anna Salai,Minor,2023-03-04,04:00,2023-03-04 04:00:00,Fog,Bus,high
916,13.071848,80.173497,Mount Road,Minor,2023-05-28,05:00,2023-05-28 05:00:00,Clear,Bus,medium
917,13.038262,80.255106,Anna Salai,Severe,2025-02-05,00:00,2025-02-05 00:00:00,Rain,Auto,high
918,12.950121,80.289708,OMR,Minor,2024-10-17,22:00,2024-10-17 22:00:00,Fog,Bus,medium
919,13.031737,80.137616,Mount Road,Severe,2023-10-14,07:00,2023-10-14 07:00:00,Clear,Car,medium
920,12.908051,80.23863,OMR,Minor,2023-01-17,20:00,2023-01-17 20:00:00,Clear,Auto,medium
921,12.851095,80.281849,ECR,Fatal,2022-11-21,11:00,2022-11-21 11:00:00,Rain,Auto,high
922,13.16156,80.241501,Anna Salai,Minor,2022-07-19,22:00,2022-07-19 22:00:00,Fog,Bus,high
923,13.148083,80.20526,Anna Salai,Severe,2025-01-27,16:00,2025-01-27 16:00:00,Fog,Car,high
924,12.861826,80.265206,ECR,Minor,2024-05-27,08:00,2024-05-27 08:00:00,Rain,Truck,high
925,12.819469,80.255978,ECR,Severe,2024-07-03,04:00,2024-07-03 04:00:00,Fog,Car,high
926,12.853384,80.231214,ECR,Severe,2023-04-11,11:00,2023-04-11 11:00:00,Fog,Truck,high
927,13.067306,80.171061,Mount Road,Minor,2023-05-30,21:00,2023-05-30 21:00:00,Fog,Auto,medium
928,13.07303,80.266979,Anna Salai,Severe,2023-08-12,02:00,2023-08-12 02:00:00,Clear,Car,high
929,12.905419,80.203586,OMR,Fatal,2025-02-19,13:00,2025-02-19 13:00:00,Clear,Car,medium
930,13.035763,80.184323,Mount Road,Minor,2022-08-19,17:00,2022-08-19 17:00:00,Rain,Auto,medium
931,12.964245,80.198068,Mount Road,Minor,2023-02-20,19:00,2023-02-20 19:00:00,Rain,Truck,medium
932,13.178615,80.135975,Anna Salai,Fatal,2023-05-26,04:00,2023-05-26 04:00:00,Rain,Bike,high
933,13.12541,80.121223,Anna Salai,Fatal,2024-11-04,04:00,2024-11-04 04:00:00,Fog,Car,high
934,13.013712,80.226064,Mount Road,Minor,2024-02-22,19:00,2024-02-22 19:00:00,Clear,Car,medium
935,13.143461,80.193914,Anna Salai,Severe,2022-10-05,10:00,2022-10-05 10:00:00,Fog,Bus,high
936,13.030256,80.222256,Mount Road,Minor,2025-02-13,12:00,2025-02-13 12:00:00,Rain,Auto,medium
937,13.138137,80.13036,Anna Salai,Minor,2022-08-19,11:00,2022-08-19 11:00:00,Clear,Car,high
938,12.873679,80.223603,OMR,Minor,2023-04-29,01:00,2023-04-29 01:00:00,Clear,Truck,medium
939,12.840835,80.165553,ECR,Fatal,2024-07-04,09:00,2024-07-04 09:00:00,Fog,Truck,high
940,13.029539,80.127951,Mount Road,Minor,2025-01-06,06:00,2025-01-06 06:00:00,Clear,Car,medium
941,13.18513,80.150369,Anna Salai,Severe,2023-06-04,08:00,2023-06-04 08:00:00,Fog,Car,high
942,13.18451,80.114959,Anna Salai,Fatal,2024-04-10,20:00,2024-04-10 20:00:00,Fog,Auto,high
943,12.999059,80.280725,Mount Road,Minor,2025-04-06,06:00,2025-04-06 06:00:00,Fog,Truck,medium
944,13.101284,80.260183,Anna Salai,Minor,2022-07-01,07:00,2022-07-01 07:00:00,Fog,Bus,high
945,12.828066,80.192208,ECR,Fatal,2024-09-15,07:00,2024-09-15 07:00:00,Clear,Auto,high
946,12.96312,80.141377,Mount Road,Severe,2022-08-06,11:00,2022-08-06 11:00:00,Rain,Car,medium
947,13.113909,80.173946,Anna Salai,Minor,2025-02-10,23:00,2025-02-10 23:00:00,Clear,Auto,high
948,13.004054,80.11084,Mount Road,Severe,2022-08-10,00:00,2022-08-10 00:00:00,Rain,Car,medium
949,12.944178,80.167447,OMR,Minor,2022-04-14,08:00,2022-04-14 08:00:00,Rain,Truck,medium
950,13.133719,80.295573,Anna Salai,Severe,2025-04-04,21:00,2025-04-04 21:00:00,Fog,Truck,high
951,13.141473,80.199398,Anna Salai,Fatal,2022-09-30,04:00,2022-09-30 04:00:00,Clear,Auto,high
952,12.980282,80.298751,Mount Road,Severe,2022-10-03,15:00,2022-10-03 15:00:00,Fog,Bus,medium
953,13.057374,80.206391,Mount Road,Minor,2023-06-26,02:00,2023-06-26 02:00:00,Rain,Bus,medium
954,12.956114,80.273498,OMR,Minor,2025-02-03,07:00,2025-02-03 07:00:00,Fog,Bike,medium
955,12.991872,80.159856,Mount Road,Severe,2022-12-21,06:00,2022-12-21 06:00:00,Clear,Bike,medium
956,13.043795,80.214508,Mount Road,Fatal,2022-05-31,07:00,2022-05-31 07:00:00,Fog,Bus,medium
957,12.861762,80.243284,ECR,Severe,2023-11-01,00:00,2023-11-01 00:00:00,Clear,Bike,high
958,13.199351,80.168794,Anna Salai,Minor,2024-10-05,07:00,2024-10-05 07:00:00,Fog,Bike,high
959,12.897595,80.289252,OMR,Minor,2023-02-01,15:00,2023-02-01 15:00:00,Fog,Truck,medium
960,12.804229,80.13846,ECR,Minor,2023-01-15,13:00,2023-01-15 13:00:00,Clear,Bike,high
961,12.920291,80.22319,OMR,Minor,2023-01-25,14:00,2023-01-25 14:00:00,Rain,Bus,medium
962,12.833593,80.133836,ECR,Minor,2023-10-15,13:00,2023-10-15 13:00:00,Fog,Truck,high
963,13.011138,80.257375,Mount Road,Minor,2023-05-20,19:00,2023-05-20 19:00:00,Clear,Bike,medium
964,13.105337,80.260229,Anna Salai,Minor,2023-10-13,02:00,2023-10-13 02:00:00,Fog,Truck,high
965,12.846897,80.212079,ECR,Minor,2023-04-11,00:00,2023-04-11 00:00:00,Rain,Bus,high
966,12.851676,80.255975,ECR,Minor,2024-05-09,22:00,2024-05-09 22:00:00,Rain,Car,high
967,12.812397,80.250604,ECR,Fatal,2024-03-28,13:00,2024-03-28 13:00:00,Fog,Car,high
968,12.827243,80.258172,ECR,Severe,2024-07-24,05:00,2024-07-24 05:00:00,Fog,Bike,high
969,13.028293,80.196907,Mount Road,Fatal,2023-05-30,02:00,2023-05-30 02:00:00,Rain,Bus,medium
970,12.847954,80.110627,ECR,Minor,2024-08-09,10:00,2024-08-09 10:00:00,Rain,Bus,high
971,13.101919,80.266711,Anna Salai,Severe,2022-03-25,12:00,2022-03-25 12:00:00,Rain,Bike,high
972,13.043306,80.230541,Anna Salai,Fatal,2024-09-13,16:00,2024-09-13 16:00:00,Clear,Bus,high
973,12.823271,80.119758,ECR,Fatal,2024-04-16,16:00,2024-04-16 16:00:00,Rain,Bus,high
974,13.106529,80.237467,Anna Salai,Severe,2024-01-20,20:00,2024-01-20 20:00:00,Clear,Bus,high
975,12.958101,80.253549,OMR,Severe,2024-10-16,20:00,2024-10-16 20:00:00,Rain,Truck,medium
976,13.159884,80.213915,Anna Salai,Severe,2024-10-05,08:00,2024-10-05 08:00:00,Rain,Bike,high
977,12.987623,80.112318,Mount Road,Minor,2023-01-10,17:00,2023-01-10 17:00:00,Clear,Bike,medium
978,13.176195,80.149357,Anna Salai,Minor,2022-02-26,22:00,2022-02-26 22:00:00,Clear,Truck,high
979,12.942369,80.162074,OMR,Minor,2022-08-13,21:00,2022-08-13 21:00:00,Fog,Bike,medium
980,12.884835,80.121577,OMR,Minor,2024-11-09,18:00,2024-11-09 18:00:00,Clear,Bike,medium
981,13.100044,80.224497,Anna Salai,Minor,2022-10-14,09:00,2022-10-14 09:00:00,Clear,Bike,high
982,12.980086,80.151502,Mount Road,Minor,2024-03-21,19:00,2024-03-21 19:00:00,Clear,Truck,medium
983,12.831805,80.239189,ECR,Minor,2023-08-04,02:00,2023-08-04 02:00:00,Fog,Auto,high
984,13.044704,80.25399,Anna Salai,Minor,2023-12-14,01:00,2023-12-14 01:00:00,Fog,Bus,high
985,13.047579,80.260411,Anna Salai,Severe,2022-01-31,19:00,2022-01-31 19:00:00,Fog,Truck,high
986,13.000714,80.231601,Mount Road,Minor,2023-12-17,19:00,2023-12-17 19:00:00,Fog,Truck,medium
987,12.80441,80.275275,ECR,Minor,2023-01-10,13:00,2023-01-10 13:00:00,Fog,Car,high
988,12.911418,80.172785,OMR,Minor,2023-12-14,07:00,2023-12-14 07:00:00,Rain,Auto,medium
989,12.981458,80.131912,Mount Road,Severe,2025-04-12,01:00,2025-04-12 01:00:00,Clear,Car,medium
990,13.069963,80.275715,Anna Salai,Minor,2023-12-06,16:00,2023-12-06 16:00:00,Rain,Auto,high
991,13.02344,80.214437,Mount Road,Severe,2023-07-28,17:00,2023-07-28 17:00:00,Fog,Bus,medium
992,13.076606,80.157968,Mount Road,Minor,2024-01-06,20:00,2024-01-06 20:00:00,Clear,Truck,medium
993,12.981348,80.253039,Mount Road,Fatal,2022-01-13,15:00,2022-01-13 15:00:00,Rain,Bike,medium
994,13.18836,80.181674,Anna Salai,Fatal,2022-10-21,17:00,2022-10-21 17:00:00,Fog,Auto,high
995,13.16598,80.174643,Anna Salai,Minor,2023-07-28,20:00,2023-07-28 20:00:00,Rain,Bike,high
996,12.92145,80.107864,OMR,Minor,2024-09-10,14:00,2024-09-10 14:00:00,Rain,Auto,medium
997,13.154324,80.286096,Anna Salai,Severe,2023-05-04,00:00,2023-05-04 00:00:00,Fog,Bus,high
998,13.184819,80.179146,Anna Salai,Severe,2024-04-19,21:00,2024-04-19 21:00:00,Fog,Truck,high
999,12.92456,80.1695,OMR,Severe,2024-11-14,01:00,2024-11-14 01:00:00,Rain,Car,medium
1000,13.137303,80.112927,Anna Salai,Severe,2023-05-28,02:00,2023-05-28 02:00:00,Rain,Auto,high
1001,12.804088,80.191241,ECR,Severe,2022-03-12,00:00,2022-03-12 00:00:00,Fog,Car,high
1002,13.15157,80.238062,Anna Salai,Severe,2022-05-11,22:00,2022-05-11 22:00:00,Rain,Auto,high
1003,13.196671,80.114744,Anna Salai,Minor,2025-02-06,10:00,2025-02-06 10:00:00,Rain,Bus,high
1004,12.827074,80.13191,ECR,Minor,2025-02-17,19:00,2025-02-17 19:00:00,Clear,Car,high
1005,12.942687,80.173551,OMR,Minor,2023-07-04,03:00,2023-07-04 03:00:00,Rain,Truck,medium
1006,13.184485,80.191928,Anna Salai,Severe,2024-12-07,23:00,2024-12-07 23:00:00,Rain,Bike,high
1007,13.082649,80.236719,Anna Salai,Fatal,2022-10-03,17:00,2022-10-03 17:00:00,Fog,Auto,high
1008,13.042529,80.281697,Anna Salai,Fatal,2023-03-11,03:00,2023-03-11 03:00:00,Rain,Car,high
1009,13.131492,80.223459,Anna Salai,Minor,2024-08-07,11:00,2024-08-07 11:00:00,Fog,Bike,high
1010,13.166682,80.166906,Anna Salai,Severe,2024-01-31,07:00,2024-01-31 07:00:00,Clear,Auto,high
1011,12.992936,80.241523,Mount Road,Minor,2024-11-12,17:00,2024-11-12 17:00:00,Rain,Bus,medium
1012,12.912718,80.27314,OMR,Minor,2023-09-29,15:00,2023-09-29 15:00:00,Clear,Auto,medium
1013,12.840965,80.199741,ECR,Severe,2022-01-15,02:00,2022-01-15 02:00:00,Clear,Auto,high
1014,12.896553,80.297995,OMR,Minor,2022-03-15,14:00,2022-03-15 14:00:00,Fog,Bike,medium
1015,13.010861,80.291499,Anna Salai,Minor,2024-11-07,06:00,2024-11-07 06:00:00,Fog,Truck,high
1016,13.185886,80.262931,Anna Salai,Minor,2024-07-17,22:00,2024-07-17 22:00:00,Clear,Auto,high
1017,13.115744,80.107631,Mount Road,Severe,2022-06-18,10:00,2022-06-18 10:00:00,Clear,Auto,medium
1018,12.860119,80.251774,ECR,Fatal,2023-11-21,15:00,2023-11-21 15:00:00,Fog,Car,high
1019,12.998938,80.145635,Mount Road,Minor,2024-03-26,20:00,2024-03-26 20:00:00,Clear,Bus,medium
1020,12.800877,80.249289,ECR,Severe,2024-04-03,22:00,2024-04-03 22:00:00,Rain,Bus,high
1021,12.829556,80.231628,ECR,Severe,2024-08-22,12:00,2024-08-22 12:00:00,Rain,Truck,high
1022,12.829391,80.15389,ECR,Minor,2024-09-30,03:00,2024-09-30 03:00:00,Fog,Bike,high
1023,13.090865,80.149062,Mount Road,Fatal,2023-07-03,09:00,2023-07-03 09:00:00,Clear,Bus,medium
1024,13.166047,80.273016,Anna Salai,Minor,2023-09-15,21:00,2023-09-15 21:00:00,Fog,Bike,high
1025,13.082216,80.254314,Anna Salai,Severe,2022-11-12,07:00,2022-11-12 07:00:00,Fog,Auto,high
1026,12.956083,80.12766,Mount Road,Minor,2022-10-10,19:00,2022-10-10 19:00:00,Clear,Bike,medium
1027,13.125778,80.141036,Anna Salai,Fatal,2024-03-31,01:00,2024-03-31 01:00:00,Fog,Bus,high
1028,13.085225,80.269786,Anna Salai,Minor,2022-08-03,05:00,2022-08-03 05:00:00,Fog,Truck,high
1029,12.978019,80.261538,Mount Road,Severe,2023-07-17,17:00,2023-07-17 17:00:00,Fog,Bus,medium
1030,12.953783,80.201916,OMR,Severe,2025-03-24,13:00,2025-03-24 13:00:00,Fog,Truck,medium
1031,13.014423,80.204589,Mount Road,Minor,2025-01-06,11:00,2025-01-06 11:00:00,Fog,Auto,medium
1032,13.104547,80.147015,Anna Salai,Minor,2022-03-08,01:00,2022-03-08 01:00:00,Clear,Bike,high
1033,13.03915,80.231203,Mount Road,Minor,2024-06-01,11:00,2024-06-01 11:00:00,Rain,Car,medium
1034,12.83582,80.152778,ECR,Minor,2024-11-11,22:00,2024-11-11 22:00:00,Rain,Bus,high
1035,12.832635,80.160115,ECR,Minor,2024-04-09,12:00,2024-04-09 12:00:00,Rain,Bus,high
1036,13.126679,80.283754,Anna Salai,Severe,2023-10-30,21:00,2023-10-30 21:00:00,Clear,Auto,high
1037,12.964571,80.275668,OMR,Fatal,2024-04-29,02:00,2024-04-29 02:00:00,Clear,Car,medium
1038,13.138015,80.18599,Anna Salai,Fatal,2025-04-04,15:00,2025-04-04 15:00:00,Fog,Bike,high
1039,12.822547,80.235786,ECR,Minor,2024-08-12,02:00,2024-08-12 02:00:00,Rain,Car,high
1040,13.146491,80.14137,Anna Salai,Minor,2022-03-16,23:00,2022-03-16 23:00:00,Clear,Bus,high
1041,13.026783,80.2108,Mount Road,Minor,2023-09-14,17:00,2023-09-14 17:00:00,Fog,Car,medium
1042,13.195574,80.20724,Anna Salai,Minor,2024-03-23,12:00,2024-03-23 12:00:00,Fog,Car,high
1043,12.820767,80.197405,ECR,Minor,2023-07-11,21:00,2023-07-11 21:00:00,Rain,Bus,high
1044,13.025281,80.121645,Mount Road,Minor,2023-03-22,00:00,2023-03-22 00:00:00,Clear,Bus,medium
1045,12.997983,80.157433,Mount Road,Minor,2023-04-05,14:00,2023-04-05 14:00:00,Fog,Auto,medium
1046,12.97249,80.121681,Mount Road,Fatal,2022-08-11,09:00,2022-08-11 09:00:00,Clear,Auto,medium
1047,12.805088,80.117406,ECR,Fatal,2024-05-17,12:00,2024-05-17 12:00:00,Fog,Auto,high
1048,13.066581,80.280339,Anna Salai,Fatal,2022-06-10,17:00,2022-06-10 17:00:00,Fog,Truck,high
1049,12.872353,80.105055,ECR,Minor,2024-08-19,20:00,2024-08-19 20:00:00,Rain,Bike,high
1050,13.108649,80.235456,Anna Salai,Minor,2023-03-22,05:00,2023-03-22 05:00:00,Fog,Bus,high
1051,12.950887,80.197532,OMR,Fatal,2022-04-12,07:00,2022-04-12 07:00:00,Fog,Bus,medium
1052,12.926387,80.218754,OMR,Severe,2022-10-17,01:00,2022-10-17 01:00:00,Clear,Auto,medium
1053,13.02729,80.259974,Anna Salai,Severe,2024-05-10,23:00,2024-05-10 23:00:00,Clear,Car,high
1054,13.045682,80.130743,Mount Road,Minor,2022-07-05,22:00,2022-07-05 22:00:00,Clear,Auto,medium
1055,13.129933,80.280226,Anna Salai,Minor,2024-12-15,12:00,2024-12-15 12:00:00,Fog,Truck,high
1056,12.946442,80.289829,OMR,Minor,2023-08-02,06:00,2023-08-02 06:00:00,Clear,Bus,medium
1057,13.009631,80.277641,Anna Salai,Minor,2022-10-01,19:00,2022-10-01 19:00:00,Clear,Bike,high
1058,13.100773,80.262566,Anna Salai,Fatal,2022-06-21,08:00,2022-06-21 08:00:00,Fog,Bike,high
1059,12.957708,80.155542,Mount Road,Severe,2022-06-14,12:00,2022-06-14 12:00:00,Fog,Bus,medium
1060,13.177393,80.171461,Anna Salai,Minor,2025-01-07,13:00,2025-01-07 13:00:00,Clear,Truck,high
1061,13.073167,80.263245,Anna Salai,Severe,2025-02-21,09:00,2025-02-21 09:00:00,Rain,Truck,high
1062,12.959716,80.233843,OMR,Minor,2022-03-09,12:00,2022-03-09 12:00:00,Rain,Car,medium
1063,12.923534,80.113996,OMR,Minor,2024-04-15,11:00,2024-04-15 11:00:00,Rain,Truck,medium
1064,13.141514,80.100052,Anna Salai,Severe,2024-08-30,20:00,2024-08-30 20:00:00,Fog,Bike,high
1065,12.87369,80.122421,ECR,Severe,2022-06-29,22:00,2022-06-29 22:00:00,Clear,Bus,high
1066,12.901435,80.210326,OMR,Minor,2024-10-08,19:00,2024-10-08 19:00:00,Fog,Bus,medium
1067,12.807851,80.133945,ECR,Minor,2024-11-12,04:00,2024-11-12 04:00:00,Clear,Car,high
1068,12.978589,80.128314,Mount Road,Minor,2024-08-15,20:00,2024-08-15 20:00:00,Clear,Bus,medium
1069,12.860942,80.153336,ECR,Minor,2024-09-29,20:00,2024-09-29 20:00:00,Fog,Bike,high
1070,13.083738,80.257912,Anna Salai,Severe,2022-03-14,05:00,2022-03-14 05:00:00,Clear,Auto,high
1071,13.195194,80.205397,Anna Salai,Severe,2023-10-14,21:00,2023-10-14 21:00:00,Rain,Car,high
1072,13.132385,80.271048,Anna Salai,Fatal,2024-10-11,10:00,2024-10-11 10:00:00,Rain,Car,high
1073,12.808186,80.23189,ECR,Minor,2023-08-14,02:00,2023-08-14 02:00:00,Rain,Auto,high
1074,12.868091,80.168444,ECR,Severe,2023-12-16,20:00,2023-12-16 20:00:00,Clear,Car,high
1075,13.172593,80.280183,Anna Salai,Minor,2023-07-13,17:00,2023-07-13 17:00:00,Rain,Bus,high
1076,13.099441,80.222663,Anna Salai,Minor,2024-10-10,17:00,2024-10-10 17:00:00,Clear,Car,high
1077,12.816977,80.180786,ECR,Severe,2024-01-15,03:00,2024-01-15 03:00:00,Rain,Bike,high
1078,13.135274,80.158707,Anna Salai,Severe,2022-04-02,11:00,2022-04-02 11:00:00,Clear,Truck,high
1079,13.167691,80.214004,Anna Salai,Minor,2022-02-09,23:00,2022-02-09 23:00:00,Fog,Truck,high
1080,13.154787,80.262865,Anna Salai,Minor,2022-07-28,09:00,2022-07-28 09:00:00,Rain,Auto,high
1081,12.850985,80.202667,ECR,Minor,2022-01-24,06:00,2022-01-24 06:00:00,Fog,Car,high
1082,12.912228,80.110554,OMR,Minor,2022-06-22,13:00,2022-06-22 13:00:00,Rain,Auto,medium
1083,12.833075,80.131469,ECR,Minor,2024-01-03,02:00,2024-01-03 02:00:00,Clear,Bike,high
1084,12.987818,80.100186,Mount Road,Minor,2025-03-11,02:00,2025-03-11 02:00:00,Fog,Truck,medium
1085,12.898506,80.250275,OMR,Fatal,2024-05-20,14:00,2024-05-20 14:00:00,Clear,Bike,medium
1086,13.161673,80.160493,Anna Salai,Fatal,2022-09-02,07:00,2022-09-02 07:00:00,Fog,Auto,high
1087,13.131469,80.272889,Anna Salai,Severe,2023-01-02,15:00,2023-01-02 15:00:00,Clear,Bike,high
1088,13.026355,80.287258,Anna Salai,Fatal,2023-06-07,03:00,2023-06-07 03:00:00,Fog,Bike,high
1089,13.020586,80.246096,Mount Road,Fatal,2022-08-17,00:00,2022-08-17 00:00:00,Rain,Truck,medium
1090,13.182052,80.140793,Anna Salai,Minor,2024-10-29,02:00,2024-10-29 02:00:00,Fog,Truck,high
1091,12.969392,80.27353,OMR,Severe,2024-09-08,20:00,2024-09-08 20:00:00,Fog,Car,medium
1092,13.134769,80.107958,Anna Salai,Minor,2024-03-20,16:00,2024-03-20 16:00:00,Rain,Truck,high
1093,12.96331,80.26058,OMR,Minor,2022-10-17,19:00,2022-10-17 19:00:00,Rain,Auto,medium
1094,12.94063,80.113955,OMR,Minor,2022-01-10,20:00,2022-01-10 20:00:00,Clear,Car,medium
1095,12.817064,80.155796,ECR,Severe,2023-08-21,17:00,2023-08-21 17:00:00,Fog,Truck,high
1096,12.956239,80.159444,OMR,Fatal,2022-11-29,20:00,2022-11-29 20:00:00,Clear,Car,medium
1097,13.148258,80.254167,Anna Salai,Severe,2024-11-12,00:00,2024-11-12 00:00:00,Fog,Bus,high
1098,13.097173,80.239414,Anna Salai,Minor,2023-10-15,11:00,2023-10-15 11:00:00,Clear,Bus,high
1099,12.935361,80.202172,OMR,Fatal,2022-03-27,18:00,2022-03-27 18:00:00,Rain,Auto,medium
1100,13.100159,80.229863,Anna Salai,Minor,2024-11-29,09:00,2024-11-29 09:00:00,Rain,Bus,high
1101,12.88862,80.227729,OMR,Minor,2023-03-16,09:00,2023-03-16 09:00:00,Clear,Car,medium
1102,12.889073,80.142765,OMR,Minor,2023-05-27,20:00,2023-05-27 20:00:00,Clear,Car,medium
1103,12.928114,80.28121,OMR,Severe,2022-06-27,21:00,2022-06-27 21:00:00,Fog,Bike,medium
1104,13.066455,80.1495,Mount Road,Minor,2024-05-15,21:00,2024-05-15 21:00:00,Fog,Car,medium
1105,13.051224,80.23751,Anna Salai,Fatal,2024-10-10,23:00,2024-10-10 23:00:00,Fog,Car,high
1106,12.807691,80.256604,ECR,Minor,2022-07-04,02:00,2022-07-04 02:00:00,Rain,Car,high
1107,13.028476,80.109227,Mount Road,Fatal,2024-07-17,22:00,2024-07-17 22:00:00,Fog,Auto,medium
1108,12.811451,80.271258,ECR,Fatal,2023-02-24,04:00,2023-02-24 04:00:00,Clear,Bike,high
1109,13.021857,80.113525,Mount Road,Minor,2025-01-26,10:00,2025-01-26 10:00:00,Fog,Bus,medium
1110,12.905179,80.262036,OMR,Minor,2022-09-11,00:00,2022-09-11 00:00:00,Fog,Truck,medium
1111,12.851427,80.162817,ECR,Severe,2023-12-07,16:00,2023-12-07 16:00:00,Fog,Auto,high
1112,12.877517,80.204191,OMR,Minor,2022-04-22,06:00,2022-04-22 06:00:00,Rain,Truck,medium
1113,13.19904,80.101633,Anna Salai,Minor,2024-09-26,21:00,2024-09-26 21:00:00,Fog,Truck,high
1114,12.810942,80.232968,ECR,Severe,2023-07-21,18:00,2023-07-21 18:00:00,Rain,Auto,high
1115,12.996022,80.162539,Mount Road,Severe,2024-07-28,20:00,2024-07-28 20:00:00,Clear,Auto,medium
1116,13.031672,80.219153,Mount Road,Severe,2023-07-07,18:00,2023-07-07 18:00:00,Rain,Auto,medium
1117,12.845869,80.164399,ECR,Minor,2025-02-11,06:00,2025-02-11 06:00:00,Rain,Car,high
1118,13.001131,80.131695,Mount Road,Fatal,2023-06-30,00:00,2023-06-30 00:00:00,Fog,Bus,medium
1119,12.824001,80.204053,ECR,Minor,2022-05-05,22:00,2022-05-05 22:00:00,Clear,Auto,high
1120,12.858192,80.25618,ECR,Severe,2022-03-13,03:00,2022-03-13 03:00:00,Rain,Bus,high
1121,13.139299,80.178206,Anna Salai,Minor,2024-07-14,10:00,2024-07-14 10:00:00,Fog,Auto,high
1122,13.199457,80.171273,Anna Salai,Severe,2024-07-21,10:00,2024-07-21 10:00:00,Clear,Truck,high
1123,12.861005,80.157166,ECR,Minor,2024-11-17,22:00,2024-11-17 22:00:00,Rain,Car,high
1124,13.16317,80.257695,Anna Salai,Minor,2024-12-28,02:00,2024-12-28 02:00:00,Fog,Auto,high
1125,12.953116,80.278683,OMR,Minor,2024-05-14,00:00,2024-05-14 00:00:00,Clear,Bus,medium
1126,12.810814,80.225619,ECR,Minor,2025-03-14,12:00,2025-03-14 12:00:00,Clear,Bike,high
1127,12.893011,80.243153,OMR,Minor,2024-01-05,05:00,2024-01-05 05:00:00,Clear,Auto,medium
1128,13.171085,80.137781,Anna Salai,Minor,2023-12-04,08:00,2023-12-04 08:00:00,Clear,Bike,high
1129,12.842031,80.250212,ECR,Minor,2024-08-22,11:00,2024-08-22 11:00:00,Clear,Car,high
1130,12.923367,80.2431,OMR,Severe,2022-07-15,21:00,2022-07-15 21:00:00,Clear,Bus,medium
1131,13.110249,80.29243,Anna Salai,Minor,2023-02-18,09:00,2023-02-18 09:00:00,Fog,Truck,high
1132,13.083214,80.197926,Anna Salai,Minor,2022-04-25,05:00,2022-04-25 05:00:00,Clear,Bus,high
1133,12.923622,80.232595,OMR,Fatal,2025-04-04,03:00,2025-04-04 03:00:00,Rain,Car,medium
1134,13.198051,80.252289,Anna Salai,Fatal,2023-06-01,14:00,2023-06-01 14:00:00,Rain,Bus,high
1135,12.987569,80.123886,Mount Road,Minor,2024-08-26,11:00,2024-08-26 11:00:00,Fog,Truck,medium
1136,13.047646,80.275932,Anna Salai,Severe,2024-06-08,23:00,2024-06-08 23:00:00,Clear,Bike,high
1137,12.913443,80.141601,OMR,Minor,2023-02-02,21:00,2023-02-02 21:00:00,Rain,Bus,medium
1138,13.167547,80.144491,Anna Salai,Minor,2022-10-28,13:00,2022-10-28 13:00:00,Fog,Bike,high
1139,13.085478,80.236288,Anna Salai,Fatal,2024-05-27,16:00,2024-05-27 16:00:00,Fog,Bike,high
1140,12.995654,80.15983,Mount Road,Severe,2023-05-08,08:00,2023-05-08 08:00:00,Fog,Bike,medium
1141,12.898603,80.201427,OMR,Fatal,2023-03-27,18:00,2023-03-27 18:00:00,Clear,Auto,medium
1142,12.802736,80.292468,ECR,Severe,2023-06-06,08:00,2023-06-06 08:00:00,Fog,Car,high
1143,13.059092,80.256812,Anna Salai,Fatal,2025-02-11,21:00,2025-02-11 21:00:00,Clear,Bike,high
1144,13.01858,80.246944,Mount Road,Fatal,2023-02-27,05:00,2023-02-27 05:00:00,Rain,Bus,medium
1145,12.800346,80.136765,ECR,Minor,2022-03-13,12:00,2022-03-13 12:00:00,Fog,Bus,high
1146,13.045066,80.121872,Mount Road,Fatal,2025-04-13,20:00,2025-04-13 20:00:00,Clear,Bike,medium
1147,13.007118,80.123407,Mount Road,Severe,2023-07-06,14:00,2023-07-06 14:00:00,Fog,Car,medium
1148,12.970725,80.180924,Mount Road,Minor,2022-03-09,06:00,2022-03-09 06:00:00,Fog,Truck,medium
1149,12.998035,80.276088,Mount Road,Fatal,2022-02-05,02:00,2022-02-05 02:00:00,Fog,Bus,medium
1150,12.948267,80.121358,OMR,Severe,2023-05-25,09:00,2023-05-25 09:00:00,Fog,Truck,medium
1151,13.166302,80.272288,Anna Salai,Minor,2023-01-02,11:00,2023-01-02 11:00:00,Clear,Car,high
1152,12.928527,80.244401,OMR,Minor,2024-01-21,08:00,2024-01-21 08:00:00,Clear,Bus,medium
1153,12.999471,80.12691,Mount Road,Severe,2024-10-29,00:00,2024-10-29 00:00:00,Clear,Auto,medium
1154,13.089643,80.236083,Anna Salai,Minor,2024-02-09,06:00,2024-02-09 06:00:00,Fog,Bus,high
1155,12.852935,80.209461,ECR,Severe,2024-06-25,10:00,2024-06-25 10:00:00,Rain,Bike,high
1156,12.87449,80.11778,ECR,Severe,2023-08-13,16:00,2023-08-13 16:00:00,Fog,Bike,high
1157,12.912076,80.25515,OMR,Minor,2024-05-03,03:00,2024-05-03 03:00:00,Rain,Truck,medium
1158,13.176628,80.298078,Anna Salai,Minor,2023-11-16,18:00,2023-11-16 18:00:00,Fog,Car,high
1159,13.177383,80.183782,Anna Salai,Severe,2024-05-25,00:00,2024-05-25 00:00:00,Clear,Bus,high
1160,13.027208,80.20029,Mount Road,Minor,2024-01-15,10:00,2024-01-15 10:00:00,Rain,Truck,medium
1161,13.037307,80.26192,Anna Salai,Minor,2023-07-08,20:00,2023-07-08 20:00:00,Clear,Bus,high
1162,12.9665,80.104525,Mount Road,Minor,2023-01-12,19:00,2023-01-12 19:00:00,Fog,Truck,medium
1163,13.15252,80.25373,Anna Salai,Minor,2024-08-11,06:00,2024-08-11 06:00:00,Rain,Bus,high
1164,13.101945,80.258583,Anna Salai,Fatal,2025-03-29,14:00,2025-03-29 14:00:00,Clear,Truck,high
1165,13.145708,80.11235,Anna Salai,Severe,2022-08-20,11:00,2022-08-20 11:00:00,Fog,Truck,high
1166,13.111716,80.222097,Anna Salai,Minor,2022-03-10,22:00,2022-03-10 22:00:00,Clear,Bike,high
1167,13.019782,80.242623,Mount Road,Minor,2023-07-09,03:00,2023-07-09 03:00:00,Clear,Bike,medium
1168,13.113367,80.152276,Anna Salai,Severe,2024-02-19,13:00,2024-02-19 13:00:00,Clear,Bus,high
1169,12.908076,80.173672,OMR,Severe,2024-02-25,23:00,2024-02-25 23:00:00,Clear,Auto,medium
1170,12.838329,80.225957,ECR,Fatal,2023-04-03,23:00,2023-04-03 23:00:00,Clear,Car,high
1171,12.866107,80.143929,ECR,Minor,2025-03-19,13:00,2025-03-19 13:00:00,Clear,Car,high
1172,13.040754,80.243812,Anna Salai,Fatal,2023-03-25,21:00,2023-03-25 21:00:00,Fog,Car,high
1173,13.009289,80.1748,Mount Road,Minor,2024-12-29,10:00,2024-12-29 10:00:00,Fog,Truck,medium
1174,13.182381,80.180205,Anna Salai,Minor,2023-09-23,01:00,2023-09-23 01:00:00,Clear,Truck,high
1175,12.889127,80.263346,OMR,Minor,2024-05-08,02:00,2024-05-08 02:00:00,Rain,Auto,medium
1176,12.872554,80.116448,ECR,Fatal,2022-01-09,03:00,2022-01-09 03:00:00,Rain,Auto,high
1177,13.047142,80.243,Anna Salai,Severe,2024-07-28,04:00,2024-07-28 04:00:00,Rain,Bus,high
1178,12.86244,80.267736,ECR,Minor,2025-02-11,20:00,2025-02-11 20:00:00,Rain,Bus,high
1179,12.848538,80.186781,ECR,Severe,2024-03-03,17:00,2024-03-03 17:00:00,Clear,Car,high
1180,12.924645,80.211452,OMR,Minor,2025-02-27,13:00,2025-02-27 13:00:00,Fog,Bus,medium
1181,12.937557,80.144105,OMR,Fatal,2024-05-15,11:00,2024-05-15 11:00:00,Rain,Bus,medium
1182,13.055978,80.282073,Anna Salai,Minor,2024-09-03,16:00,2024-09-03 16:00:00,Clear,Auto,high
1183,12.804265,80.165025,ECR,Minor,2023-01-26,02:00,2023-01-26 02:00:00,Rain,Auto,high
1184,12.966157,80.203372,Mount Road,Minor,2022-06-04,07:00,2022-06-04 07:00:00,Fog,Bike,medium
1185,13.056496,80.10505,Mount Road,Severe,2022-07-04,17:00,2022-07-04 17:00:00,Clear,Auto,medium
1186,12.934705,80.244106,OMR,Severe,2022-01-19,05:00,2022-01-19 05:00:00,Rain,Bike,medium
1187,12.888365,80.135839,OMR,Severe,2022-05-19,12:00,2022-05-19 12:00:00,Rain,Car,medium
1188,12.820513,80.109017,ECR,Fatal,2024-07-12,02:00,2024-07-12 02:00:00,Fog,Truck,high
1189,13.19036,80.191347,Anna Salai,Minor,2024-03-18,07:00,2024-03-18 07:00:00,Clear,Bike,high
1190,13.08804,80.194476,Anna Salai,Minor,2023-10-30,03:00,2023-10-30 03:00:00,Fog,Car,high
1191,12.913531,80.228859,OMR,Severe,2024-04-10,08:00,2024-04-10 08:00:00,Rain,Auto,medium
1192,13.155266,80.145644,Anna Salai,Minor,2023-10-02,01:00,2023-10-02 01:00:00,Fog,Truck,high
1193,12.823357,80.202126,ECR,Fatal,2024-08-11,15:00,2024-08-11 15:00:00,Rain,Car,high
1194,13.196716,80.246568,Anna Salai,Minor,2024-12-08,16:00,2024-12-08 16:00:00,Rain,Car,high
1195,12.944091,80.243287,OMR,Minor,2024-09-29,05:00,2024-09-29 05:00:00,Rain,Bus,medium
1196,12.897463,80.178525,OMR,Fatal,2023-10-20,11:00,2023-10-20 11:00:00,Clear,Bus,medium
1197,12.994364,80.163601,Mount Road,Minor,2022-12-07,19:00,2022-12-07 19:00:00,Clear,Truck,medium
1198,13.042568,80.212357,Mount Road,Minor,2024-03-24,09:00,2024-03-24 09:00:00,Clear,Car,medium
1199,12.980288,80.253063,Mount Road,Minor,2023-05-30,11:00,2023-05-30 11:00:00,Clear,Bus,medium
1200,13.032944,80.159342,Mount Road,Minor,2022-08-08,06:00,2022-08-08 06:00:00,Clear,Bike,medium
1201,12.990992,80.266618,Mount Road,Severe,2022-09-25,04:00,2022-09-25 04:00:00,Fog,Bike,medium
1202,13.004413,80.188644,Mount Road,Minor,2023-10-07,20:00,2023-10-07 20:00:00,Clear,Bike,medium
1203,12.965475,80.118721,Mount Road,Fatal,2022-01-10,09:00,2022-01-10 09:00:00,Clear,Bike,medium
1204,13.155393,80.151344,Anna Salai,Severe,2022-03-18,01:00,2022-03-18 01:00:00,Fog,Truck,high
1205,12.885335,80.140706,OMR,Minor,2024-04-28,12:00,2024-04-28 12:00:00,Rain,Bike,medium
1206,13.011017,80.200204,Mount Road,Minor,2023-01-12,20:00,2023-01-12 20:00:00,Clear,Bus,medium
1207,12.88774,80.235926,OMR,Severe,2024-12-21,03:00,2024-12-21 03:00:00,Clear,Car,medium
1208,12.851906,80.237577,ECR,Severe,2024-12-17,13:00,2024-12-17 13:00:00,Rain,Car,high
1209,13.120189,80.20747,Anna Salai,Minor,2024-01-19,02:00,2024-01-19 02:00:00,Fog,Truck,high
1210,13.098283,80.289569,Anna Salai,Minor,2025-02-17,03:00,2025-02-17 03:00:00,Rain,Bus,high
1211,12.926202,80.112523,OMR,Severe,2022-10-20,12:00,2022-10-20 12:00:00,Rain,Bus,medium
1212,12.942615,80.263669,OMR,Fatal,2022-07-18,17:00,2022-07-18 17:00:00,Clear,Auto,medium
1213,12.836674,80.224155,ECR,Minor,2022-10-03,14:00,2022-10-03 14:00:00,Rain,Bike,high
1214,13.187635,80.248699,Anna Salai,Severe,2023-08-08,04:00,2023-08-08 04:00:00,Fog,Auto,high
1215,13.097776,80.150848,Mount Road,Fatal,2022-09-07,15:00,2022-09-07 15:00:00,Clear,Bus,medium
1216,12.919562,80.161709,OMR,Fatal,2023-02-24,08:00,2023-02-24 08:00:00,Fog,Bike,medium
1217,12.869193,80.188647,ECR,Severe,2023-02-08,09:00,2023-02-08 09:00:00,Rain,Bus,high
1218,13.174538,80.220977,Anna Salai,Minor,2022-03-20,17:00,2022-03-20 17:00:00,Rain,Bus,high
1219,13.128543,80.101297,Mount Road,Fatal,2022-12-30,17:00,2022-12-30 17:00:00,Fog,Auto,medium
1220,13.137272,80.198274,Anna Salai,Minor,2022-12-10,19:00,2022-12-10 19:00:00,Fog,Car,high
1221,12.906407,80.11379,OMR,Minor,2022-09-13,12:00,2022-09-13 12:00:00,Clear,Bus,medium
1222,12.823502,80.124908,ECR,Minor,2022-05-16,14:00,2022-05-16 14:00:00,Rain,Bike,high
1223,12.879417,80.282199,OMR,Severe,2022-07-10,18:00,2022-07-10 18:00:00,Clear,Bike,medium
1224,12.968418,80.148155,Mount Road,Fatal,2024-12-16,07:00,2024-12-16 07:00:00,Fog,Bike,medium
1225,13.126608,80.118099,Anna Salai,Minor,2022-10-20,18:00,2022-10-20 18:00:00,Fog,Bike,high
1226,12.81464,80.152994,ECR,Severe,2022-05-14,15:00,2022-05-14 15:00:00,Clear,Bike,high
1227,12.972795,80.264881,Mount Road,Minor,2022-12-20,03:00,2022-12-20 03:00:00,Clear,Bus,medium
1228,12.967332,80.104278,Mount Road,Minor,2024-11-04,21:00,2024-11-04 21:00:00,Fog,Truck,medium
1229,12.877415,80.142398,ECR,Fatal,2024-06-23,23:00,2024-06-23 23:00:00,Rain,Truck,high
1230,13.054547,80.168201,Mount Road,Minor,2022-04-03,14:00,2022-04-03 14:00:00,Clear,Bus,medium
1231,12.934163,80.234801,OMR,Minor,2024-09-04,19:00,2024-09-04 19:00:00,Clear,Truck,medium
1232,13.005312,80.260723,Mount Road,Minor,2024-06-07,23:00,2024-06-07 23:00:00,Fog,Bus,medium
1233,12.893559,80.183888,OMR,Minor,2022-10-29,04:00,2022-10-29 04:00:00,Rain,Bus,medium
1234,12.885747,80.151162,OMR,Minor,2025-01-13,06:00,2025-01-13 06:00:00,Clear,Truck,medium
1235,12.82865,80.176804,ECR,Minor,2023-03-01,23:00,2023-03-01 23:00:00,Rain,Bus,high
1236,13.091162,80.122516,Mount Road,Severe,2023-02-06,22:00,2023-02-06 22:00:00,Rain,Truck,medium
1237,12.945861,80.117513,OMR,Minor,2023-04-22,22:00,2023-04-22 22:00:00,Fog,Bus,medium
1238,13.0978,80.156638,Anna Salai,Fatal,2024-06-16,03:00,2024-06-16 03:00:00,Rain,Bike,high
1239,12.848509,80.137404,ECR,Fatal,2024-06-23,19:00,2024-06-23 19:00:00,Rain,Bus,high
1240,13.117702,80.245075,Anna Salai,Minor,2025-01-25,13:00,2025-01-25 13:00:00,Fog,Auto,high
1241,13.176113,80.120825,Anna Salai,Minor,2023-08-03,06:00,2023-08-03 06:00:00,Clear,Auto,high
1242,12.898908,80.14765,OMR,Severe,2022-06-10,16:00,2022-06-10 16:00:00,Rain,Truck,medium
1243,12.81473,80.277577,ECR,Minor,2023-07-14,11:00,2023-07-14 11:00:00,Fog,Bike,high
1244,12.82004,80.14724,ECR,Minor,2022-03-30,13:00,2022-03-30 13:00:00,Rain,Auto,high
1245,12.935986,80.285514,OMR,Minor,2024-10-22,06:00,2024-10-22 06:00:00,Fog,Bike,medium
1246,12.999548,80.275663,Mount Road,Severe,2022-09-24,05:00,2022-09-24 05:00:00,Fog,Car,medium
1247,13.058799,80.17571,Mount Road,Severe,2022-05-15,02:00,2022-05-15 02:00:00,Rain,Truck,medium
1248,13.087524,80.246994,Anna Salai,Fatal,2024-08-16,21:00,2024-08-16 21:00:00,Rain,Auto,high
1249,12.955637,80.270589,OMR,Fatal,2022-12-09,10:00,2022-12-09 10:00:00,Rain,Auto,medium
1250,13.016899,80.173672,Mount Road,Severe,2022-01-24,21:00,2022-01-24 21:00:00,Rain,Bus,medium
1251,12.883977,80.195047,OMR,Severe,2022-07-29,09:00,2022-07-29 09:00:00,Fog,Truck,medium
1252,12.868166,80.212201,ECR,Severe,2022-11-11,23:00,2022-11-11 23:00:00,Rain,Truck,high
1253,13.03714,80.123675,Mount Road,Fatal,2022-07-06,04:00,2022-07-06 04:00:00,Clear,Truck,medium
1254,12.925633,80.193856,OMR,Minor,2024-03-05,04:00,2024-03-05 04:00:00,Clear,Car,medium
1255,13.006403,80.286674,Anna Salai,Minor,2024-08-09,14:00,2024-08-09 14:00:00,Clear,Auto,high
1256,13.086327,80.149168,Mount Road,Minor,2022-05-24,10:00,2022-05-24 10:00:00,Clear,Auto,medium
1257,12.976279,80.293579,Mount Road,Fatal,2023-06-03,14:00,2023-06-03 14:00:00,Rain,Auto,medium
1258,13.051054,80.178658,Mount Road,Severe,2024-06-06,20:00,2024-06-06 20:00:00,Fog,Bus,medium
1259,12.980397,80.29089,Mount Road,Minor,2023-04-27,20:00,2023-04-27 20:00:00,Fog,Bike,medium
1260,13.145064,80.156072,Anna Salai,Minor,2024-11-17,00:00,2024-11-17 00:00:00,Rain,Truck,high
1261,13.080067,80.195314,Anna Salai,Minor,2022-12-10,11:00,2022-12-10 11:00:00,Rain,Car,high
1262,13.196346,80.248588,Anna Salai,Severe,2022-03-31,07:00,2022-03-31 07:00:00,Rain,Car,high
1263,13.107548,80.199013,Anna Salai,Severe,2022-07-11,09:00,2022-07-11 09:00:00,Clear,Bike,high
1264,13.06664,80.133923,Mount Road,Severe,2022-06-18,13:00,2022-06-18 13:00:00,Rain,Car,medium
1265,12.815314,80.208719,ECR,Severe,2023-07-07,10:00,2023-07-07 10:00:00,Fog,Bike,high
1266,13.084351,80.20933,Anna Salai,Fatal,2023-08-01,01:00,2023-08-01 01:00:00,Fog,Bike,high
1267,13.175849,80.24361,Anna Salai,Severe,2024-03-10,12:00,2024-03-10 12:00:00,Clear,Bike,high
1268,12.890018,80.274544,OMR,Minor,2022-11-01,03:00,2022-11-01 03:00:00,Clear,Bike,medium
1269,13.082225,80.161471,Mount Road,Minor,2023-05-26,06:00,2023-05-26 06:00:00,Clear,Truck,medium
1270,12.932201,80.171009,OMR,Minor,2024-02-03,05:00,2024-02-03 05:00:00,Rain,Bike,medium
1271,13.146952,80.19036,Anna Salai,Severe,2022-11-18,00:00,2022-11-18 00:00:00,Fog,Truck,high
1272,12.839494,80.177933,ECR,Minor,2024-07-21,18:00,2024-07-21 18:00:00,Fog,Auto,high
1273,13.052522,80.14345,Mount Road,Minor,2024-12-12,17:00,2024-12-12 17:00:00,Clear,Bus,medium
1274,13.121772,80.298158,Anna Salai,Severe,2022-03-26,18:00,2022-03-26 18:00:00,Clear,Auto,high
1275,12.911423,80.12901,OMR,Severe,2025-02-21,00:00,2025-02-21 00:00:00,Clear,Auto,medium
1276,12.881818,80.178696,OMR,Severe,2024-10-11,12:00,2024-10-11 12:00:00,Clear,Car,medium
1277,12.956055,80.242114,OMR,Severe,2023-03-12,06:00,2023-03-12 06:00:00,Clear,Auto,medium
1278,12.875553,80.137023,ECR,Severe,2022-11-18,23:00,2022-11-18 23:00:00,Rain,Auto,high
1279,13.040689,80.177617,Mount Road,Minor,2023-11-11,04:00,2023-11-11 04:00:00,Clear,Auto,medium
1280,12.943489,80.237575,OMR,Minor,2024-08-01,14:00,2024-08-01 14:00:00,Fog,Car,medium
1281,12.997886,80.186037,Mount Road,Severe,2022-12-11,01:00,2022-12-11 01:00:00,Rain,Car,medium
1282,12.841637,80.148355,ECR,Minor,2024-01-12,04:00,2024-01-12 04:00:00,Clear,Truck,high
1283,13.065731,80.196622,Anna Salai,Minor,2024-07-10,02:00,2024-07-10 02:00:00,Clear,Truck,high
1284,12.998907,80.238874,Mount Road,Minor,2025-01-28,03:00,2025-01-28 03:00:00,Clear,Bike,medium
1285,12.827073,80.178769,ECR,Minor,2022-02-07,16:00,2022-02-07 16:00:00,Clear,Bus,high
1286,12.863083,80.102873,ECR,Severe,2024-10-09,19:00,2024-10-09 19:00:00,Clear,Truck,high
1287,12.971275,80.177049,Mount Road,Minor,2025-03-04,14:00,2025-03-04 14:00:00,Clear,Car,medium
1288,13.186845,80.163971,Anna Salai,Minor,2024-09-02,07:00,2024-09-02 07:00:00,Fog,Car,high
1289,12.937763,80.211327,OMR,Minor,2023-09-21,17:00,2023-09-21 17:00:00,Rain,Bike,medium
1290,13.110512,80.108746,Mount Road,Severe,2023-08-17,03:00,2023-08-17 03:00:00,Rain,Car,medium
1291,12.915808,80.127229,OMR,Severe,2023-02-14,12:00,2023-02-14 12:00:00,Clear,Bus,medium
1292,13.149362,80.183543,Anna Salai,Fatal,2024-06-29,20:00,2024-06-29 20:00:00,Clear,Bike,high
1293,12.929155,80.142272,OMR,Severe,2025-04-04,06:00,2025-04-04 06:00:00,Clear,Auto,medium
1294,13.023985,80.224448,Mount Road,Minor,2022-02-26,09:00,2022-02-26 09:00:00,Rain,Car,medium
1295,13.030653,80.197443,Mount Road,Minor,2025-01-04,04:00,2025-01-04 04:00:00,Clear,Bus,medium
1296,12.990041,80.103362,Mount Road,Minor,2025-02-01,05:00,2025-02-01 05:00:00,Rain,Auto,medium
1297,13.087581,80.132084,Mount Road,Severe,2024-08-18,05:00,2024-08-18 05:00:00,Clear,Car,medium
1298,13.177617,80.269808,Anna Salai,Minor,2024-04-03,21:00,2024-04-03 21:00:00,Clear,Truck,high
1299,12.823066,80.17732,ECR,Minor,2024-08-18,23:00,2024-08-18 23:00:00,Clear,Car,high
1300,13.142228,80.220438,Anna Salai,Minor,2025-03-10,10:00,2025-03-10 10:00:00,Clear,Auto,high
1301,13.184051,80.291071,Anna Salai,Severe,2023-12-14,17:00,2023-12-14 17:00:00,Clear,Auto,high
1302,13.022518,80.211479,Mount Road,Severe,2025-03-16,20:00,2025-03-16 20:00:00,Clear,Auto,medium
1303,13.080462,80.298876,Anna Salai,Minor,2025-02-26,06:00,2025-02-26 06:00:00,Rain,Bus,high
1304,13.052141,80.235756,Anna Salai,Severe,2024-06-29,18:00,2024-06-29 18:00:00,Clear,Car,high
1305,13.012717,80.297572,Anna Salai,Severe,2023-10-23,19:00,2023-10-23 19:00:00,Clear,Truck,high
1306,13.018925,80.125246,Mount Road,Severe,2023-08-07,17:00,2023-08-07 17:00:00,Rain,Bus,medium
1307,12.830243,80.106745,ECR,Minor,2024-02-04,07:00,2024-02-04 07:00:00,Clear,Bike,high
1308,13.183611,80.158625,Anna Salai,Minor,2022-04-30,16:00,2022-04-30 16:00:00,Rain,Car,high
1309,13.03468,80.274439,Anna Salai,Severe,2023-04-24,12:00,2023-04-24 12:00:00,Rain,Auto,high
1310,13.132978,80.287781,Anna Salai,Fatal,2024-12-06,02:00,2024-12-06 02:00:00,Rain,Bus,high
1311,13.155419,80.169638,Anna Salai,Fatal,2022-10-29,15:00,2022-10-29 15:00:00,Fog,Bus,high
1312,13.18712,80.181119,Anna Salai,Minor,2024-10-15,08:00,2024-10-15 08:00:00,Fog,Bus,high
1313,12.803266,80.177063,ECR,Minor,2023-06-22,14:00,2023-06-22 14:00:00,Rain,Auto,high
1314,12.875182,80.149177,ECR,Minor,2022-06-15,16:00,2022-06-15 16:00:00,Rain,Bus,high
1315,12.964723,80.236793,OMR,Minor,2025-03-13,05:00,2025-03-13 05:00:00,Clear,Bike,medium
1316,13.013431,80.262316,Mount Road,Fatal,2022-01-01,03:00,2022-01-01 03:00:00,Rain,Bus,medium
1317,12.812614,80.208366,ECR,Fatal,2025-01-06,17:00,2025-01-06 17:00:00,Clear,Bike,high
1318,13.129336,80.14916,Anna Salai,Severe,2022-12-21,20:00,2022-12-21 20:00:00,Clear,Truck,high
1319,12.948086,80.242394,OMR,Fatal,2022-01-18,15:00,2022-01-18 15:00:00,Clear,Truck,medium
1320,12.992309,80.242134,Mount Road,Fatal,2024-03-01,05:00,2024-03-01 05:00:00,Rain,Auto,medium
1321,13.131925,80.289945,Anna Salai,Minor,2024-12-05,11:00,2024-12-05 11:00:00,Rain,Bike,high
1322,12.801148,80.205283,ECR,Severe,2023-06-11,12:00,2023-06-11 12:00:00,Rain,Bike,high
1323,13.143946,80.101889,Anna Salai,Minor,2025-04-01,19:00,2025-04-01 19:00:00,Clear,Truck,high
1324,12.949837,80.297469,OMR,Minor,2023-08-20,17:00,2023-08-20 17:00:00,Rain,Bike,medium
1325,13.079599,80.112523,Mount Road,Minor,2022-02-01,17:00,2022-02-01 17:00:00,Rain,Bus,medium
1326,13.032431,80.283619,Anna Salai,Fatal,2023-06-15,10:00,2023-06-15 10:00:00,Fog,Car,high
1327,13.000449,80.248728,Mount Road,Minor,2024-08-01,11:00,2024-08-01 11:00:00,Clear,Bike,medium
1328,13.001599,80.283664,Mount Road,Minor,2023-02-16,07:00,2023-02-16 07:00:00,Clear,Car,medium
1329,13.012204,80.154589,Mount Road,Severe,2023-08-30,07:00,2023-08-30 07:00:00,Rain,Auto,medium
1330,12.922732,80.183027,OMR,Fatal,2022-04-29,14:00,2022-04-29 14:00:00,Clear,Truck,medium
1331,12.821519,80.278975,ECR,Minor,2022-02-16,22:00,2022-02-16 22:00:00,Clear,Truck,high
1332,12.863944,80.232454,ECR,Minor,2024-08-25,09:00,2024-08-25 09:00:00,Fog,Truck,high
1333,13.111344,80.187191,Anna Salai,Minor,2024-12-08,13:00,2024-12-08 13:00:00,Clear,Auto,high
1334,12.871119,80.154927,ECR,Minor,2022-03-03,14:00,2022-03-03 14:00:00,Rain,Bus,high
1335,12.869647,80.18907,ECR,Severe,2024-04-21,15:00,2024-04-21 15:00:00,Fog,Truck,high
1336,12.943827,80.263254,OMR,Minor,2024-10-24,08:00,2024-10-24 08:00:00,Fog,Bike,medium
1337,13.107149,80.128498,Mount Road,Severe,2022-12-14,18:00,2022-12-14 18:00:00,Fog,Truck,medium
1338,12.901635,80.280697,OMR,Minor,2022-04-05,02:00,2022-04-05 02:00:00,Rain,Bus,medium
1339,12.922646,80.237274,OMR,Minor,2022-12-13,17:00,2022-12-13 17:00:00,Clear,Bike,medium
1340,12.868183,80.28688,ECR,Severe,2023-04-28,11:00,2023-04-28 11:00:00,Rain,Auto,high
1341,13.174765,80.208693,Anna Salai,Minor,2023-01-21,00:00,2023-01-21 00:00:00,Clear,Bike,high
1342,13.144751,80.252584,Anna Salai,Severe,2022-03-20,09:00,2022-03-20 09:00:00,Fog,Truck,high
1343,13.177467,80.131698,Anna Salai,Fatal,2023-04-17,12:00,2023-04-17 12:00:00,Clear,Auto,high
1344,13.106953,80.154558,Anna Salai,Severe,2023-04-05,19:00,2023-04-05 19:00:00,Fog,Car,high
1345,12.859543,80.160612,ECR,Minor,2024-03-07,15:00,2024-03-07 15:00:00,Clear,Truck,high
1346,12.868709,80.11451,ECR,Severe,2024-09-02,06:00,2024-09-02 06:00:00,Rain,Car,high
1347,13.004956,80.11697,Mount Road,Minor,2023-11-12,14:00,2023-11-12 14:00:00,Clear,Auto,medium
1348,12.931043,80.261013,OMR,Severe,2023-09-08,13:00,2023-09-08 13:00:00,Rain,Car,medium
1349,13.086683,80.140855,Mount Road,Minor,2024-01-16,20:00,2024-01-16 20:00:00,Fog,Car,medium
1350,13.167903,80.176007,Anna Salai,Minor,2022-06-13,14:00,2022-06-13 14:00:00,Clear,Car,high
1351,13.084017,80.27964,Anna Salai,Severe,2024-05-25,11:00,2024-05-25 11:00:00,Fog,Truck,high
1352,13.154184,80.148963,Anna Salai,Minor,2022-11-13,04:00,2022-11-13 04:00:00,Rain,Car,high
1353,13.064231,80.188245,Mount Road,Severe,2024-07-26,08:00,2024-07-26 08:00:00,Rain,Bike,medium
1354,12.884241,80.272021,OMR,Minor,2023-08-28,04:00,2023-08-28 04:00:00,Fog,Truck,medium
1355,12.92031,80.18661,OMR,Minor,2024-12-19,07:00,2024-12-19 07:00:00,Clear,Auto,medium
1356,13.181774,80.280868,Anna Salai,Minor,2024-04-13,10:00,2024-04-13 10:00:00,Rain,Bus,high
1357,13.182259,80.104242,Anna Salai,Minor,2022-07-13,09:00,2022-07-13 09:00:00,Rain,Auto,high
1358,13.050483,80.266499,Anna Salai,Fatal,2024-09-10,18:00,2024-09-10 18:00:00,Clear,Car,high
1359,12.83087,80.168293,ECR,Minor,2024-07-23,18:00,2024-07-23 18:00:00,Rain,Bus,high
1360,12.916615,80.103924,OMR,Minor,2022-01-20,15:00,2022-01-20 15:00:00,Rain,Bus,medium
1361,12.894296,80.251977,OMR,Severe,2022-04-13,15:00,2022-04-13 15:00:00,Rain,Car,medium
1362,12.960473,80.100121,Mount Road,Minor,2023-01-24,11:00,2023-01-24 11:00:00,Rain,Car,medium
1363,13.194883,80.239893,Anna Salai,Minor,2025-03-19,16:00,2025-03-19 16:00:00,Clear,Bike,high
1364,12.89014,80.276797,OMR,Minor,2022-01-11,04:00,2022-01-11 04:00:00,Fog,Bus,medium
1365,12.94592,80.116742,OMR,Severe,2024-08-16,01:00,2024-08-16 01:00:00,Fog,Bus,medium
1366,12.874742,80.221979,OMR,Minor,2023-11-26,15:00,2023-11-26 15:00:00,Rain,Car,medium
1367,13.002232,80.118523,Mount Road,Minor,2024-02-24,06:00,2024-02-24 06:00:00,Fog,Truck,medium
1368,12.881424,80.187051,OMR,Severe,2023-05-03,13:00,2023-05-03 13:00:00,Fog,Bike,medium
1369,12.842879,80.206219,ECR,Fatal,2022-04-05,15:00,2022-04-05 15:00:00,Rain,Car,high
1370,12.859103,80.231577,ECR,Minor,2024-04-04,04:00,2024-04-04 04:00:00,Fog,Auto,high
1371,12.968578,80.157711,Mount Road,Minor,2023-10-30,19:00,2023-10-30 19:00:00,Fog,Truck,medium
1372,13.194262,80.187194,Anna Salai,Fatal,2023-12-07,21:00,2023-12-07 21:00:00,Rain,Car,high
1373,13.194454,80.259475,Anna Salai,Minor,2025-01-01,03:00,2025-01-01 03:00:00,Fog,Car,high
1374,13.168872,80.126064,Anna Salai,Minor,2022-01-07,02:00,2022-01-07 02:00:00,Clear,Auto,high
1375,13.149476,80.247158,Anna Salai,Minor,2025-03-04,02:00,2025-03-04 02:00:00,Clear,Auto,high
1376,12.874272,80.121998,ECR,Minor,2022-08-08,01:00,2022-08-08 01:00:00,Fog,Bike,high
1377,13.13537,80.260539,Anna Salai,Minor,2024-06-01,12:00,2024-06-01 12:00:00,Fog,Bus,high
1378,12.854141,80.162893,ECR,Severe,2022-01-25,16:00,2022-01-25 16:00:00,Clear,Car,high
1379,12.914901,80.240966,OMR,Severe,2024-07-30,15:00,2024-07-30 15:00:00,Fog,Truck,medium
1380,13.026601,80.268879,Anna Salai,Minor,2023-05-01,22:00,2023-05-01 22:00:00,Fog,Auto,high
1381,13.120184,80.152847,Anna Salai,Minor,2024-09-18,07:00,2024-09-18 07:00:00,Fog,Bike,high
1382,13.154619,80.178414,Anna Salai,Severe,2024-06-21,21:00,2024-06-21 21:00:00,Rain,Auto,high
1383,12.921848,80.120697,OMR,Severe,2023-02-05,19:00,2023-02-05 19:00:00,Fog,Car,medium
1384,13.09859,80.237172,Anna Salai,Fatal,2024-06-01,08:00,2024-06-01 08:00:00,Fog,Truck,high
1385,12.856746,80.231453,ECR,Minor,2023-11-19,02:00,2023-11-19 02:00:00,Clear,Car,high
1386,13.13987,80.236766,Anna Salai,Fatal,2022-05-17,10:00,2022-05-17 10:00:00,Fog,Bus,high
1387,12.972451,80.12475,Mount Road,Severe,2024-03-11,19:00,2024-03-11 19:00:00,Fog,Bus,medium
1388,12.808461,80.25798,ECR,Severe,2024-05-12,17:00,2024-05-12 17:00:00,Fog,Truck,high
1389,12.988744,80.286563,Mount Road,Minor,2024-03-06,05:00,2024-03-06 05:00:00,Fog,Truck,medium
1390,12.979682,80.215126,Mount Road,Minor,2024-01-09,14:00,2024-01-09 14:00:00,Fog,Auto,medium
1391,13.173838,80.177727,Anna Salai,Minor,2024-07-25,20:00,2024-07-25 20:00:00,Clear,Truck,high
1392,13.101597,80.227788,Anna Salai,Severe,2024-01-23,23:00,2024-01-23 23:00:00,Fog,Bike,high
1393,13.136259,80.136916,Anna Salai,Minor,2022-03-16,00:00,2022-03-16 00:00:00,Fog,Auto,high
1394,12.97963,80.29538,Mount Road,Minor,2023-03-02,23:00,2023-03-02 23:00:00,Fog,Bike,medium
1395,13.119107,80.183902,Anna Salai,Minor,2023-09-18,20:00,2023-09-18 20:00:00,Clear,Auto,high
1396,13.175078,80.119876,Anna Salai,Minor,2024-10-10,13:00,2024-10-10 13:00:00,Fog,Bus,high
1397,12.999524,80.161533,Mount Road,Minor,2024-01-07,19:00,2024-01-07 19:00:00,Clear,Car,medium
1398,12.875431,80.265862,OMR,Minor,2023-04-10,22:00,2023-04-10 22:00:00,Clear,Truck,medium
1399,12.819487,80.15465,ECR,Minor,2024-05-25,06:00,2024-05-25 06:00:00,Clear,Bus,high
1400,12.998076,80.256593,Mount Road,Minor,2022-09-24,11:00,2022-09-24 11:00:00,Clear,Auto,medium
1401,13.014908,80.162645,Mount Road,Minor,2022-03-07,22:00,2022-03-07 22:00:00,Clear,Truck,medium
1402,13.163592,80.24374,Anna Salai,Severe,2025-03-06,15:00,2025-03-06 15:00:00,Fog,Bike,high
1403,12.818857,80.283231,ECR,Fatal,2023-08-11,23:00,2023-08-11 23:00:00,Fog,Truck,high
1404,12.945768,80.149835,OMR,Minor,2022-10-11,08:00,2022-10-11 08:00:00,Fog,Car,medium
1405,13.135463,80.162444,Anna Salai,Minor,2023-05-24,03:00,2023-05-24 03:00:00,Fog,Auto,high
1406,13.084085,80.1191,Mount Road,Severe,2023-06-30,03:00,2023-06-30 03:00:00,Fog,Bike,medium
1407,13.081496,80.105161,Mount Road,Minor,2022-05-21,13:00,2022-05-21 13:00:00,Fog,Bus,medium
1408,13.142073,80.140791,Anna Salai,Severe,2025-02-11,05:00,2025-02-11 05:00:00,Clear,Truck,high
1409,12.926892,80.162337,OMR,Severe,2023-04-22,04:00,2023-04-22 04:00:00,Fog,Car,medium
1410,13.076408,80.287607,Anna Salai,Fatal,2025-01-11,01:00,2025-01-11 01:00:00,Fog,Auto,high
1411,12.88041,80.264072,OMR,Minor,2025-01-09,07:00,2025-01-09 07:00:00,Rain,Truck,medium
1412,12.873404,80.139849,ECR,Fatal,2024-08-13,03:00,2024-08-13 03:00:00,Clear,Car,high
1413,13.124613,80.123352,Anna Salai,Minor,2022-12-04,02:00,2022-12-04 02:00:00,Clear,Bus,high
1414,13.194478,80.129881,Anna Salai,Severe,2023-05-03,23:00,2023-05-03 23:00:00,Clear,Auto,high
1415,12.813203,80.16428,ECR,Fatal,2022-05-27,07:00,2022-05-27 07:00:00,Clear,Auto,high
1416,12.930637,80.2736,OMR,Minor,2022-12-29,18:00,2022-12-29 18:00:00,Fog,Bike,medium
1417,13.068199,80.245623,Anna Salai,Minor,2024-06-27,11:00,2024-06-27 11:00:00,Clear,Bus,high
1418,13.002659,80.250873,Mount Road,Fatal,2022-04-24,12:00,2022-04-24 12:00:00,Rain,Car,medium
1419,13.116974,80.140603,Anna Salai,Severe,2025-02-12,04:00,2025-02-12 04:00:00,Clear,Auto,high
1420,12.905437,80.180288,OMR,Minor,2024-09-06,02:00,2024-09-06 02:00:00,Rain,Car,medium
1421,12.997029,80.180985,Mount Road,Minor,2024-04-21,12:00,2024-04-21 12:00:00,Rain,Truck,medium
1422,13.171117,80.116406,Anna Salai,Minor,2022-07-02,13:00,2022-07-02 13:00:00,Clear,Truck,high
1423,12.834635,80.280411,ECR,Fatal,2022-07-04,18:00,2022-07-04 18:00:00,Rain,Truck,high
1424,13.138862,80.274587,Anna Salai,Fatal,2023-06-17,00:00,2023-06-17 00:00:00,Fog,Car,high
1425,13.148356,80.254258,Anna Salai,Minor,2022-12-12,21:00,2022-12-12 21:00:00,Clear,Car,high
1426,12.892493,80.17723,OMR,Severe,2022-04-25,12:00,2022-04-25 12:00:00,Fog,Truck,medium
1427,13.184809,80.281768,Anna Salai,Minor,2022-01-18,02:00,2022-01-18 02:00:00,Fog,Truck,high
1428,12.876228,80.111534,ECR,Minor,2024-07-05,02:00,2024-07-05 02:00:00,Rain,Truck,high
1429,13.169105,80.265941,Anna Salai,Minor,2023-06-26,14:00,2023-06-26 14:00:00,Clear,Bus,high
1430,13.065783,80.176373,Mount Road,Fatal,2022-12-16,11:00,2022-12-16 11:00:00,Clear,Truck,medium
1431,13.009113,80.244455,Mount Road,Minor,2023-12-22,02:00,2023-12-22 02:00:00,Rain,Car,medium
1432,13.019712,80.276583,Anna Salai,Minor,2022-07-29,12:00,2022-07-29 12:00:00,Rain,Bus,high
1433,12.999528,80.213555,Mount Road,Severe,2024-07-07,01:00,2024-07-07 01:00:00,Clear,Truck,medium
1434,12.809978,80.207736,ECR,Severe,2023-01-03,02:00,2023-01-03 02:00:00,Fog,Truck,high
1435,13.161927,80.227571,Anna Salai,Minor,2024-11-16,01:00,2024-11-16 01:00:00,Fog,Truck,high
1436,12.841609,80.173673,ECR,Minor,2022-01-01,18:00,2022-01-01 18:00:00,Fog,Bike,high
1437,13.045116,80.145505,Mount Road,Minor,2024-08-07,23:00,2024-08-07 23:00:00,Fog,Car,medium
1438,12.838715,80.152143,ECR,Severe,2022-11-28,03:00,2022-11-28 03:00:00,Fog,Auto,high
1439,12.904948,80.172854,OMR,Severe,2024-06-13,11:00,2024-06-13 11:00:00,Rain,Car,medium
1440,13.147191,80.104552,Anna Salai,Severe,2022-07-11,17:00,2022-07-11 17:00:00,Clear,Truck,high
1441,12.961776,80.144607,Mount Road,Minor,2022-08-26,08:00,2022-08-26 08:00:00,Fog,Bus,medium
1442,12.948188,80.229843,OMR,Minor,2022-04-05,20:00,2022-04-05 20:00:00,Rain,Bike,medium
1443,12.924455,80.162259,OMR,Minor,2025-01-22,19:00,2025-01-22 19:00:00,Rain,Auto,medium
1444,12.997004,80.225573,Mount Road,Minor,2025-02-15,07:00,2025-02-15 07:00:00,Fog,Bus,medium
1445,12.995659,80.125104,Mount Road,Minor,2023-10-09,17:00,2023-10-09 17:00:00,Rain,Bike,medium
1446,12.82228,80.156564,ECR,Fatal,2023-09-05,02:00,2023-09-05 02:00:00,Rain,Bus,high
1447,12.887987,80.233219,OMR,Fatal,2022-11-19,17:00,2022-11-19 17:00:00,Rain,Auto,medium
1448,12.913375,80.108663,OMR,Fatal,2022-09-17,01:00,2022-09-17 01:00:00,Rain,Car,medium
1449,12.96427,80.196047,Mount Road,Severe,2023-08-02,21:00,2023-08-02 21:00:00,Rain,Car,medium
1450,13.165636,80.149136,Anna Salai,Severe,2023-07-08,00:00,2023-07-08 00:00:00,Clear,Truck,high
1451,13.083338,80.157493,Mount Road,Fatal,2023-04-15,00:00,2023-04-15 00:00:00,Rain,Car,medium
1452,12.875143,80.123884,ECR,Severe,2025-01-30,19:00,2025-01-30 19:00:00,Fog,Bike,high
1453,13.188021,80.110035,Anna Salai,Severe,2023-05-08,10:00,2023-05-08 10:00:00,Fog,Bus,high
1454,13.068598,80.292772,Anna Salai,Minor,2024-06-12,00:00,2024-06-12 00:00:00,Fog,Auto,high
1455,12.811462,80.146028,ECR,Fatal,2022-09-02,18:00,2022-09-02 18:00:00,Fog,Bike,high
1456,12.863292,80.274625,ECR,Severe,2024-07-14,21:00,2024-07-14 21:00:00,Rain,Car,high
1457,12.976541,80.190504,Mount Road,Minor,2022-01-27,07:00,2022-01-27 07:00:00,Fog,Bus,medium
1458,12.811592,80.174809,ECR,Fatal,2024-10-02,10:00,2024-10-02 10:00:00,Clear,Bus,high
1459,13.045196,80.176566,Mount Road,Severe,2024-06-29,21:00,2024-06-29 21:00:00,Fog,Bus,medium
1460,13.171739,80.197314,Anna Salai,Severe,2025-03-10,18:00,2025-03-10 18:00:00,Fog,Truck,high
1461,12.937965,80.105678,OMR,Minor,2022-01-23,03:00,2022-01-23 03:00:00,Clear,Truck,medium
1462,12.984463,80.257931,Mount Road,Severe,2022-03-10,13:00,2022-03-10 13:00:00,Fog,Car,medium
1463,12.909038,80.106767,OMR,Minor,2023-03-13,07:00,2023-03-13 07:00:00,Rain,Car,medium
1464,12.831762,80.187259,ECR,Minor,2023-12-02,08:00,2023-12-02 08:00:00,Rain,Truck,high
1465,13.130441,80.163944,Anna Salai,Severe,2022-02-18,06:00,2022-02-18 06:00:00,Clear,Auto,high
1466,13.072331,80.216361,Anna Salai,Minor,2022-04-02,05:00,2022-04-02 05:00:00,Fog,Bus,high
1467,13.014518,80.211889,Mount Road,Severe,2022-08-25,05:00,2022-08-25 05:00:00,Fog,Bus,medium
1468,13.080749,80.244853,Anna Salai,Minor,2025-01-27,21:00,2025-01-27 21:00:00,Rain,Car,high
1469,13.132168,80.140299,Anna Salai,Severe,2025-01-08,21:00,2025-01-08 21:00:00,Rain,Bike,high
1470,12.879296,80.264568,OMR,Minor,2022-08-31,02:00,2022-08-31 02:00:00,Rain,Truck,medium
1471,12.953708,80.169297,OMR,Minor,2023-09-08,00:00,2023-09-08 00:00:00,Fog,Bus,medium
1472,12.886274,80.190901,OMR,Minor,2022-10-07,09:00,2022-10-07 09:00:00,Clear,Auto,medium
1473,13.131262,80.286444,Anna Salai,Severe,2023-03-18,02:00,2023-03-18 02:00:00,Clear,Bike,high
1474,13.034523,80.157503,Mount Road,Fatal,2023-07-09,16:00,2023-07-09 16:00:00,Rain,Auto,medium
1475,13.035059,80.141985,Mount Road,Severe,2022-05-25,13:00,2022-05-25 13:00:00,Rain,Auto,medium
1476,12.885887,80.132947,OMR,Severe,2022-01-16,12:00,2022-01-16 12:00:00,Rain,Auto,medium
1477,12.829468,80.181913,ECR,Severe,2022-03-21,17:00,2022-03-21 17:00:00,Clear,Car,high
1478,12.915687,80.261431,OMR,Minor,2022-07-26,05:00,2022-07-26 05:00:00,Rain,Car,medium
1479,13.018396,80.126747,Mount Road,Minor,2024-11-11,16:00,2024-11-11 16:00:00,Fog,Car,medium
1480,12.89362,80.214311,OMR,Minor,2024-11-08,03:00,2024-11-08 03:00:00,Rain,Auto,medium
1481,13.025441,80.100153,Mount Road,Minor,2022-03-26,02:00,2022-03-26 02:00:00,Fog,Bus,medium
1482,13.038741,80.152692,Mount Road,Minor,2023-08-17,11:00,2023-08-17 11:00:00,Clear,Bus,medium
1483,13.153989,80.170048,Anna Salai,Fatal,2023-12-29,19:00,2023-12-29 19:00:00,Rain,Auto,high
1484,13.182391,80.192656,Anna Salai,Fatal,2024-11-23,11:00,2024-11-23 11:00:00,Fog,Bike,high
1485,12.950602,80.242057,OMR,Minor,2024-12-26,22:00,2024-12-26 22:00:00,Clear,Truck,medium
1486,12.955876,80.261456,OMR,Severe,2023-03-07,02:00,2023-03-07 02:00:00,Rain,Car,medium
1487,13.138899,80.10353,Anna Salai,Fatal,2022-04-09,02:00,2022-04-09 02:00:00,Clear,Car,high
1488,12.821681,80.163466,ECR,Minor,2023-03-04,16:00,2023-03-04 16:00:00,Clear,Bike,high
1489,12.941868,80.241949,OMR,Minor,2023-08-28,00:00,2023-08-28 00:00:00,Fog,Auto,medium
1490,12.988944,80.174893,Mount Road,Minor,2023-04-10,23:00,2023-04-10 23:00:00,Rain,Bike,medium
1491,12.879715,80.276723,OMR,Minor,2024-07-05,06:00,2024-07-05 06:00:00,Rain,Bus,medium
1492,12.942392,80.161793,OMR,Minor,2022-09-08,16:00,2022-09-08 16:00:00,Clear,Bus,medium
1493,13.079611,80.112277,Mount Road,Severe,2022-08-01,13:00,2022-08-01 13:00:00,Fog,Truck,medium
1494,12.952569,80.165658,OMR,Minor,2022-12-05,15:00,2022-12-05 15:00:00,Rain,Bike,medium
1495,12.926154,80.241053,OMR,Minor,2024-08-02,05:00,2024-08-02 05:00:00,Fog,Auto,medium
1496,12.914992,80.21331,OMR,Severe,2024-01-02,14:00,2024-01-02 14:00:00,Fog,Bike,medium
1497,12.838888,80.213595,ECR,Fatal,2025-03-18,13:00,2025-03-18 13:00:00,Rain,Bus,high
1498,12.944334,80.299715,OMR,Minor,2023-06-10,20:00,2023-06-10 20:00:00,Rain,Car,medium
1499,13.096508,80.207408,Anna Salai,Fatal,2024-03-06,03:00,2024-03-06 03:00:00,Fog,Car,high
1500,12.912536,80.284007,OMR,Fatal,2024-03-24,09:00,2024-03-24 09:00:00,Rain,Bike,medium
1501,13.069225,80.101232,Mount Road,Minor,2024-01-19,17:00,2024-01-19 17:00:00,Rain,Bus,medium
1502,12.860898,80.239094,ECR,Minor,2022-01-28,13:00,2022-01-28 13:00:00,Rain,Car,high
1503,12.906085,80.111298,OMR,Fatal,2023-02-15,16:00,2023-02-15 16:00:00,Clear,Bus,medium
1504,12.936493,80.172994,OMR,Severe,2022-05-12,10:00,2022-05-12 10:00:00,Fog,Car,medium
1505,13.170302,80.116578,Anna Salai,Severe,2023-11-25,08:00,2023-11-25 08:00:00,Clear,Truck,high
1506,12.991049,80.105406,Mount Road,Minor,2024-09-07,02:00,2024-09-07 02:00:00,Rain,Bike,medium
1507,13.121199,80.281447,Anna Salai,Fatal,2022-02-24,11:00,2022-02-24 11:00:00,Clear,Bike,high
1508,12.986162,80.178485,Mount Road,Minor,2022-03-03,02:00,2022-03-03 02:00:00,Rain,Auto,medium
1509,13.167224,80.108893,Anna Salai,Fatal,2022-07-26,21:00,2022-07-26 21:00:00,Fog,Bus,high
1510,13.035917,80.126592,Mount Road,Minor,2024-08-10,21:00,2024-08-10 21:00:00,Rain,Bike,medium
1511,13.083858,80.249679,Anna Salai,Minor,2024-05-12,22:00,2024-05-12 22:00:00,Clear,Bus,high
1512,12.922041,80.212293,OMR,Minor,2022-09-13,14:00,2022-09-13 14:00:00,Fog,Bus,medium
1513,13.057548,80.234556,Anna Salai,Fatal,2022-11-22,02:00,2022-11-22 02:00:00,Rain,Car,high
1514,13.03042,80.246426,Anna Salai,Minor,2023-02-02,16:00,2023-02-02 16:00:00,Clear,Auto,high
1515,12.887998,80.182543,OMR,Minor,2024-07-20,21:00,2024-07-20 21:00:00,Clear,Bike,medium
1516,13.135988,80.102666,Anna Salai,Severe,2025-01-19,15:00,2025-01-19 15:00:00,Clear,Bike,high
1517,13.164995,80.183531,Anna Salai,Severe,2024-09-05,13:00,2024-09-05 13:00:00,Fog,Bus,high
1518,12.993106,80.262943,Mount Road,Fatal,2022-12-20,09:00,2022-12-20 09:00:00,Rain,Car,medium
1519,12.812906,80.225267,ECR,Minor,2022-08-27,01:00,2022-08-27 01:00:00,Rain,Bike,high
1520,13.084441,80.269087,Anna Salai,Minor,2025-04-03,03:00,2025-04-03 03:00:00,Fog,Auto,high
1521,12.890568,80.170619,OMR,Fatal,2024-05-07,19:00,2024-05-07 19:00:00,Clear,Truck,medium
1522,13.166549,80.136692,Anna Salai,Minor,2023-04-25,05:00,2023-04-25 05:00:00,Fog,Auto,high
1523,13.192427,80.111319,Anna Salai,Fatal,2022-12-01,20:00,2022-12-01 20:00:00,Rain,Truck,high
1524,13.067005,80.284703,Anna Salai,Minor,2024-07-25,04:00,2024-07-25 04:00:00,Fog,Auto,high
1525,12.863992,80.201757,ECR,Minor,2023-05-24,12:00,2023-05-24 12:00:00,Rain,Bike,high
1526,13.084237,80.244546,Anna Salai,Fatal,2024-07-08,09:00,2024-07-08 09:00:00,Clear,Auto,high
1527,12.860824,80.208827,ECR,Minor,2023-01-13,01:00,2023-01-13 01:00:00,Fog,Car,high
1528,12.90839,80.196132,OMR,Minor,2023-03-01,00:00,2023-03-01 00:00:00,Rain,Car,medium
1529,13.16747,80.24625,Anna Salai,Severe,2024-04-10,16:00,2024-04-10 16:00:00,Clear,Truck,high
1530,12.921864,80.109281,OMR,Fatal,2022-03-05,05:00,2022-03-05 05:00:00,Fog,Car,medium
1531,12.910292,80.107992,OMR,Minor,2023-06-13,10:00,2023-06-13 10:00:00,Fog,Auto,medium
1532,13.162327,80.130708,Anna Salai,Severe,2023-11-12,09:00,2023-11-12 09:00:00,Fog,Auto,high
1533,12.841982,80.290927,ECR,Severe,2023-06-18,08:00,2023-06-18 08:00:00,Fog,Bike,high
1534,13.100146,80.1443,Mount Road,Severe,2022-01-24,02:00,2022-01-24 02:00:00,Clear,Truck,medium
1535,12.92393,80.273705,OMR,Minor,2023-06-08,11:00,2023-06-08 11:00:00,Rain,Truck,medium
1536,12.934501,80.248979,OMR,Minor,2024-03-28,13:00,2024-03-28 13:00:00,Fog,Bus,medium
1537,13.179835,80.26885,Anna Salai,Severe,2024-07-12,00:00,2024-07-12 00:00:00,Clear,Auto,high
1538,12.870341,80.234878,ECR,Minor,2023-09-29,20:00,2023-09-29 20:00:00,Rain,Auto,high
1539,13.075441,80.106417,Mount Road,Minor,2022-12-13,14:00,2022-12-13 14:00:00,Rain,Truck,medium
1540,12.874527,80.132909,ECR,Fatal,2022-04-12,02:00,2022-04-12 02:00:00,Clear,Bus,high
1541,12.996671,80.291629,Mount Road,Severe,2024-07-17,07:00,2024-07-17 07:00:00,Fog,Auto,medium
1542,12.931938,80.103706,OMR,Severe,2023-10-22,03:00,2023-10-22 03:00:00,Rain,Bike,medium
1543,12.938495,80.115258,OMR,Minor,2023-06-06,07:00,2023-06-06 07:00:00,Clear,Bike,medium
1544,12.84915,80.110328,ECR,Severe,2024-11-12,10:00,2024-11-12 10:00:00,Clear,Auto,high
1545,12.875314,80.169902,ECR,Severe,2022-05-02,04:00,2022-05-02 04:00:00,Rain,Bike,high
1546,13.078691,80.282103,Anna Salai,Severe,2023-08-28,01:00,2023-08-28 01:00:00,Clear,Truck,high
1547,13.134195,80.148608,Anna Salai,Minor,2024-08-23,20:00,2024-08-23 20:00:00,Clear,Auto,high
1548,13.009203,80.153276,Mount Road,Minor,2024-01-11,15:00,2024-01-11 15:00:00,Fog,Car,medium
1549,12.864929,80.248298,ECR,Minor,2024-09-09,03:00,2024-09-09 03:00:00,Clear,Bus,high
1550,13.157939,80.191374,Anna Salai,Fatal,2023-05-02,22:00,2023-05-02 22:00:00,Rain,Bus,high
1551,12.865392,80.256388,ECR,Minor,2022-05-29,11:00,2022-05-29 11:00:00,Clear,Truck,high
1552,12.869058,80.103925,ECR,Minor,2022-08-24,01:00,2022-08-24 01:00:00,Clear,Car,high
1553,12.898931,80.202202,OMR,Severe,2022-04-07,06:00,2022-04-07 06:00:00,Fog,Auto,medium
1554,13.079684,80.200687,Anna Salai,Minor,2023-05-16,22:00,2023-05-16 22:00:00,Fog,Bike,high
1555,12.911029,80.118892,OMR,Minor,2023-07-14,03:00,2023-07-14 03:00:00,Clear,Truck,medium
1556,13.124099,80.290357,Anna Salai,Severe,2024-12-02,03:00,2024-12-02 03:00:00,Rain,Auto,high
1557,13.192716,80.153085,Anna Salai,Severe,2022-07-15,01:00,2022-07-15 01:00:00,Clear,Truck,high
1558,13.147494,80.297726,Anna Salai,Fatal,2024-09-20,23:00,2024-09-20 23:00:00,Rain,Car,high
1559,12.924246,80.192878,OMR,Minor,2022-02-16,14:00,2022-02-16 14:00:00,Rain,Auto,medium
1560,13.123928,80.11579,Anna Salai,Minor,2023-09-12,12:00,2023-09-12 12:00:00,Rain,Car,high
1561,12.860606,80.149442,ECR,Minor,2022-02-21,13:00,2022-02-21 13:00:00,Clear,Bike,high
1562,12.918044,80.179627,OMR,Minor,2024-05-15,12:00,2024-05-15 12:00:00,Rain,Bus,medium
1563,13.032,80.297816,Anna Salai,Minor,2022-05-29,12:00,2022-05-29 12:00:00,Rain,Car,high
1564,13.032946,80.298525,Anna Salai,Minor,2022-12-08,23:00,2022-12-08 23:00:00,Clear,Truck,high
1565,13.161164,80.21271,Anna Salai,Minor,2023-05-11,09:00,2023-05-11 09:00:00,Rain,Truck,high
1566,13.106089,80.162482,Anna Salai,Severe,2023-10-07,12:00,2023-10-07 12:00:00,Clear,Bus,high
1567,12.99687,80.202554,Mount Road,Minor,2023-06-01,09:00,2023-06-01 09:00:00,Rain,Bike,medium
1568,13.071613,80.151915,Mount Road,Fatal,2023-02-22,18:00,2023-02-22 18:00:00,Fog,Auto,medium
1569,12.833404,80.2831,ECR,Severe,2025-01-13,22:00,2025-01-13 22:00:00,Rain,Bus,high
1570,13.078486,80.193554,Anna Salai,Fatal,2023-08-20,10:00,2023-08-20 10:00:00,Fog,Bus,high
1571,13.051847,80.244627,Anna Salai,Minor,2023-02-25,23:00,2023-02-25 23:00:00,Clear,Auto,high
1572,12.956928,80.145248,Mount Road,Severe,2023-10-14,22:00,2023-10-14 22:00:00,Rain,Truck,medium
1573,12.913429,80.231224,OMR,Minor,2024-07-23,15:00,2024-07-23 15:00:00,Rain,Auto,medium
1574,13.020627,80.14898,Mount Road,Severe,2023-02-04,11:00,2023-02-04 11:00:00,Fog,Bike,medium
1575,12.847786,80.220555,ECR,Minor,2024-12-03,00:00,2024-12-03 00:00:00,Fog,Auto,high
1576,12.872384,80.292335,OMR,Minor,2024-11-20,05:00,2024-11-20 05:00:00,Fog,Auto,medium
1577,13.100182,80.284169,Anna Salai,Minor,2022-08-29,13:00,2022-08-29 13:00:00,Clear,Bus,high
1578,12.867262,80.226758,ECR,Severe,2022-01-25,01:00,2022-01-25 01:00:00,Rain,Auto,high
1579,12.851034,80.200384,ECR,Minor,2022-04-05,04:00,2022-04-05 04:00:00,Rain,Truck,high
1580,13.077679,80.251662,Anna Salai,Fatal,2022-10-31,22:00,2022-10-31 22:00:00,Clear,Truck,high
1581,12.999501,80.189888,Mount Road,Minor,2025-03-01,15:00,2025-03-01 15:00:00,Rain,Truck,medium
1582,13.095805,80.263634,Anna Salai,Severe,2023-02-09,11:00,2023-02-09 11:00:00,Clear,Bike,high
1583,13.042688,80.12339,Mount Road,Fatal,2022-09-02,23:00,2022-09-02 23:00:00,Clear,Bus,medium
1584,13.101102,80.154241,Anna Salai,Minor,2022-02-23,07:00,2022-02-23 07:00:00,Rain,Truck,high
1585,12.850924,80.133031,ECR,Severe,2023-04-02,16:00,2023-04-02 16:00:00,Rain,Auto,high
1586,12.937205,80.159383,OMR,Fatal,2024-12-06,23:00,2024-12-06 23:00:00,Fog,Bus,medium
1587,12.946745,80.278111,OMR,Severe,2024-12-21,04:00,2024-12-21 04:00:00,Fog,Truck,medium
1588,13.062981,80.142158,Mount Road,Minor,2024-01-15,09:00,2024-01-15 09:00:00,Clear,Auto,medium
1589,12.969482,80.172901,Mount Road,Minor,2023-04-02,04:00,2023-04-02 04:00:00,Clear,Truck,medium
1590,13.110877,80.275132,Anna Salai,Minor,2023-02-19,16:00,2023-02-19 16:00:00,Fog,Auto,high
1591,12.895122,80.193236,OMR,Fatal,2025-01-13,20:00,2025-01-13 20:00:00,Rain,Bike,medium
1592,12.911609,80.175742,OMR,Severe,2025-02-02,09:00,2025-02-02 09:00:00,Rain,Bike,medium
1593,13.188372,80.210934,Anna Salai,Minor,2024-03-06,13:00,2024-03-06 13:00:00,Rain,Car,high
1594,12.963297,80.236183,OMR,Minor,2022-07-21,07:00,2022-07-21 07:00:00,Fog,Bike,medium
1595,12.944866,80.29704,OMR,Severe,2024-11-22,05:00,2024-11-22 05:00:00,Rain,Truck,medium
1596,13.07733,80.286983,Anna Salai,Minor,2023-07-09,05:00,2023-07-09 05:00:00,Clear,Truck,high
1597,12.976929,80.210919,Mount Road,Severe,2023-10-02,21:00,2023-10-02 21:00:00,Rain,Bus,medium
1598,12.952854,80.109839,Mount Road,Fatal,2024-04-12,02:00,2024-04-12 02:00:00,Rain,Truck,medium
1599,12.977825,80.148657,Mount Road,Minor,2024-08-29,21:00,2024-08-29 21:00:00,Clear,Car,medium
1600,12.907477,80.287235,OMR,Fatal,2023-11-14,01:00,2023-11-14 01:00:00,Rain,Bike,medium
1601,13.180664,80.174604,Anna Salai,Severe,2023-11-10,18:00,2023-11-10 18:00:00,Rain,Auto,high
1602,12.801703,80.259737,ECR,Minor,2022-12-17,14:00,2022-12-17 14:00:00,Rain,Bus,high
1603,13.007891,80.196701,Mount Road,Fatal,2022-12-14,11:00,2022-12-14 11:00:00,Fog,Bus,medium
1604,13.071945,80.257515,Anna Salai,Fatal,2025-02-02,08:00,2025-02-02 08:00:00,Rain,Car,high
1605,12.928241,80.210666,OMR,Severe,2024-03-29,14:00,2024-03-29 14:00:00,Rain,Auto,medium
1606,12.912691,80.228027,OMR,Minor,2022-01-03,01:00,2022-01-03 01:00:00,Rain,Truck,medium
1607,13.100289,80.135114,Mount Road,Severe,2022-12-10,06:00,2022-12-10 06:00:00,Clear,Bus,medium
1608,12.814518,80.126388,ECR,Severe,2025-01-31,12:00,2025-01-31 12:00:00,Clear,Truck,high
1609,12.96236,80.293919,OMR,Minor,2024-05-09,11:00,2024-05-09 11:00:00,Clear,Car,medium
1610,13.167503,80.178014,Anna Salai,Minor,2024-03-23,23:00,2024-03-23 23:00:00,Fog,Bike,high
1611,13.106815,80.243752,Anna Salai,Severe,2022-07-20,08:00,2022-07-20 08:00:00,Rain,Bus,high
1612,12.890594,80.296356,OMR,Severe,2024-08-03,00:00,2024-08-03 00:00:00,Clear,Truck,medium
1613,12.8937,80.222464,OMR,Fatal,2024-11-23,21:00,2024-11-23 21:00:00,Fog,Bike,medium
1614,12.877095,80.159084,OMR,Minor,2024-10-22,14:00,2024-10-22 14:00:00,Fog,Bike,medium
1615,13.149515,80.200354,Anna Salai,Fatal,2024-01-12,03:00,2024-01-12 03:00:00,Rain,Truck,high
1616,13.168722,80.197227,Anna Salai,Severe,2024-04-19,22:00,2024-04-19 22:00:00,Rain,Bus,high
1617,12.94464,80.160041,OMR,Fatal,2023-01-13,04:00,2023-01-13 04:00:00,Rain,Auto,medium
1618,13.088535,80.21828,Anna Salai,Severe,2023-09-21,07:00,2023-09-21 07:00:00,Clear,Car,high
1619,13.041334,80.279128,Anna Salai,Severe,2024-08-23,01:00,2024-08-23 01:00:00,Fog,Car,high
1620,13.143127,80.205066,Anna Salai,Minor,2023-12-22,21:00,2023-12-22 21:00:00,Fog,Bike,high
1621,12.87751,80.143024,ECR,Minor,2024-07-20,10:00,2024-07-20 10:00:00,Clear,Car,high
1622,13.077685,80.163328,Mount Road,Fatal,2023-01-29,13:00,2023-01-29 13:00:00,Clear,Bike,medium
1623,12.867476,80.158719,ECR,Minor,2024-11-26,08:00,2024-11-26 08:00:00,Clear,Car,high
1624,12.80087,80.220097,ECR,Minor,2024-12-30,07:00,2024-12-30 07:00:00,Clear,Truck,high
1625,12.9767,80.23682,Mount Road,Severe,2024-07-04,23:00,2024-07-04 23:00:00,Rain,Auto,medium
1626,13.06871,80.223766,Anna Salai,Minor,2023-03-10,16:00,2023-03-10 16:00:00,Fog,Auto,high
1627,12.852723,80.217595,ECR,Fatal,2024-06-22,05:00,2024-06-22 05:00:00,Rain,Bus,high
1628,13.019148,80.172093,Mount Road,Minor,2024-03-01,23:00,2024-03-01 23:00:00,Fog,Auto,medium
1629,12.867469,80.25476,ECR,Minor,2025-01-08,15:00,2025-01-08 15:00:00,Fog,Truck,high
1630,12.800801,80.238261,ECR,Severe,2023-07-12,08:00,2023-07-12 08:00:00,Fog,Car,high
1631,12.904693,80.109235,OMR,Minor,2024-09-21,10:00,2024-09-21 10:00:00,Fog,Auto,medium
1632,13.059593,80.101338,Mount Road,Minor,2023-09-04,23:00,2023-09-04 23:00:00,Clear,Truck,medium
1633,12.873311,80.104112,ECR,Severe,2024-07-05,06:00,2024-07-05 06:00:00,Fog,Auto,high
1634,13.141821,80.256709,Anna Salai,Minor,2024-03-29,11:00,2024-03-29 11:00:00,Clear,Auto,high
1635,12.868978,80.160185,ECR,Severe,2023-03-25,03:00,2023-03-25 03:00:00,Fog,Bike,high
1636,12.8535,80.119011,ECR,Minor,2023-12-15,05:00,2023-12-15 05:00:00,Fog,Auto,high
1637,13.068499,80.279264,Anna Salai,Minor,2022-12-10,09:00,2022-12-10 09:00:00,Rain,Car,high
1638,13.063923,80.131614,Mount Road,Severe,2022-10-28,03:00,2022-10-28 03:00:00,Clear,Bike,medium
1639,12.90389,80.279929,OMR,Minor,2024-03-17,13:00,2024-03-17 13:00:00,Clear,Auto,medium
1640,12.994286,80.270301,Mount Road,Minor,2022-11-04,10:00,2022-11-04 10:00:00,Clear,Truck,medium
1641,12.833346,80.220794,ECR,Severe,2024-02-09,16:00,2024-02-09 16:00:00,Rain,Bus,high
1642,12.831109,80.156496,ECR,Minor,2023-01-05,19:00,2023-01-05 19:00:00,Clear,Auto,high
1643,13.026848,80.243879,Mount Road,Minor,2022-02-16,01:00,2022-02-16 01:00:00,Fog,Auto,medium
1644,12.968565,80.148948,Mount Road,Fatal,2023-07-29,23:00,2023-07-29 23:00:00,Clear,Auto,medium
1645,13.093869,80.295687,Anna Salai,Minor,2024-07-13,15:00,2024-07-13 15:00:00,Rain,Bus,high
1646,12.94758,80.184054,OMR,Minor,2022-10-25,09:00,2022-10-25 09:00:00,Fog,Truck,medium
1647,13.178112,80.297999,Anna Salai,Minor,2023-11-08,20:00,2023-11-08 20:00:00,Clear,Bike,high
1648,13.136361,80.119296,Anna Salai,Fatal,2022-09-15,08:00,2022-09-15 08:00:00,Rain,Car,high
1649,13.150916,80.283619,Anna Salai,Severe,2024-11-06,09:00,2024-11-06 09:00:00,Rain,Truck,high
1650,13.150888,80.270501,Anna Salai,Minor,2022-11-03,19:00,2022-11-03 19:00:00,Rain,Car,high
1651,12.985379,80.270569,Mount Road,Minor,2023-11-21,13:00,2023-11-21 13:00:00,Rain,Auto,medium
1652,13.195001,80.229505,Anna Salai,Minor,2022-07-10,01:00,2022-07-10 01:00:00,Fog,Truck,high
1653,13.085415,80.289871,Anna Salai,Severe,2024-10-20,08:00,2024-10-20 08:00:00,Clear,Bike,high
1654,12.852457,80.292709,ECR,Severe,2022-11-07,00:00,2022-11-07 00:00:00,Fog,Bike,high
1655,12.965845,80.165688,Mount Road,Fatal,2025-02-09,07:00,2025-02-09 07:00:00,Fog,Bike,medium
1656,12.811634,80.123316,ECR,Minor,2022-05-26,21:00,2022-05-26 21:00:00,Rain,Truck,high
1657,12.89541,80.166982,OMR,Minor,2024-08-13,13:00,2024-08-13 13:00:00,Fog,Bus,medium
1658,13.167099,80.128024,Anna Salai,Minor,2024-01-18,20:00,2024-01-18 20:00:00,Rain,Truck,high
1659,13.161844,80.260374,Anna Salai,Minor,2023-03-03,22:00,2023-03-03 22:00:00,Fog,Bus,high
1660,12.962523,80.283353,OMR,Minor,2024-06-22,12:00,2024-06-22 12:00:00,Rain,Bike,medium
1661,13.087712,80.208296,Anna Salai,Severe,2022-07-23,15:00,2022-07-23 15:00:00,Clear,Truck,high
1662,12.853724,80.134211,ECR,Minor,2022-02-04,10:00,2022-02-04 10:00:00,Fog,Car,high
1663,12.976507,80.195901,Mount Road,Minor,2024-07-10,17:00,2024-07-10 17:00:00,Fog,Bus,medium
1664,13.02009,80.268284,Anna Salai,Severe,2023-03-22,23:00,2023-03-22 23:00:00,Clear,Bus,high
1665,12.887348,80.211761,OMR,Severe,2023-03-30,04:00,2023-03-30 04:00:00,Rain,Car,medium
1666,12.88784,80.197874,OMR,Minor,2023-05-05,13:00,2023-05-05 13:00:00,Clear,Bus,medium
1667,12.857455,80.136116,ECR,Minor,2023-02-18,02:00,2023-02-18 02:00:00,Clear,Car,high
1668,12.967702,80.295155,OMR,Severe,2024-08-13,12:00,2024-08-13 12:00:00,Rain,Bike,medium
1669,13.126716,80.156956,Anna Salai,Severe,2024-04-13,04:00,2024-04-13 04:00:00,Rain,Bus,high
1670,12.812191,80.142315,ECR,Minor,2022-08-21,20:00,2022-08-21 20:00:00,Clear,Auto,high
1671,13.139122,80.24962,Anna Salai,Minor,2023-08-04,14:00,2023-08-04 14:00:00,Clear,Bus,high
1672,13.179898,80.112331,Anna Salai,Severe,2023-05-31,19:00,2023-05-31 19:00:00,Clear,Bike,high
1673,13.175725,80.196125,Anna Salai,Fatal,2022-08-02,14:00,2022-08-02 14:00:00,Rain,Auto,high
1674,12.965027,80.149211,Mount Road,Severe,2022-07-08,13:00,2022-07-08 13:00:00,Fog,Truck,medium
1675,12.965089,80.146046,Mount Road,Minor,2024-01-18,05:00,2024-01-18 05:00:00,Fog,Truck,medium
1676,13.171261,80.192267,Anna Salai,Minor,2023-08-29,16:00,2023-08-29 16:00:00,Fog,Car,high
1677,12.806813,80.192773,ECR,Minor,2023-05-30,05:00,2023-05-30 05:00:00,Fog,Auto,high
1678,13.131103,80.257868,Anna Salai,Severe,2025-02-24,23:00,2025-02-24 23:00:00,Fog,Truck,high
1679,12.975673,80.121732,Mount Road,Severe,2024-08-10,02:00,2024-08-10 02:00:00,Clear,Bus,medium
1680,12.831189,80.192564,ECR,Fatal,2022-09-26,16:00,2022-09-26 16:00:00,Rain,Bike,high
1681,12.992053,80.168095,Mount Road,Severe,2022-01-26,01:00,2022-01-26 01:00:00,Fog,Bus,medium
1682,13.049683,80.244644,Anna Salai,Minor,2023-05-17,11:00,2023-05-17 11:00:00,Clear,Bike,high
1683,13.064044,80.263184,Anna Salai,Minor,2022-03-08,04:00,2022-03-08 04:00:00,Fog,Car,high
1684,12.928537,80.229234,OMR,Severe,2022-06-23,09:00,2022-06-23 09:00:00,Rain,Car,medium
1685,13.081149,80.198629,Anna Salai,Severe,2024-02-23,18:00,2024-02-23 18:00:00,Fog,Bus,high
1686,13.122178,80.294473,Anna Salai,Minor,2022-09-10,22:00,2022-09-10 22:00:00,Clear,Truck,high
1687,13.187612,80.222992,Anna Salai,Severe,2022-09-01,04:00,2022-09-01 04:00:00,Fog,Bus,high
1688,12.853393,80.104599,ECR,Minor,2024-10-07,17:00,2024-10-07 17:00:00,Rain,Bike,high
1689,13.145466,80.234747,Anna Salai,Fatal,2023-07-06,01:00,2023-07-06 01:00:00,Fog,Auto,high
1690,12.87009,80.290313,OMR,Minor,2023-08-23,00:00,2023-08-23 00:00:00,Clear,Bike,medium
1691,12.922886,80.296839,OMR,Severe,2023-04-27,19:00,2023-04-27 19:00:00,Rain,Auto,medium
1692,13.101871,80.186764,Anna Salai,Minor,2023-02-10,04:00,2023-02-10 04:00:00,Clear,Bus,high
1693,12.995013,80.172539,Mount Road,Minor,2024-01-18,06:00,2024-01-18 06:00:00,Clear,Auto,medium
1694,13.176601,80.150477,Anna Salai,Fatal,2023-11-02,21:00,2023-11-02 21:00:00,Clear,Car,high
1695,13.111386,80.145106,Anna Salai,Minor,2024-08-03,04:00,2024-08-03 04:00:00,Rain,Bike,high
1696,13.028347,80.235216,Mount Road,Minor,2023-01-09,05:00,2023-01-09 05:00:00,Rain,Auto,medium
1697,13.119425,80.183125,Anna Salai,Fatal,2023-06-04,16:00,2023-06-04 16:00:00,Fog,Bike,high
1698,12.883825,80.14831,OMR,Severe,2024-02-23,08:00,2024-02-23 08:00:00,Fog,Car,medium
1699,12.873761,80.104533,ECR,Minor,2022-09-04,05:00,2022-09-04 05:00:00,Rain,Truck,high
1700,13.154857,80.259716,Anna Salai,Minor,2023-04-25,20:00,2023-04-25 20:00:00,Clear,Truck,high
1701,13.158031,80.28661,Anna Salai,Minor,2022-06-11,07:00,2022-06-11 07:00:00,Rain,Car,high
1702,13.143126,80.111435,Anna Salai,Severe,2025-04-07,13:00,2025-04-07 13:00:00,Rain,Car,high
1703,12.86642,80.247011,ECR,Minor,2022-04-11,15:00,2022-04-11 15:00:00,Clear,Bus,high
1704,12.935516,80.290446,OMR,Minor,2022-05-30,19:00,2022-05-30 19:00:00,Fog,Auto,medium
1705,13.184891,80.192189,Anna Salai,Minor,2022-06-18,07:00,2022-06-18 07:00:00,Fog,Car,high
1706,13.051258,80.103184,Mount Road,Severe,2023-07-29,09:00,2023-07-29 09:00:00,Fog,Car,medium
1707,13.024471,80.114351,Mount Road,Minor,2022-09-09,01:00,2022-09-09 01:00:00,Fog,Bus,medium
1708,12.988246,80.230443,Mount Road,Minor,2025-03-25,17:00,2025-03-25 17:00:00,Rain,Bike,medium
1709,13.182327,80.160139,Anna Salai,Severe,2023-04-22,14:00,2023-04-22 14:00:00,Fog,Auto,high
1710,13.118676,80.26437,Anna Salai,Minor,2023-03-07,11:00,2023-03-07 11:00:00,Fog,Car,high
1711,13.052711,80.15408,Mount Road,Severe,2022-02-05,16:00,2022-02-05 16:00:00,Fog,Truck,medium
1712,13.017286,80.248118,Mount Road,Severe,2023-04-02,13:00,2023-04-02 13:00:00,Fog,Bus,medium
1713,13.049284,80.173524,Mount Road,Fatal,2023-06-17,07:00,2023-06-17 07:00:00,Fog,Bus,medium
1714,13.146122,80.136593,Anna Salai,Minor,2023-06-24,06:00,2023-06-24 06:00:00,Clear,Car,high
1715,13.028769,80.221408,Mount Road,Fatal,2022-06-11,12:00,2022-06-11 12:00:00,Clear,Car,medium
1716,13.141882,80.243839,Anna Salai,Severe,2024-10-28,20:00,2024-10-28 20:00:00,Clear,Auto,high
1717,13.12483,80.128971,Anna Salai,Minor,2023-12-23,03:00,2023-12-23 03:00:00,Clear,Bike,high
1718,13.174736,80.296224,Anna Salai,Minor,2022-04-21,05:00,2022-04-21 05:00:00,Clear,Car,high
1719,13.11371,80.129011,Mount Road,Minor,2023-05-17,22:00,2023-05-17 22:00:00,Fog,Bike,medium
1720,12.857817,80.141229,ECR,Severe,2024-12-06,07:00,2024-12-06 07:00:00,Rain,Auto,high
1721,12.849132,80.268607,ECR,Severe,2023-08-18,18:00,2023-08-18 18:00:00,Clear,Bike,high
1722,13.106673,80.189015,Anna Salai,Severe,2025-03-15,12:00,2025-03-15 12:00:00,Clear,Car,high
1723,12.993408,80.289274,Mount Road,Minor,2023-07-10,17:00,2023-07-10 17:00:00,Rain,Car,medium
1724,12.868863,80.161858,ECR,Severe,2022-12-22,15:00,2022-12-22 15:00:00,Fog,Auto,high
1725,13.057102,80.179772,Mount Road,Fatal,2022-10-15,10:00,2022-10-15 10:00:00,Rain,Bike,medium
1726,12.841634,80.154449,ECR,Fatal,2024-10-10,06:00,2024-10-10 06:00:00,Clear,Bus,high
1727,12.972081,80.212188,Mount Road,Minor,2023-12-09,05:00,2023-12-09 05:00:00,Fog,Bus,medium
1728,13.057738,80.257326,Anna Salai,Minor,2023-12-08,14:00,2023-12-08 14:00:00,Rain,Bus,high
1729,12.919143,80.149866,OMR,Severe,2022-10-11,08:00,2022-10-11 08:00:00,Fog,Auto,medium
1730,12.925918,80.229733,OMR,Minor,2022-01-17,06:00,2022-01-17 06:00:00,Clear,Auto,medium
1731,13.014101,80.1717,Mount Road,Severe,2024-06-25,13:00,2024-06-25 13:00:00,Rain,Bike,medium
1732,12.886495,80.169046,OMR,Severe,2024-02-03,02:00,2024-02-03 02:00:00,Fog,Auto,medium
1733,12.85436,80.229715,ECR,Severe,2024-01-14,02:00,2024-01-14 02:00:00,Rain,Bus,high
1734,13.07037,80.230058,Anna Salai,Minor,2024-05-13,08:00,2024-05-13 08:00:00,Rain,Auto,high
1735,12.881423,80.161193,OMR,Minor,2023-01-18,09:00,2023-01-18 09:00:00,Fog,Car,medium
1736,13.088466,80.296021,Anna Salai,Severe,2023-11-26,10:00,2023-11-26 10:00:00,Fog,Bike,high
1737,12.811355,80.238355,ECR,Minor,2023-12-25,13:00,2023-12-25 13:00:00,Rain,Car,high
1738,12.971747,80.294139,OMR,Minor,2024-03-02,02:00,2024-03-02 02:00:00,Fog,Auto,medium
1739,13.03233,80.157759,Mount Road,Fatal,2024-06-21,22:00,2024-06-21 22:00:00,Clear,Truck,medium
1740,13.041202,80.281153,Anna Salai,Fatal,2022-02-19,07:00,2022-02-19 07:00:00,Fog,Auto,high
1741,12.908017,80.140963,OMR,Minor,2024-07-30,21:00,2024-07-30 21:00:00,Clear,Bus,medium
1742,12.93234,80.268296,OMR,Severe,2025-04-12,19:00,2025-04-12 19:00:00,Rain,Truck,medium
1743,12.908523,80.248354,OMR,Minor,2022-05-13,11:00,2022-05-13 11:00:00,Rain,Truck,medium
1744,12.849379,80.172653,ECR,Severe,2023-12-09,16:00,2023-12-09 16:00:00,Rain,Car,high
1745,13.091398,80.193519,Anna Salai,Minor,2024-06-19,08:00,2024-06-19 08:00:00,Clear,Car,high
1746,12.880603,80.201582,OMR,Severe,2022-06-01,12:00,2022-06-01 12:00:00,Rain,Bike,medium
1747,13.10265,80.102363,Mount Road,Severe,2024-11-02,22:00,2024-11-02 22:00:00,Fog,Bus,medium
1748,13.148938,80.220411,Anna Salai,Minor,2024-10-16,12:00,2024-10-16 12:00:00,Clear,Truck,high
1749,13.004378,80.274034,Mount Road,Severe,2023-07-03,22:00,2023-07-03 22:00:00,Rain,Truck,medium
1750,13.047202,80.145127,Mount Road,Severe,2025-02-19,05:00,2025-02-19 05:00:00,Rain,Car,medium
1751,12.877742,80.288727,OMR,Fatal,2022-07-16,04:00,2022-07-16 04:00:00,Rain,Bike,medium
1752,13.038905,80.185469,Mount Road,Severe,2024-12-07,06:00,2024-12-07 06:00:00,Fog,Bike,medium
1753,13.119173,80.291065,Anna Salai,Severe,2025-02-03,16:00,2025-02-03 16:00:00,Rain,Auto,high
1754,12.877272,80.279205,OMR,Fatal,2023-01-11,18:00,2023-01-11 18:00:00,Rain,Auto,medium
1755,12.817413,80.140494,ECR,Minor,2024-09-03,21:00,2024-09-03 21:00:00,Rain,Truck,high
1756,12.978496,80.241726,Mount Road,Minor,2022-01-14,18:00,2022-01-14 18:00:00,Rain,Car,medium
1757,13.062309,80.276004,Anna Salai,Severe,2024-12-26,04:00,2024-12-26 04:00:00,Rain,Truck,high
1758,12.839816,80.194798,ECR,Severe,2023-11-28,00:00,2023-11-28 00:00:00,Clear,Truck,high
1759,12.982977,80.295456,Mount Road,Minor,2024-12-30,10:00,2024-12-30 10:00:00,Rain,Auto,medium
1760,12.924873,80.114047,OMR,Minor,2023-03-06,10:00,2023-03-06 10:00:00,Clear,Car,medium
1761,13.075732,80.122892,Mount Road,Minor,2022-11-21,09:00,2022-11-21 09:00:00,Rain,Bike,medium
1762,13.159443,80.154746,Anna Salai,Severe,2024-04-11,19:00,2024-04-11 19:00:00,Clear,Truck,high
1763,12.827359,80.211666,ECR,Minor,2024-10-19,08:00,2024-10-19 08:00:00,Fog,Bus,high
1764,12.863937,80.154696,ECR,Severe,2024-12-30,16:00,2024-12-30 16:00:00,Clear,Auto,high
1765,12.968555,80.19417,Mount Road,Severe,2024-06-20,01:00,2024-06-20 01:00:00,Rain,Truck,medium
1766,13.073741,80.186251,Anna Salai,Minor,2022-08-28,02:00,2022-08-28 02:00:00,Fog,Truck,high
1767,13.150478,80.202649,Anna Salai,Minor,2024-07-11,18:00,2024-07-11 18:00:00,Fog,Auto,high
1768,13.006368,80.118311,Mount Road,Minor,2024-03-27,12:00,2024-03-27 12:00:00,Rain,Bus,medium
1769,12.930674,80.278466,OMR,Minor,2022-04-19,02:00,2022-04-19 02:00:00,Clear,Bus,medium
1770,13.051093,80.296247,Anna Salai,Severe,2023-07-10,12:00,2023-07-10 12:00:00,Clear,Truck,high
1771,12.935145,80.151698,OMR,Minor,2023-05-02,15:00,2023-05-02 15:00:00,Clear,Truck,medium
1772,12.920702,80.160033,OMR,Minor,2023-11-26,23:00,2023-11-26 23:00:00,Fog,Bike,medium
1773,12.939178,80.177931,OMR,Minor,2023-12-19,09:00,2023-12-19 09:00:00,Rain,Truck,medium
1774,12.865142,80.204872,ECR,Fatal,2022-04-25,05:00,2022-04-25 05:00:00,Fog,Bike,high
1775,13.098513,80.128277,Mount Road,Minor,2024-04-10,12:00,2024-04-10 12:00:00,Rain,Truck,medium
1776,13.006168,80.293946,Anna Salai,Severe,2024-08-29,01:00,2024-08-29 01:00:00,Rain,Truck,high
1777,13.095082,80.241801,Anna Salai,Minor,2024-02-15,05:00,2024-02-15 05:00:00,Rain,Truck,high
1778,12.876442,80.183867,OMR,Minor,2023-01-18,19:00,2023-01-18 19:00:00,Rain,Auto,medium
1779,13.046776,80.136086,Mount Road,Fatal,2022-05-15,19:00,2022-05-15 19:00:00,Clear,Truck,medium
1780,12.943812,80.259902,OMR,Severe,2024-06-11,10:00,2024-06-11 10:00:00,Fog,Bike,medium
1781,13.051413,80.238321,Anna Salai,Severe,2022-04-10,18:00,2022-04-10 18:00:00,Fog,Bus,high
1782,13.149644,80.140835,Anna Salai,Severe,2024-04-23,14:00,2024-04-23 14:00:00,Clear,Bike,high
1783,13.135613,80.20324,Anna Salai,Fatal,2023-03-24,14:00,2023-03-24 14:00:00,Rain,Bike,high
1784,12.80424,80.244675,ECR,Minor,2023-03-22,03:00,2023-03-22 03:00:00,Clear,Truck,high
1785,13.165904,80.143318,Anna Salai,Minor,2025-03-02,14:00,2025-03-02 14:00:00,Fog,Bike,high
1786,13.197582,80.165089,Anna Salai,Minor,2023-05-31,17:00,2023-05-31 17:00:00,Fog,Bus,high
1787,12.831948,80.241758,ECR,Minor,2024-07-25,16:00,2024-07-25 16:00:00,Rain,Truck,high
1788,13.052743,80.227326,Anna Salai,Severe,2022-03-08,13:00,2022-03-08 13:00:00,Rain,Bus,high
1789,13.19718,80.219582,Anna Salai,Severe,2023-06-19,18:00,2023-06-19 18:00:00,Rain,Auto,high
1790,13.179823,80.236223,Anna Salai,Minor,2022-08-01,07:00,2022-08-01 07:00:00,Clear,Truck,high
1791,13.028309,80.212614,Mount Road,Minor,2022-02-24,02:00,2022-02-24 02:00:00,Clear,Auto,medium
1792,12.889445,80.281937,OMR,Severe,2022-02-01,23:00,2022-02-01 23:00:00,Fog,Auto,medium
1793,12.894591,80.133396,OMR,Minor,2022-08-04,10:00,2022-08-04 10:00:00,Clear,Auto,medium
1794,12.836117,80.164574,ECR,Severe,2023-10-24,14:00,2023-10-24 14:00:00,Fog,Bus,high
1795,13.138406,80.277152,Anna Salai,Minor,2022-12-02,12:00,2022-12-02 12:00:00,Clear,Bike,high
1796,13.09313,80.119059,Mount Road,Severe,2024-07-01,11:00,2024-07-01 11:00:00,Rain,Bus,medium
1797,13.01475,80.288792,Anna Salai,Severe,2024-12-28,14:00,2024-12-28 14:00:00,Fog,Bike,high
1798,13.0091,80.237206,Mount Road,Minor,2022-06-13,15:00,2022-06-13 15:00:00,Rain,Auto,medium
1799,13.029601,80.287879,Anna Salai,Minor,2022-01-03,02:00,2022-01-03 02:00:00,Fog,Auto,high
1800,13.120345,80.231139,Anna Salai,Severe,2025-01-27,15:00,2025-01-27 15:00:00,Fog,Truck,high
1801,13.125651,80.231278,Anna Salai,Fatal,2023-07-21,06:00,2023-07-21 06:00:00,Rain,Bike,high
1802,12.988778,80.248651,Mount Road,Minor,2023-06-02,02:00,2023-06-02 02:00:00,Rain,Bike,medium
1803,13.008398,80.13598,Mount Road,Fatal,2025-02-08,10:00,2025-02-08 10:00:00,Clear,Bus,medium
1804,13.046071,80.193047,Mount Road,Severe,2023-06-02,13:00,2023-06-02 13:00:00,Clear,Auto,medium
1805,13.025452,80.298788,Anna Salai,Minor,2024-04-12,18:00,2024-04-12 18:00:00,Clear,Bike,high
1806,12.914034,80.214605,OMR,Severe,2025-03-11,02:00,2025-03-11 02:00:00,Rain,Truck,medium
1807,12.851776,80.10612,ECR,Severe,2022-05-21,01:00,2022-05-21 01:00:00,Rain,Auto,high
1808,13.046763,80.11623,Mount Road,Minor,2022-12-18,20:00,2022-12-18 20:00:00,Fog,Bike,medium
1809,12.95177,80.273328,OMR,Minor,2023-03-23,17:00,2023-03-23 17:00:00,Fog,Auto,medium
1810,12.973785,80.237619,Mount Road,Minor,2024-02-04,20:00,2024-02-04 20:00:00,Fog,Car,medium
1811,13.165411,80.279786,Anna Salai,Minor,2024-08-10,06:00,2024-08-10 06:00:00,Rain,Auto,high
1812,13.03998,80.246692,Anna Salai,Fatal,2023-02-21,19:00,2023-02-21 19:00:00,Clear,Auto,high
1813,13.190659,80.193874,Anna Salai,Fatal,2024-02-07,20:00,2024-02-07 20:00:00,Clear,Bike,high
1814,13.154227,80.278917,Anna Salai,Minor,2024-02-14,11:00,2024-02-14 11:00:00,Clear,Auto,high
1815,13.166652,80.263692,Anna Salai,Severe,2023-08-27,20:00,2023-08-27 20:00:00,Rain,Bus,high
1816,12.800942,80.141466,ECR,Severe,2023-07-22,12:00,2023-07-22 12:00:00,Fog,Truck,high
1817,13.142182,80.11182,Anna Salai,Minor,2022-05-21,19:00,2022-05-21 19:00:00,Rain,Auto,high
1818,13.159211,80.181916,Anna Salai,Minor,2022-06-25,08:00,2022-06-25 08:00:00,Clear,Bike,high
1819,13.157396,80.228192,Anna Salai,Severe,2022-11-13,04:00,2022-11-13 04:00:00,Rain,Bike,high
1820,12.979066,80.273212,Mount Road,Severe,2022-11-03,17:00,2022-11-03 17:00:00,Clear,Car,medium
1821,13.039418,80.154205,Mount Road,Minor,2022-05-06,22:00,2022-05-06 22:00:00,Rain,Bus,medium
1822,12.882172,80.121464,OMR,Fatal,2025-03-28,19:00,2025-03-28 19:00:00,Clear,Car,medium
1823,12.87214,80.201684,ECR,Severe,2022-01-22,19:00,2022-01-22 19:00:00,Clear,Bike,high
1824,13.110136,80.209585,Anna Salai,Severe,2022-07-30,14:00,2022-07-30 14:00:00,Fog,Truck,high
1825,13.154369,80.23715,Anna Salai,Fatal,2024-08-21,08:00,2024-08-21 08:00:00,Fog,Truck,high
1826,12.922551,80.183236,OMR,Severe,2023-12-14,01:00,2023-12-14 01:00:00,Clear,Bike,medium
1827,12.800172,80.202976,ECR,Minor,2022-05-07,15:00,2022-05-07 15:00:00,Rain,Truck,high
1828,13.139523,80.133251,Anna Salai,Severe,2024-02-03,18:00,2024-02-03 18:00:00,Fog,Truck,high
1829,13.087683,80.157743,Mount Road,Minor,2022-04-01,02:00,2022-04-01 02:00:00,Rain,Truck,medium
1830,12.920658,80.162856,OMR,Fatal,2023-06-29,21:00,2023-06-29 21:00:00,Rain,Car,medium
1831,12.825889,80.154246,ECR,Fatal,2024-02-04,13:00,2024-02-04 13:00:00,Clear,Truck,high
1832,12.866139,80.12884,ECR,Minor,2024-04-24,15:00,2024-04-24 15:00:00,Rain,Truck,high
1833,13.051843,80.101492,Mount Road,Minor,2024-04-12,13:00,2024-04-12 13:00:00,Fog,Bike,medium
1834,13.068349,80.230709,Anna Salai,Minor,2024-12-01,01:00,2024-12-01 01:00:00,Clear,Car,high
1835,12.843655,80.272743,ECR,Severe,2023-03-27,14:00,2023-03-27 14:00:00,Clear,Auto,high
1836,12.833923,80.163219,ECR,Minor,2023-05-25,11:00,2023-05-25 11:00:00,Clear,Auto,high
1837,12.931767,80.284451,OMR,Fatal,2022-05-11,07:00,2022-05-11 07:00:00,Clear,Truck,medium
1838,13.014725,80.28455,Anna Salai,Fatal,2023-11-09,13:00,2023-11-09 13:00:00,Clear,Auto,high
1839,12.918807,80.242905,OMR,Severe,2022-08-18,03:00,2022-08-18 03:00:00,Fog,Bike,medium
1840,13.121918,80.212704,Anna Salai,Minor,2023-07-13,02:00,2023-07-13 02:00:00,Clear,Bike,high
1841,12.879266,80.115344,OMR,Severe,2022-11-03,08:00,2022-11-03 08:00:00,Fog,Bike,medium
1842,13.015211,80.128287,Mount Road,Severe,2023-02-02,07:00,2023-02-02 07:00:00,Clear,Auto,medium
1843,12.973632,80.231892,Mount Road,Minor,2023-10-21,15:00,2023-10-21 15:00:00,Clear,Bus,medium
1844,13.150243,80.104897,Anna Salai,Severe,2025-01-26,14:00,2025-01-26 14:00:00,Rain,Car,high
1845,13.11053,80.222482,Anna Salai,Minor,2024-05-20,00:00,2024-05-20 00:00:00,Fog,Bike,high
1846,12.866592,80.202012,ECR,Severe,2025-02-16,06:00,2025-02-16 06:00:00,Rain,Truck,high
1847,12.891836,80.196124,OMR,Severe,2024-10-25,17:00,2024-10-25 17:00:00,Fog,Truck,medium
1848,12.884653,80.143177,OMR,Minor,2022-01-29,00:00,2022-01-29 00:00:00,Rain,Auto,medium
1849,12.921164,80.228145,OMR,Fatal,2023-05-01,18:00,2023-05-01 18:00:00,Fog,Bike,medium
1850,12.91112,80.204511,OMR,Minor,2023-08-08,19:00,2023-08-08 19:00:00,Fog,Bus,medium
1851,13.029565,80.224152,Mount Road,Minor,2023-06-18,18:00,2023-06-18 18:00:00,Clear,Car,medium
1852,13.164782,80.18063,Anna Salai,Minor,2022-09-01,13:00,2022-09-01 13:00:00,Fog,Bike,high
1853,12.937817,80.143175,OMR,Minor,2022-06-15,11:00,2022-06-15 11:00:00,Clear,Auto,medium
1854,12.823168,80.230318,ECR,Minor,2024-03-24,04:00,2024-03-24 04:00:00,Fog,Bike,high
1855,13.05718,80.135709,Mount Road,Severe,2023-10-25,14:00,2023-10-25 14:00:00,Rain,Auto,medium
1856,12.830601,80.14151,ECR,Minor,2025-01-04,17:00,2025-01-04 17:00:00,Fog,Bus,high
1857,13.187995,80.215274,Anna Salai,Fatal,2024-01-14,15:00,2024-01-14 15:00:00,Fog,Auto,high
1858,12.810815,80.25759,ECR,Minor,2024-05-24,19:00,2024-05-24 19:00:00,Clear,Auto,high
1859,12.871762,80.175839,ECR,Minor,2022-11-25,13:00,2022-11-25 13:00:00,Clear,Bus,high
1860,12.876382,80.267796,OMR,Minor,2024-05-19,02:00,2024-05-19 02:00:00,Fog,Car,medium
1861,12.838685,80.249522,ECR,Minor,2022-02-17,02:00,2022-02-17 02:00:00,Rain,Auto,high
1862,12.92188,80.148539,OMR,Minor,2023-03-21,12:00,2023-03-21 12:00:00,Rain,Car,medium
1863,13.193015,80.260448,Anna Salai,Minor,2023-11-29,11:00,2023-11-29 11:00:00,Fog,Auto,high
1864,12.96731,80.234345,Mount Road,Minor,2022-05-21,20:00,2022-05-21 20:00:00,Rain,Car,medium
1865,12.915714,80.290729,OMR,Minor,2022-01-14,05:00,2022-01-14 05:00:00,Fog,Auto,medium
1866,13.09512,80.128594,Mount Road,Minor,2022-01-13,05:00,2022-01-13 05:00:00,Fog,Auto,medium
1867,13.078772,80.230615,Anna Salai,Minor,2022-10-16,20:00,2022-10-16 20:00:00,Rain,Car,high
1868,12.996277,80.262176,Mount Road,Minor,2024-04-01,21:00,2024-04-01 21:00:00,Fog,Bus,medium
1869,12.893692,80.279595,OMR,Minor,2025-02-25,06:00,2025-02-25 06:00:00,Clear,Truck,medium
1870,13.131725,80.124711,Anna Salai,Minor,2022-12-28,09:00,2022-12-28 09:00:00,Fog,Auto,high
1871,12.985741,80.220575,Mount Road,Minor,2023-02-27,14:00,2023-02-27 14:00:00,Fog,Bike,medium
1872,13.101753,80.155609,Anna Salai,Severe,2022-11-23,14:00,2022-11-23 14:00:00,Fog,Car,high
1873,12.850283,80.25296,ECR,Severe,2024-10-27,08:00,2024-10-27 08:00:00,Rain,Auto,high
1874,12.811172,80.106982,ECR,Minor,2024-08-16,13:00,2024-08-16 13:00:00,Rain,Bike,high
1875,13.142263,80.268495,Anna Salai,Severe,2024-01-27,01:00,2024-01-27 01:00:00,Rain,Bus,high
1876,12.801218,80.196291,ECR,Minor,2022-08-26,05:00,2022-08-26 05:00:00,Fog,Bike,high
1877,13.058866,80.265862,Anna Salai,Fatal,2023-03-13,22:00,2023-03-13 22:00:00,Clear,Truck,high
1878,13.125692,80.200039,Anna Salai,Severe,2024-10-23,02:00,2024-10-23 02:00:00,Rain,Bus,high
1879,12.890401,80.143826,OMR,Severe,2024-03-07,12:00,2024-03-07 12:00:00,Fog,Car,medium
1880,13.117704,80.262145,Anna Salai,Minor,2022-05-01,18:00,2022-05-01 18:00:00,Clear,Bus,high
1881,13.121409,80.107424,Mount Road,Minor,2022-04-07,05:00,2022-04-07 05:00:00,Rain,Truck,medium
1882,13.098505,80.164431,Anna Salai,Minor,2022-02-12,06:00,2022-02-12 06:00:00,Fog,Car,high
1883,13.185296,80.172299,Anna Salai,Fatal,2022-07-13,05:00,2022-07-13 05:00:00,Rain,Bus,high
1884,13.012062,80.293363,Anna Salai,Severe,2024-08-17,20:00,2024-08-17 20:00:00,Rain,Auto,high
1885,13.168976,80.21759,Anna Salai,Severe,2022-04-27,05:00,2022-04-27 05:00:00,Rain,Bus,high
1886,13.014112,80.233219,Mount Road,Minor,2022-01-22,06:00,2022-01-22 06:00:00,Fog,Auto,medium
1887,13.130378,80.210402,Anna Salai,Severe,2025-01-14,19:00,2025-01-14 19:00:00,Fog,Bus,high
1888,13.170934,80.236157,Anna Salai,Minor,2023-11-21,20:00,2023-11-21 20:00:00,Rain,Car,high
1889,12.891806,80.187451,OMR,Minor,2023-10-12,23:00,2023-10-12 23:00:00,Clear,Truck,medium
1890,12.869722,80.234261,ECR,Fatal,2023-11-29,06:00,2023-11-29 06:00:00,Clear,Bus,high
1891,13.197202,80.111838,Anna Salai,Minor,2024-05-05,09:00,2024-05-05 09:00:00,Fog,Truck,high
1892,12.88667,80.21678,OMR,Severe,2022-12-07,05:00,2022-12-07 05:00:00,Rain,Car,medium
1893,13.075096,80.251033,Anna Salai,Minor,2024-07-18,13:00,2024-07-18 13:00:00,Rain,Truck,high
1894,12.887818,80.193514,OMR,Minor,2023-06-12,10:00,2023-06-12 10:00:00,Fog,Bus,medium
1895,13.076951,80.268043,Anna Salai,Severe,2024-02-08,03:00,2024-02-08 03:00:00,Rain,Auto,high
1896,12.948572,80.261677,OMR,Severe,2023-07-20,04:00,2023-07-20 04:00:00,Fog,Bike,medium
1897,12.809652,80.255162,ECR,Severe,2024-06-03,13:00,2024-06-03 13:00:00,Fog,Bus,high
1898,12.942968,80.277063,OMR,Severe,2022-09-20,07:00,2022-09-20 07:00:00,Fog,Bike,medium
1899,12.968336,80.120643,Mount Road,Minor,2024-08-09,07:00,2024-08-09 07:00:00,Clear,Auto,medium
1900,12.850028,80.191803,ECR,Minor,2022-05-06,13:00,2022-05-06 13:00:00,Clear,Bus,high
1901,13.014094,80.235826,Mount Road,Minor,2024-12-13,22:00,2024-12-13 22:00:00,Clear,Bike,medium
1902,13.108862,80.262289,Anna Salai,Fatal,2023-08-13,06:00,2023-08-13 06:00:00,Rain,Bike,high
1903,13.142371,80.275348,Anna Salai,Minor,2022-06-25,06:00,2022-06-25 06:00:00,Clear,Truck,high
1904,13.032528,80.279551,Anna Salai,Severe,2022-01-27,17:00,2022-01-27 17:00:00,Clear,Auto,high
1905,12.8951,80.115992,OMR,Minor,2024-04-14,04:00,2024-04-14 04:00:00,Clear,Auto,medium
1906,13.002041,80.281399,Mount Road,Minor,2022-09-14,04:00,2022-09-14 04:00:00,Clear,Bus,medium
1907,13.02471,80.240896,Mount Road,Severe,2023-11-13,07:00,2023-11-13 07:00:00,Fog,Truck,medium
1908,13.011333,80.20639,Mount Road,Minor,2023-10-07,17:00,2023-10-07 17:00:00,Rain,Bike,medium
1909,12.888235,80.289915,OMR,Minor,2024-12-18,18:00,2024-12-18 18:00:00,Clear,Car,medium
1910,13.085631,80.152039,Mount Road,Severe,2022-12-14,10:00,2022-12-14 10:00:00,Rain,Auto,medium
1911,13.010786,80.25302,Mount Road,Minor,2024-04-04,05:00,2024-04-04 05:00:00,Fog,Truck,medium
1912,13.195567,80.10394,Anna Salai,Severe,2022-08-11,23:00,2022-08-11 23:00:00,Rain,Truck,high
1913,12.842082,80.21975,ECR,Minor,2024-12-10,17:00,2024-12-10 17:00:00,Fog,Auto,high
1914,12.810635,80.272388,ECR,Severe,2023-05-06,18:00,2023-05-06 18:00:00,Clear,Car,high
1915,13.02641,80.190833,Mount Road,Minor,2022-07-21,19:00,2022-07-21 19:00:00,Rain,Bike,medium
1916,13.137159,80.299944,Anna Salai,Severe,2023-07-19,16:00,2023-07-19 16:00:00,Clear,Auto,high
1917,13.086777,80.163297,Mount Road,Minor,2022-05-26,18:00,2022-05-26 18:00:00,Clear,Truck,medium
1918,12.933516,80.230036,OMR,Severe,2023-08-05,07:00,2023-08-05 07:00:00,Rain,Bike,medium
1919,13.111892,80.134878,Anna Salai,Minor,2024-05-09,20:00,2024-05-09 20:00:00,Rain,Truck,high
1920,13.186232,80.210351,Anna Salai,Severe,2023-12-15,05:00,2023-12-15 05:00:00,Clear,Bike,high
1921,12.960448,80.226851,OMR,Minor,2024-08-21,17:00,2024-08-21 17:00:00,Rain,Bike,medium
1922,12.958422,80.16674,Mount Road,Fatal,2023-03-30,21:00,2023-03-30 21:00:00,Rain,Bus,medium
1923,12.818957,80.118459,ECR,Severe,2023-11-01,03:00,2023-11-01 03:00:00,Fog,Bus,high
1924,13.119351,80.149221,Anna Salai,Minor,2024-04-21,08:00,2024-04-21 08:00:00,Fog,Bike,high
1925,12.918618,80.265582,OMR,Minor,2023-09-15,11:00,2023-09-15 11:00:00,Clear,Bus,medium
1926,12.876471,80.188374,OMR,Minor,2022-08-30,17:00,2022-08-30 17:00:00,Fog,Car,medium
1927,12.830023,80.145382,ECR,Fatal,2022-09-26,17:00,2022-09-26 17:00:00,Clear,Car,high
1928,13.117888,80.234359,Anna Salai,Minor,2022-11-01,06:00,2022-11-01 06:00:00,Clear,Auto,high
1929,12.806614,80.293066,ECR,Severe,2024-06-04,01:00,2024-06-04 01:00:00,Clear,Car,high
1930,12.862939,80.24123,ECR,Severe,2023-01-14,20:00,2023-01-14 20:00:00,Clear,Truck,high
1931,12.95565,80.125308,Mount Road,Minor,2022-02-06,17:00,2022-02-06 17:00:00,Fog,Auto,medium
1932,12.801996,80.156999,ECR,Minor,2022-11-22,09:00,2022-11-22 09:00:00,Clear,Auto,high
1933,12.857907,80.153369,ECR,Minor,2024-12-10,23:00,2024-12-10 23:00:00,Rain,Truck,high
1934,12.883651,80.165502,OMR,Minor,2024-03-24,13:00,2024-03-24 13:00:00,Clear,Bike,medium
1935,13.008102,80.163526,Mount Road,Fatal,2024-04-14,08:00,2024-04-14 08:00:00,Clear,Car,medium
1936,12.923608,80.226417,OMR,Minor,2022-10-03,00:00,2022-10-03 00:00:00,Rain,Auto,medium
1937,13.163492,80.195077,Anna Salai,Fatal,2023-07-24,02:00,2023-07-24 02:00:00,Fog,Truck,high
1938,12.887717,80.179216,OMR,Minor,2022-02-19,02:00,2022-02-19 02:00:00,Clear,Car,medium
1939,12.983207,80.186019,Mount Road,Minor,2022-07-04,09:00,2022-07-04 09:00:00,Clear,Bike,medium
1940,12.955431,80.220658,OMR,Fatal,2024-02-04,12:00,2024-02-04 12:00:00,Fog,Auto,medium
1941,12.865384,80.159664,ECR,Severe,2025-01-24,17:00,2025-01-24 17:00:00,Rain,Bus,high
1942,13.078326,80.298377,Anna Salai,Minor,2023-01-29,16:00,2023-01-29 16:00:00,Clear,Bus,high
1943,12.821203,80.13778,ECR,Minor,2025-04-01,15:00,2025-04-01 15:00:00,Clear,Bike,high
1944,13.16468,80.149857,Anna Salai,Minor,2023-11-26,11:00,2023-11-26 11:00:00,Clear,Bus,high
1945,12.816609,80.112288,ECR,Severe,2023-01-04,01:00,2023-01-04 01:00:00,Clear,Bike,high
1946,13.191099,80.2506,Anna Salai,Minor,2023-12-10,12:00,2023-12-10 12:00:00,Clear,Auto,high
1947,13.046644,80.218301,Mount Road,Minor,2022-04-26,07:00,2022-04-26 07:00:00,Clear,Auto,medium
1948,13.137664,80.101653,Anna Salai,Minor,2023-08-17,07:00,2023-08-17 07:00:00,Fog,Car,high
1949,12.893498,80.161096,OMR,Severe,2022-05-12,19:00,2022-05-12 19:00:00,Rain,Auto,medium
1950,12.804217,80.222019,ECR,Minor,2022-09-05,04:00,2022-09-05 04:00:00,Fog,Bike,high
1951,13.00938,80.222105,Mount Road,Severe,2024-11-13,21:00,2024-11-13 21:00:00,Fog,Bus,medium
1952,13.164668,80.257302,Anna Salai,Minor,2022-07-14,16:00,2022-07-14 16:00:00,Clear,Bike,high
1953,13.006454,80.28,Anna Salai,Severe,2022-12-18,21:00,2022-12-18 21:00:00,Rain,Auto,high
1954,12.974968,80.169045,Mount Road,Minor,2024-12-14,04:00,2024-12-14 04:00:00,Rain,Bus,medium
1955,13.047732,80.181312,Mount Road,Minor,2024-02-20,09:00,2024-02-20 09:00:00,Fog,Auto,medium
1956,13.083746,80.225425,Anna Salai,Severe,2022-05-13,05:00,2022-05-13 05:00:00,Rain,Bike,high
1957,13.195995,80.247978,Anna Salai,Minor,2023-02-17,11:00,2023-02-17 11:00:00,Rain,Bike,high
1958,12.914521,80.223339,OMR,Minor,2025-04-11,08:00,2025-04-11 08:00:00,Clear,Truck,medium
1959,12.991821,80.299229,Anna Salai,Fatal,2024-02-04,05:00,2024-02-04 05:00:00,Fog,Auto,high
1960,12.863243,80.15837,ECR,Minor,2023-02-27,17:00,2023-02-27 17:00:00,Fog,Truck,high
1961,13.182986,80.204255,Anna Salai,Fatal,2022-10-27,18:00,2022-10-27 18:00:00,Rain,Truck,high
1962,12.920124,80.109919,OMR,Minor,2023-01-31,09:00,2023-01-31 09:00:00,Rain,Truck,medium
1963,12.972874,80.12903,Mount Road,Minor,2022-06-12,09:00,2022-06-12 09:00:00,Clear,Bus,medium
1964,12.991017,80.109462,Mount Road,Fatal,2022-11-27,20:00,2022-11-27 20:00:00,Clear,Truck,medium
1965,12.88067,80.143687,OMR,Minor,2022-10-30,13:00,2022-10-30 13:00:00,Clear,Auto,medium
1966,12.9831,80.282037,Mount Road,Minor,2022-09-14,15:00,2022-09-14 15:00:00,Fog,Bus,medium
1967,13.183587,80.263581,Anna Salai,Fatal,2022-05-23,02:00,2022-05-23 02:00:00,Clear,Bike,high
1968,13.013041,80.159,Mount Road,Severe,2023-05-11,08:00,2023-05-11 08:00:00,Rain,Bus,medium
1969,12.884422,80.152359,OMR,Minor,2023-12-26,05:00,2023-12-26 05:00:00,Rain,Truck,medium
1970,12.909236,80.202712,OMR,Minor,2022-11-08,22:00,2022-11-08 22:00:00,Fog,Truck,medium
1971,13.188013,80.109279,Anna Salai,Minor,2024-10-25,08:00,2024-10-25 08:00:00,Fog,Bus,high
1972,13.159481,80.271551,Anna Salai,Minor,2022-05-12,15:00,2022-05-12 15:00:00,Fog,Bus,high
1973,12.817729,80.229107,ECR,Severe,2024-09-23,19:00,2024-09-23 19:00:00,Rain,Bus,high
1974,12.901662,80.196219,OMR,Fatal,2022-05-15,05:00,2022-05-15 05:00:00,Rain,Truck,medium
1975,12.893705,80.20836,OMR,Minor,2023-03-25,20:00,2023-03-25 20:00:00,Rain,Car,medium
1976,12.802317,80.102702,ECR,Minor,2022-04-22,07:00,2022-04-22 07:00:00,Clear,Bus,high
1977,13.037331,80.168016,Mount Road,Minor,2022-04-30,12:00,2022-04-30 12:00:00,Fog,Bus,medium
1978,12.952301,80.220096,OMR,Minor,2024-04-04,22:00,2024-04-04 22:00:00,Clear,Car,medium
1979,13.058756,80.195367,Mount Road,Fatal,2022-03-02,22:00,2022-03-02 22:00:00,Rain,Car,medium
1980,12.987576,80.124527,Mount Road,Minor,2022-01-22,17:00,2022-01-22 17:00:00,Rain,Bike,medium
1981,13.092675,80.222162,Anna Salai,Severe,2022-08-06,05:00,2022-08-06 05:00:00,Clear,Bus,high
1982,13.025235,80.243186,Mount Road,Severe,2022-05-16,17:00,2022-05-16 17:00:00,Fog,Bike,medium
1983,12.813021,80.170097,ECR,Minor,2022-02-02,06:00,2022-02-02 06:00:00,Rain,Truck,high
1984,12.96724,80.189785,Mount Road,Minor,2023-10-19,09:00,2023-10-19 09:00:00,Clear,Auto,medium
1985,12.916065,80.11553,OMR,Fatal,2022-03-11,11:00,2022-03-11 11:00:00,Fog,Truck,medium
1986,13.034513,80.280161,Anna Salai,Minor,2024-03-10,23:00,2024-03-10 23:00:00,Clear,Auto,high
1987,12.965526,80.22029,Mount Road,Severe,2022-08-25,01:00,2022-08-25 01:00:00,Clear,Bike,medium
1988,13.029983,80.179607,Mount Road,Severe,2024-06-21,23:00,2024-06-21 23:00:00,Clear,Bike,medium
1989,13.141626,80.204147,Anna Salai,Minor,2024-01-23,07:00,2024-01-23 07:00:00,Fog,Bike,high
1990,13.167549,80.13751,Anna Salai,Severe,2022-11-05,10:00,2022-11-05 10:00:00,Fog,Auto,high
1991,12.861949,80.148359,ECR,Severe,2022-06-08,06:00,2022-06-08 06:00:00,Rain,Truck,high
1992,13.054212,80.167588,Mount Road,Minor,2022-07-28,05:00,2022-07-28 05:00:00,Rain,Truck,medium
1993,12.848007,80.20793,ECR,Fatal,2023-08-13,05:00,2023-08-13 05:00:00,Clear,Bus,high
1994,12.997809,80.156798,Mount Road,Severe,2024-12-01,14:00,2024-12-01 14:00:00,Rain,Auto,medium
1995,13.018973,80.157542,Mount Road,Severe,2025-03-27,04:00,2025-03-27 04:00:00,Rain,Car,medium
1996,13.160185,80.204003,Anna Salai,Minor,2022-10-25,15:00,2022-10-25 15:00:00,Rain,Bus,high
1997,13.198772,80.161101,Anna Salai,Minor,2022-11-16,01:00,2022-11-16 01:00:00,Clear,Car,high
1998,13.106466,80.155149,Anna Salai,Minor,2025-03-15,11:00,2025-03-15 11:00:00,Fog,Truck,high
1999,12.883625,80.275326,OMR,Minor,2023-10-25,16:00,2023-10-25 16:00:00,Fog,Auto,medium
2000,13.158392,80.100144,Anna Salai,Fatal,2023-03-19,07:00,2023-03-19 07:00:00,Clear,Bus,high
2001,12.819596,80.151577,ECR,Minor,2024-12-16,17:00,2024-12-16 17:00:00,Clear,Auto,high
2002,12.890577,80.10972,OMR,Severe,2022-05-05,10:00,2022-05-05 10:00:00,Rain,Truck,medium
2003,12.919245,80.232077,OMR,Severe,2023-10-31,07:00,2023-10-31 07:00:00,Fog,Auto,medium
2004,13.070323,80.136761,Mount Road,Severe,2023-08-14,18:00,2023-08-14 18:00:00,Clear,Bus,medium
2005,13.024168,80.170508,Mount Road,Severe,2024-11-05,12:00,2024-11-05 12:00:00,Clear,Auto,medium
2006,13.078194,80.273055,Anna Salai,Severe,2024-08-18,17:00,2024-08-18 17:00:00,Rain,Bus,high
2007,12.866792,80.144502,ECR,Severe,2023-06-19,21:00,2023-06-19 21:00:00,Clear,Bus,high
2008,13.104147,80.167077,Anna Salai,Minor,2022-11-21,23:00,2022-11-21 23:00:00,Fog,Car,high
2009,12.909653,80.186383,OMR,Fatal,2023-08-11,00:00,2023-08-11 00:00:00,Clear,Car,medium
2010,12.974692,80.255887,Mount Road,Minor,2023-11-30,18:00,2023-11-30 18:00:00,Clear,Truck,medium
2011,13.097721,80.137652,Mount Road,Minor,2023-02-25,17:00,2023-02-25 17:00:00,Rain,Bus,medium
2012,12.99929,80.230672,Mount Road,Minor,2023-11-20,00:00,2023-11-20 00:00:00,Fog,Car,medium
2013,13.167796,80.203502,Anna Salai,Fatal,2022-11-29,17:00,2022-11-29 17:00:00,Fog,Bike,high
2014,12.892181,80.12953,OMR,Severe,2022-06-22,13:00,2022-06-22 13:00:00,Fog,Car,medium
2015,12.918454,80.116294,OMR,Minor,2023-12-08,15:00,2023-12-08 15:00:00,Fog,Bike,medium
2016,12.871169,80.112055,ECR,Minor,2022-04-21,18:00,2022-04-21 18:00:00,Clear,Bike,high
2017,13.017884,80.180292,Mount Road,Minor,2024-02-20,01:00,2024-02-20 01:00:00,Fog,Bus,medium
2018,12.895781,80.165828,OMR,Minor,2022-03-07,14:00,2022-03-07 14:00:00,Clear,Auto,medium
2019,12.801191,80.288122,ECR,Severe,2024-05-03,18:00,2024-05-03 18:00:00,Fog,Bus,high
2020,13.094786,80.130328,Mount Road,Minor,2023-08-29,10:00,2023-08-29 10:00:00,Rain,Bike,medium
2021,13.193955,80.193922,Anna Salai,Severe,2024-11-18,14:00,2024-11-18 14:00:00,Fog,Car,high
2022,12.979471,80.198665,Mount Road,Minor,2023-04-23,11:00,2023-04-23 11:00:00,Clear,Truck,medium
2023,12.869385,80.115294,ECR,Minor,2022-09-21,07:00,2022-09-21 07:00:00,Rain,Bus,high
2024,12.996411,80.115814,Mount Road,Severe,2022-06-10,23:00,2022-06-10 23:00:00,Rain,Car,medium
2025,12.881856,80.158849,OMR,Minor,2024-07-04,20:00,2024-07-04 20:00:00,Clear,Bike,medium
2026,12.832924,80.104734,ECR,Minor,2022-05-07,07:00,2022-05-07 07:00:00,Fog,Bus,high
2027,13.100474,80.22328,Anna Salai,Minor,2022-06-02,18:00,2022-06-02 18:00:00,Clear,Car,high
2028,12.805075,80.27142,ECR,Minor,2022-01-10,19:00,2022-01-10 19:00:00,Fog,Auto,high
2029,12.915258,80.278309,OMR,Minor,2024-10-09,01:00,2024-10-09 01:00:00,Rain,Auto,medium
2030,13.091861,80.159561,Mount Road,Minor,2023-12-04,03:00,2023-12-04 03:00:00,Rain,Truck,medium
2031,13.09198,80.160893,Anna Salai,Minor,2024-10-24,19:00,2024-10-24 19:00:00,Clear,Car,high
2032,13.058442,80.119815,Mount Road,Severe,2022-08-16,11:00,2022-08-16 11:00:00,Fog,Truck,medium
2033,13.09258,80.220451,Anna Salai,Minor,2022-05-10,17:00,2022-05-10 17:00:00,Fog,Bike,high
2034,13.193687,80.256982,Anna Salai,Minor,2023-02-24,18:00,2023-02-24 18:00:00,Rain,Car,high
2035,12.845553,80.2981,ECR,Minor,2025-04-12,16:00,2025-04-12 16:00:00,Rain,Bike,high
2036,13.191212,80.118254,Anna Salai,Severe,2022-01-08,19:00,2022-01-08 19:00:00,Rain,Car,high
2037,12.801016,80.217138,ECR,Severe,2022-03-06,07:00,2022-03-06 07:00:00,Clear,Truck,high
2038,12.897537,80.211553,OMR,Minor,2022-10-05,09:00,2022-10-05 09:00:00,Clear,Bus,medium
2039,13.092675,80.267006,Anna Salai,Minor,2025-01-12,12:00,2025-01-12 12:00:00,Clear,Auto,high
2040,13.092817,80.156688,Mount Road,Severe,2022-12-16,01:00,2022-12-16 01:00:00,Rain,Bike,medium
2041,13.006897,80.271778,Mount Road,Severe,2023-09-14,06:00,2023-09-14 06:00:00,Clear,Auto,medium
2042,13.195516,80.292707,Anna Salai,Minor,2023-12-28,09:00,2023-12-28 09:00:00,Fog,Car,high
2043,12.838863,80.153621,ECR,Minor,2023-11-23,10:00,2023-11-23 10:00:00,Clear,Car,high
2044,13.056556,80.108164,Mount Road,Minor,2022-07-18,23:00,2022-07-18 23:00:00,Fog,Bus,medium
2045,12.805184,80.24874,ECR,Severe,2023-05-11,13:00,2023-05-11 13:00:00,Clear,Bus,high
2046,12.997024,80.172945,Mount Road,Severe,2025-01-11,01:00,2025-01-11 01:00:00,Rain,Bus,medium
2047,12.84512,80.206861,ECR,Minor,2024-09-06,16:00,2024-09-06 16:00:00,Fog,Bus,high
2048,12.965475,80.114007,Mount Road,Fatal,2024-03-07,12:00,2024-03-07 12:00:00,Rain,Bus,medium
2049,13.191128,80.119249,Anna Salai,Minor,2022-06-11,11:00,2022-06-11 11:00:00,Clear,Auto,high
2050,13.092315,80.279596,Anna Salai,Minor,2024-01-02,02:00,2024-01-02 02:00:00,Clear,Car,high
2051,13.121351,80.255185,Anna Salai,Severe,2023-06-16,20:00,2023-06-16 20:00:00,Rain,Bus,high
2052,12.874943,80.165694,ECR,Severe,2024-05-08,10:00,2024-05-08 10:00:00,Rain,Truck,high
2053,13.03984,80.26039,Anna Salai,Fatal,2023-08-02,00:00,2023-08-02 00:00:00,Fog,Truck,high
2054,13.137648,80.130647,Anna Salai,Minor,2023-03-04,14:00,2023-03-04 14:00:00,Rain,Truck,high
2055,13.145224,80.102416,Anna Salai,Severe,2024-12-22,06:00,2024-12-22 06:00:00,Fog,Bus,high
2056,13.175368,80.174069,Anna Salai,Minor,2023-03-03,18:00,2023-03-03 18:00:00,Fog,Car,high
2057,13.040955,80.171113,Mount Road,Minor,2022-06-17,18:00,2022-06-17 18:00:00,Fog,Truck,medium
2058,12.854054,80.227132,ECR,Severe,2022-01-10,06:00,2022-01-10 06:00:00,Clear,Car,high
2059,12.881778,80.282507,OMR,Minor,2023-01-23,09:00,2023-01-23 09:00:00,Rain,Bus,medium
2060,13.0851,80.221693,Anna Salai,Minor,2024-08-15,19:00,2024-08-15 19:00:00,Rain,Bike,high
2061,12.918631,80.15447,OMR,Fatal,2023-09-19,07:00,2023-09-19 07:00:00,Fog,Truck,medium
2062,13.179648,80.205093,Anna Salai,Severe,2024-01-11,10:00,2024-01-11 10:00:00,Rain,Auto,high
2063,12.999259,80.108613,Mount Road,Minor,2024-03-22,05:00,2024-03-22 05:00:00,Fog,Bike,medium
2064,13.08861,80.276669,Anna Salai,Severe,2022-03-08,17:00,2022-03-08 17:00:00,Fog,Auto,high
2065,13.01833,80.254082,Mount Road,Minor,2023-08-17,23:00,2023-08-17 23:00:00,Rain,Truck,medium
2066,13.073636,80.162206,Mount Road,Severe,2023-12-04,12:00,2023-12-04 12:00:00,Clear,Bus,medium
2067,13.178541,80.15651,Anna Salai,Fatal,2023-04-15,16:00,2023-04-15 16:00:00,Rain,Bus,high
2068,13.10105,80.245131,Anna Salai,Minor,2025-03-19,04:00,2025-03-19 04:00:00,Rain,Truck,high
2069,13.155631,80.138789,Anna Salai,Minor,2022-03-21,08:00,2022-03-21 08:00:00,Fog,Bus,high
2070,12.911426,80.245373,OMR,Minor,2023-05-21,05:00,2023-05-21 05:00:00,Rain,Auto,medium
2071,12.918566,80.215767,OMR,Minor,2023-01-16,20:00,2023-01-16 20:00:00,Rain,Auto,medium
2072,12.816235,80.257122,ECR,Fatal,2024-12-08,07:00,2024-12-08 07:00:00,Fog,Bus,high
2073,12.815062,80.121472,ECR,Severe,2022-01-19,08:00,2022-01-19 08:00:00,Fog,Bike,high
2074,13.046575,80.244205,Anna Salai,Minor,2022-11-22,15:00,2022-11-22 15:00:00,Clear,Car,high
2075,12.882975,80.258976,OMR,Minor,2022-11-23,04:00,2022-11-23 04:00:00,Clear,Truck,medium
2076,12.840434,80.180347,ECR,Minor,2022-12-07,05:00,2022-12-07 05:00:00,Fog,Bike,high
2077,12.965741,80.225015,Mount Road,Fatal,2022-03-13,03:00,2022-03-13 03:00:00,Clear,Car,medium
2078,13.130248,80.129076,Anna Salai,Severe,2022-03-06,08:00,2022-03-06 08:00:00,Fog,Truck,high
2079,13.125041,80.23071,Anna Salai,Minor,2024-11-18,11:00,2024-11-18 11:00:00,Rain,Auto,high
2080,12.80541,80.202007,ECR,Fatal,2022-03-25,16:00,2022-03-25 16:00:00,Clear,Bus,high
2081,13.107108,80.178339,Anna Salai,Minor,2022-09-09,23:00,2022-09-09 23:00:00,Rain,Auto,high
2082,12.98104,80.144686,Mount Road,Fatal,2022-07-13,11:00,2022-07-13 11:00:00,Clear,Bus,medium
2083,13.079234,80.148653,Mount Road,Severe,2025-01-24,04:00,2025-01-24 04:00:00,Fog,Car,medium
2084,13.043837,80.199927,Mount Road,Minor,2023-05-09,23:00,2023-05-09 23:00:00,Rain,Bus,medium
2085,12.873403,80.173509,ECR,Minor,2022-09-11,04:00,2022-09-11 04:00:00,Clear,Bus,high
2086,12.849027,80.170492,ECR,Minor,2023-09-06,04:00,2023-09-06 04:00:00,Clear,Car,high
2087,12.897717,80.146945,OMR,Minor,2023-09-07,21:00,2023-09-07 21:00:00,Rain,Bike,medium
2088,12.972323,80.1764,Mount Road,Severe,2022-04-05,20:00,2022-04-05 20:00:00,Fog,Bus,medium
2089,13.101995,80.109353,Mount Road,Severe,2024-03-27,03:00,2024-03-27 03:00:00,Fog,Bike,medium
2090,12.875969,80.162546,ECR,Minor,2022-12-09,03:00,2022-12-09 03:00:00,Clear,Bus,high
2091,12.988979,80.169063,Mount Road,Minor,2025-03-29,08:00,2025-03-29 08:00:00,Clear,Truck,medium
2092,12.900198,80.291387,OMR,Minor,2024-11-28,12:00,2024-11-28 12:00:00,Rain,Auto,medium
2093,12.973886,80.234749,Mount Road,Severe,2024-11-01,20:00,2024-11-01 20:00:00,Rain,Truck,medium
2094,12.962644,80.214702,OMR,Minor,2025-03-21,08:00,2025-03-21 08:00:00,Rain,Auto,medium
2095,13.194435,80.137615,Anna Salai,Fatal,2023-06-09,01:00,2023-06-09 01:00:00,Fog,Bike,high
2096,12.897143,80.147059,OMR,Severe,2022-11-17,05:00,2022-11-17 05:00:00,Rain,Auto,medium
2097,12.859067,80.231287,ECR,Minor,2022-12-09,08:00,2022-12-09 08:00:00,Clear,Truck,high
2098,12.967919,80.148835,Mount Road,Minor,2024-07-28,16:00,2024-07-28 16:00:00,Clear,Auto,medium
2099,13.139419,80.246339,Anna Salai,Severe,2023-11-24,08:00,2023-11-24 08:00:00,Fog,Auto,high
2100,12.953824,80.134336,OMR,Fatal,2024-07-31,20:00,2024-07-31 20:00:00,Clear,Truck,medium
2101,12.981873,80.11758,Mount Road,Minor,2022-07-03,10:00,2022-07-03 10:00:00,Fog,Bike,medium
2102,12.827032,80.260169,ECR,Severe,2023-08-08,15:00,2023-08-08 15:00:00,Clear,Car,high
2103,12.918301,80.270504,OMR,Minor,2022-02-22,20:00,2022-02-22 20:00:00,Fog,Bike,medium
2104,12.867412,80.276954,ECR,Minor,2023-10-07,06:00,2023-10-07 06:00:00,Clear,Auto,high
2105,12.933995,80.284802,OMR,Minor,2023-11-15,17:00,2023-11-15 17:00:00,Rain,Car,medium
2106,13.009604,80.268339,Mount Road,Severe,2022-01-11,04:00,2022-01-11 04:00:00,Rain,Bike,medium
2107,12.993674,80.146481,Mount Road,Severe,2024-09-19,21:00,2024-09-19 21:00:00,Rain,Bike,medium
2108,13.037607,80.281533,Anna Salai,Minor,2022-09-24,14:00,2022-09-24 14:00:00,Fog,Car,high
2109,12.877372,80.130571,ECR,Minor,2022-02-14,15:00,2022-02-14 15:00:00,Clear,Auto,high
2110,12.824306,80.266807,ECR,Minor,2023-05-25,03:00,2023-05-25 03:00:00,Clear,Auto,high
2111,12.874424,80.27908,OMR,Minor,2022-09-23,06:00,2022-09-23 06:00:00,Fog,Truck,medium
2112,12.813195,80.258743,ECR,Severe,2024-01-23,07:00,2024-01-23 07:00:00,Fog,Truck,high
2113,12.907287,80.134381,OMR,Severe,2022-06-08,10:00,2022-06-08 10:00:00,Fog,Bus,medium
2114,12.849283,80.110101,ECR,Fatal,2023-08-21,21:00,2023-08-21 21:00:00,Fog,Bus,high
2115,13.133708,80.133141,Anna Salai,Fatal,2024-07-02,13:00,2024-07-02 13:00:00,Clear,Bus,high
2116,12.845166,80.195101,ECR,Severe,2023-08-16,00:00,2023-08-16 00:00:00,Rain,Car,high
2117,13.191628,80.173012,Anna Salai,Severe,2023-10-14,06:00,2023-10-14 06:00:00,Rain,Truck,high
2118,12.987802,80.242276,Mount Road,Minor,2022-06-24,22:00,2022-06-24 22:00:00,Rain,Auto,medium
2119,12.968312,80.276717,OMR,Minor,2023-04-08,12:00,2023-04-08 12:00:00,Rain,Auto,medium
2120,13.184386,80.248288,Anna Salai,Minor,2022-06-10,15:00,2022-06-10 15:00:00,Fog,Truck,high
2121,13.044436,80.130103,Mount Road,Minor,2022-07-17,01:00,2022-07-17 01:00:00,Fog,Car,medium
2122,12.886489,80.138818,OMR,Minor,2023-08-16,03:00,2023-08-16 03:00:00,Fog,Auto,medium
2123,12.971146,80.213738,Mount Road,Severe,2023-09-25,07:00,2023-09-25 07:00:00,Rain,Bus,medium
2124,12.828512,80.133987,ECR,Minor,2024-08-11,21:00,2024-08-11 21:00:00,Fog,Auto,high
2125,12.952349,80.103007,Mount Road,Minor,2023-10-26,11:00,2023-10-26 11:00:00,Clear,Truck,medium
2126,12.849446,80.297604,ECR,Minor,2023-12-09,21:00,2023-12-09 21:00:00,Rain,Auto,high
2127,12.94667,80.185878,OMR,Severe,2024-10-25,21:00,2024-10-25 21:00:00,Fog,Truck,medium
2128,13.126361,80.289865,Anna Salai,Fatal,2022-07-26,07:00,2022-07-26 07:00:00,Rain,Bike,high
2129,12.813764,80.191471,ECR,Severe,2024-04-01,15:00,2024-04-01 15:00:00,Clear,Bike,high
2130,13.089018,80.111256,Mount Road,Severe,2023-09-10,14:00,2023-09-10 14:00:00,Clear,Bike,medium
2131,13.187476,80.180457,Anna Salai,Minor,2023-08-09,05:00,2023-08-09 05:00:00,Clear,Bus,high
2132,12.880903,80.139741,OMR,Minor,2023-06-05,07:00,2023-06-05 07:00:00,Clear,Bus,medium
2133,12.994312,80.138095,Mount Road,Severe,2022-10-20,00:00,2022-10-20 00:00:00,Rain,Auto,medium
2134,13.062732,80.280599,Anna Salai,Fatal,2025-01-20,16:00,2025-01-20 16:00:00,Rain,Auto,high
2135,12.9363,80.222427,OMR,Minor,2024-04-15,10:00,2024-04-15 10:00:00,Rain,Auto,medium
2136,12.968219,80.229248,Mount Road,Severe,2025-01-29,15:00,2025-01-29 15:00:00,Clear,Bike,medium
2137,13.17805,80.175991,Anna Salai,Minor,2024-11-14,23:00,2024-11-14 23:00:00,Fog,Bus,high
2138,13.162024,80.251256,Anna Salai,Severe,2023-08-22,16:00,2023-08-22 16:00:00,Clear,Bike,high
2139,13.104889,80.113963,Mount Road,Minor,2024-03-08,02:00,2024-03-08 02:00:00,Fog,Bike,medium
2140,13.187486,80.295193,Anna Salai,Minor,2023-05-26,08:00,2023-05-26 08:00:00,Rain,Car,high
2141,12.81503,80.186578,ECR,Minor,2022-05-03,17:00,2022-05-03 17:00:00,Rain,Bike,high
2142,13.051037,80.198698,Mount Road,Minor,2022-09-03,08:00,2022-09-03 08:00:00,Rain,Car,medium
2143,12.850964,80.291119,ECR,Minor,2023-12-01,16:00,2023-12-01 16:00:00,Rain,Bus,high
2144,13.117165,80.233718,Anna Salai,Severe,2023-01-16,04:00,2023-01-16 04:00:00,Clear,Bike,high
2145,13.057256,80.233416,Anna Salai,Minor,2022-02-25,17:00,2022-02-25 17:00:00,Fog,Bus,high
2146,12.955882,80.100871,Mount Road,Minor,2024-10-14,11:00,2024-10-14 11:00:00,Clear,Bike,medium
2147,12.80205,80.158222,ECR,Minor,2024-02-02,10:00,2024-02-02 10:00:00,Clear,Car,high
2148,12.942028,80.277695,OMR,Minor,2023-10-26,18:00,2023-10-26 18:00:00,Rain,Bike,medium
2149,12.886677,80.218082,OMR,Minor,2025-01-24,01:00,2025-01-24 01:00:00,Clear,Auto,medium
2150,13.120891,80.275907,Anna Salai,Minor,2022-10-17,15:00,2022-10-17 15:00:00,Clear,Truck,high
2151,12.953251,80.207009,OMR,Minor,2023-04-12,22:00,2023-04-12 22:00:00,Fog,Bus,medium
2152,12.939586,80.148113,OMR,Severe,2022-06-16,22:00,2022-06-16 22:00:00,Rain,Bike,medium
2153,12.955045,80.205038,OMR,Minor,2022-03-20,16:00,2022-03-20 16:00:00,Rain,Bike,medium
2154,13.190021,80.21108,Anna Salai,Minor,2024-01-30,19:00,2024-01-30 19:00:00,Rain,Bus,high
2155,13.04818,80.137772,Mount Road,Minor,2022-06-20,15:00,2022-06-20 15:00:00,Fog,Truck,medium
2156,13.147869,80.280214,Anna Salai,Severe,2022-10-06,06:00,2022-10-06 06:00:00,Fog,Bus,high
2157,12.911509,80.26876,OMR,Minor,2022-04-08,00:00,2022-04-08 00:00:00,Fog,Bike,medium
2158,12.976309,80.246611,Mount Road,Minor,2023-12-03,23:00,2023-12-03 23:00:00,Rain,Auto,medium
2159,12.849654,80.104844,ECR,Minor,2023-02-20,08:00,2023-02-20 08:00:00,Fog,Car,high
2160,13.178857,80.253626,Anna Salai,Minor,2024-07-18,16:00,2024-07-18 16:00:00,Fog,Car,high
2161,13.037226,80.178989,Mount Road,Severe,2024-03-04,06:00,2024-03-04 06:00:00,Clear,Auto,medium
2162,13.136642,80.281024,Anna Salai,Fatal,2024-05-30,04:00,2024-05-30 04:00:00,Clear,Bus,high
2163,13.165433,80.293757,Anna Salai,Severe,2023-07-30,01:00,2023-07-30 01:00:00,Fog,Bus,high
2164,12.887267,80.105737,OMR,Severe,2022-03-29,12:00,2022-03-29 12:00:00,Fog,Truck,medium
2165,13.106191,80.113591,Mount Road,Fatal,2023-09-27,11:00,2023-09-27 11:00:00,Rain,Bike,medium
2166,12.902664,80.291512,OMR,Severe,2023-11-01,20:00,2023-11-01 20:00:00,Clear,Truck,medium
2167,12.835812,80.137797,ECR,Minor,2023-08-16,02:00,2023-08-16 02:00:00,Fog,Auto,high
2168,12.842498,80.142717,ECR,Minor,2023-01-30,10:00,2023-01-30 10:00:00,Rain,Car,high
2169,13.138892,80.2674,Anna Salai,Severe,2024-10-19,07:00,2024-10-19 07:00:00,Fog,Car,high
2170,13.142398,80.250873,Anna Salai,Minor,2022-07-24,15:00,2022-07-24 15:00:00,Fog,Truck,high
2171,12.974188,80.128211,Mount Road,Minor,2022-10-06,02:00,2022-10-06 02:00:00,Fog,Auto,medium
2172,13.197436,80.237455,Anna Salai,Minor,2023-08-04,04:00,2023-08-04 04:00:00,Clear,Bike,high
2173,12.946172,80.203091,OMR,Minor,2023-02-11,14:00,2023-02-11 14:00:00,Fog,Car,medium
2174,12.939106,80.205161,OMR,Minor,2025-03-11,06:00,2025-03-11 06:00:00,Clear,Truck,medium
2175,13.068989,80.238866,Anna Salai,Severe,2024-07-27,23:00,2024-07-27 23:00:00,Rain,Car,high
2176,12.985948,80.208651,Mount Road,Severe,2024-10-07,05:00,2024-10-07 05:00:00,Rain,Auto,medium
2177,13.188415,80.16828,Anna Salai,Severe,2023-03-27,09:00,2023-03-27 09:00:00,Clear,Bus,high
2178,13.018989,80.172617,Mount Road,Minor,2022-06-07,12:00,2022-06-07 12:00:00,Fog,Truck,medium
2179,12.954557,80.216106,OMR,Minor,2024-04-01,16:00,2024-04-01 16:00:00,Fog,Truck,medium
2180,12.995462,80.268444,Mount Road,Minor,2025-01-19,04:00,2025-01-19 04:00:00,Rain,Truck,medium
2181,13.084462,80.256426,Anna Salai,Minor,2022-10-29,01:00,2022-10-29 01:00:00,Rain,Auto,high
2182,13.142261,80.127245,Anna Salai,Severe,2025-02-11,03:00,2025-02-11 03:00:00,Rain,Auto,high
2183,13.132281,80.206986,Anna Salai,Severe,2022-06-10,11:00,2022-06-10 11:00:00,Rain,Auto,high
2184,12.840158,80.239357,ECR,Minor,2024-10-24,10:00,2024-10-24 10:00:00,Fog,Bike,high
2185,13.160666,80.282147,Anna Salai,Severe,2023-01-27,00:00,2023-01-27 00:00:00,Clear,Truck,high
2186,12.861319,80.101084,ECR,Minor,2024-07-20,01:00,2024-07-20 01:00:00,Fog,Bike,high
2187,12.842658,80.154615,ECR,Minor,2023-07-28,00:00,2023-07-28 00:00:00,Fog,Auto,high
2188,13.063075,80.293194,Anna Salai,Minor,2022-01-21,11:00,2022-01-21 11:00:00,Fog,Auto,high
2189,13.148914,80.116967,Anna Salai,Minor,2023-06-04,11:00,2023-06-04 11:00:00,Rain,Bike,high
2190,13.190008,80.237277,Anna Salai,Severe,2024-08-15,04:00,2024-08-15 04:00:00,Fog,Bike,high
2191,13.114423,80.287278,Anna Salai,Minor,2024-12-18,04:00,2024-12-18 04:00:00,Rain,Car,high
2192,12.966793,80.283132,OMR,Severe,2022-07-26,22:00,2022-07-26 22:00:00,Clear,Truck,medium
2193,13.159889,80.130565,Anna Salai,Minor,2023-02-07,17:00,2023-02-07 17:00:00,Fog,Auto,high
2194,13.178757,80.102697,Anna Salai,Minor,2023-05-11,01:00,2023-05-11 01:00:00,Fog,Truck,high
2195,13.160133,80.186104,Anna Salai,Minor,2022-04-18,20:00,2022-04-18 20:00:00,Rain,Auto,high
2196,13.002151,80.240259,Mount Road,Fatal,2024-08-30,02:00,2024-08-30 02:00:00,Fog,Auto,medium
2197,12.911418,80.120296,OMR,Minor,2022-04-16,20:00,2022-04-16 20:00:00,Rain,Auto,medium
2198,13.082904,80.143477,Mount Road,Severe,2024-07-27,17:00,2024-07-27 17:00:00,Rain,Truck,medium
2199,13.018029,80.14211,Mount Road,Minor,2023-05-06,08:00,2023-05-06 08:00:00,Rain,Bike,medium
2200,12.974625,80.193678,Mount Road,Severe,2024-04-11,09:00,2024-04-11 09:00:00,Fog,Auto,medium
2201,13.037808,80.14181,Mount Road,Minor,2022-04-09,07:00,2022-04-09 07:00:00,Rain,Bus,medium
2202,12.961039,80.232411,OMR,Minor,2022-06-04,21:00,2022-06-04 21:00:00,Rain,Car,medium
2203,12.867406,80.178225,ECR,Severe,2024-07-21,03:00,2024-07-21 03:00:00,Rain,Truck,high
2204,13.085188,80.182538,Anna Salai,Severe,2023-04-15,02:00,2023-04-15 02:00:00,Fog,Bus,high
2205,13.129196,80.193715,Anna Salai,Minor,2022-02-18,07:00,2022-02-18 07:00:00,Clear,Car,high
2206,13.161637,80.200877,Anna Salai,Severe,2023-02-11,21:00,2023-02-11 21:00:00,Rain,Car,high
2207,12.932051,80.148993,OMR,Minor,2024-02-06,16:00,2024-02-06 16:00:00,Clear,Auto,medium
2208,12.828765,80.296039,ECR,Severe,2022-09-13,11:00,2022-09-13 11:00:00,Fog,Bike,high
2209,13.096246,80.20086,Anna Salai,Minor,2024-02-29,15:00,2024-02-29 15:00:00,Clear,Truck,high
2210,12.88687,80.181937,OMR,Severe,2022-12-09,11:00,2022-12-09 11:00:00,Clear,Car,medium
2211,12.85634,80.186779,ECR,Minor,2022-09-27,10:00,2022-09-27 10:00:00,Rain,Truck,high
2212,12.932109,80.114453,OMR,Minor,2023-04-03,17:00,2023-04-03 17:00:00,Rain,Car,medium
2213,12.86077,80.275781,ECR,Minor,2023-01-21,12:00,2023-01-21 12:00:00,Fog,Bike,high
2214,13.013129,80.169931,Mount Road,Severe,2023-09-01,21:00,2023-09-01 21:00:00,Rain,Car,medium
2215,12.855269,80.246658,ECR,Fatal,2023-07-19,08:00,2023-07-19 08:00:00,Rain,Auto,high
2216,13.014346,80.274885,Anna Salai,Severe,2024-01-31,00:00,2024-01-31 00:00:00,Fog,Bus,high
2217,12.975701,80.277032,Mount Road,Minor,2023-06-04,17:00,2023-06-04 17:00:00,Rain,Car,medium
2218,13.109277,80.183736,Anna Salai,Minor,2022-07-29,05:00,2022-07-29 05:00:00,Rain,Car,high
2219,13.159649,80.229451,Anna Salai,Minor,2023-11-20,01:00,2023-11-20 01:00:00,Fog,Bike,high
2220,12.833706,80.224993,ECR,Minor,2025-04-15,02:00,2025-04-15 02:00:00,Clear,Auto,high
2221,12.87291,80.104413,ECR,Minor,2025-02-05,21:00,2025-02-05 21:00:00,Rain,Truck,high
2222,13.170603,80.212088,Anna Salai,Minor,2024-12-24,02:00,2024-12-24 02:00:00,Rain,Bus,high
2223,13.063082,80.162996,Mount Road,Minor,2023-01-29,06:00,2023-01-29 06:00:00,Clear,Car,medium
2224,12.826897,80.23261,ECR,Fatal,2024-02-15,21:00,2024-02-15 21:00:00,Rain,Bus,high
2225,13.157007,80.270059,Anna Salai,Minor,2023-05-04,00:00,2023-05-04 00:00:00,Fog,Auto,high
2226,12.892252,80.203265,OMR,Fatal,2024-01-21,14:00,2024-01-21 14:00:00,Fog,Car,medium
2227,13.033616,80.253634,Anna Salai,Severe,2023-07-07,16:00,2023-07-07 16:00:00,Fog,Auto,high
2228,13.105067,80.276132,Anna Salai,Severe,2022-01-14,07:00,2022-01-14 07:00:00,Rain,Car,high
2229,13.135522,80.262746,Anna Salai,Minor,2024-02-10,19:00,2024-02-10 19:00:00,Fog,Bike,high
2230,13.153691,80.16884,Anna Salai,Fatal,2024-10-31,05:00,2024-10-31 05:00:00,Rain,Bus,high
2231,13.088758,80.236654,Anna Salai,Severe,2023-08-15,01:00,2023-08-15 01:00:00,Clear,Truck,high
2232,12.966488,80.267471,OMR,Minor,2024-04-26,03:00,2024-04-26 03:00:00,Rain,Bike,medium
2233,13.112656,80.168481,Anna Salai,Severe,2025-01-07,22:00,2025-01-07 22:00:00,Clear,Bike,high
2234,12.929311,80.258333,OMR,Minor,2022-01-06,20:00,2022-01-06 20:00:00,Rain,Bus,medium
2235,12.918468,80.190253,OMR,Minor,2022-06-24,18:00,2022-06-24 18:00:00,Clear,Auto,medium
2236,13.001722,80.115891,Mount Road,Minor,2022-11-25,02:00,2022-11-25 02:00:00,Clear,Car,medium
2237,13.003846,80.216374,Mount Road,Severe,2024-08-31,11:00,2024-08-31 11:00:00,Rain,Auto,medium
2238,13.161023,80.102297,Anna Salai,Minor,2025-04-11,13:00,2025-04-11 13:00:00,Fog,Bus,high
2239,12.868244,80.249891,ECR,Severe,2025-03-22,16:00,2025-03-22 16:00:00,Rain,Bike,high
2240,13.172036,80.213495,Anna Salai,Severe,2024-01-18,20:00,2024-01-18 20:00:00,Clear,Bus,high
2241,13.067424,80.15322,Mount Road,Minor,2022-07-06,18:00,2022-07-06 18:00:00,Fog,Auto,medium
2242,12.930265,80.251814,OMR,Fatal,2024-07-23,03:00,2024-07-23 03:00:00,Fog,Bus,medium
2243,13.02439,80.277352,Anna Salai,Severe,2023-08-22,23:00,2023-08-22 23:00:00,Clear,Car,high
2244,13.187547,80.214467,Anna Salai,Minor,2024-04-21,05:00,2024-04-21 05:00:00,Clear,Bus,high
2245,12.987301,80.234577,Mount Road,Minor,2022-04-13,08:00,2022-04-13 08:00:00,Clear,Bus,medium
2246,13.145787,80.1339,Anna Salai,Minor,2022-07-23,20:00,2022-07-23 20:00:00,Fog,Car,high
2247,13.163963,80.193234,Anna Salai,Severe,2023-08-12,07:00,2023-08-12 07:00:00,Fog,Auto,high
2248,13.006283,80.285474,Anna Salai,Minor,2024-09-10,07:00,2024-09-10 07:00:00,Rain,Truck,high
2249,13.126959,80.17735,Anna Salai,Minor,2023-12-16,00:00,2023-12-16 00:00:00,Fog,Bus,high
2250,12.939459,80.12713,OMR,Minor,2022-03-13,22:00,2022-03-13 22:00:00,Rain,Car,medium
2251,13.196773,80.202719,Anna Salai,Severe,2023-10-09,00:00,2023-10-09 00:00:00,Fog,Car,high
2252,13.060488,80.19499,Mount Road,Minor,2022-11-04,10:00,2022-11-04 10:00:00,Clear,Bus,medium
2253,13.163024,80.259394,Anna Salai,Minor,2024-10-31,06:00,2024-10-31 06:00:00,Fog,Bus,high
2254,12.974117,80.162698,Mount Road,Severe,2022-07-21,06:00,2022-07-21 06:00:00,Fog,Auto,medium
2255,13.055432,80.177971,Mount Road,Minor,2022-08-04,14:00,2022-08-04 14:00:00,Clear,Auto,medium
2256,13.174388,80.296166,Anna Salai,Minor,2024-12-11,09:00,2024-12-11 09:00:00,Clear,Bus,high
2257,13.005987,80.117543,Mount Road,Fatal,2023-01-12,02:00,2023-01-12 02:00:00,Rain,Auto,medium
2258,13.184974,80.224829,Anna Salai,Minor,2022-02-18,00:00,2022-02-18 00:00:00,Rain,Auto,high
2259,13.145876,80.178955,Anna Salai,Minor,2024-04-26,07:00,2024-04-26 07:00:00,Clear,Car,high
2260,13.151811,80.11911,Anna Salai,Minor,2023-04-21,00:00,2023-04-21 00:00:00,Clear,Bus,high
2261,12.834737,80.225502,ECR,Minor,2023-12-23,19:00,2023-12-23 19:00:00,Fog,Truck,high
2262,13.19905,80.16957,Anna Salai,Severe,2022-04-07,09:00,2022-04-07 09:00:00,Clear,Auto,high
2263,12.993089,80.23991,Mount Road,Fatal,2024-10-08,11:00,2024-10-08 11:00:00,Clear,Bike,medium
2264,13.055468,80.182905,Mount Road,Minor,2023-01-20,04:00,2023-01-20 04:00:00,Rain,Bus,medium
2265,12.810773,80.267494,ECR,Minor,2023-01-31,16:00,2023-01-31 16:00:00,Rain,Bus,high
2266,13.002322,80.114379,Mount Road,Minor,2023-08-11,19:00,2023-08-11 19:00:00,Fog,Auto,medium
2267,12.971181,80.227909,Mount Road,Minor,2022-10-16,17:00,2022-10-16 17:00:00,Clear,Car,medium
2268,12.887064,80.163779,OMR,Minor,2023-04-28,20:00,2023-04-28 20:00:00,Clear,Bike,medium
2269,13.037159,80.101168,Mount Road,Fatal,2024-08-31,06:00,2024-08-31 06:00:00,Fog,Auto,medium
2270,13.049995,80.128536,Mount Road,Minor,2022-06-21,11:00,2022-06-21 11:00:00,Fog,Bus,medium
2271,12.81668,80.165614,ECR,Minor,2024-06-13,10:00,2024-06-13 10:00:00,Fog,Truck,high
2272,12.917392,80.190901,OMR,Minor,2022-06-03,14:00,2022-06-03 14:00:00,Rain,Car,medium
2273,12.860092,80.289435,ECR,Severe,2024-04-30,05:00,2024-04-30 05:00:00,Fog,Car,high
2274,13.136544,80.189784,Anna Salai,Severe,2022-11-16,16:00,2022-11-16 16:00:00,Fog,Car,high
2275,13.164204,80.247913,Anna Salai,Severe,2022-12-22,23:00,2022-12-22 23:00:00,Clear,Car,high
2276,12.848647,80.194002,ECR,Severe,2022-01-01,03:00,2022-01-01 03:00:00,Rain,Truck,high
2277,13.138932,80.266297,Anna Salai,Fatal,2024-02-01,18:00,2024-02-01 18:00:00,Clear,Car,high
2278,12.917828,80.285236,OMR,Severe,2022-04-29,06:00,2022-04-29 06:00:00,Clear,Auto,medium
2279,13.173078,80.261539,Anna Salai,Severe,2024-08-19,09:00,2024-08-19 09:00:00,Fog,Truck,high
2280,13.099156,80.23634,Anna Salai,Minor,2023-07-30,18:00,2023-07-30 18:00:00,Fog,Truck,high
2281,12.896954,80.212237,OMR,Fatal,2023-08-26,15:00,2023-08-26 15:00:00,Fog,Bus,medium
2282,12.8993,80.145296,OMR,Minor,2022-05-14,19:00,2022-05-14 19:00:00,Clear,Bike,medium
2283,12.903055,80.248006,OMR,Fatal,2022-02-07,07:00,2022-02-07 07:00:00,Fog,Auto,medium
2284,12.867718,80.22025,ECR,Fatal,2024-10-10,04:00,2024-10-10 04:00:00,Fog,Truck,high
2285,12.885702,80.250511,OMR,Minor,2022-12-11,10:00,2022-12-11 10:00:00,Fog,Bus,medium
2286,12.822006,80.208105,ECR,Minor,2024-04-11,08:00,2024-04-11 08:00:00,Clear,Truck,high
2287,13.198179,80.209213,Anna Salai,Minor,2022-05-21,01:00,2022-05-21 01:00:00,Clear,Bike,high
2288,12.813072,80.283457,ECR,Minor,2024-06-29,05:00,2024-06-29 05:00:00,Fog,Auto,high
2289,12.873524,80.262542,OMR,Minor,2024-03-15,20:00,2024-03-15 20:00:00,Rain,Bus,medium
2290,13.060157,80.237754,Anna Salai,Severe,2022-05-12,09:00,2022-05-12 09:00:00,Clear,Truck,high
2291,13.154714,80.110486,Anna Salai,Minor,2022-08-22,06:00,2022-08-22 06:00:00,Rain,Bike,high
2292,12.95374,80.246025,OMR,Severe,2024-12-18,10:00,2024-12-18 10:00:00,Clear,Car,medium
2293,12.923099,80.21146,OMR,Minor,2024-08-05,00:00,2024-08-05 00:00:00,Rain,Truck,medium
2294,13.165633,80.28981,Anna Salai,Minor,2025-02-15,16:00,2025-02-15 16:00:00,Fog,Car,high
2295,13.075457,80.299264,Anna Salai,Severe,2022-05-25,21:00,2022-05-25 21:00:00,Fog,Bus,high
2296,13.121511,80.201972,Anna Salai,Minor,2023-07-18,13:00,2023-07-18 13:00:00,Clear,Auto,high
2297,12.971627,80.148316,Mount Road,Severe,2023-05-01,12:00,2023-05-01 12:00:00,Clear,Auto,medium
2298,13.082595,80.261612,Anna Salai,Minor,2023-06-06,15:00,2023-06-06 15:00:00,Fog,Bike,high
2299,12.969963,80.23623,Mount Road,Minor,2022-09-05,10:00,2022-09-05 10:00:00,Clear,Car,medium
2300,13.037912,80.158295,Mount Road,Severe,2024-10-05,18:00,2024-10-05 18:00:00,Fog,Bus,medium
2301,13.043109,80.256148,Anna Salai,Minor,2023-02-09,19:00,2023-02-09 19:00:00,Clear,Auto,high
2302,12.915709,80.133982,OMR,Minor,2025-02-07,22:00,2025-02-07 22:00:00,Rain,Truck,medium
2303,13.155528,80.219525,Anna Salai,Minor,2024-12-22,08:00,2024-12-22 08:00:00,Clear,Car,high
2304,12.991973,80.153887,Mount Road,Minor,2023-05-01,07:00,2023-05-01 07:00:00,Fog,Car,medium
2305,12.835054,80.147781,ECR,Minor,2024-01-06,20:00,2024-01-06 20:00:00,Clear,Truck,high
2306,13.005303,80.253336,Mount Road,Severe,2025-03-21,17:00,2025-03-21 17:00:00,Rain,Auto,medium
2307,12.950513,80.235487,OMR,Minor,2024-01-12,20:00,2024-01-12 20:00:00,Clear,Car,medium
2308,12.850838,80.106233,ECR,Minor,2023-03-18,15:00,2023-03-18 15:00:00,Rain,Bus,high
2309,12.813706,80.248714,ECR,Minor,2024-01-26,15:00,2024-01-26 15:00:00,Clear,Truck,high
2310,13.046079,80.149334,Mount Road,Minor,2022-03-18,19:00,2022-03-18 19:00:00,Rain,Car,medium
2311,13.189017,80.280497,Anna Salai,Minor,2022-03-27,19:00,2022-03-27 19:00:00,Fog,Bike,high
2312,12.90489,80.19789,OMR,Minor,2022-09-18,11:00,2022-09-18 11:00:00,Fog,Auto,medium
2313,13.06505,80.182482,Mount Road,Severe,2024-06-28,20:00,2024-06-28 20:00:00,Rain,Auto,medium
2314,13.068727,80.190784,Mount Road,Minor,2022-05-09,08:00,2022-05-09 08:00:00,Rain,Auto,medium
2315,12.935975,80.216547,OMR,Minor,2022-01-16,15:00,2022-01-16 15:00:00,Rain,Bike,medium
2316,12.825027,80.264249,ECR,Severe,2024-08-10,22:00,2024-08-10 22:00:00,Fog,Car,high
2317,12.839024,80.284864,ECR,Severe,2023-09-23,08:00,2023-09-23 08:00:00,Clear,Bus,high
2318,13.088616,80.148199,Mount Road,Minor,2022-11-22,23:00,2022-11-22 23:00:00,Clear,Bike,medium
2319,12.913284,80.291148,OMR,Severe,2024-06-03,08:00,2024-06-03 08:00:00,Fog,Bike,medium
2320,12.903098,80.280897,OMR,Severe,2023-08-13,17:00,2023-08-13 17:00:00,Fog,Auto,medium
2321,13.102996,80.112178,Mount Road,Severe,2022-12-25,01:00,2022-12-25 01:00:00,Fog,Auto,medium
2322,13.04473,80.154626,Mount Road,Severe,2025-01-10,23:00,2025-01-10 23:00:00,Rain,Auto,medium
2323,12.956906,80.225744,OMR,Fatal,2022-05-14,23:00,2022-05-14 23:00:00,Fog,Bus,medium
2324,13.165112,80.111033,Anna Salai,Minor,2023-10-18,02:00,2023-10-18 02:00:00,Fog,Auto,high
2325,13.151831,80.181549,Anna Salai,Severe,2024-11-13,12:00,2024-11-13 12:00:00,Clear,Truck,high
2326,13.146989,80.196281,Anna Salai,Minor,2023-04-24,13:00,2023-04-24 13:00:00,Fog,Auto,high
2327,12.921063,80.288021,OMR,Severe,2024-02-27,21:00,2024-02-27 21:00:00,Fog,Auto,medium
2328,13.065539,80.269756,Anna Salai,Minor,2022-06-16,02:00,2022-06-16 02:00:00,Fog,Bus,high
2329,13.149877,80.12083,Anna Salai,Fatal,2024-12-22,03:00,2024-12-22 03:00:00,Fog,Auto,high
2330,12.848063,80.238803,ECR,Fatal,2022-02-18,13:00,2022-02-18 13:00:00,Fog,Car,high
2331,12.874065,80.280454,OMR,Severe,2022-05-16,02:00,2022-05-16 02:00:00,Fog,Bike,medium
2332,12.917644,80.206871,OMR,Minor,2025-03-18,04:00,2025-03-18 04:00:00,Rain,Car,medium
2333,12.834718,80.267942,ECR,Minor,2022-07-08,18:00,2022-07-08 18:00:00,Clear,Auto,high
2334,12.886935,80.293352,OMR,Minor,2022-04-24,17:00,2022-04-24 17:00:00,Fog,Truck,medium
2335,13.060344,80.223861,Anna Salai,Severe,2023-07-09,11:00,2023-07-09 11:00:00,Clear,Truck,high
2336,13.160828,80.197208,Anna Salai,Minor,2023-04-19,19:00,2023-04-19 19:00:00,Rain,Bike,high
2337,12.971005,80.294975,OMR,Minor,2022-10-25,18:00,2022-10-25 18:00:00,Clear,Car,medium
2338,12.894583,80.177342,OMR,Severe,2024-11-18,22:00,2024-11-18 22:00:00,Fog,Bike,medium
2339,12.818733,80.194731,ECR,Minor,2023-04-08,13:00,2023-04-08 13:00:00,Rain,Bike,high
2340,12.963043,80.173922,Mount Road,Severe,2024-04-26,11:00,2024-04-26 11:00:00,Rain,Truck,medium
2341,13.136882,80.163686,Anna Salai,Minor,2022-11-17,14:00,2022-11-17 14:00:00,Clear,Bus,high
2342,12.948934,80.290692,OMR,Severe,2022-11-29,13:00,2022-11-29 13:00:00,Clear,Bike,medium
2343,12.959496,80.116313,Mount Road,Severe,2023-10-25,00:00,2023-10-25 00:00:00,Rain,Auto,medium
2344,12.83432,80.201562,ECR,Minor,2024-07-24,15:00,2024-07-24 15:00:00,Rain,Auto,high
2345,13.140466,80.261612,Anna Salai,Minor,2024-12-17,06:00,2024-12-17 06:00:00,Fog,Bike,high
2346,12.828836,80.212595,ECR,Fatal,2024-05-20,19:00,2024-05-20 19:00:00,Rain,Bus,high
2347,13.067765,80.175312,Mount Road,Severe,2024-02-06,18:00,2024-02-06 18:00:00,Rain,Bus,medium
2348,12.906461,80.214816,OMR,Fatal,2022-05-30,06:00,2022-05-30 06:00:00,Rain,Auto,medium
2349,13.08506,80.150247,Mount Road,Severe,2022-02-08,17:00,2022-02-08 17:00:00,Clear,Truck,medium
2350,13.14941,80.143497,Anna Salai,Minor,2023-12-01,08:00,2023-12-01 08:00:00,Rain,Truck,high
2351,13.152326,80.110816,Anna Salai,Severe,2023-10-30,13:00,2023-10-30 13:00:00,Clear,Car,high
2352,12.938806,80.18724,OMR,Severe,2024-06-14,10:00,2024-06-14 10:00:00,Clear,Bike,medium
2353,13.065793,80.120392,Mount Road,Severe,2024-03-11,09:00,2024-03-11 09:00:00,Rain,Bike,medium
2354,13.175476,80.205782,Anna Salai,Severe,2023-08-03,08:00,2023-08-03 08:00:00,Fog,Car,high
2355,12.899405,80.273684,OMR,Severe,2022-03-29,06:00,2022-03-29 06:00:00,Fog,Car,medium
2356,12.93343,80.172895,OMR,Fatal,2025-02-10,11:00,2025-02-10 11:00:00,Clear,Car,medium
2357,13.127404,80.213149,Anna Salai,Severe,2024-06-21,13:00,2024-06-21 13:00:00,Rain,Car,high
2358,12.9927,80.292161,Mount Road,Severe,2024-06-13,18:00,2024-06-13 18:00:00,Fog,Auto,medium
2359,12.927876,80.287188,OMR,Minor,2022-11-27,20:00,2022-11-27 20:00:00,Rain,Bus,medium
2360,12.999403,80.213598,Mount Road,Severe,2022-12-23,15:00,2022-12-23 15:00:00,Clear,Truck,medium
2361,13.169345,80.289694,Anna Salai,Severe,2022-09-19,04:00,2022-09-19 04:00:00,Clear,Bike,high
2362,12.902775,80.19886,OMR,Severe,2023-02-26,14:00,2023-02-26 14:00:00,Clear,Bus,medium
2363,13.134323,80.107228,Anna Salai,Minor,2024-05-13,05:00,2024-05-13 05:00:00,Fog,Truck,high
2364,12.934194,80.267758,OMR,Fatal,2023-06-29,22:00,2023-06-29 22:00:00,Clear,Bike,medium
2365,12.825091,80.189388,ECR,Minor,2023-02-23,11:00,2023-02-23 11:00:00,Fog,Car,high
2366,13.19884,80.165682,Anna Salai,Minor,2022-02-24,01:00,2022-02-24 01:00:00,Fog,Car,high
2367,12.863146,80.273804,ECR,Minor,2023-11-25,03:00,2023-11-25 03:00:00,Fog,Bike,high
2368,12.899228,80.178856,OMR,Severe,2022-06-03,20:00,2022-06-03 20:00:00,Rain,Truck,medium
2369,13.000227,80.225796,Mount Road,Minor,2024-08-04,14:00,2024-08-04 14:00:00,Rain,Auto,medium
2370,13.039335,80.202324,Mount Road,Minor,2023-01-20,22:00,2023-01-20 22:00:00,Clear,Auto,medium
2371,13.13704,80.255255,Anna Salai,Severe,2022-03-27,02:00,2022-03-27 02:00:00,Rain,Bike,high
2372,12.811739,80.285293,ECR,Minor,2024-08-09,18:00,2024-08-09 18:00:00,Rain,Bike,high
2373,13.064537,80.113732,Mount Road,Fatal,2022-07-19,11:00,2022-07-19 11:00:00,Clear,Bus,medium
2374,13.087046,80.27154,Anna Salai,Severe,2024-11-10,06:00,2024-11-10 06:00:00,Rain,Auto,high
2375,13.117633,80.229699,Anna Salai,Severe,2024-07-21,18:00,2024-07-21 18:00:00,Rain,Auto,high
2376,12.857748,80.185937,ECR,Severe,2022-04-01,04:00,2022-04-01 04:00:00,Fog,Auto,high
2377,12.925288,80.220916,OMR,Minor,2023-04-10,15:00,2023-04-10 15:00:00,Clear,Car,medium
2378,13.107551,80.126413,Mount Road,Severe,2023-07-14,04:00,2023-07-14 04:00:00,Rain,Bike,medium
2379,13.063369,80.274398,Anna Salai,Severe,2023-07-03,23:00,2023-07-03 23:00:00,Fog,Car,high
2380,13.14937,80.19541,Anna Salai,Fatal,2022-08-26,11:00,2022-08-26 11:00:00,Clear,Truck,high
2381,13.016871,80.144383,Mount Road,Severe,2024-03-03,17:00,2024-03-03 17:00:00,Clear,Bike,medium
2382,12.948804,80.158977,OMR,Minor,2022-02-26,13:00,2022-02-26 13:00:00,Clear,Bike,medium
2383,12.938726,80.155003,OMR,Minor,2023-12-16,02:00,2023-12-16 02:00:00,Fog,Bike,medium
2384,13.113517,80.252698,Anna Salai,Minor,2022-05-06,19:00,2022-05-06 19:00:00,Rain,Car,high
2385,13.129312,80.155801,Anna Salai,Severe,2022-08-03,13:00,2022-08-03 13:00:00,Rain,Car,high
2386,13.091356,80.161362,Anna Salai,Severe,2023-06-11,21:00,2023-06-11 21:00:00,Fog,Bike,high
2387,13.144669,80.252112,Anna Salai,Minor,2024-05-17,06:00,2024-05-17 06:00:00,Rain,Car,high
2388,13.108131,80.205146,Anna Salai,Severe,2022-11-04,13:00,2022-11-04 13:00:00,Clear,Car,high
2389,12.938328,80.264324,OMR,Severe,2024-07-05,01:00,2024-07-05 01:00:00,Rain,Bus,medium
2390,13.148812,80.193002,Anna Salai,Severe,2022-09-23,23:00,2022-09-23 23:00:00,Rain,Auto,high
2391,13.137073,80.212321,Anna Salai,Severe,2022-07-21,11:00,2022-07-21 11:00:00,Rain,Auto,high
2392,12.855571,80.288607,ECR,Fatal,2022-04-05,19:00,2022-04-05 19:00:00,Rain,Bike,high
2393,13.129419,80.251694,Anna Salai,Severe,2023-04-24,06:00,2023-04-24 06:00:00,Rain,Auto,high
2394,12.856864,80.254896,ECR,Fatal,2024-01-09,14:00,2024-01-09 14:00:00,Rain,Auto,high
2395,13.177552,80.271978,Anna Salai,Minor,2023-04-09,00:00,2023-04-09 00:00:00,Fog,Auto,high
2396,13.035328,80.126412,Mount Road,Minor,2024-12-13,04:00,2024-12-13 04:00:00,Clear,Bus,medium
2397,12.976976,80.118113,Mount Road,Severe,2022-11-06,10:00,2022-11-06 10:00:00,Fog,Truck,medium
2398,12.956086,80.245675,OMR,Severe,2023-04-28,19:00,2023-04-28 19:00:00,Clear,Bus,medium
2399,13.195793,80.152792,Anna Salai,Minor,2023-10-09,23:00,2023-10-09 23:00:00,Fog,Truck,high
2400,13.085224,80.162401,Mount Road,Severe,2023-05-09,01:00,2023-05-09 01:00:00,Rain,Bus,medium
2401,12.985624,80.296864,Mount Road,Severe,2025-03-02,00:00,2025-03-02 00:00:00,Rain,Truck,medium
2402,13.192886,80.22401,Anna Salai,Minor,2022-07-09,05:00,2022-07-09 05:00:00,Fog,Bus,high
2403,12.91143,80.158485,OMR,Minor,2024-12-01,01:00,2024-12-01 01:00:00,Fog,Auto,medium
2404,12.978876,80.247252,Mount Road,Minor,2023-07-05,04:00,2023-07-05 04:00:00,Rain,Bus,medium
2405,12.862923,80.238314,ECR,Severe,2022-01-14,21:00,2022-01-14 21:00:00,Fog,Bike,high
2406,12.896466,80.275273,OMR,Minor,2022-11-11,22:00,2022-11-11 22:00:00,Clear,Bus,medium
2407,13.129491,80.145975,Anna Salai,Minor,2023-07-01,17:00,2023-07-01 17:00:00,Rain,Car,high
2408,13.084121,80.160535,Mount Road,Minor,2024-08-16,00:00,2024-08-16 00:00:00,Clear,Bus,medium
2409,12.958364,80.213753,OMR,Minor,2025-01-07,19:00,2025-01-07 19:00:00,Rain,Car,medium
2410,12.911841,80.263147,OMR,Severe,2022-02-22,13:00,2022-02-22 13:00:00,Fog,Car,medium
2411,13.008705,80.127153,Mount Road,Minor,2025-02-14,05:00,2025-02-14 05:00:00,Fog,Auto,medium
2412,12.951736,80.196706,OMR,Severe,2023-07-22,19:00,2023-07-22 19:00:00,Clear,Car,medium
2413,12.853482,80.29045,ECR,Severe,2025-01-31,23:00,2025-01-31 23:00:00,Fog,Bike,high
2414,12.811775,80.263865,ECR,Severe,2023-08-10,13:00,2023-08-10 13:00:00,Clear,Auto,high
2415,13.1836,80.204546,Anna Salai,Minor,2024-02-14,03:00,2024-02-14 03:00:00,Clear,Bus,high
2416,13.147831,80.169862,Anna Salai,Minor,2023-10-23,15:00,2023-10-23 15:00:00,Rain,Car,high
2417,13.179172,80.27731,Anna Salai,Minor,2022-11-20,01:00,2022-11-20 01:00:00,Rain,Bus,high
2418,12.825219,80.119328,ECR,Minor,2022-06-17,01:00,2022-06-17 01:00:00,Rain,Bus,high
2419,12.961118,80.211546,OMR,Minor,2024-07-29,10:00,2024-07-29 10:00:00,Fog,Car,medium
2420,12.8565,80.140439,ECR,Fatal,2025-04-06,17:00,2025-04-06 17:00:00,Fog,Bus,high
2421,13.158744,80.225029,Anna Salai,Minor,2024-02-03,09:00,2024-02-03 09:00:00,Fog,Car,high
2422,12.806666,80.103324,ECR,Minor,2023-01-24,21:00,2023-01-24 21:00:00,Clear,Bike,high
2423,12.841709,80.181911,ECR,Minor,2022-09-13,17:00,2022-09-13 17:00:00,Fog,Auto,high
2424,13.194777,80.105977,Anna Salai,Severe,2022-12-04,00:00,2022-12-04 00:00:00,Fog,Bus,high
2425,12.88585,80.113457,OMR,Severe,2022-07-28,06:00,2022-07-28 06:00:00,Rain,Bike,medium
2426,12.96161,80.257198,OMR,Minor,2023-02-24,00:00,2023-02-24 00:00:00,Clear,Car,medium
2427,13.120666,80.134238,Anna Salai,Minor,2023-12-16,09:00,2023-12-16 09:00:00,Rain,Car,high
2428,12.926717,80.157702,OMR,Severe,2024-11-28,07:00,2024-11-28 07:00:00,Rain,Car,medium
2429,12.805936,80.297207,ECR,Fatal,2025-03-05,16:00,2025-03-05 16:00:00,Clear,Bus,high
2430,12.910577,80.284228,OMR,Minor,2023-08-17,15:00,2023-08-17 15:00:00,Rain,Auto,medium
2431,13.194847,80.186606,Anna Salai,Minor,2023-05-18,20:00,2023-05-18 20:00:00,Fog,Auto,high
2432,13.18632,80.138826,Anna Salai,Minor,2023-01-08,10:00,2023-01-08 10:00:00,Rain,Bike,high
2433,13.068688,80.222913,Anna Salai,Minor,2024-12-11,16:00,2024-12-11 16:00:00,Fog,Auto,high
2434,13.038614,80.249752,Anna Salai,Minor,2023-11-03,03:00,2023-11-03 03:00:00,Clear,Truck,high
2435,12.926831,80.270327,OMR,Minor,2023-09-14,19:00,2023-09-14 19:00:00,Fog,Auto,medium
2436,13.181668,80.235221,Anna Salai,Minor,2022-11-12,07:00,2022-11-12 07:00:00,Rain,Truck,high
2437,13.010179,80.121949,Mount Road,Severe,2024-04-06,15:00,2024-04-06 15:00:00,Rain,Bus,medium
2438,13.098904,80.299763,Anna Salai,Minor,2022-03-17,15:00,2022-03-17 15:00:00,Fog,Auto,high
2439,12.830673,80.297633,ECR,Fatal,2022-01-31,13:00,2022-01-31 13:00:00,Clear,Car,high
2440,12.842423,80.141298,ECR,Minor,2024-12-04,00:00,2024-12-04 00:00:00,Clear,Truck,high
2441,12.843385,80.191578,ECR,Fatal,2023-03-18,01:00,2023-03-18 01:00:00,Rain,Truck,high
2442,13.131907,80.158506,Anna Salai,Severe,2022-12-19,18:00,2022-12-19 18:00:00,Clear,Bike,high
2443,13.126361,80.129537,Anna Salai,Minor,2024-09-16,10:00,2024-09-16 10:00:00,Rain,Bike,high
2444,12.935345,80.232981,OMR,Fatal,2024-01-11,02:00,2024-01-11 02:00:00,Fog,Bike,medium
2445,13.180056,80.26142,Anna Salai,Severe,2024-02-12,11:00,2024-02-12 11:00:00,Clear,Truck,high
2446,12.899625,80.169433,OMR,Severe,2024-01-09,08:00,2024-01-09 08:00:00,Fog,Bus,medium
2447,12.932261,80.210423,OMR,Severe,2023-02-04,19:00,2023-02-04 19:00:00,Rain,Auto,medium
2448,13.035709,80.165067,Mount Road,Minor,2023-08-03,14:00,2023-08-03 14:00:00,Fog,Auto,medium
2449,12.948615,80.224853,OMR,Severe,2024-11-12,22:00,2024-11-12 22:00:00,Fog,Bus,medium
2450,12.912003,80.138254,OMR,Minor,2023-02-21,01:00,2023-02-21 01:00:00,Clear,Car,medium
2451,12.863223,80.135227,ECR,Severe,2024-08-19,00:00,2024-08-19 00:00:00,Clear,Truck,high
2452,12.963828,80.178854,Mount Road,Severe,2022-02-26,19:00,2022-02-26 19:00:00,Clear,Bike,medium
2453,12.958794,80.108363,Mount Road,Minor,2022-12-30,09:00,2022-12-30 09:00:00,Fog,Auto,medium
2454,13.057667,80.221038,Anna Salai,Severe,2022-11-30,09:00,2022-11-30 09:00:00,Clear,Bus,high
2455,13.100801,80.150671,Anna Salai,Fatal,2022-06-10,01:00,2022-06-10 01:00:00,Clear,Truck,high
2456,12.911553,80.232279,OMR,Severe,2022-02-17,21:00,2022-02-17 21:00:00,Clear,Bike,medium
2457,12.804317,80.264615,ECR,Severe,2023-03-11,07:00,2023-03-11 07:00:00,Rain,Bike,high
2458,12.821289,80.206646,ECR,Severe,2023-01-12,06:00,2023-01-12 06:00:00,Fog,Bus,high
2459,12.828788,80.173404,ECR,Severe,2024-05-30,07:00,2024-05-30 07:00:00,Fog,Bus,high
2460,13.130827,80.173526,Anna Salai,Minor,2023-01-29,15:00,2023-01-29 15:00:00,Rain,Auto,high
2461,13.109809,80.268179,Anna Salai,Severe,2022-10-10,22:00,2022-10-10 22:00:00,Fog,Bus,high
2462,12.998433,80.292821,Anna Salai,Minor,2024-11-23,17:00,2024-11-23 17:00:00,Rain,Bus,high
2463,13.170822,80.195504,Anna Salai,Minor,2025-01-29,18:00,2025-01-29 18:00:00,Clear,Truck,high
2464,12.986577,80.242936,Mount Road,Severe,2022-06-30,14:00,2022-06-30 14:00:00,Rain,Auto,medium
2465,13.000139,80.194505,Mount Road,Severe,2023-03-10,05:00,2023-03-10 05:00:00,Rain,Car,medium
2466,12.8573,80.291322,ECR,Minor,2023-12-12,05:00,2023-12-12 05:00:00,Clear,Auto,high
2467,13.130248,80.299112,Anna Salai,Minor,2024-07-16,07:00,2024-07-16 07:00:00,Rain,Bus,high
2468,13.029469,80.189101,Mount Road,Severe,2022-07-17,19:00,2022-07-17 19:00:00,Fog,Auto,medium
2469,13.156503,80.245265,Anna Salai,Minor,2023-10-17,06:00,2023-10-17 06:00:00,Fog,Auto,high
2470,12.990017,80.197228,Mount Road,Severe,2024-01-31,06:00,2024-01-31 06:00:00,Rain,Truck,medium
2471,12.924586,80.239137,OMR,Severe,2023-01-12,14:00,2023-01-12 14:00:00,Fog,Bike,medium
2472,13.059019,80.110386,Mount Road,Minor,2023-05-06,08:00,2023-05-06 08:00:00,Fog,Bus,medium
2473,12.830216,80.235553,ECR,Fatal,2023-11-18,21:00,2023-11-18 21:00:00,Clear,Auto,high
2474,13.054579,80.156602,Mount Road,Minor,2022-11-22,20:00,2022-11-22 20:00:00,Clear,Truck,medium
2475,12.977694,80.135555,Mount Road,Minor,2023-04-01,01:00,2023-04-01 01:00:00,Clear,Bike,medium
2476,13.094119,80.284916,Anna Salai,Minor,2024-12-10,16:00,2024-12-10 16:00:00,Clear,Truck,high
2477,12.982524,80.127711,Mount Road,Minor,2024-08-03,07:00,2024-08-03 07:00:00,Clear,Auto,medium
2478,13.072044,80.266195,Anna Salai,Minor,2024-09-30,13:00,2024-09-30 13:00:00,Clear,Car,high
2479,13.128612,80.230974,Anna Salai,Minor,2022-09-20,13:00,2022-09-20 13:00:00,Fog,Bike,high
2480,12.984628,80.119289,Mount Road,Fatal,2023-12-11,18:00,2023-12-11 18:00:00,Fog,Car,medium
2481,13.045473,80.216506,Mount Road,Minor,2022-01-16,03:00,2022-01-16 03:00:00,Fog,Bus,medium
2482,13.138824,80.150198,Anna Salai,Fatal,2023-04-02,10:00,2023-04-02 10:00:00,Fog,Truck,high
2483,13.132632,80.115095,Anna Salai,Severe,2022-07-29,00:00,2022-07-29 00:00:00,Clear,Truck,high
2484,13.067484,80.294152,Anna Salai,Minor,2022-05-15,14:00,2022-05-15 14:00:00,Rain,Auto,high
2485,13.180075,80.172184,Anna Salai,Minor,2023-09-11,23:00,2023-09-11 23:00:00,Fog,Auto,high
2486,13.056959,80.255945,Anna Salai,Fatal,2022-04-03,12:00,2022-04-03 12:00:00,Clear,Bike,high
2487,13.127323,80.153825,Anna Salai,Fatal,2023-08-07,04:00,2023-08-07 04:00:00,Fog,Truck,high
2488,13.155843,80.132092,Anna Salai,Minor,2024-04-05,03:00,2024-04-05 03:00:00,Fog,Bike,high
2489,13.091452,80.269859,Anna Salai,Fatal,2025-01-26,00:00,2025-01-26 00:00:00,Clear,Car,high
2490,12.808262,80.165633,ECR,Minor,2024-09-03,14:00,2024-09-03 14:00:00,Fog,Auto,high
2491,12.964817,80.251759,OMR,Minor,2023-04-09,09:00,2023-04-09 09:00:00,Fog,Bus,medium
2492,12.904891,80.110301,OMR,Severe,2022-02-19,12:00,2022-02-19 12:00:00,Rain,Bike,medium
2493,13.159462,80.231025,Anna Salai,Minor,2024-01-17,12:00,2024-01-17 12:00:00,Clear,Car,high
2494,12.958391,80.172063,OMR,Minor,2022-06-27,00:00,2022-06-27 00:00:00,Clear,Car,medium
2495,13.040687,80.112974,Mount Road,Minor,2023-07-21,08:00,2023-07-21 08:00:00,Clear,Auto,medium
2496,13.168759,80.299694,Anna Salai,Minor,2024-08-09,11:00,2024-08-09 11:00:00,Rain,Bus,high
2497,12.872115,80.157421,ECR,Severe,2023-10-28,05:00,2023-10-28 05:00:00,Fog,Bus,high
2498,13.14787,80.108834,Anna Salai,Severe,2023-07-24,23:00,2023-07-24 23:00:00,Rain,Bike,high
2499,13.176593,80.10742,Anna Salai,Severe,2024-02-24,02:00,2024-02-24 02:00:00,Rain,Truck,high
2500,13.149092,80.291465,Anna Salai,Minor,2023-08-10,02:00,2023-08-10 02:00:00,Fog,Bike,high
2501,12.877906,80.154973,OMR,Minor,2025-02-09,12:00,2025-02-09 12:00:00,Rain,Truck,medium
2502,13.019011,80.256856,Mount Road,Minor,2022-02-26,19:00,2022-02-26 19:00:00,Clear,Bike,medium
2503,12.929375,80.254878,OMR,Minor,2025-01-11,21:00,2025-01-11 21:00:00,Rain,Bus,medium
2504,12.951129,80.282744,OMR,Severe,2024-01-10,23:00,2024-01-10 23:00:00,Clear,Auto,medium
2505,13.073138,80.213208,Anna Salai,Minor,2024-12-15,09:00,2024-12-15 09:00:00,Fog,Bus,high
2506,13.044621,80.120735,Mount Road,Fatal,2022-09-22,22:00,2022-09-22 22:00:00,Fog,Truck,medium
2507,12.884196,80.248343,OMR,Severe,2025-04-11,00:00,2025-04-11 00:00:00,Clear,Bike,medium
2508,13.185812,80.169818,Anna Salai,Minor,2022-11-29,19:00,2022-11-29 19:00:00,Clear,Car,high
2509,13.02868,80.265212,Anna Salai,Minor,2022-05-09,01:00,2022-05-09 01:00:00,Rain,Bus,high
2510,13.136732,80.260606,Anna Salai,Minor,2023-08-13,07:00,2023-08-13 07:00:00,Rain,Bike,high
2511,13.114145,80.129087,Anna Salai,Minor,2023-09-11,22:00,2023-09-11 22:00:00,Rain,Bus,high
2512,12.883741,80.148532,OMR,Minor,2023-10-26,11:00,2023-10-26 11:00:00,Fog,Bus,medium
2513,13.116896,80.100004,Mount Road,Fatal,2023-06-09,06:00,2023-06-09 06:00:00,Rain,Bike,medium
2514,13.140457,80.176072,Anna Salai,Severe,2024-02-22,14:00,2024-02-22 14:00:00,Fog,Bus,high
2515,13.046568,80.218105,Mount Road,Fatal,2022-01-28,20:00,2022-01-28 20:00:00,Fog,Bike,medium
2516,12.801833,80.250127,ECR,Minor,2023-04-23,20:00,2023-04-23 20:00:00,Fog,Car,high
2517,13.078855,80.238669,Anna Salai,Minor,2023-01-12,17:00,2023-01-12 17:00:00,Fog,Bus,high
2518,13.181225,80.265065,Anna Salai,Severe,2023-02-05,09:00,2023-02-05 09:00:00,Clear,Truck,high
2519,12.861935,80.198541,ECR,Fatal,2024-03-26,03:00,2024-03-26 03:00:00,Rain,Bike,high
2520,13.025291,80.234951,Mount Road,Fatal,2022-09-08,08:00,2022-09-08 08:00:00,Fog,Truck,medium
2521,12.985078,80.167956,Mount Road,Minor,2024-11-12,07:00,2024-11-12 07:00:00,Rain,Auto,medium
2522,13.13275,80.257277,Anna Salai,Severe,2023-12-24,06:00,2023-12-24 06:00:00,Clear,Truck,high
2523,12.833505,80.129005,ECR,Minor,2024-02-13,20:00,2024-02-13 20:00:00,Fog,Truck,high
2524,13.141317,80.194331,Anna Salai,Minor,2024-03-10,13:00,2024-03-10 13:00:00,Rain,Car,high
2525,12.981622,80.257174,Mount Road,Minor,2022-01-20,03:00,2022-01-20 03:00:00,Fog,Truck,medium
2526,12.911385,80.224045,OMR,Fatal,2025-03-21,23:00,2025-03-21 23:00:00,Rain,Bus,medium
2527,13.115604,80.224876,Anna Salai,Severe,2024-04-06,20:00,2024-04-06 20:00:00,Rain,Car,high
2528,13.025084,80.298986,Anna Salai,Minor,2022-05-17,09:00,2022-05-17 09:00:00,Rain,Auto,high
2529,13.192361,80.174617,Anna Salai,Minor,2024-08-11,10:00,2024-08-11 10:00:00,Rain,Car,high
2530,12.972979,80.213844,Mount Road,Minor,2023-08-10,05:00,2023-08-10 05:00:00,Fog,Bus,medium
2531,13.081824,80.21119,Anna Salai,Minor,2024-02-14,10:00,2024-02-14 10:00:00,Fog,Truck,high
2532,13.052595,80.116138,Mount Road,Severe,2024-07-12,19:00,2024-07-12 19:00:00,Fog,Car,medium
2533,12.87205,80.131365,ECR,Minor,2025-02-27,03:00,2025-02-27 03:00:00,Clear,Bus,high
2534,13.090772,80.135714,Mount Road,Minor,2023-04-02,12:00,2023-04-02 12:00:00,Clear,Truck,medium
2535,12.990707,80.184006,Mount Road,Minor,2022-10-01,03:00,2022-10-01 03:00:00,Fog,Truck,medium
2536,13.093294,80.115256,Mount Road,Minor,2025-01-05,03:00,2025-01-05 03:00:00,Clear,Bike,medium
2537,13.044479,80.281972,Anna Salai,Severe,2022-12-13,17:00,2022-12-13 17:00:00,Rain,Truck,high
2538,13.00679,80.285834,Anna Salai,Fatal,2024-02-26,00:00,2024-02-26 00:00:00,Clear,Truck,high
2539,12.845198,80.228129,ECR,Severe,2024-10-22,01:00,2024-10-22 01:00:00,Clear,Bike,high
2540,13.058339,80.10916,Mount Road,Severe,2022-12-09,23:00,2022-12-09 23:00:00,Rain,Bike,medium
2541,12.935045,80.150449,OMR,Minor,2024-04-13,17:00,2024-04-13 17:00:00,Rain,Bus,medium
2542,13.060998,80.16239,Mount Road,Minor,2023-01-03,17:00,2023-01-03 17:00:00,Rain,Bus,medium
2543,12.909437,80.267159,OMR,Severe,2022-05-25,05:00,2022-05-25 05:00:00,Fog,Bike,medium
2544,12.943188,80.193585,OMR,Minor,2023-11-04,12:00,2023-11-04 12:00:00,Clear,Auto,medium
2545,13.166978,80.100503,Anna Salai,Minor,2023-12-25,03:00,2023-12-25 03:00:00,Rain,Car,high
2546,13.136097,80.109921,Anna Salai,Severe,2023-02-21,01:00,2023-02-21 01:00:00,Rain,Auto,high
2547,13.124146,80.138803,Anna Salai,Severe,2024-01-06,17:00,2024-01-06 17:00:00,Fog,Car,high
2548,12.957834,80.243399,OMR,Minor,2022-10-09,18:00,2022-10-09 18:00:00,Fog,Truck,medium
2549,13.000316,80.142753,Mount Road,Minor,2022-09-03,13:00,2022-09-03 13:00:00,Clear,Auto,medium
2550,13.121886,80.277412,Anna Salai,Minor,2025-01-05,16:00,2025-01-05 16:00:00,Fog,Bus,high
2551,12.977292,80.245548,Mount Road,Severe,2022-01-02,21:00,2022-01-02 21:00:00,Clear,Car,medium
2552,12.837276,80.291674,ECR,Minor,2023-07-21,11:00,2023-07-21 11:00:00,Fog,Bike,high
2553,13.125547,80.220428,Anna Salai,Minor,2022-05-06,03:00,2022-05-06 03:00:00,Rain,Bike,high
2554,13.178512,80.249353,Anna Salai,Minor,2024-10-16,05:00,2024-10-16 05:00:00,Rain,Bus,high
2555,12.884888,80.250247,OMR,Minor,2022-06-26,00:00,2022-06-26 00:00:00,Fog,Bus,medium
2556,13.196432,80.163663,Anna Salai,Severe,2024-02-02,16:00,2024-02-02 16:00:00,Clear,Bus,high
2557,13.00575,80.194874,Mount Road,Minor,2022-12-19,15:00,2022-12-19 15:00:00,Clear,Auto,medium
2558,13.197138,80.283661,Anna Salai,Minor,2024-04-13,23:00,2024-04-13 23:00:00,Fog,Car,high
2559,12.960959,80.272882,OMR,Severe,2023-07-26,23:00,2023-07-26 23:00:00,Rain,Truck,medium
2560,13.049983,80.218772,Anna Salai,Minor,2022-10-15,13:00,2022-10-15 13:00:00,Clear,Bus,high
2561,13.097699,80.200682,Anna Salai,Minor,2024-08-06,04:00,2024-08-06 04:00:00,Fog,Truck,high
2562,13.027294,80.149223,Mount Road,Minor,2024-10-13,16:00,2024-10-13 16:00:00,Rain,Truck,medium
2563,12.888891,80.251456,OMR,Minor,2024-06-14,18:00,2024-06-14 18:00:00,Clear,Auto,medium
2564,13.164496,80.22513,Anna Salai,Severe,2022-09-15,09:00,2022-09-15 09:00:00,Rain,Auto,high
2565,12.845279,80.29625,ECR,Minor,2024-05-03,19:00,2024-05-03 19:00:00,Fog,Bus,high
2566,12.976002,80.174349,Mount Road,Minor,2023-05-05,23:00,2023-05-05 23:00:00,Clear,Truck,medium
2567,13.112704,80.248973,Anna Salai,Minor,2024-06-24,13:00,2024-06-24 13:00:00,Clear,Truck,high
2568,13.174837,80.295346,Anna Salai,Minor,2023-11-07,07:00,2023-11-07 07:00:00,Fog,Car,high
2569,12.897498,80.228586,OMR,Severe,2024-03-25,02:00,2024-03-25 02:00:00,Rain,Car,medium
2570,12.953928,80.185189,OMR,Fatal,2023-08-25,06:00,2023-08-25 06:00:00,Clear,Auto,medium
2571,13.030783,80.182784,Mount Road,Severe,2022-11-04,13:00,2022-11-04 13:00:00,Clear,Bus,medium
2572,13.101921,80.261875,Anna Salai,Severe,2022-05-26,20:00,2022-05-26 20:00:00,Fog,Auto,high
2573,12.99902,80.15525,Mount Road,Severe,2024-12-23,09:00,2024-12-23 09:00:00,Clear,Auto,medium
2574,13.172928,80.157062,Anna Salai,Severe,2023-11-25,01:00,2023-11-25 01:00:00,Clear,Car,high
2575,12.99717,80.150724,Mount Road,Minor,2022-06-18,15:00,2022-06-18 15:00:00,Clear,Auto,medium
