id,latitude,longitude,road_name,severity,date,time,datetime,weather,vehicle_type,road_risk_level
1,13.064327,77.530941,Airport Road,Minor,2025-03-24,06:00,2025-03-24 06:00:00,Clear,Bus,medium
2,12.939033,77.498966,Bannerghatta Road,Minor,2024-03-31,04:00,2024-03-31 04:00:00,Clear,Car,medium
3,12.936802,77.469957,Bannerghatta Road,Minor,2022-01-27,02:00,2022-01-27 02:00:00,Rain,Truck,medium
4,12.911401,77.624696,Sarjapur Road,Severe,2024-08-06,03:00,2024-08-06 03:00:00,Rain,Truck,medium
5,13.181455,77.704682,Airport Road,Minor,2023-05-21,17:00,2023-05-21 17:00:00,Clear,Auto,medium
6,13.007483,77.745779,Whitefield Main Road,Minor,2023-10-09,03:00,2023-10-09 03:00:00,Rain,Bus,high
7,13.032625,77.614829,Old Madras Road,Minor,2024-06-21,09:00,2024-06-21 09:00:00,Rain,Truck,high
8,12.863932,77.797043,Whitefield Main Road,Severe,2024-07-21,02:00,2024-07-21 02:00:00,Fog,Auto,high
9,12.984625,77.767823,Whitefield Main Road,Fatal,2022-09-21,06:00,2022-09-21 06:00:00,Rain,Bus,high
10,12.954595,77.488507,Bannerghatta Road,Severe,2024-02-25,13:00,2024-02-25 13:00:00,Fog,Car,medium
11,12.941515,77.674347,Marathahalli Bridge Road,Minor,2024-11-14,05:00,2024-11-14 05:00:00,Fog,Auto,high
12,13.045999,77.520041,Airport Road,Fatal,2023-04-24,12:00,2023-04-24 12:00:00,Rain,Truck,medium
13,12.848361,77.433807,Bannerghatta Road,Severe,2022-10-26,07:00,2022-10-26 07:00:00,Clear,Auto,medium
14,13.057964,77.590444,Airport Road,Minor,2023-12-10,20:00,2023-12-10 20:00:00,Clear,Auto,medium
15,12.94701,77.785423,Whitefield Main Road,Minor,2024-11-19,16:00,2024-11-19 16:00:00,Clear,Bike,high
16,12.863873,77.573049,Sarjapur Road,Severe,2023-06-23,14:00,2023-06-23 14:00:00,Clear,Bike,medium
17,12.810804,77.644324,Hosur Road,Minor,2023-04-12,15:00,2023-04-12 15:00:00,Fog,Truck,high
18,12.913562,77.619006,Sarjapur Road,Severe,2023-10-30,19:00,2023-10-30 19:00:00,Rain,Auto,medium
19,12.851488,77.589232,Sarjapur Road,Minor,2024-10-22,21:00,2024-10-22 21:00:00,Fog,Truck,medium
20,13.055067,77.418018,Airport Road,Minor,2023-10-19,11:00,2023-10-19 11:00:00,Rain,Auto,medium
21,13.174917,77.602348,Airport Road,Severe,2023-11-04,21:00,2023-11-04 21:00:00,Rain,Truck,medium
22,13.052805,77.617588,Airport Road,Minor,2024-07-23,14:00,2024-07-23 14:00:00,Rain,Auto,medium
23,12.828296,77.719866,Hosur Road,Severe,2025-01-31,01:00,2025-01-31 01:00:00,Fog,Auto,high
24,13.068595,77.762442,Whitefield Main Road,Fatal,2022-12-22,17:00,2022-12-22 17:00:00,Clear,Truck,high
25,12.94144,77.549761,Bannerghatta Road,Minor,2023-12-08,10:00,2023-12-08 10:00:00,Rain,Bus,medium
26,12.90836,77.563109,Bannerghatta Road,Minor,2023-08-24,21:00,2023-08-24 21:00:00,Rain,Bike,medium
27,13.008178,77.683777,Indiranagar 100ft Road,Severe,2023-05-09,04:00,2023-05-09 04:00:00,Rain,Bus,low
28,13.094302,77.576124,Airport Road,Minor,2023-04-30,01:00,2023-04-30 01:00:00,Clear,Bike,medium
29,12.971567,77.689448,Marathahalli Bridge Road,Minor,2022-07-11,20:00,2022-07-11 20:00:00,Fog,Bus,high
30,13.180613,77.573218,Airport Road,Severe,2024-01-30,02:00,2024-01-30 02:00:00,Fog,Bus,medium
31,12.884671,77.570809,Bannerghatta Road,Minor,2024-04-07,10:00,2024-04-07 10:00:00,Rain,Bike,medium
32,12.898651,77.518953,Bannerghatta Road,Minor,2024-07-11,18:00,2024-07-11 18:00:00,Clear,Bus,medium
33,13.09534,77.402311,Airport Road,Severe,2024-11-27,02:00,2024-11-27 02:00:00,Clear,Truck,medium
34,12.888723,77.598691,Sarjapur Road,Fatal,2023-08-05,23:00,2023-08-05 23:00:00,Rain,Car,medium
35,12.966,77.42648,Bannerghatta Road,Minor,2023-10-28,18:00,2023-10-28 18:00:00,Fog,Truck,medium
36,13.166458,77.645976,Airport Road,Severe,2022-11-08,00:00,2022-11-08 00:00:00,Fog,Bus,medium
37,13.160679,77.450578,Airport Road,Severe,2022-08-14,17:00,2022-08-14 17:00:00,Clear,Auto,medium
38,12.87812,77.75548,Whitefield Main Road,Minor,2022-11-22,11:00,2022-11-22 11:00:00,Rain,Bike,high
39,12.933538,77.737824,Whitefield Main Road,Minor,2025-01-04,18:00,2025-01-04 18:00:00,Clear,Truck,high
40,12.934971,77.501295,Bannerghatta Road,Fatal,2024-07-23,03:00,2024-07-23 03:00:00,Rain,Bike,medium
41,13.088481,77.401871,Airport Road,Fatal,2023-03-17,22:00,2023-03-17 22:00:00,Rain,Bus,medium
42,12.906665,77.751883,Whitefield Main Road,Minor,2024-07-10,05:00,2024-07-10 05:00:00,Fog,Bike,high
43,12.854596,77.734873,Hosur Road,Minor,2023-04-08,09:00,2023-04-08 09:00:00,Fog,Bike,high
44,13.070817,77.754253,Whitefield Main Road,Severe,2024-10-09,02:00,2024-10-09 02:00:00,Fog,Bus,high
45,12.852964,77.561684,Bannerghatta Road,Severe,2022-08-15,18:00,2022-08-15 18:00:00,Fog,Bike,medium
46,13.130325,77.446646,Airport Road,Minor,2023-02-06,09:00,2023-02-06 09:00:00,Fog,Auto,medium
47,13.071506,77.582699,Airport Road,Fatal,2023-10-09,19:00,2023-10-09 19:00:00,Clear,Car,medium
48,13.028376,77.625565,Indiranagar 100ft Road,Severe,2023-06-19,18:00,2023-06-19 18:00:00,Fog,Auto,low
49,12.947882,77.70417,Marathahalli Bridge Road,Minor,2023-05-28,20:00,2023-05-28 20:00:00,Clear,Car,high
50,13.085418,77.731694,Whitefield Main Road,Severe,2023-03-24,08:00,2023-03-24 08:00:00,Clear,Car,high
51,13.018995,77.767071,Whitefield Main Road,Minor,2024-10-30,01:00,2024-10-30 01:00:00,Fog,Truck,high
52,13.155137,77.476742,Airport Road,Minor,2025-03-12,05:00,2025-03-12 05:00:00,Fog,Bike,medium
53,13.168031,77.626681,Airport Road,Severe,2022-07-09,19:00,2022-07-09 19:00:00,Fog,Car,medium
54,12.917963,77.412591,Bannerghatta Road,Severe,2022-05-30,05:00,2022-05-30 05:00:00,Fog,Auto,medium
55,12.918688,77.421483,Bannerghatta Road,Minor,2023-11-29,14:00,2023-11-29 14:00:00,Clear,Auto,medium
56,13.001226,77.503201,Old Madras Road,Minor,2024-10-26,13:00,2024-10-26 13:00:00,Fog,Auto,high
57,12.893807,77.446713,Bannerghatta Road,Minor,2024-12-20,00:00,2024-12-20 00:00:00,Fog,Bike,medium
58,13.010762,77.565505,Old Madras Road,Minor,2024-01-24,11:00,2024-01-24 11:00:00,Rain,Bus,high
59,12.874319,77.560204,Bannerghatta Road,Severe,2024-08-22,21:00,2024-08-22 21:00:00,Clear,Truck,medium
60,13.060177,77.527135,Airport Road,Minor,2024-03-09,21:00,2024-03-09 21:00:00,Fog,Bike,medium
61,13.03119,77.439954,Airport Road,Severe,2024-08-09,17:00,2024-08-09 17:00:00,Rain,Truck,medium
62,12.940417,77.683922,Marathahalli Bridge Road,Minor,2022-04-16,17:00,2022-04-16 17:00:00,Rain,Car,high
63,13.038925,77.471671,Airport Road,Minor,2024-11-27,17:00,2024-11-27 17:00:00,Fog,Auto,medium
64,12.935809,77.79042,Whitefield Main Road,Fatal,2024-07-18,10:00,2024-07-18 10:00:00,Fog,Truck,high
65,12.938471,77.569677,Bannerghatta Road,Severe,2024-09-06,23:00,2024-09-06 23:00:00,Clear,Truck,medium
66,12.965455,77.503129,Bannerghatta Road,Severe,2024-04-28,17:00,2024-04-28 17:00:00,Fog,Auto,medium
67,12.92414,77.756905,Whitefield Main Road,Fatal,2025-04-11,22:00,2025-04-11 22:00:00,Fog,Truck,high
68,13.13621,77.482313,Airport Road,Minor,2022-09-25,11:00,2022-09-25 11:00:00,Clear,Auto,medium
69,12.810978,77.534254,Hosur Road,Minor,2023-06-04,04:00,2023-06-04 04:00:00,Rain,Truck,high
70,12.819454,77.621806,Hosur Road,Severe,2025-02-02,11:00,2025-02-02 11:00:00,Rain,Auto,high
71,12.947446,77.639582,Koramangala 80ft Road,Minor,2024-12-20,21:00,2024-12-20 21:00:00,Fog,Auto,low
72,12.827299,77.565062,Hosur Road,Severe,2024-04-01,02:00,2024-04-01 02:00:00,Fog,Bike,high
73,13.134811,77.461501,Airport Road,Severe,2023-06-06,11:00,2023-06-06 11:00:00,Fog,Bike,medium
74,12.917923,77.633189,Outer Ring Road,Severe,2022-07-08,03:00,2022-07-08 03:00:00,Fog,Bus,high
75,12.891307,77.647669,Outer Ring Road,Minor,2022-02-22,23:00,2022-02-22 23:00:00,Rain,Truck,high
76,12.90506,77.758076,Whitefield Main Road,Severe,2022-08-13,11:00,2022-08-13 11:00:00,Clear,Bike,high
77,12.816265,77.607839,Hosur Road,Minor,2024-03-17,11:00,2024-03-17 11:00:00,Clear,Bus,high
78,13.165875,77.461909,Airport Road,Minor,2024-12-05,14:00,2024-12-05 14:00:00,Clear,Truck,medium
79,13.190996,77.598571,Airport Road,Minor,2023-02-15,04:00,2023-02-15 04:00:00,Rain,Auto,medium
80,12.968574,77.645802,Indiranagar 100ft Road,Severe,2023-01-16,18:00,2023-01-16 18:00:00,Rain,Bus,low
81,13.069173,77.427836,Airport Road,Fatal,2022-04-15,20:00,2022-04-15 20:00:00,Clear,Truck,medium
82,13.085083,77.477491,Airport Road,Minor,2023-12-28,07:00,2023-12-28 07:00:00,Fog,Bus,medium
83,12.960497,77.428281,Bannerghatta Road,Severe,2024-10-10,04:00,2024-10-10 04:00:00,Clear,Bus,medium
84,13.092876,77.438094,Airport Road,Fatal,2023-07-31,13:00,2023-07-31 13:00:00,Clear,Car,medium
85,12.856506,77.413713,Bannerghatta Road,Minor,2023-05-24,03:00,2023-05-24 03:00:00,Rain,Bus,medium
86,12.845138,77.48325,Bannerghatta Road,Minor,2023-05-03,11:00,2023-05-03 11:00:00,Rain,Auto,medium
87,13.167738,77.78453,Airport Road,Minor,2023-05-07,06:00,2023-05-07 06:00:00,Clear,Bus,medium
88,13.069343,77.79128,Whitefield Main Road,Severe,2023-12-11,12:00,2023-12-11 12:00:00,Rain,Bike,high
89,12.917587,77.670324,Outer Ring Road,Fatal,2024-02-20,17:00,2024-02-20 17:00:00,Rain,Bus,high
90,13.179598,77.772582,Airport Road,Minor,2023-09-22,21:00,2023-09-22 21:00:00,Rain,Bike,medium
91,12.835792,77.752357,Hosur Road,Fatal,2023-12-28,00:00,2023-12-28 00:00:00,Fog,Auto,high
92,12.8694,77.65814,Hosur Road,Severe,2022-01-11,21:00,2022-01-11 21:00:00,Rain,Car,high
93,12.802377,77.531486,Hosur Road,Minor,2025-03-28,19:00,2025-03-28 19:00:00,Fog,Auto,high
94,13.008603,77.560537,Old Madras Road,Minor,2022-01-18,05:00,2022-01-18 05:00:00,Fog,Auto,high
95,13.185794,77.530987,Airport Road,Severe,2024-03-09,05:00,2024-03-09 05:00:00,Clear,Truck,medium
96,13.0412,77.550866,Airport Road,Severe,2023-01-25,02:00,2023-01-25 02:00:00,Rain,Bus,medium
97,13.113624,77.78357,Whitefield Main Road,Fatal,2024-06-12,12:00,2024-06-12 12:00:00,Clear,Bus,high
98,13.019215,77.504047,Old Madras Road,Severe,2023-10-11,11:00,2023-10-11 11:00:00,Rain,Car,high
99,12.817848,77.743694,Hosur Road,Severe,2023-05-12,02:00,2023-05-12 02:00:00,Rain,Bus,high
100,12.814243,77.733412,Hosur Road,Minor,2024-01-05,13:00,2024-01-05 13:00:00,Rain,Bike,high
101,12.947573,77.762715,Whitefield Main Road,Fatal,2023-08-23,04:00,2023-08-23 04:00:00,Rain,Auto,high
102,13.072616,77.571209,Airport Road,Minor,2024-02-06,16:00,2024-02-06 16:00:00,Rain,Auto,medium
103,12.967443,77.679003,Marathahalli Bridge Road,Fatal,2022-01-31,19:00,2022-01-31 19:00:00,Fog,Bus,high
104,13.121989,77.500142,Airport Road,Fatal,2023-05-14,04:00,2023-05-14 04:00:00,Clear,Auto,medium
105,12.952218,77.518738,Bannerghatta Road,Fatal,2023-08-01,18:00,2023-08-01 18:00:00,Clear,Truck,medium
106,12.82512,77.61553,Hosur Road,Severe,2023-10-17,21:00,2023-10-17 21:00:00,Clear,Bus,high
107,13.018816,77.765548,Whitefield Main Road,Minor,2022-11-27,14:00,2022-11-27 14:00:00,Fog,Truck,high
108,12.999744,77.711826,Marathahalli Bridge Road,Minor,2022-12-18,21:00,2022-12-18 21:00:00,Fog,Car,high
109,12.852151,77.42633,Bannerghatta Road,Minor,2023-07-04,19:00,2023-07-04 19:00:00,Fog,Bus,medium
110,13.040029,77.75551,Whitefield Main Road,Fatal,2022-12-31,14:00,2022-12-31 14:00:00,Fog,Bike,high
111,13.081384,77.429306,Airport Road,Severe,2025-01-22,12:00,2025-01-22 12:00:00,Clear,Truck,medium
112,12.912763,77.452611,Bannerghatta Road,Minor,2023-01-20,00:00,2023-01-20 00:00:00,Clear,Truck,medium
113,13.053573,77.529796,Airport Road,Severe,2023-01-20,11:00,2023-01-20 11:00:00,Rain,Bus,medium
114,13.003003,77.645274,Indiranagar 100ft Road,Fatal,2022-06-20,17:00,2022-06-20 17:00:00,Clear,Bike,low
115,12.906675,77.640875,Outer Ring Road,Minor,2025-01-16,01:00,2025-01-16 01:00:00,Clear,Auto,high
116,13.177183,77.643861,Airport Road,Minor,2022-08-05,20:00,2022-08-05 20:00:00,Clear,Auto,medium
117,13.083511,77.433007,Airport Road,Minor,2024-09-06,21:00,2024-09-06 21:00:00,Clear,Bus,medium
118,13.001736,77.575432,Old Madras Road,Minor,2023-05-25,09:00,2023-05-25 09:00:00,Rain,Bus,high
119,13.049316,77.488686,Airport Road,Minor,2024-01-21,18:00,2024-01-21 18:00:00,Fog,Auto,medium
120,13.053242,77.726658,Whitefield Main Road,Fatal,2022-11-07,13:00,2022-11-07 13:00:00,Clear,Bike,high
121,12.887308,77.672836,Outer Ring Road,Minor,2025-02-04,14:00,2025-02-04 14:00:00,Rain,Bus,high
122,13.005031,77.565602,Old Madras Road,Fatal,2023-03-30,18:00,2023-03-30 18:00:00,Fog,Bus,high
123,13.126207,77.791758,Whitefield Main Road,Severe,2024-01-22,19:00,2024-01-22 19:00:00,Fog,Car,high
124,12.842634,77.513429,Bannerghatta Road,Fatal,2023-09-11,19:00,2023-09-11 19:00:00,Clear,Truck,medium
125,13.066481,77.566033,Airport Road,Minor,2023-12-25,16:00,2023-12-25 16:00:00,Rain,Bus,medium
126,12.973634,77.681859,Marathahalli Bridge Road,Fatal,2022-09-30,05:00,2022-09-30 05:00:00,Fog,Auto,high
127,12.840188,77.424246,Bannerghatta Road,Severe,2022-09-26,12:00,2022-09-26 12:00:00,Clear,Truck,medium
128,12.942739,77.48557,Bannerghatta Road,Fatal,2022-02-16,19:00,2022-02-16 19:00:00,Clear,Auto,medium
129,13.188794,77.584702,Airport Road,Fatal,2023-11-03,21:00,2023-11-03 21:00:00,Clear,Bus,medium
130,12.805367,77.570926,Hosur Road,Minor,2023-07-04,06:00,2023-07-04 06:00:00,Fog,Car,high
131,12.985755,77.628061,Indiranagar 100ft Road,Severe,2023-10-31,17:00,2023-10-31 17:00:00,Rain,Auto,low
132,12.807803,77.444147,Bannerghatta Road,Fatal,2025-04-08,06:00,2025-04-08 06:00:00,Rain,Car,medium
133,13.085629,77.595586,Airport Road,Severe,2023-12-23,22:00,2023-12-23 22:00:00,Rain,Car,medium
134,13.055615,77.505528,Airport Road,Minor,2023-09-27,09:00,2023-09-27 09:00:00,Fog,Bike,medium
135,13.076719,77.790458,Whitefield Main Road,Minor,2022-03-09,16:00,2022-03-09 16:00:00,Clear,Auto,high
136,13.015842,77.468103,Old Madras Road,Fatal,2025-01-16,18:00,2025-01-16 18:00:00,Rain,Bike,high
137,12.842803,77.75041,Hosur Road,Minor,2023-04-15,07:00,2023-04-15 07:00:00,Fog,Auto,high
138,13.012282,77.797013,Whitefield Main Road,Minor,2023-03-28,20:00,2023-03-28 20:00:00,Clear,Truck,high
139,12.904959,77.572763,Bannerghatta Road,Fatal,2022-05-11,03:00,2022-05-11 03:00:00,Clear,Bike,medium
140,12.817483,77.495538,Bannerghatta Road,Severe,2024-09-08,17:00,2024-09-08 17:00:00,Rain,Bike,medium
141,12.94777,77.799432,Whitefield Main Road,Severe,2024-06-26,23:00,2024-06-26 23:00:00,Fog,Auto,high
142,12.809608,77.627387,Hosur Road,Minor,2022-01-01,15:00,2022-01-01 15:00:00,Fog,Truck,high
143,13.017352,77.796523,Whitefield Main Road,Minor,2023-03-15,20:00,2023-03-15 20:00:00,Rain,Car,high
144,12.839165,77.520881,Bannerghatta Road,Minor,2023-04-20,17:00,2023-04-20 17:00:00,Rain,Bike,medium
145,13.189709,77.406133,Airport Road,Minor,2025-01-10,23:00,2025-01-10 23:00:00,Rain,Bike,medium
146,12.952636,77.591347,Old Madras Road,Severe,2022-12-24,08:00,2022-12-24 08:00:00,Rain,Truck,high
147,13.034066,77.680384,Indiranagar 100ft Road,Minor,2022-01-05,15:00,2022-01-05 15:00:00,Clear,Bus,low
148,12.803683,77.796433,Hosur Road,Minor,2024-08-07,01:00,2024-08-07 01:00:00,Fog,Auto,high
149,13.123688,77.585259,Airport Road,Severe,2023-12-19,09:00,2023-12-19 09:00:00,Fog,Bus,medium
150,12.815939,77.674259,Hosur Road,Minor,2023-05-14,22:00,2023-05-14 22:00:00,Rain,Bike,high
151,12.955431,77.591543,Old Madras Road,Minor,2022-04-30,16:00,2022-04-30 16:00:00,Clear,Car,high
152,12.83566,77.727016,Hosur Road,Fatal,2022-02-10,07:00,2022-02-10 07:00:00,Rain,Car,high
153,13.089078,77.766357,Whitefield Main Road,Severe,2024-04-06,16:00,2024-04-06 16:00:00,Clear,Truck,high
154,13.051916,77.518816,Airport Road,Minor,2022-05-21,11:00,2022-05-21 11:00:00,Rain,Car,medium
155,12.880096,77.491795,Bannerghatta Road,Severe,2023-05-15,21:00,2023-05-15 21:00:00,Rain,Bus,medium
156,13.156659,77.460686,Airport Road,Severe,2022-05-31,00:00,2022-05-31 00:00:00,Fog,Car,medium
157,13.184077,77.742654,Airport Road,Minor,2022-07-24,22:00,2022-07-24 22:00:00,Fog,Bus,medium
158,12.975474,77.625742,Indiranagar 100ft Road,Severe,2023-03-17,06:00,2023-03-17 06:00:00,Fog,Truck,low
159,12.99251,77.436452,Old Madras Road,Severe,2025-02-02,13:00,2025-02-02 13:00:00,Clear,Car,high
160,12.909747,77.549129,Bannerghatta Road,Minor,2022-03-16,17:00,2022-03-16 17:00:00,Fog,Car,medium
161,12.907141,77.774351,Whitefield Main Road,Minor,2025-03-06,01:00,2025-03-06 01:00:00,Fog,Bike,high
162,12.983837,77.456972,Old Madras Road,Minor,2023-07-07,16:00,2023-07-07 16:00:00,Clear,Truck,high
163,13.153862,77.708747,Airport Road,Severe,2024-02-13,11:00,2024-02-13 11:00:00,Clear,Truck,medium
164,13.003229,77.520425,Old Madras Road,Fatal,2024-10-23,12:00,2024-10-23 12:00:00,Rain,Truck,high
165,12.894495,77.658501,Outer Ring Road,Minor,2024-07-06,13:00,2024-07-06 13:00:00,Rain,Auto,high
166,13.156098,77.795454,Whitefield Main Road,Fatal,2024-05-09,16:00,2024-05-09 16:00:00,Rain,Auto,high
167,12.946704,77.52274,Bannerghatta Road,Minor,2022-09-30,16:00,2022-09-30 16:00:00,Fog,Car,medium
168,12.925519,77.691571,Marathahalli Bridge Road,Severe,2024-11-13,06:00,2024-11-13 06:00:00,Fog,Bike,high
169,13.159109,77.497704,Airport Road,Minor,2024-04-28,14:00,2024-04-28 14:00:00,Rain,Bike,medium
170,12.846784,77.432473,Bannerghatta Road,Minor,2022-01-06,03:00,2022-01-06 03:00:00,Clear,Auto,medium
171,13.113659,77.553507,Airport Road,Minor,2023-02-13,13:00,2023-02-13 13:00:00,Fog,Auto,medium
172,12.820049,77.50684,Bannerghatta Road,Severe,2024-08-05,16:00,2024-08-05 16:00:00,Fog,Bike,medium
173,13.00445,77.553172,Old Madras Road,Minor,2022-04-21,12:00,2022-04-21 12:00:00,Fog,Bus,high
174,12.94654,77.432722,Bannerghatta Road,Minor,2025-02-23,04:00,2025-02-23 04:00:00,Fog,Truck,medium
175,13.026312,77.549313,Old Madras Road,Fatal,2024-11-29,19:00,2024-11-29 19:00:00,Fog,Auto,high
176,12.858383,77.598182,Sarjapur Road,Severe,2022-06-17,13:00,2022-06-17 13:00:00,Clear,Car,medium
177,12.858552,77.591868,Sarjapur Road,Minor,2023-12-10,02:00,2023-12-10 02:00:00,Fog,Car,medium
178,12.906289,77.720545,Marathahalli Bridge Road,Severe,2024-01-10,17:00,2024-01-10 17:00:00,Rain,Truck,high
179,12.940118,77.64964,Koramangala 80ft Road,Severe,2024-10-20,12:00,2024-10-20 12:00:00,Clear,Bike,low
180,12.949439,77.690555,Marathahalli Bridge Road,Minor,2022-11-01,10:00,2022-11-01 10:00:00,Clear,Bus,high
181,12.840671,77.523402,Bannerghatta Road,Fatal,2024-05-04,03:00,2024-05-04 03:00:00,Fog,Car,medium
182,12.88852,77.77881,Whitefield Main Road,Minor,2023-12-13,06:00,2023-12-13 06:00:00,Clear,Bus,high
183,12.862248,77.71708,Hosur Road,Minor,2023-12-14,12:00,2023-12-14 12:00:00,Rain,Truck,high
184,13.162858,77.759488,Airport Road,Minor,2024-07-07,15:00,2024-07-07 15:00:00,Rain,Auto,medium
185,12.964513,77.438903,Bannerghatta Road,Fatal,2022-04-12,21:00,2022-04-12 21:00:00,Fog,Bike,medium
186,12.894677,77.634391,Outer Ring Road,Fatal,2022-09-15,12:00,2022-09-15 12:00:00,Clear,Truck,high
187,13.137044,77.70214,Airport Road,Severe,2023-04-26,21:00,2023-04-26 21:00:00,Fog,Car,medium
188,12.935164,77.575086,Bannerghatta Road,Minor,2024-03-16,05:00,2024-03-16 05:00:00,Rain,Bus,medium
189,12.949564,77.636597,Koramangala 80ft Road,Severe,2024-08-05,09:00,2024-08-05 09:00:00,Rain,Bus,low
190,12.913244,77.774022,Whitefield Main Road,Fatal,2025-03-13,03:00,2025-03-13 03:00:00,Fog,Bike,high
191,13.156868,77.684167,Airport Road,Minor,2023-07-11,22:00,2023-07-11 22:00:00,Fog,Truck,medium
192,12.822297,77.781457,Hosur Road,Minor,2023-10-06,23:00,2023-10-06 23:00:00,Rain,Bike,high
193,13.157362,77.40641,Airport Road,Minor,2022-04-11,16:00,2022-04-11 16:00:00,Rain,Car,medium
194,12.821997,77.685033,Hosur Road,Minor,2024-08-27,22:00,2024-08-27 22:00:00,Rain,Bike,high
195,12.810337,77.634336,Hosur Road,Severe,2024-05-07,15:00,2024-05-07 15:00:00,Clear,Auto,high
196,12.901645,77.781522,Whitefield Main Road,Minor,2022-11-01,23:00,2022-11-01 23:00:00,Fog,Car,high
197,12.958536,77.439465,Bannerghatta Road,Minor,2023-06-10,22:00,2023-06-10 22:00:00,Clear,Truck,medium
198,12.979655,77.401502,Bannerghatta Road,Minor,2023-06-05,21:00,2023-06-05 21:00:00,Fog,Truck,medium
199,12.892489,77.747904,Whitefield Main Road,Fatal,2022-01-26,07:00,2022-01-26 07:00:00,Clear,Bike,high
200,12.960186,77.615439,Old Madras Road,Minor,2023-02-25,19:00,2023-02-25 19:00:00,Clear,Truck,high
201,13.188976,77.784255,Airport Road,Fatal,2024-09-11,05:00,2024-09-11 05:00:00,Rain,Car,medium
202,12.900012,77.652917,Outer Ring Road,Fatal,2024-12-02,15:00,2024-12-02 15:00:00,Clear,Truck,high
203,13.065401,77.594858,Airport Road,Minor,2022-08-02,08:00,2022-08-02 08:00:00,Fog,Truck,medium
204,13.069503,77.76346,Whitefield Main Road,Minor,2022-04-09,15:00,2022-04-09 15:00:00,Fog,Car,high
205,13.015905,77.672318,Indiranagar 100ft Road,Minor,2024-09-18,00:00,2024-09-18 00:00:00,Clear,Truck,low
206,12.828241,77.742766,Hosur Road,Minor,2024-12-24,14:00,2024-12-24 14:00:00,Rain,Truck,high
207,13.145792,77.577918,Airport Road,Fatal,2023-03-30,13:00,2023-03-30 13:00:00,Clear,Bus,medium
208,12.990773,77.567592,Old Madras Road,Minor,2025-03-29,17:00,2025-03-29 17:00:00,Clear,Bus,high
209,13.003207,77.452938,Old Madras Road,Severe,2025-01-14,20:00,2025-01-14 20:00:00,Fog,Auto,high
210,13.177389,77.691824,Airport Road,Severe,2023-10-11,02:00,2023-10-11 02:00:00,Clear,Bike,medium
211,12.872204,77.622179,Outer Ring Road,Severe,2025-02-02,02:00,2025-02-02 02:00:00,Rain,Car,high
212,12.861562,77.46636,Bannerghatta Road,Minor,2023-06-20,04:00,2023-06-20 04:00:00,Clear,Car,medium
213,12.941383,77.415798,Bannerghatta Road,Minor,2022-03-31,03:00,2022-03-31 03:00:00,Rain,Bike,medium
214,13.023377,77.65737,Indiranagar 100ft Road,Minor,2024-07-25,19:00,2024-07-25 19:00:00,Fog,Auto,low
215,13.10672,77.779038,Whitefield Main Road,Minor,2023-07-14,06:00,2023-07-14 06:00:00,Clear,Car,high
216,13.154641,77.483143,Airport Road,Minor,2023-03-06,06:00,2023-03-06 06:00:00,Fog,Bike,medium
217,12.853215,77.79157,Whitefield Main Road,Severe,2024-03-04,13:00,2024-03-04 13:00:00,Clear,Bike,high
218,12.845921,77.432519,Bannerghatta Road,Minor,2022-09-06,18:00,2022-09-06 18:00:00,Rain,Truck,medium
219,13.066777,77.684146,Airport Road,Minor,2024-02-11,01:00,2024-02-11 01:00:00,Fog,Bus,medium
220,13.122319,77.407799,Airport Road,Minor,2024-04-05,10:00,2024-04-05 10:00:00,Rain,Auto,medium
221,12.900394,77.778303,Whitefield Main Road,Fatal,2023-07-15,04:00,2023-07-15 04:00:00,Rain,Auto,high
222,12.900053,77.599742,Sarjapur Road,Minor,2024-10-01,01:00,2024-10-01 01:00:00,Rain,Auto,medium
223,12.971636,77.601315,Old Madras Road,Severe,2023-05-12,13:00,2023-05-12 13:00:00,Rain,Bus,high
224,13.1208,77.797364,Whitefield Main Road,Severe,2022-04-27,14:00,2022-04-27 14:00:00,Rain,Car,high
225,12.906799,77.78078,Whitefield Main Road,Minor,2024-06-25,22:00,2024-06-25 22:00:00,Fog,Bike,high
226,13.030381,77.781378,Whitefield Main Road,Minor,2024-01-09,19:00,2024-01-09 19:00:00,Clear,Auto,high
227,13.013782,77.421844,Old Madras Road,Minor,2022-05-21,23:00,2022-05-21 23:00:00,Rain,Truck,high
228,13.040467,77.75418,Whitefield Main Road,Fatal,2023-11-14,09:00,2023-11-14 09:00:00,Rain,Bus,high
229,12.999764,77.539969,Old Madras Road,Severe,2023-10-25,06:00,2023-10-25 06:00:00,Clear,Car,high
230,13.035152,77.669351,Indiranagar 100ft Road,Minor,2025-02-15,01:00,2025-02-15 01:00:00,Rain,Auto,low
231,13.068411,77.74073,Whitefield Main Road,Minor,2023-11-14,10:00,2023-11-14 10:00:00,Rain,Truck,high
232,13.172311,77.683283,Airport Road,Minor,2022-12-02,22:00,2022-12-02 22:00:00,Rain,Auto,medium
233,12.849759,77.572227,Sarjapur Road,Fatal,2022-03-27,19:00,2022-03-27 19:00:00,Fog,Truck,medium
234,13.086749,77.593973,Airport Road,Minor,2023-08-23,05:00,2023-08-23 05:00:00,Fog,Car,medium
235,12.96331,77.507137,Bannerghatta Road,Minor,2025-03-22,18:00,2025-03-22 18:00:00,Rain,Auto,medium
236,12.842907,77.560136,Sarjapur Road,Severe,2025-01-30,21:00,2025-01-30 21:00:00,Fog,Car,medium
237,13.069855,77.535862,Airport Road,Severe,2023-02-23,02:00,2023-02-23 02:00:00,Clear,Bus,medium
238,13.168869,77.633779,Airport Road,Minor,2022-09-29,22:00,2022-09-29 22:00:00,Fog,Truck,medium
239,13.164022,77.723928,Airport Road,Minor,2024-05-03,15:00,2024-05-03 15:00:00,Fog,Bike,medium
240,13.099926,77.602399,Airport Road,Minor,2023-03-29,05:00,2023-03-29 05:00:00,Clear,Truck,medium
241,13.154509,77.592087,Airport Road,Minor,2024-05-08,09:00,2024-05-08 09:00:00,Fog,Bus,medium
242,12.832645,77.723142,Hosur Road,Severe,2025-02-02,09:00,2025-02-02 09:00:00,Fog,Bike,high
243,13.069278,77.653961,Airport Road,Severe,2024-03-15,00:00,2024-03-15 00:00:00,Rain,Car,medium
244,13.020686,77.707288,Marathahalli Bridge Road,Minor,2024-08-01,04:00,2024-08-01 04:00:00,Fog,Bus,high
245,13.186306,77.539179,Airport Road,Fatal,2022-02-18,10:00,2022-02-18 10:00:00,Rain,Bus,medium
246,13.036055,77.480139,Airport Road,Fatal,2023-05-09,20:00,2023-05-09 20:00:00,Rain,Bus,medium
247,13.029015,77.407659,Airport Road,Severe,2023-12-25,19:00,2023-12-25 19:00:00,Rain,Bus,medium
248,12.803076,77.672808,Hosur Road,Minor,2024-05-30,02:00,2024-05-30 02:00:00,Rain,Bus,high
249,12.974341,77.405414,Bannerghatta Road,Severe,2023-06-23,21:00,2023-06-23 21:00:00,Clear,Bus,medium
250,12.870847,77.659353,Hosur Road,Minor,2022-04-25,08:00,2022-04-25 08:00:00,Clear,Bus,high
251,13.097608,77.424176,Airport Road,Minor,2025-02-26,04:00,2025-02-26 04:00:00,Clear,Bus,medium
252,13.161421,77.75838,Airport Road,Severe,2024-02-13,11:00,2024-02-13 11:00:00,Clear,Auto,medium
253,12.989108,77.76023,Whitefield Main Road,Minor,2023-10-14,05:00,2023-10-14 05:00:00,Rain,Auto,high
254,12.873397,77.529987,Bannerghatta Road,Minor,2022-04-23,06:00,2022-04-23 06:00:00,Rain,Auto,medium
255,12.876181,77.630019,Outer Ring Road,Minor,2023-07-12,20:00,2023-07-12 20:00:00,Rain,Car,high
256,12.80584,77.427827,Bannerghatta Road,Minor,2023-05-30,03:00,2023-05-30 03:00:00,Fog,Bus,medium
257,13.145469,77.495018,Airport Road,Minor,2023-05-07,14:00,2023-05-07 14:00:00,Rain,Bus,medium
258,12.824488,77.537974,Bannerghatta Road,Fatal,2023-12-11,10:00,2023-12-11 10:00:00,Fog,Bus,medium
259,12.968015,77.70466,Marathahalli Bridge Road,Severe,2022-09-28,04:00,2022-09-28 04:00:00,Clear,Truck,high
260,13.114712,77.571573,Airport Road,Minor,2022-08-06,22:00,2022-08-06 22:00:00,Rain,Truck,medium
261,12.801902,77.645813,Hosur Road,Minor,2025-01-12,12:00,2025-01-12 12:00:00,Clear,Car,high
262,13.036642,77.510312,Airport Road,Minor,2023-05-02,23:00,2023-05-02 23:00:00,Fog,Bike,medium
263,12.901146,77.750203,Whitefield Main Road,Minor,2022-03-01,10:00,2022-03-01 10:00:00,Clear,Car,high
264,13.126624,77.780993,Whitefield Main Road,Severe,2023-04-25,07:00,2023-04-25 07:00:00,Clear,Bus,high
265,12.817746,77.702156,Hosur Road,Severe,2023-01-27,02:00,2023-01-27 02:00:00,Rain,Auto,high
266,13.159114,77.661456,Airport Road,Minor,2025-02-19,06:00,2025-02-19 06:00:00,Rain,Auto,medium
267,13.184863,77.565746,Airport Road,Minor,2022-04-28,07:00,2022-04-28 07:00:00,Clear,Car,medium
268,12.831631,77.751714,Hosur Road,Minor,2022-07-16,06:00,2022-07-16 06:00:00,Fog,Car,high
269,13.199088,77.67186,Airport Road,Minor,2024-11-18,23:00,2024-11-18 23:00:00,Rain,Bike,medium
270,12.974136,77.680693,Marathahalli Bridge Road,Fatal,2024-05-18,12:00,2024-05-18 12:00:00,Clear,Truck,high
271,13.060812,77.651937,Airport Road,Minor,2022-05-03,09:00,2022-05-03 09:00:00,Rain,Bike,medium
272,13.114075,77.414884,Airport Road,Minor,2023-08-17,15:00,2023-08-17 15:00:00,Clear,Car,medium
273,13.061509,77.693775,Indiranagar 100ft Road,Minor,2024-07-04,17:00,2024-07-04 17:00:00,Clear,Car,low
274,12.949276,77.418962,Bannerghatta Road,Severe,2022-04-29,07:00,2022-04-29 07:00:00,Fog,Auto,medium
275,12.805032,77.532585,Hosur Road,Severe,2023-03-17,19:00,2023-03-17 19:00:00,Fog,Bike,high
276,13.069008,77.473434,Airport Road,Severe,2023-08-21,15:00,2023-08-21 15:00:00,Fog,Auto,medium
277,13.195697,77.793434,Airport Road,Minor,2022-11-19,09:00,2022-11-19 09:00:00,Rain,Auto,medium
278,13.089661,77.763524,Whitefield Main Road,Minor,2023-08-16,21:00,2023-08-16 21:00:00,Fog,Auto,high
279,13.019302,77.724445,Whitefield Main Road,Minor,2022-01-16,06:00,2022-01-16 06:00:00,Fog,Truck,high
280,13.104443,77.545311,Airport Road,Minor,2023-02-28,12:00,2023-02-28 12:00:00,Clear,Car,medium
281,13.166227,77.529833,Airport Road,Minor,2024-03-28,14:00,2024-03-28 14:00:00,Fog,Car,medium
282,13.186541,77.438832,Airport Road,Minor,2025-03-14,01:00,2025-03-14 01:00:00,Clear,Truck,medium
283,13.073582,77.529451,Airport Road,Minor,2024-02-05,22:00,2024-02-05 22:00:00,Fog,Truck,medium
284,13.053498,77.672485,Indiranagar 100ft Road,Severe,2024-11-10,05:00,2024-11-10 05:00:00,Fog,Truck,low
285,13.090796,77.691677,Airport Road,Fatal,2023-09-26,02:00,2023-09-26 02:00:00,Fog,Car,medium
286,13.114118,77.601727,Airport Road,Minor,2024-09-13,22:00,2024-09-13 22:00:00,Fog,Bike,medium
287,13.129211,77.410106,Airport Road,Fatal,2023-02-26,10:00,2023-02-26 10:00:00,Clear,Car,medium
288,13.116634,77.543059,Airport Road,Fatal,2024-01-02,07:00,2024-01-02 07:00:00,Fog,Bike,medium
289,12.963067,77.578796,Old Madras Road,Minor,2022-04-28,19:00,2022-04-28 19:00:00,Fog,Bike,high
290,13.090045,77.742523,Whitefield Main Road,Fatal,2024-07-22,03:00,2024-07-22 03:00:00,Rain,Truck,high
291,13.002036,77.450967,Old Madras Road,Severe,2022-12-26,03:00,2022-12-26 03:00:00,Fog,Truck,high
292,12.812412,77.553111,Hosur Road,Minor,2024-04-15,09:00,2024-04-15 09:00:00,Rain,Bike,high
293,13.080389,77.508998,Airport Road,Severe,2022-02-25,20:00,2022-02-25 20:00:00,Fog,Truck,medium
294,13.041238,77.705486,Marathahalli Bridge Road,Minor,2025-01-07,00:00,2025-01-07 00:00:00,Fog,Bus,high
295,12.95065,77.742767,Whitefield Main Road,Minor,2024-09-23,09:00,2024-09-23 09:00:00,Fog,Bike,high
296,12.822812,77.628806,Hosur Road,Severe,2023-09-18,18:00,2023-09-18 18:00:00,Fog,Bike,high
297,13.027955,77.799311,Whitefield Main Road,Severe,2023-12-23,14:00,2023-12-23 14:00:00,Fog,Bus,high
298,13.140256,77.705993,Airport Road,Severe,2022-11-30,11:00,2022-11-30 11:00:00,Fog,Truck,medium
299,12.926629,77.669992,Outer Ring Road,Minor,2023-01-31,03:00,2023-01-31 03:00:00,Clear,Car,high
300,12.857811,77.522025,Bannerghatta Road,Minor,2022-03-31,08:00,2022-03-31 08:00:00,Fog,Bike,medium
301,13.194213,77.587702,Airport Road,Severe,2022-12-01,14:00,2022-12-01 14:00:00,Fog,Car,medium
302,13.167021,77.585145,Airport Road,Fatal,2022-06-12,12:00,2022-06-12 12:00:00,Fog,Car,medium
303,13.161883,77.567184,Airport Road,Minor,2024-08-02,14:00,2024-08-02 14:00:00,Rain,Bus,medium
304,12.980551,77.406455,Bannerghatta Road,Minor,2024-12-11,02:00,2024-12-11 02:00:00,Fog,Auto,medium
305,12.953362,77.718687,Marathahalli Bridge Road,Severe,2022-05-03,12:00,2022-05-03 12:00:00,Fog,Auto,high
306,13.123873,77.774475,Whitefield Main Road,Minor,2022-09-19,16:00,2022-09-19 16:00:00,Fog,Auto,high
307,12.851183,77.626694,Hosur Road,Severe,2022-11-02,13:00,2022-11-02 13:00:00,Clear,Bus,high
308,13.174605,77.527079,Airport Road,Fatal,2023-06-15,10:00,2023-06-15 10:00:00,Fog,Auto,medium
309,13.104676,77.798323,Whitefield Main Road,Severe,2022-03-31,14:00,2022-03-31 14:00:00,Clear,Auto,high
310,13.015335,77.772731,Whitefield Main Road,Minor,2023-04-15,15:00,2023-04-15 15:00:00,Clear,Bus,high
311,13.047973,77.607737,Airport Road,Minor,2023-12-19,23:00,2023-12-19 23:00:00,Clear,Bike,medium
312,12.873847,77.670829,Hosur Road,Severe,2023-02-23,13:00,2023-02-23 13:00:00,Rain,Auto,high
313,13.093945,77.661652,Airport Road,Minor,2025-02-09,02:00,2025-02-09 02:00:00,Rain,Car,medium
314,12.838498,77.601657,Hosur Road,Minor,2023-05-06,11:00,2023-05-06 11:00:00,Clear,Bike,high
315,12.858371,77.745473,Hosur Road,Minor,2024-09-08,08:00,2024-09-08 08:00:00,Clear,Bus,high
316,13.146777,77.771412,Airport Road,Severe,2023-09-19,13:00,2023-09-19 13:00:00,Fog,Car,medium
317,12.838911,77.780719,Hosur Road,Fatal,2024-02-25,04:00,2024-02-25 04:00:00,Rain,Auto,high
318,12.953016,77.611851,Koramangala 80ft Road,Minor,2024-01-23,23:00,2024-01-23 23:00:00,Rain,Auto,low
319,12.931818,77.484815,Bannerghatta Road,Severe,2024-05-01,18:00,2024-05-01 18:00:00,Fog,Truck,medium
320,13.133702,77.480667,Airport Road,Fatal,2024-02-04,20:00,2024-02-04 20:00:00,Rain,Bus,medium
321,13.089761,77.73514,Whitefield Main Road,Minor,2023-05-07,11:00,2023-05-07 11:00:00,Clear,Auto,high
322,12.866162,77.650932,Hosur Road,Severe,2022-03-31,10:00,2022-03-31 10:00:00,Rain,Bike,high
323,13.150254,77.793809,Whitefield Main Road,Severe,2022-05-14,17:00,2022-05-14 17:00:00,Rain,Auto,high
324,12.819785,77.611732,Hosur Road,Fatal,2022-05-07,14:00,2022-05-07 14:00:00,Rain,Bus,high
325,12.948275,77.418699,Bannerghatta Road,Minor,2024-04-07,21:00,2024-04-07 21:00:00,Fog,Bike,medium
326,13.093335,77.58998,Airport Road,Minor,2022-11-16,16:00,2022-11-16 16:00:00,Fog,Auto,medium
327,13.020245,77.544172,Old Madras Road,Severe,2023-03-31,16:00,2023-03-31 16:00:00,Fog,Car,high
328,12.997932,77.7381,Whitefield Main Road,Minor,2023-10-05,01:00,2023-10-05 01:00:00,Clear,Truck,high
329,13.156199,77.539567,Airport Road,Severe,2023-05-28,08:00,2023-05-28 08:00:00,Fog,Bus,medium
330,13.181856,77.476207,Airport Road,Severe,2024-10-15,18:00,2024-10-15 18:00:00,Clear,Truck,medium
331,12.872735,77.616982,Sarjapur Road,Fatal,2023-09-23,11:00,2023-09-23 11:00:00,Rain,Bike,medium
332,13.180731,77.504113,Airport Road,Severe,2023-12-07,18:00,2023-12-07 18:00:00,Fog,Car,medium
333,13.038095,77.67171,Indiranagar 100ft Road,Fatal,2024-08-14,13:00,2024-08-14 13:00:00,Rain,Bus,low
334,13.120203,77.621873,Airport Road,Minor,2025-03-25,05:00,2025-03-25 05:00:00,Fog,Truck,medium
335,13.118217,77.782662,Whitefield Main Road,Severe,2023-09-22,00:00,2023-09-22 00:00:00,Rain,Auto,high
336,12.888956,77.686957,Outer Ring Road,Minor,2024-03-25,22:00,2024-03-25 22:00:00,Rain,Car,high
337,12.833579,77.666255,Hosur Road,Minor,2023-05-23,01:00,2023-05-23 01:00:00,Fog,Truck,high
338,12.837619,77.428006,Bannerghatta Road,Minor,2023-03-31,12:00,2023-03-31 12:00:00,Rain,Bus,medium
339,13.025851,77.542018,Old Madras Road,Minor,2024-11-11,05:00,2024-11-11 05:00:00,Fog,Auto,high
340,13.179544,77.476332,Airport Road,Fatal,2024-04-20,12:00,2024-04-20 12:00:00,Rain,Bike,medium
341,13.009148,77.519913,Old Madras Road,Minor,2022-09-08,20:00,2022-09-08 20:00:00,Fog,Auto,high
342,13.164274,77.429975,Airport Road,Minor,2022-03-12,14:00,2022-03-12 14:00:00,Clear,Bus,medium
343,12.917532,77.650544,Outer Ring Road,Minor,2024-04-12,14:00,2024-04-12 14:00:00,Rain,Bike,high
344,12.887514,77.469903,Bannerghatta Road,Minor,2022-06-20,08:00,2022-06-20 08:00:00,Clear,Truck,medium
345,12.985632,77.668377,Indiranagar 100ft Road,Minor,2024-01-29,06:00,2024-01-29 06:00:00,Rain,Truck,low
346,13.177532,77.505945,Airport Road,Severe,2023-04-08,23:00,2023-04-08 23:00:00,Fog,Truck,medium
347,13.006586,77.643877,Indiranagar 100ft Road,Severe,2024-12-05,18:00,2024-12-05 18:00:00,Fog,Truck,low
348,13.104755,77.535871,Airport Road,Minor,2023-12-28,22:00,2023-12-28 22:00:00,Clear,Auto,medium
349,13.029543,77.560731,Old Madras Road,Severe,2023-01-31,19:00,2023-01-31 19:00:00,Fog,Truck,high
350,12.912543,77.526785,Bannerghatta Road,Fatal,2024-06-01,10:00,2024-06-01 10:00:00,Fog,Car,medium
351,13.024444,77.479201,Old Madras Road,Severe,2023-08-13,01:00,2023-08-13 01:00:00,Clear,Car,high
352,12.951656,77.647214,Indiranagar 100ft Road,Minor,2022-08-09,12:00,2022-08-09 12:00:00,Rain,Truck,low
353,12.863925,77.585484,Sarjapur Road,Fatal,2023-01-10,13:00,2023-01-10 13:00:00,Rain,Car,medium
354,12.834844,77.469618,Bannerghatta Road,Severe,2022-08-22,14:00,2022-08-22 14:00:00,Fog,Auto,medium
355,12.832445,77.46294,Bannerghatta Road,Minor,2022-07-21,08:00,2022-07-21 08:00:00,Clear,Auto,medium
356,13.082146,77.46921,Airport Road,Minor,2022-12-02,14:00,2022-12-02 14:00:00,Rain,Car,medium
357,13.011583,77.697214,Marathahalli Bridge Road,Fatal,2023-09-14,08:00,2023-09-14 08:00:00,Fog,Bus,high
358,12.81393,77.694509,Hosur Road,Minor,2022-10-08,05:00,2022-10-08 05:00:00,Rain,Bike,high
359,12.907776,77.580212,Bannerghatta Road,Severe,2023-04-23,07:00,2023-04-23 07:00:00,Fog,Bus,medium
360,13.094458,77.796865,Whitefield Main Road,Minor,2024-11-14,17:00,2024-11-14 17:00:00,Rain,Bike,high
361,12.82047,77.77503,Hosur Road,Minor,2025-01-28,06:00,2025-01-28 06:00:00,Fog,Auto,high
362,12.857324,77.431104,Bannerghatta Road,Minor,2024-01-09,02:00,2024-01-09 02:00:00,Rain,Truck,medium
363,12.964277,77.514178,Bannerghatta Road,Minor,2023-12-09,07:00,2023-12-09 07:00:00,Clear,Truck,medium
364,13.122535,77.604189,Airport Road,Minor,2025-01-03,11:00,2025-01-03 11:00:00,Fog,Bike,medium
365,13.18984,77.704103,Airport Road,Minor,2023-03-01,13:00,2023-03-01 13:00:00,Clear,Bus,medium
366,12.989132,77.455627,Old Madras Road,Severe,2024-10-16,13:00,2024-10-16 13:00:00,Rain,Truck,high
367,12.888774,77.720236,Hosur Road,Severe,2022-04-12,10:00,2022-04-12 10:00:00,Rain,Bus,high
368,13.173383,77.775176,Airport Road,Minor,2022-07-31,19:00,2022-07-31 19:00:00,Fog,Bike,medium
369,13.159843,77.483461,Airport Road,Fatal,2024-09-26,10:00,2024-09-26 10:00:00,Clear,Bus,medium
370,13.002694,77.49771,Old Madras Road,Minor,2022-07-12,17:00,2022-07-12 17:00:00,Clear,Truck,high
371,12.916385,77.748148,Whitefield Main Road,Fatal,2022-06-08,03:00,2022-06-08 03:00:00,Clear,Bus,high
372,13.048724,77.759955,Whitefield Main Road,Minor,2022-12-02,08:00,2022-12-02 08:00:00,Clear,Truck,high
373,13.166219,77.560329,Airport Road,Severe,2022-01-15,23:00,2022-01-15 23:00:00,Rain,Bus,medium
374,13.188251,77.583773,Airport Road,Minor,2024-05-19,17:00,2024-05-19 17:00:00,Fog,Bike,medium
375,12.887348,77.544988,Bannerghatta Road,Severe,2022-09-16,09:00,2022-09-16 09:00:00,Rain,Truck,medium
376,13.154492,77.756393,Airport Road,Severe,2022-09-18,14:00,2022-09-18 14:00:00,Clear,Truck,medium
377,13.154371,77.73599,Airport Road,Minor,2022-05-10,07:00,2022-05-10 07:00:00,Clear,Truck,medium
378,12.878681,77.696621,Hosur Road,Minor,2022-03-04,11:00,2022-03-04 11:00:00,Rain,Bus,high
379,12.988706,77.780322,Whitefield Main Road,Minor,2023-12-22,18:00,2023-12-22 18:00:00,Clear,Bike,high
380,12.96194,77.686928,Marathahalli Bridge Road,Severe,2024-07-26,11:00,2024-07-26 11:00:00,Rain,Bus,high
381,12.986075,77.758543,Whitefield Main Road,Severe,2024-08-08,12:00,2024-08-08 12:00:00,Rain,Auto,high
382,12.806006,77.662003,Hosur Road,Minor,2024-12-24,00:00,2024-12-24 00:00:00,Clear,Bus,high
383,13.079309,77.733594,Whitefield Main Road,Fatal,2025-01-18,08:00,2025-01-18 08:00:00,Rain,Auto,high
384,12.977465,77.511227,Old Madras Road,Minor,2024-11-22,17:00,2024-11-22 17:00:00,Fog,Bus,high
385,13.069327,77.758296,Whitefield Main Road,Severe,2022-09-27,21:00,2022-09-27 21:00:00,Fog,Truck,high
386,12.852003,77.703251,Hosur Road,Minor,2022-07-17,01:00,2022-07-17 01:00:00,Fog,Bus,high
387,13.043448,77.598491,Airport Road,Minor,2022-02-01,00:00,2022-02-01 00:00:00,Rain,Truck,medium
388,12.989259,77.705989,Marathahalli Bridge Road,Minor,2023-08-13,13:00,2023-08-13 13:00:00,Rain,Bike,high
389,12.811396,77.450782,Bannerghatta Road,Severe,2022-01-22,21:00,2022-01-22 21:00:00,Rain,Bus,medium
390,13.156461,77.516425,Airport Road,Minor,2023-07-07,00:00,2023-07-07 00:00:00,Fog,Auto,medium
391,12.861402,77.603012,Sarjapur Road,Minor,2023-07-02,03:00,2023-07-02 03:00:00,Rain,Truck,medium
392,12.913456,77.409455,Bannerghatta Road,Severe,2023-05-08,21:00,2023-05-08 21:00:00,Clear,Auto,medium
393,12.924225,77.771686,Whitefield Main Road,Minor,2024-01-06,18:00,2024-01-06 18:00:00,Rain,Auto,high
394,12.814287,77.544664,Hosur Road,Minor,2023-06-09,00:00,2023-06-09 00:00:00,Clear,Bike,high
395,13.121074,77.473174,Airport Road,Severe,2024-11-05,01:00,2024-11-05 01:00:00,Fog,Bike,medium
396,12.949818,77.561848,Bannerghatta Road,Minor,2025-04-12,14:00,2025-04-12 14:00:00,Fog,Auto,medium
397,12.864885,77.695577,Hosur Road,Minor,2022-04-12,12:00,2022-04-12 12:00:00,Fog,Bus,high
398,12.889032,77.441603,Bannerghatta Road,Minor,2023-07-10,19:00,2023-07-10 19:00:00,Fog,Bus,medium
399,13.167266,77.776418,Airport Road,Minor,2024-05-23,23:00,2024-05-23 23:00:00,Fog,Car,medium
400,12.875089,77.633295,Outer Ring Road,Minor,2022-12-15,13:00,2022-12-15 13:00:00,Clear,Bus,high
401,12.929596,77.637442,Koramangala 80ft Road,Severe,2023-02-16,15:00,2023-02-16 15:00:00,Fog,Bike,low
402,12.826527,77.515745,Bannerghatta Road,Minor,2025-01-01,20:00,2025-01-01 20:00:00,Rain,Auto,medium
403,13.133573,77.525838,Airport Road,Severe,2024-04-08,04:00,2024-04-08 04:00:00,Fog,Auto,medium
404,12.863346,77.499329,Bannerghatta Road,Minor,2022-04-19,12:00,2022-04-19 12:00:00,Clear,Auto,medium
405,12.843779,77.653463,Hosur Road,Minor,2024-08-09,06:00,2024-08-09 06:00:00,Fog,Car,high
406,13.104501,77.577712,Airport Road,Minor,2025-01-28,20:00,2025-01-28 20:00:00,Fog,Bus,medium
407,12.85431,77.488232,Bannerghatta Road,Fatal,2024-02-19,16:00,2024-02-19 16:00:00,Clear,Bike,medium
408,13.059092,77.79082,Whitefield Main Road,Fatal,2022-03-14,09:00,2022-03-14 09:00:00,Clear,Car,high
409,13.013073,77.567754,Old Madras Road,Minor,2022-01-22,09:00,2022-01-22 09:00:00,Rain,Bike,high
410,13.09289,77.535743,Airport Road,Minor,2023-10-02,16:00,2023-10-02 16:00:00,Rain,Truck,medium
411,13.186582,77.633915,Airport Road,Minor,2024-05-06,03:00,2024-05-06 03:00:00,Fog,Car,medium
412,12.955528,77.480208,Bannerghatta Road,Severe,2024-11-09,10:00,2024-11-09 10:00:00,Fog,Truck,medium
413,13.128472,77.654054,Airport Road,Severe,2023-10-11,03:00,2023-10-11 03:00:00,Rain,Bike,medium
414,13.017625,77.515931,Old Madras Road,Severe,2022-04-15,06:00,2022-04-15 06:00:00,Fog,Auto,high
415,12.888533,77.683604,Outer Ring Road,Minor,2024-05-11,10:00,2024-05-11 10:00:00,Rain,Bike,high
416,13.021896,77.680202,Indiranagar 100ft Road,Minor,2022-07-28,02:00,2022-07-28 02:00:00,Clear,Truck,low
417,12.892443,77.587677,Sarjapur Road,Severe,2023-07-10,20:00,2023-07-10 20:00:00,Clear,Car,medium
418,12.912586,77.649574,Outer Ring Road,Minor,2024-09-29,02:00,2024-09-29 02:00:00,Rain,Auto,high
419,12.86128,77.5568,Bannerghatta Road,Minor,2025-04-05,14:00,2025-04-05 14:00:00,Clear,Bus,medium
420,13.135562,77.56805,Airport Road,Minor,2024-05-30,21:00,2024-05-30 21:00:00,Fog,Bike,medium
421,13.052401,77.468404,Airport Road,Minor,2022-01-07,20:00,2022-01-07 20:00:00,Fog,Car,medium
422,12.955284,77.621451,Koramangala 80ft Road,Severe,2024-09-08,12:00,2024-09-08 12:00:00,Rain,Car,low
423,13.106114,77.596808,Airport Road,Minor,2023-06-04,09:00,2023-06-04 09:00:00,Fog,Car,medium
424,13.025197,77.730068,Whitefield Main Road,Minor,2022-12-24,03:00,2022-12-24 03:00:00,Rain,Bike,high
425,12.825379,77.61281,Hosur Road,Severe,2025-03-26,06:00,2025-03-26 06:00:00,Clear,Bike,high
426,12.811377,77.47692,Bannerghatta Road,Severe,2025-03-02,19:00,2025-03-02 19:00:00,Fog,Car,medium
427,13.136474,77.661874,Airport Road,Minor,2023-08-10,19:00,2023-08-10 19:00:00,Rain,Car,medium
428,12.901609,77.504983,Bannerghatta Road,Severe,2024-08-16,02:00,2024-08-16 02:00:00,Rain,Car,medium
429,12.89608,77.497843,Bannerghatta Road,Minor,2022-05-16,04:00,2022-05-16 04:00:00,Fog,Car,medium
430,13.111759,77.450284,Airport Road,Severe,2022-02-21,13:00,2022-02-21 13:00:00,Fog,Car,medium
431,13.057123,77.589751,Airport Road,Minor,2022-06-11,23:00,2022-06-11 23:00:00,Clear,Truck,medium
432,12.972249,77.543783,Old Madras Road,Minor,2023-08-16,11:00,2023-08-16 11:00:00,Fog,Car,high
433,13.065782,77.630149,Airport Road,Minor,2023-07-26,02:00,2023-07-26 02:00:00,Rain,Auto,medium
434,13.1747,77.704685,Airport Road,Severe,2023-09-29,23:00,2023-09-29 23:00:00,Fog,Truck,medium
435,12.988395,77.729465,Whitefield Main Road,Minor,2022-07-08,09:00,2022-07-08 09:00:00,Rain,Truck,high
436,13.012997,77.408111,Old Madras Road,Severe,2024-10-22,02:00,2024-10-22 02:00:00,Fog,Truck,high
437,13.178213,77.40463,Airport Road,Minor,2024-04-25,02:00,2024-04-25 02:00:00,Clear,Car,medium
438,12.986972,77.591864,Old Madras Road,Severe,2023-06-12,03:00,2023-06-12 03:00:00,Fog,Truck,high
439,13.195649,77.505738,Airport Road,Minor,2023-09-02,08:00,2023-09-02 08:00:00,Rain,Truck,medium
440,12.88488,77.784192,Whitefield Main Road,Severe,2022-11-06,02:00,2022-11-06 02:00:00,Rain,Auto,high
441,12.989396,77.49451,Old Madras Road,Severe,2024-05-25,09:00,2024-05-25 09:00:00,Fog,Bus,high
442,13.152672,77.622802,Airport Road,Fatal,2023-02-11,06:00,2023-02-11 06:00:00,Clear,Car,medium
443,12.904258,77.595217,Sarjapur Road,Fatal,2022-10-16,05:00,2022-10-16 05:00:00,Clear,Car,medium
444,13.0631,77.41101,Airport Road,Fatal,2023-09-01,02:00,2023-09-01 02:00:00,Fog,Truck,medium
445,12.917482,77.438098,Bannerghatta Road,Minor,2022-12-17,13:00,2022-12-17 13:00:00,Fog,Auto,medium
446,13.054895,77.628923,Airport Road,Fatal,2024-10-11,01:00,2024-10-11 01:00:00,Rain,Car,medium
447,13.01008,77.716395,Whitefield Main Road,Minor,2022-08-10,12:00,2022-08-10 12:00:00,Rain,Car,high
448,13.056786,77.435989,Airport Road,Severe,2022-10-29,19:00,2022-10-29 19:00:00,Rain,Truck,medium
449,13.158228,77.799736,Whitefield Main Road,Severe,2024-03-23,19:00,2024-03-23 19:00:00,Fog,Auto,high
450,13.179234,77.460962,Airport Road,Severe,2023-10-19,02:00,2023-10-19 02:00:00,Fog,Auto,medium
451,12.839212,77.746195,Hosur Road,Severe,2022-08-17,17:00,2022-08-17 17:00:00,Fog,Car,high
452,12.829884,77.712651,Hosur Road,Fatal,2024-02-29,18:00,2024-02-29 18:00:00,Fog,Auto,high
453,13.112826,77.672729,Airport Road,Severe,2024-01-23,14:00,2024-01-23 14:00:00,Rain,Truck,medium
454,12.902187,77.593134,Sarjapur Road,Minor,2024-09-10,19:00,2024-09-10 19:00:00,Rain,Car,medium
455,13.021055,77.55637,Old Madras Road,Minor,2024-10-13,10:00,2024-10-13 10:00:00,Fog,Auto,high
456,12.888658,77.734575,Marathahalli Bridge Road,Fatal,2023-06-04,22:00,2023-06-04 22:00:00,Clear,Bike,high
457,13.139228,77.585697,Airport Road,Minor,2023-10-24,18:00,2023-10-24 18:00:00,Fog,Truck,medium
458,13.02409,77.738914,Whitefield Main Road,Severe,2024-11-17,12:00,2024-11-17 12:00:00,Clear,Bus,high
459,12.834054,77.733132,Hosur Road,Fatal,2023-10-09,11:00,2023-10-09 11:00:00,Rain,Car,high
460,12.90726,77.555242,Bannerghatta Road,Severe,2024-12-31,15:00,2024-12-31 15:00:00,Clear,Bus,medium
461,13.09835,77.471233,Airport Road,Minor,2023-02-10,17:00,2023-02-10 17:00:00,Rain,Car,medium
462,13.071223,77.465925,Airport Road,Severe,2024-09-05,21:00,2024-09-05 21:00:00,Fog,Bus,medium
463,13.024004,77.792097,Whitefield Main Road,Fatal,2022-03-31,21:00,2022-03-31 21:00:00,Clear,Bike,high
464,12.801386,77.483172,Bannerghatta Road,Minor,2024-02-14,16:00,2024-02-14 16:00:00,Clear,Bike,medium
465,12.80358,77.598057,Hosur Road,Severe,2024-11-25,19:00,2024-11-25 19:00:00,Fog,Auto,high
466,13.024066,77.543063,Old Madras Road,Minor,2024-03-01,18:00,2024-03-01 18:00:00,Clear,Car,high
467,12.832972,77.501387,Bannerghatta Road,Minor,2023-08-02,15:00,2023-08-02 15:00:00,Clear,Auto,medium
468,13.047791,77.419172,Airport Road,Minor,2023-08-18,07:00,2023-08-18 07:00:00,Clear,Bus,medium
469,12.930755,77.611858,Koramangala 80ft Road,Minor,2023-03-30,02:00,2023-03-30 02:00:00,Fog,Bus,low
470,13.107473,77.535155,Airport Road,Minor,2023-04-09,19:00,2023-04-09 19:00:00,Rain,Bike,medium
471,12.967385,77.464856,Bannerghatta Road,Minor,2022-10-25,08:00,2022-10-25 08:00:00,Rain,Car,medium
472,12.824156,77.66368,Hosur Road,Minor,2022-01-04,11:00,2022-01-04 11:00:00,Rain,Truck,high
473,12.922233,77.485574,Bannerghatta Road,Severe,2024-08-19,17:00,2024-08-19 17:00:00,Fog,Bike,medium
474,13.176167,77.710272,Airport Road,Fatal,2023-05-09,12:00,2023-05-09 12:00:00,Clear,Bus,medium
475,12.843008,77.519849,Bannerghatta Road,Severe,2024-03-01,04:00,2024-03-01 04:00:00,Rain,Auto,medium
476,13.099059,77.752894,Whitefield Main Road,Minor,2024-09-18,21:00,2024-09-18 21:00:00,Rain,Bus,high
477,13.099482,77.624285,Airport Road,Minor,2022-05-30,19:00,2022-05-30 19:00:00,Rain,Truck,medium
478,12.982943,77.463497,Old Madras Road,Minor,2023-06-24,06:00,2023-06-24 06:00:00,Fog,Auto,high
479,12.885183,77.61839,Sarjapur Road,Minor,2022-07-11,20:00,2022-07-11 20:00:00,Clear,Bus,medium
480,12.86393,77.715936,Hosur Road,Minor,2023-08-18,07:00,2023-08-18 07:00:00,Clear,Car,high
481,12.994201,77.546749,Old Madras Road,Minor,2022-02-01,14:00,2022-02-01 14:00:00,Rain,Car,high
482,12.987691,77.579067,Old Madras Road,Minor,2024-01-21,17:00,2024-01-21 17:00:00,Fog,Auto,high
483,13.055783,77.508103,Airport Road,Minor,2025-01-04,22:00,2025-01-04 22:00:00,Fog,Bike,medium
484,12.872713,77.500159,Bannerghatta Road,Minor,2024-09-24,19:00,2024-09-24 19:00:00,Clear,Bus,medium
485,12.922209,77.689,Marathahalli Bridge Road,Severe,2024-05-05,11:00,2024-05-05 11:00:00,Rain,Auto,high
486,12.909255,77.540351,Bannerghatta Road,Minor,2023-11-04,05:00,2023-11-04 05:00:00,Fog,Truck,medium
487,12.980118,77.726143,Whitefield Main Road,Minor,2023-02-25,21:00,2023-02-25 21:00:00,Clear,Auto,high
488,13.161598,77.557489,Airport Road,Minor,2024-11-30,21:00,2024-11-30 21:00:00,Rain,Bus,medium
489,13.155814,77.4664,Airport Road,Fatal,2022-10-10,19:00,2022-10-10 19:00:00,Fog,Bike,medium
490,13.119834,77.733185,Airport Road,Severe,2022-05-27,21:00,2022-05-27 21:00:00,Rain,Bus,medium
491,13.057192,77.556229,Airport Road,Fatal,2022-01-23,21:00,2022-01-23 21:00:00,Rain,Auto,medium
492,12.8935,77.728409,Marathahalli Bridge Road,Severe,2025-01-25,11:00,2025-01-25 11:00:00,Clear,Truck,high
493,13.077174,77.429072,Airport Road,Severe,2024-12-01,12:00,2024-12-01 12:00:00,Fog,Bus,medium
494,12.837855,77.412654,Bannerghatta Road,Minor,2023-01-10,23:00,2023-01-10 23:00:00,Fog,Bus,medium
495,13.061887,77.501812,Airport Road,Minor,2022-03-19,08:00,2022-03-19 08:00:00,Fog,Car,medium
496,13.06031,77.62521,Airport Road,Minor,2022-02-03,11:00,2022-02-03 11:00:00,Fog,Bike,medium
497,12.91882,77.429459,Bannerghatta Road,Severe,2022-09-29,01:00,2022-09-29 01:00:00,Clear,Car,medium
498,13.116656,77.773627,Whitefield Main Road,Minor,2023-01-08,03:00,2023-01-08 03:00:00,Rain,Car,high
499,12.819232,77.618215,Hosur Road,Minor,2022-06-03,14:00,2022-06-03 14:00:00,Fog,Bus,high
500,13.164826,77.455463,Airport Road,Minor,2022-05-03,14:00,2022-05-03 14:00:00,Rain,Auto,medium
501,12.946262,77.622751,Koramangala 80ft Road,Severe,2022-06-21,04:00,2022-06-21 04:00:00,Rain,Auto,low
502,13.062567,77.672049,Airport Road,Minor,2024-05-13,09:00,2024-05-13 09:00:00,Fog,Car,medium
503,13.108526,77.779253,Whitefield Main Road,Severe,2024-07-30,22:00,2024-07-30 22:00:00,Fog,Truck,high
504,13.068836,77.481172,Airport Road,Severe,2022-10-02,22:00,2022-10-02 22:00:00,Fog,Car,medium
505,13.14404,77.675406,Airport Road,Severe,2024-07-17,16:00,2024-07-17 16:00:00,Fog,Bike,medium
506,13.136369,77.464418,Airport Road,Severe,2024-10-02,11:00,2024-10-02 11:00:00,Rain,Bus,medium
507,13.118141,77.431979,Airport Road,Fatal,2024-09-04,08:00,2024-09-04 08:00:00,Rain,Bus,medium
508,13.118318,77.751512,Whitefield Main Road,Minor,2023-12-30,11:00,2023-12-30 11:00:00,Fog,Car,high
509,12.986593,77.791179,Whitefield Main Road,Severe,2025-03-03,11:00,2025-03-03 11:00:00,Fog,Bus,high
510,13.158346,77.60957,Airport Road,Minor,2025-02-17,06:00,2025-02-17 06:00:00,Clear,Truck,medium
511,12.835482,77.472148,Bannerghatta Road,Minor,2024-06-30,00:00,2024-06-30 00:00:00,Fog,Bike,medium
512,13.114393,77.587953,Airport Road,Severe,2022-03-31,22:00,2022-03-31 22:00:00,Clear,Auto,medium
513,13.182508,77.610842,Airport Road,Minor,2023-02-09,02:00,2023-02-09 02:00:00,Fog,Car,medium
514,13.194317,77.454567,Airport Road,Minor,2022-03-05,20:00,2022-03-05 20:00:00,Clear,Bike,medium
515,12.882867,77.435413,Bannerghatta Road,Minor,2022-05-14,11:00,2022-05-14 11:00:00,Rain,Bike,medium
516,13.107929,77.665112,Airport Road,Fatal,2024-10-29,03:00,2024-10-29 03:00:00,Fog,Car,medium
517,13.127905,77.725524,Airport Road,Minor,2024-12-08,01:00,2024-12-08 01:00:00,Clear,Truck,medium
518,12.895131,77.58409,Bannerghatta Road,Minor,2023-01-26,11:00,2023-01-26 11:00:00,Fog,Bus,medium
519,13.108395,77.760638,Whitefield Main Road,Severe,2023-10-13,20:00,2023-10-13 20:00:00,Fog,Bus,high
520,12.925778,77.638724,Outer Ring Road,Minor,2024-12-30,15:00,2024-12-30 15:00:00,Rain,Bike,high
521,13.137262,77.448768,Airport Road,Fatal,2023-01-28,18:00,2023-01-28 18:00:00,Fog,Bus,medium
522,12.944028,77.497324,Bannerghatta Road,Minor,2023-10-19,08:00,2023-10-19 08:00:00,Clear,Auto,medium
523,13.191269,77.427408,Airport Road,Minor,2022-08-21,23:00,2022-08-21 23:00:00,Rain,Bus,medium
524,13.086823,77.768466,Whitefield Main Road,Minor,2024-01-31,01:00,2024-01-31 01:00:00,Clear,Bike,high
525,12.877234,77.736841,Hosur Road,Severe,2024-05-08,06:00,2024-05-08 06:00:00,Rain,Car,high
526,12.895744,77.439146,Bannerghatta Road,Minor,2022-11-17,18:00,2022-11-17 18:00:00,Fog,Bike,medium
527,13.16898,77.757674,Airport Road,Minor,2024-09-09,15:00,2024-09-09 15:00:00,Rain,Auto,medium
528,13.015447,77.784262,Whitefield Main Road,Minor,2024-12-26,06:00,2024-12-26 06:00:00,Rain,Bike,high
529,12.89502,77.655452,Outer Ring Road,Minor,2024-08-20,07:00,2024-08-20 07:00:00,Fog,Auto,high
530,12.95697,77.755831,Whitefield Main Road,Severe,2022-09-27,07:00,2022-09-27 07:00:00,Clear,Bike,high
531,12.82372,77.711447,Hosur Road,Severe,2025-04-04,12:00,2025-04-04 12:00:00,Clear,Truck,high
532,13.056817,77.563276,Airport Road,Minor,2025-01-01,07:00,2025-01-01 07:00:00,Rain,Auto,medium
533,13.126274,77.499643,Airport Road,Severe,2023-07-22,10:00,2023-07-22 10:00:00,Rain,Bus,medium
534,13.03026,77.667271,Indiranagar 100ft Road,Minor,2024-09-01,12:00,2024-09-01 12:00:00,Fog,Auto,low
535,12.973412,77.525972,Old Madras Road,Severe,2022-12-19,21:00,2022-12-19 21:00:00,Clear,Truck,high
536,12.985477,77.432026,Old Madras Road,Minor,2023-11-14,17:00,2023-11-14 17:00:00,Fog,Truck,high
537,12.900468,77.526788,Bannerghatta Road,Minor,2024-12-03,15:00,2024-12-03 15:00:00,Fog,Bus,medium
538,12.869943,77.600851,Sarjapur Road,Minor,2023-03-14,21:00,2023-03-14 21:00:00,Clear,Bike,medium
539,12.815708,77.633405,Hosur Road,Minor,2022-03-15,13:00,2022-03-15 13:00:00,Clear,Car,high
540,12.811196,77.454796,Bannerghatta Road,Minor,2025-03-18,12:00,2025-03-18 12:00:00,Rain,Truck,medium
541,12.842971,77.665853,Hosur Road,Minor,2022-07-07,18:00,2022-07-07 18:00:00,Rain,Bike,high
542,13.018457,77.601028,Old Madras Road,Minor,2024-03-13,17:00,2024-03-13 17:00:00,Rain,Auto,high
543,13.16441,77.576572,Airport Road,Severe,2024-02-21,18:00,2024-02-21 18:00:00,Clear,Truck,medium
544,13.191143,77.422327,Airport Road,Minor,2022-01-30,08:00,2022-01-30 08:00:00,Rain,Bike,medium
545,12.920105,77.488158,Bannerghatta Road,Minor,2022-08-03,05:00,2022-08-03 05:00:00,Rain,Bus,medium
546,12.846872,77.418063,Bannerghatta Road,Minor,2023-01-04,21:00,2023-01-04 21:00:00,Fog,Bus,medium
547,13.197594,77.414857,Airport Road,Severe,2024-05-14,02:00,2024-05-14 02:00:00,Rain,Bus,medium
548,12.840712,77.495561,Bannerghatta Road,Severe,2022-06-02,00:00,2022-06-02 00:00:00,Fog,Auto,medium
549,13.057693,77.666042,Airport Road,Severe,2023-07-12,16:00,2023-07-12 16:00:00,Rain,Bus,medium
550,12.824412,77.417701,Bannerghatta Road,Fatal,2023-08-11,18:00,2023-08-11 18:00:00,Clear,Truck,medium
551,12.886711,77.75142,Whitefield Main Road,Fatal,2024-07-25,04:00,2024-07-25 04:00:00,Clear,Auto,high
552,12.854932,77.750222,Hosur Road,Severe,2022-06-09,09:00,2022-06-09 09:00:00,Fog,Bike,high
553,13.016517,77.739209,Whitefield Main Road,Fatal,2024-04-17,05:00,2024-04-17 05:00:00,Fog,Car,high
554,13.038331,77.511204,Airport Road,Severe,2022-12-19,06:00,2022-12-19 06:00:00,Fog,Auto,medium
555,12.81696,77.408426,Bannerghatta Road,Minor,2024-08-09,07:00,2024-08-09 07:00:00,Clear,Bike,medium
556,12.971297,77.70542,Marathahalli Bridge Road,Severe,2025-04-01,14:00,2025-04-01 14:00:00,Rain,Car,high
557,12.915872,77.698697,Marathahalli Bridge Road,Minor,2024-05-20,11:00,2024-05-20 11:00:00,Clear,Truck,high
558,12.887183,77.577349,Bannerghatta Road,Severe,2024-01-09,17:00,2024-01-09 17:00:00,Clear,Auto,medium
559,13.116671,77.408746,Airport Road,Minor,2022-12-29,17:00,2022-12-29 17:00:00,Fog,Bus,medium
560,12.975463,77.635875,Indiranagar 100ft Road,Severe,2023-04-25,22:00,2023-04-25 22:00:00,Fog,Bike,low
561,13.106398,77.444296,Airport Road,Minor,2023-10-26,17:00,2023-10-26 17:00:00,Rain,Bike,medium
562,13.175794,77.439957,Airport Road,Minor,2023-10-07,10:00,2023-10-07 10:00:00,Clear,Truck,medium
563,12.922392,77.676692,Outer Ring Road,Minor,2023-07-15,17:00,2023-07-15 17:00:00,Fog,Bike,high
564,12.887295,77.783862,Whitefield Main Road,Minor,2023-03-02,22:00,2023-03-02 22:00:00,Rain,Auto,high
565,13.090394,77.422889,Airport Road,Minor,2022-12-05,19:00,2022-12-05 19:00:00,Clear,Bike,medium
566,12.908127,77.450024,Bannerghatta Road,Minor,2022-07-08,08:00,2022-07-08 08:00:00,Clear,Auto,medium
567,13.127335,77.785988,Whitefield Main Road,Severe,2023-11-15,16:00,2023-11-15 16:00:00,Fog,Car,high
568,12.977253,77.758415,Whitefield Main Road,Minor,2025-03-15,20:00,2025-03-15 20:00:00,Fog,Car,high
569,13.064217,77.526702,Airport Road,Minor,2024-10-15,04:00,2024-10-15 04:00:00,Clear,Bike,medium
570,13.115477,77.517144,Airport Road,Minor,2023-01-28,18:00,2023-01-28 18:00:00,Rain,Car,medium
571,12.908242,77.668848,Outer Ring Road,Minor,2022-03-22,06:00,2022-03-22 06:00:00,Fog,Auto,high
572,12.811652,77.589909,Hosur Road,Severe,2024-07-05,17:00,2024-07-05 17:00:00,Fog,Auto,high
573,13.134989,77.544483,Airport Road,Minor,2024-09-03,11:00,2024-09-03 11:00:00,Fog,Truck,medium
574,13.194312,77.657375,Airport Road,Severe,2025-03-02,09:00,2025-03-02 09:00:00,Rain,Car,medium
575,13.043583,77.571333,Airport Road,Minor,2023-06-26,21:00,2023-06-26 21:00:00,Fog,Truck,medium
576,13.017843,77.513665,Old Madras Road,Minor,2022-11-15,13:00,2022-11-15 13:00:00,Rain,Car,high
577,13.191782,77.628754,Airport Road,Fatal,2024-11-07,06:00,2024-11-07 06:00:00,Clear,Bike,medium
578,12.8568,77.461629,Bannerghatta Road,Minor,2024-03-13,07:00,2024-03-13 07:00:00,Clear,Bus,medium
579,12.883479,77.536136,Bannerghatta Road,Minor,2022-01-07,18:00,2022-01-07 18:00:00,Rain,Bike,medium
580,13.173384,77.46621,Airport Road,Minor,2022-08-12,00:00,2022-08-12 00:00:00,Clear,Auto,medium
581,13.00219,77.62198,Indiranagar 100ft Road,Minor,2022-01-02,02:00,2022-01-02 02:00:00,Fog,Truck,low
582,12.891661,77.400094,Bannerghatta Road,Minor,2022-11-14,14:00,2022-11-14 14:00:00,Rain,Auto,medium
583,12.961014,77.618747,Old Madras Road,Minor,2023-10-29,03:00,2023-10-29 03:00:00,Clear,Bike,high
584,12.96564,77.739822,Whitefield Main Road,Minor,2025-04-14,03:00,2025-04-14 03:00:00,Fog,Auto,high
585,13.066753,77.68255,Airport Road,Fatal,2023-03-06,01:00,2023-03-06 01:00:00,Fog,Bus,medium
586,13.093034,77.6248,Airport Road,Minor,2022-11-05,20:00,2022-11-05 20:00:00,Clear,Bus,medium
587,13.179672,77.641745,Airport Road,Minor,2022-05-09,08:00,2022-05-09 08:00:00,Fog,Auto,medium
588,13.077749,77.601899,Airport Road,Severe,2022-10-02,04:00,2022-10-02 04:00:00,Rain,Truck,medium
589,13.108772,77.563927,Airport Road,Minor,2022-02-24,13:00,2022-02-24 13:00:00,Rain,Truck,medium
590,13.130779,77.740699,Airport Road,Minor,2024-05-04,06:00,2024-05-04 06:00:00,Clear,Bike,medium
591,13.058861,77.502467,Airport Road,Minor,2023-07-20,01:00,2023-07-20 01:00:00,Clear,Bus,medium
592,13.113303,77.573173,Airport Road,Severe,2025-03-08,01:00,2025-03-08 01:00:00,Fog,Auto,medium
593,12.868616,77.766105,Whitefield Main Road,Minor,2022-10-30,13:00,2022-10-30 13:00:00,Rain,Auto,high
594,12.905325,77.732749,Marathahalli Bridge Road,Minor,2022-05-06,11:00,2022-05-06 11:00:00,Fog,Auto,high
595,13.075285,77.436062,Airport Road,Fatal,2024-05-28,09:00,2024-05-28 09:00:00,Rain,Bus,medium
596,12.94624,77.77365,Whitefield Main Road,Minor,2024-07-06,17:00,2024-07-06 17:00:00,Rain,Auto,high
597,13.199342,77.514039,Airport Road,Severe,2022-06-07,09:00,2022-06-07 09:00:00,Clear,Auto,medium
598,13.095077,77.424618,Airport Road,Minor,2022-05-17,17:00,2022-05-17 17:00:00,Fog,Auto,medium
599,13.117358,77.520356,Airport Road,Minor,2024-08-13,06:00,2024-08-13 06:00:00,Rain,Bike,medium
600,12.910546,77.59822,Sarjapur Road,Severe,2023-08-29,13:00,2023-08-29 13:00:00,Rain,Car,medium
601,13.019906,77.58544,Old Madras Road,Minor,2022-01-22,02:00,2022-01-22 02:00:00,Clear,Bike,high
602,13.095604,77.717354,Airport Road,Minor,2023-03-28,12:00,2023-03-28 12:00:00,Rain,Truck,medium
603,13.037715,77.623766,Indiranagar 100ft Road,Fatal,2025-02-14,12:00,2025-02-14 12:00:00,Rain,Car,low
604,12.851045,77.570959,Sarjapur Road,Severe,2023-05-06,00:00,2023-05-06 00:00:00,Clear,Car,medium
605,12.81992,77.506097,Bannerghatta Road,Severe,2023-06-25,15:00,2023-06-25 15:00:00,Rain,Bike,medium
606,13.001472,77.791231,Whitefield Main Road,Fatal,2023-11-23,18:00,2023-11-23 18:00:00,Fog,Bus,high
607,12.962622,77.704811,Marathahalli Bridge Road,Minor,2022-11-27,00:00,2022-11-27 00:00:00,Clear,Truck,high
608,13.064747,77.683651,Airport Road,Severe,2024-08-04,08:00,2024-08-04 08:00:00,Clear,Car,medium
609,12.891285,77.6304,Outer Ring Road,Minor,2022-01-06,14:00,2022-01-06 14:00:00,Clear,Bike,high
610,12.83,77.405422,Bannerghatta Road,Minor,2024-11-01,16:00,2024-11-01 16:00:00,Fog,Auto,medium
611,13.112808,77.587029,Airport Road,Minor,2022-12-06,09:00,2022-12-06 09:00:00,Rain,Auto,medium
612,13.196232,77.471353,Airport Road,Severe,2022-02-09,22:00,2022-02-09 22:00:00,Fog,Auto,medium
613,12.92459,77.559611,Bannerghatta Road,Minor,2022-07-04,10:00,2022-07-04 10:00:00,Fog,Bus,medium
614,13.017407,77.55289,Old Madras Road,Minor,2024-08-14,21:00,2024-08-14 21:00:00,Clear,Car,high
615,13.126766,77.701536,Airport Road,Severe,2022-11-05,23:00,2022-11-05 23:00:00,Rain,Auto,medium
616,12.894378,77.507603,Bannerghatta Road,Severe,2023-09-08,20:00,2023-09-08 20:00:00,Rain,Car,medium
617,13.143529,77.567728,Airport Road,Severe,2022-04-16,09:00,2022-04-16 09:00:00,Fog,Bike,medium
618,13.037475,77.768028,Whitefield Main Road,Minor,2024-05-28,21:00,2024-05-28 21:00:00,Rain,Truck,high
619,12.953335,77.795444,Whitefield Main Road,Severe,2024-01-04,20:00,2024-01-04 20:00:00,Rain,Bike,high
620,13.128269,77.535248,Airport Road,Minor,2024-12-09,05:00,2024-12-09 05:00:00,Clear,Truck,medium
621,12.917477,77.627653,Sarjapur Road,Minor,2023-02-10,12:00,2023-02-10 12:00:00,Rain,Bike,medium
622,13.131996,77.578178,Airport Road,Severe,2022-01-19,13:00,2022-01-19 13:00:00,Clear,Bike,medium
623,12.912651,77.433626,Bannerghatta Road,Fatal,2022-03-09,20:00,2022-03-09 20:00:00,Rain,Bus,medium
624,12.893412,77.752412,Whitefield Main Road,Minor,2024-08-20,18:00,2024-08-20 18:00:00,Clear,Auto,high
625,12.967193,77.639202,Indiranagar 100ft Road,Severe,2022-09-16,02:00,2022-09-16 02:00:00,Rain,Auto,low
626,12.961094,77.449493,Bannerghatta Road,Severe,2023-09-30,10:00,2023-09-30 10:00:00,Rain,Auto,medium
627,13.080576,77.77971,Whitefield Main Road,Minor,2024-03-17,23:00,2024-03-17 23:00:00,Fog,Truck,high
628,12.982812,77.78809,Whitefield Main Road,Severe,2023-01-20,03:00,2023-01-20 03:00:00,Fog,Car,high
629,12.991702,77.564895,Old Madras Road,Minor,2023-10-26,04:00,2023-10-26 04:00:00,Clear,Auto,high
630,12.997239,77.726836,Whitefield Main Road,Minor,2024-10-26,10:00,2024-10-26 10:00:00,Fog,Auto,high
631,12.842901,77.574622,Sarjapur Road,Minor,2023-11-10,17:00,2023-11-10 17:00:00,Rain,Truck,medium
632,13.09085,77.696524,Airport Road,Minor,2022-05-16,10:00,2022-05-16 10:00:00,Clear,Auto,medium
633,13.167532,77.62849,Airport Road,Minor,2024-12-13,23:00,2024-12-13 23:00:00,Rain,Truck,medium
634,13.073611,77.756236,Whitefield Main Road,Minor,2022-08-27,05:00,2022-08-27 05:00:00,Clear,Bus,high
635,12.898668,77.595409,Sarjapur Road,Severe,2022-12-04,05:00,2022-12-04 05:00:00,Fog,Car,medium
636,12.994752,77.762217,Whitefield Main Road,Severe,2023-11-08,08:00,2023-11-08 08:00:00,Rain,Auto,high
637,13.053339,77.504172,Airport Road,Severe,2025-01-20,08:00,2025-01-20 08:00:00,Fog,Bus,medium
638,12.982858,77.434607,Old Madras Road,Minor,2023-01-01,06:00,2023-01-01 06:00:00,Rain,Bus,high
639,12.807442,77.454932,Bannerghatta Road,Severe,2022-04-26,19:00,2022-04-26 19:00:00,Fog,Truck,medium
640,13.189108,77.465783,Airport Road,Minor,2024-06-13,05:00,2024-06-13 05:00:00,Rain,Truck,medium
641,13.143186,77.531499,Airport Road,Fatal,2022-05-06,16:00,2022-05-06 16:00:00,Fog,Car,medium
642,12.989707,77.449087,Old Madras Road,Severe,2023-10-21,08:00,2023-10-21 08:00:00,Rain,Bus,high
643,12.872679,77.442766,Bannerghatta Road,Severe,2022-09-14,18:00,2022-09-14 18:00:00,Fog,Bus,medium
644,12.802817,77.472978,Bannerghatta Road,Minor,2023-10-24,21:00,2023-10-24 21:00:00,Fog,Bus,medium
645,12.890276,77.69833,Outer Ring Road,Minor,2022-08-21,08:00,2022-08-21 08:00:00,Fog,Auto,high
646,12.890989,77.443506,Bannerghatta Road,Minor,2023-06-28,05:00,2023-06-28 05:00:00,Rain,Auto,medium
647,12.852779,77.597372,Hosur Road,Minor,2022-06-06,14:00,2022-06-06 14:00:00,Rain,Car,high
648,13.034208,77.520438,Airport Road,Severe,2024-01-25,21:00,2024-01-25 21:00:00,Fog,Auto,medium
649,12.944026,77.418823,Bannerghatta Road,Severe,2023-04-05,13:00,2023-04-05 13:00:00,Rain,Bike,medium
650,13.11136,77.563966,Airport Road,Severe,2022-07-16,10:00,2022-07-16 10:00:00,Rain,Car,medium
651,13.055809,77.606913,Airport Road,Severe,2024-03-29,16:00,2024-03-29 16:00:00,Clear,Car,medium
652,13.091983,77.713195,Airport Road,Minor,2023-04-12,16:00,2023-04-12 16:00:00,Rain,Bus,medium
653,13.097794,77.577795,Airport Road,Fatal,2022-09-12,21:00,2022-09-12 21:00:00,Clear,Auto,medium
654,13.056762,77.491461,Airport Road,Severe,2024-01-04,21:00,2024-01-04 21:00:00,Fog,Bus,medium
655,13.00604,77.717864,Whitefield Main Road,Fatal,2025-01-31,01:00,2025-01-31 01:00:00,Fog,Auto,high
656,12.912287,77.779228,Whitefield Main Road,Severe,2022-06-27,11:00,2022-06-27 11:00:00,Fog,Bike,high
657,12.94066,77.794878,Whitefield Main Road,Minor,2023-09-05,15:00,2023-09-05 15:00:00,Fog,Auto,high
658,12.973737,77.609044,Old Madras Road,Minor,2023-06-10,16:00,2023-06-10 16:00:00,Fog,Truck,high
659,12.990476,77.552686,Old Madras Road,Minor,2022-04-02,13:00,2022-04-02 13:00:00,Fog,Bike,high
660,13.022967,77.451662,Old Madras Road,Severe,2022-08-13,17:00,2022-08-13 17:00:00,Fog,Auto,high
661,12.801797,77.427985,Bannerghatta Road,Minor,2023-05-20,03:00,2023-05-20 03:00:00,Fog,Car,medium
662,12.987178,77.573292,Old Madras Road,Minor,2024-09-11,06:00,2024-09-11 06:00:00,Clear,Truck,high
663,12.957344,77.497573,Bannerghatta Road,Minor,2024-06-25,21:00,2024-06-25 21:00:00,Clear,Auto,medium
664,12.970866,77.727784,Whitefield Main Road,Severe,2022-07-03,03:00,2022-07-03 03:00:00,Rain,Truck,high
665,13.091095,77.682125,Airport Road,Severe,2024-02-27,03:00,2024-02-27 03:00:00,Rain,Bike,medium
666,13.104214,77.48054,Airport Road,Minor,2023-05-15,23:00,2023-05-15 23:00:00,Clear,Auto,medium
667,13.117755,77.616941,Airport Road,Minor,2022-06-08,14:00,2022-06-08 14:00:00,Fog,Truck,medium
668,12.881647,77.486966,Bannerghatta Road,Minor,2024-01-31,19:00,2024-01-31 19:00:00,Fog,Truck,medium
669,12.873421,77.68583,Hosur Road,Minor,2023-09-12,05:00,2023-09-12 05:00:00,Rain,Auto,high
670,13.072683,77.656376,Airport Road,Minor,2023-08-15,09:00,2023-08-15 09:00:00,Fog,Truck,medium
671,13.05414,77.471889,Airport Road,Minor,2024-02-13,01:00,2024-02-13 01:00:00,Fog,Bus,medium
672,12.805664,77.462955,Bannerghatta Road,Minor,2024-08-15,23:00,2024-08-15 23:00:00,Clear,Bus,medium
673,13.115534,77.582504,Airport Road,Severe,2022-05-13,04:00,2022-05-13 04:00:00,Rain,Bike,medium
674,12.946062,77.558661,Bannerghatta Road,Fatal,2022-01-15,23:00,2022-01-15 23:00:00,Rain,Bus,medium
675,12.970376,77.780008,Whitefield Main Road,Minor,2022-12-07,20:00,2022-12-07 20:00:00,Rain,Bike,high
676,12.850867,77.537287,Bannerghatta Road,Minor,2024-06-02,18:00,2024-06-02 18:00:00,Rain,Bus,medium
677,12.883751,77.476178,Bannerghatta Road,Minor,2024-02-03,17:00,2024-02-03 17:00:00,Fog,Bike,medium
678,13.157419,77.665727,Airport Road,Fatal,2025-03-10,09:00,2025-03-10 09:00:00,Fog,Car,medium
679,12.986457,77.594578,Old Madras Road,Minor,2022-06-03,04:00,2022-06-03 04:00:00,Clear,Auto,high
680,13.085925,77.532018,Airport Road,Minor,2022-03-19,12:00,2022-03-19 12:00:00,Fog,Car,medium
681,12.912812,77.409798,Bannerghatta Road,Fatal,2023-03-20,19:00,2023-03-20 19:00:00,Clear,Car,medium
682,12.95798,77.617629,Old Madras Road,Minor,2023-06-02,01:00,2023-06-02 01:00:00,Clear,Car,high
683,13.020077,77.674051,Indiranagar 100ft Road,Fatal,2025-01-29,19:00,2025-01-29 19:00:00,Fog,Bus,low
684,13.097851,77.488468,Airport Road,Minor,2023-08-09,23:00,2023-08-09 23:00:00,Rain,Auto,medium
685,12.984658,77.625371,Indiranagar 100ft Road,Severe,2022-01-20,09:00,2022-01-20 09:00:00,Rain,Auto,low
686,12.941736,77.413468,Bannerghatta Road,Minor,2022-09-18,06:00,2022-09-18 06:00:00,Fog,Bike,medium
687,13.179397,77.71416,Airport Road,Minor,2024-04-02,19:00,2024-04-02 19:00:00,Fog,Bus,medium
688,13.122625,77.533743,Airport Road,Minor,2022-04-28,22:00,2022-04-28 22:00:00,Fog,Bike,medium
689,12.862682,77.794834,Whitefield Main Road,Fatal,2024-06-05,17:00,2024-06-05 17:00:00,Fog,Bus,high
690,12.964773,77.780326,Whitefield Main Road,Minor,2023-05-22,19:00,2023-05-22 19:00:00,Clear,Bike,high
691,12.838725,77.478459,Bannerghatta Road,Fatal,2023-01-20,05:00,2023-01-20 05:00:00,Fog,Auto,medium
692,12.853135,77.670614,Hosur Road,Minor,2022-10-26,07:00,2022-10-26 07:00:00,Rain,Bike,high
693,12.918455,77.580499,Bannerghatta Road,Fatal,2022-11-23,03:00,2022-11-23 03:00:00,Rain,Auto,medium
694,12.922072,77.681511,Outer Ring Road,Minor,2025-03-27,10:00,2025-03-27 10:00:00,Fog,Truck,high
695,13.19161,77.693712,Airport Road,Minor,2024-04-29,01:00,2024-04-29 01:00:00,Clear,Auto,medium
696,12.811641,77.405098,Bannerghatta Road,Minor,2022-11-17,20:00,2022-11-17 20:00:00,Fog,Car,medium
697,13.018429,77.600969,Old Madras Road,Minor,2022-09-30,01:00,2022-09-30 01:00:00,Rain,Truck,high
698,13.187209,77.508319,Airport Road,Minor,2023-11-25,18:00,2023-11-25 18:00:00,Clear,Car,medium
699,13.176114,77.454759,Airport Road,Severe,2024-05-29,08:00,2024-05-29 08:00:00,Rain,Bus,medium
700,12.922691,77.403011,Bannerghatta Road,Severe,2023-04-24,15:00,2023-04-24 15:00:00,Fog,Bike,medium
701,12.816405,77.528906,Bannerghatta Road,Minor,2023-06-21,09:00,2023-06-21 09:00:00,Fog,Car,medium
702,13.079926,77.693856,Airport Road,Severe,2022-05-14,00:00,2022-05-14 00:00:00,Fog,Bus,medium
703,13.166211,77.536635,Airport Road,Fatal,2023-03-05,01:00,2023-03-05 01:00:00,Rain,Bus,medium
704,13.071398,77.74644,Whitefield Main Road,Fatal,2022-12-08,17:00,2022-12-08 17:00:00,Clear,Car,high
705,13.118736,77.704231,Airport Road,Fatal,2023-07-11,17:00,2023-07-11 17:00:00,Clear,Bus,medium
706,13.169323,77.51386,Airport Road,Minor,2022-11-01,01:00,2022-11-01 01:00:00,Rain,Bike,medium
707,13.07194,77.75631,Whitefield Main Road,Fatal,2022-01-06,10:00,2022-01-06 10:00:00,Rain,Car,high
708,12.834896,77.565671,Sarjapur Road,Fatal,2024-06-04,06:00,2024-06-04 06:00:00,Fog,Truck,medium
709,12.989946,77.493631,Old Madras Road,Fatal,2022-10-12,19:00,2022-10-12 19:00:00,Rain,Bike,high
710,12.879575,77.46087,Bannerghatta Road,Minor,2023-07-08,09:00,2023-07-08 09:00:00,Fog,Car,medium
711,13.012395,77.416751,Old Madras Road,Minor,2022-04-22,08:00,2022-04-22 08:00:00,Rain,Bus,high
712,13.177701,77.706924,Airport Road,Minor,2024-08-11,02:00,2024-08-11 02:00:00,Clear,Truck,medium
713,12.888553,77.48314,Bannerghatta Road,Minor,2024-11-11,06:00,2024-11-11 06:00:00,Fog,Bike,medium
714,13.090995,77.417432,Airport Road,Minor,2022-02-05,23:00,2022-02-05 23:00:00,Fog,Bike,medium
715,13.02973,77.761603,Whitefield Main Road,Fatal,2024-10-12,00:00,2024-10-12 00:00:00,Clear,Auto,high
716,12.935187,77.774336,Whitefield Main Road,Minor,2024-07-01,14:00,2024-07-01 14:00:00,Rain,Car,high
717,12.84211,77.47652,Bannerghatta Road,Minor,2023-07-23,23:00,2023-07-23 23:00:00,Clear,Truck,medium
718,12.870346,77.601306,Sarjapur Road,Minor,2023-09-07,08:00,2023-09-07 08:00:00,Clear,Auto,medium
719,13.152932,77.570506,Airport Road,Severe,2024-07-20,09:00,2024-07-20 09:00:00,Clear,Bike,medium
720,12.897983,77.756634,Whitefield Main Road,Fatal,2023-10-01,13:00,2023-10-01 13:00:00,Fog,Car,high
721,13.000155,77.67906,Indiranagar 100ft Road,Minor,2022-01-07,09:00,2022-01-07 09:00:00,Fog,Truck,low
722,12.859836,77.469,Bannerghatta Road,Severe,2023-10-04,11:00,2023-10-04 11:00:00,Clear,Bus,medium
723,12.914993,77.78864,Whitefield Main Road,Severe,2023-06-21,11:00,2023-06-21 11:00:00,Clear,Auto,high
724,13.026288,77.488893,Old Madras Road,Severe,2024-11-07,22:00,2024-11-07 22:00:00,Fog,Bike,high
725,12.82073,77.526734,Bannerghatta Road,Minor,2024-11-02,06:00,2024-11-02 06:00:00,Fog,Bus,medium
726,12.94686,77.690505,Marathahalli Bridge Road,Minor,2023-11-07,17:00,2023-11-07 17:00:00,Fog,Truck,high
727,13.13489,77.719472,Airport Road,Minor,2025-01-22,02:00,2025-01-22 02:00:00,Clear,Truck,medium
728,13.046781,77.606587,Airport Road,Minor,2024-08-21,15:00,2024-08-21 15:00:00,Clear,Bike,medium
729,12.991124,77.722051,Whitefield Main Road,Severe,2024-02-13,02:00,2024-02-13 02:00:00,Fog,Bus,high
730,12.821344,77.760962,Hosur Road,Minor,2023-01-31,16:00,2023-01-31 16:00:00,Clear,Truck,high
731,13.19628,77.78321,Airport Road,Minor,2024-11-13,02:00,2024-11-13 02:00:00,Rain,Bus,medium
732,12.955954,77.653501,Indiranagar 100ft Road,Minor,2023-02-16,18:00,2023-02-16 18:00:00,Rain,Bike,low
733,12.8004,77.432491,Bannerghatta Road,Minor,2023-06-17,23:00,2023-06-17 23:00:00,Fog,Car,medium
734,13.170551,77.678952,Airport Road,Minor,2024-07-18,19:00,2024-07-18 19:00:00,Clear,Car,medium
735,12.93578,77.653656,Outer Ring Road,Severe,2023-10-06,03:00,2023-10-06 03:00:00,Fog,Car,high
736,13.196995,77.782766,Airport Road,Fatal,2023-05-29,17:00,2023-05-29 17:00:00,Rain,Car,medium
737,13.151087,77.477214,Airport Road,Minor,2023-07-28,21:00,2023-07-28 21:00:00,Rain,Car,medium
738,13.140769,77.657971,Airport Road,Minor,2022-12-23,05:00,2022-12-23 05:00:00,Rain,Truck,medium
739,12.86159,77.508676,Bannerghatta Road,Minor,2023-06-14,03:00,2023-06-14 03:00:00,Rain,Truck,medium
740,12.873692,77.686089,Hosur Road,Minor,2025-02-08,09:00,2025-02-08 09:00:00,Rain,Auto,high
741,12.932887,77.651599,Outer Ring Road,Severe,2024-10-23,06:00,2024-10-23 06:00:00,Rain,Bus,high
742,12.952134,77.534496,Bannerghatta Road,Minor,2022-04-01,12:00,2022-04-01 12:00:00,Rain,Bus,medium
743,13.012304,77.797837,Whitefield Main Road,Minor,2024-02-08,13:00,2024-02-08 13:00:00,Clear,Bus,high
744,13.009695,77.592094,Old Madras Road,Minor,2023-01-12,16:00,2023-01-12 16:00:00,Clear,Bus,high
745,13.095173,77.538106,Airport Road,Minor,2022-02-22,18:00,2022-02-22 18:00:00,Rain,Bike,medium
746,12.830566,77.407416,Bannerghatta Road,Minor,2022-06-20,14:00,2022-06-20 14:00:00,Rain,Bus,medium
747,13.062233,77.576388,Airport Road,Minor,2023-06-11,16:00,2023-06-11 16:00:00,Clear,Bus,medium
748,12.938908,77.751178,Whitefield Main Road,Minor,2025-04-12,07:00,2025-04-12 07:00:00,Clear,Car,high
749,12.895354,77.780402,Whitefield Main Road,Minor,2024-10-17,14:00,2024-10-17 14:00:00,Fog,Truck,high
750,12.934179,77.52738,Bannerghatta Road,Fatal,2024-08-18,15:00,2024-08-18 15:00:00,Clear,Car,medium
751,12.836964,77.583452,Hosur Road,Severe,2024-10-27,23:00,2024-10-27 23:00:00,Rain,Truck,high
752,12.988309,77.735598,Whitefield Main Road,Minor,2023-06-05,01:00,2023-06-05 01:00:00,Rain,Truck,high
753,13.13876,77.789232,Whitefield Main Road,Severe,2022-08-26,01:00,2022-08-26 01:00:00,Fog,Auto,high
754,13.18108,77.458889,Airport Road,Minor,2023-02-06,13:00,2023-02-06 13:00:00,Clear,Bike,medium
755,13.126443,77.471182,Airport Road,Minor,2022-11-17,06:00,2022-11-17 06:00:00,Rain,Truck,medium
756,12.816895,77.708221,Hosur Road,Fatal,2022-03-11,09:00,2022-03-11 09:00:00,Clear,Auto,high
757,13.03954,77.672959,Indiranagar 100ft Road,Minor,2022-07-27,00:00,2022-07-27 00:00:00,Clear,Bike,low
758,13.015296,77.759145,Whitefield Main Road,Severe,2022-07-31,22:00,2022-07-31 22:00:00,Fog,Car,high
759,12.846306,77.419057,Bannerghatta Road,Minor,2024-02-26,21:00,2024-02-26 21:00:00,Fog,Auto,medium
760,12.800915,77.782571,Hosur Road,Minor,2022-02-01,04:00,2022-02-01 04:00:00,Clear,Bus,high
761,13.11062,77.621909,Airport Road,Severe,2022-01-25,10:00,2022-01-25 10:00:00,Rain,Car,medium
762,12.807774,77.626603,Hosur Road,Fatal,2022-09-04,04:00,2022-09-04 04:00:00,Fog,Car,high
763,13.060821,77.604988,Airport Road,Fatal,2022-12-30,12:00,2022-12-30 12:00:00,Fog,Truck,medium
764,13.041846,77.648918,Indiranagar 100ft Road,Fatal,2024-02-29,14:00,2024-02-29 14:00:00,Clear,Truck,low
765,12.863921,77.797546,Whitefield Main Road,Severe,2022-02-23,01:00,2022-02-23 01:00:00,Clear,Bike,high
766,12.975163,77.758908,Whitefield Main Road,Severe,2024-05-22,10:00,2024-05-22 10:00:00,Rain,Bike,high
767,13.116134,77.626051,Airport Road,Severe,2023-06-10,06:00,2023-06-10 06:00:00,Fog,Auto,medium
768,13.00867,77.596409,Old Madras Road,Minor,2022-07-23,03:00,2022-07-23 03:00:00,Clear,Auto,high
769,13.143579,77.607942,Airport Road,Fatal,2024-02-01,09:00,2024-02-01 09:00:00,Clear,Car,medium
770,13.020476,77.499055,Old Madras Road,Severe,2023-09-19,23:00,2023-09-19 23:00:00,Fog,Bus,high
771,12.807333,77.620528,Hosur Road,Severe,2023-10-13,10:00,2023-10-13 10:00:00,Rain,Car,high
772,12.915815,77.734856,Marathahalli Bridge Road,Minor,2023-12-21,10:00,2023-12-21 10:00:00,Fog,Bike,high
773,13.054154,77.592143,Airport Road,Minor,2023-04-23,22:00,2023-04-23 22:00:00,Fog,Bus,medium
774,12.917117,77.799837,Whitefield Main Road,Minor,2022-05-11,17:00,2022-05-11 17:00:00,Clear,Bike,high
775,13.143529,77.700402,Airport Road,Minor,2024-01-16,14:00,2024-01-16 14:00:00,Clear,Bus,medium
776,13.121578,77.72777,Airport Road,Minor,2023-05-14,18:00,2023-05-14 18:00:00,Fog,Truck,medium
777,12.828919,77.632722,Hosur Road,Minor,2023-03-09,09:00,2023-03-09 09:00:00,Fog,Bus,high
778,12.929908,77.695205,Marathahalli Bridge Road,Severe,2023-03-12,15:00,2023-03-12 15:00:00,Fog,Car,high
779,12.899562,77.529474,Bannerghatta Road,Severe,2024-01-13,09:00,2024-01-13 09:00:00,Rain,Bus,medium
780,13.143476,77.688938,Airport Road,Minor,2023-03-15,13:00,2023-03-15 13:00:00,Clear,Auto,medium
781,13.075219,77.708266,Airport Road,Severe,2024-02-29,11:00,2024-02-29 11:00:00,Clear,Bike,medium
782,12.8137,77.472097,Bannerghatta Road,Minor,2022-07-03,16:00,2022-07-03 16:00:00,Clear,Auto,medium
783,13.038074,77.42629,Airport Road,Severe,2022-12-26,18:00,2022-12-26 18:00:00,Clear,Bike,medium
784,12.820305,77.481455,Bannerghatta Road,Minor,2024-08-11,11:00,2024-08-11 11:00:00,Rain,Bus,medium
785,12.964717,77.466011,Bannerghatta Road,Minor,2022-06-26,07:00,2022-06-26 07:00:00,Fog,Bus,medium
786,13.130779,77.782859,Whitefield Main Road,Fatal,2024-12-15,16:00,2024-12-15 16:00:00,Rain,Car,high
787,13.133342,77.635636,Airport Road,Severe,2023-06-17,09:00,2023-06-17 09:00:00,Clear,Truck,medium
788,12.800553,77.605699,Hosur Road,Minor,2023-11-16,02:00,2023-11-16 02:00:00,Clear,Car,high
789,12.909271,77.765835,Whitefield Main Road,Minor,2024-03-21,21:00,2024-03-21 21:00:00,Rain,Bike,high
790,12.846133,77.408217,Bannerghatta Road,Minor,2024-03-18,15:00,2024-03-18 15:00:00,Rain,Auto,medium
791,12.862315,77.590348,Sarjapur Road,Severe,2025-02-28,04:00,2025-02-28 04:00:00,Clear,Auto,medium
792,13.00976,77.685389,Marathahalli Bridge Road,Minor,2025-04-07,18:00,2025-04-07 18:00:00,Rain,Bike,high
793,13.045421,77.740521,Whitefield Main Road,Severe,2022-11-16,03:00,2022-11-16 03:00:00,Rain,Car,high
794,13.187751,77.649136,Airport Road,Minor,2022-10-26,22:00,2022-10-26 22:00:00,Rain,Car,medium
795,12.976867,77.440831,Bannerghatta Road,Minor,2022-05-16,12:00,2022-05-16 12:00:00,Clear,Auto,medium
796,13.112103,77.658336,Airport Road,Minor,2022-11-21,05:00,2022-11-21 05:00:00,Fog,Bike,medium
797,13.094141,77.608242,Airport Road,Minor,2024-02-22,11:00,2024-02-22 11:00:00,Clear,Bike,medium
798,13.162367,77.432205,Airport Road,Fatal,2023-02-27,22:00,2023-02-27 22:00:00,Rain,Truck,medium
799,12.849837,77.528508,Bannerghatta Road,Severe,2023-11-05,09:00,2023-11-05 09:00:00,Clear,Truck,medium
800,13.011499,77.51577,Old Madras Road,Minor,2024-06-22,12:00,2024-06-22 12:00:00,Rain,Bus,high
801,13.150436,77.60047,Airport Road,Minor,2024-10-28,20:00,2024-10-28 20:00:00,Fog,Truck,medium
802,12.987433,77.530198,Old Madras Road,Minor,2022-12-22,11:00,2022-12-22 11:00:00,Fog,Bus,high
803,12.901635,77.481988,Bannerghatta Road,Minor,2024-09-08,04:00,2024-09-08 04:00:00,Clear,Car,medium
804,12.811781,77.470324,Bannerghatta Road,Minor,2023-03-02,08:00,2023-03-02 08:00:00,Rain,Truck,medium
805,12.900796,77.735705,Marathahalli Bridge Road,Minor,2022-03-23,02:00,2022-03-23 02:00:00,Rain,Auto,high
806,13.089409,77.793416,Whitefield Main Road,Minor,2023-01-12,02:00,2023-01-12 02:00:00,Fog,Truck,high
807,13.088281,77.526137,Airport Road,Minor,2023-05-12,03:00,2023-05-12 03:00:00,Rain,Auto,medium
808,13.196868,77.526797,Airport Road,Minor,2024-11-08,06:00,2024-11-08 06:00:00,Fog,Bus,medium
809,13.012932,77.510929,Old Madras Road,Minor,2022-07-18,03:00,2022-07-18 03:00:00,Clear,Auto,high
810,12.910061,77.481705,Bannerghatta Road,Minor,2022-04-04,04:00,2022-04-04 04:00:00,Fog,Bike,medium
811,13.129429,77.406239,Airport Road,Fatal,2022-09-23,23:00,2022-09-23 23:00:00,Fog,Auto,medium
812,12.994591,77.577117,Old Madras Road,Minor,2022-02-14,00:00,2022-02-14 00:00:00,Clear,Bus,high
813,12.84622,77.483683,Bannerghatta Road,Fatal,2025-02-19,06:00,2025-02-19 06:00:00,Rain,Auto,medium
814,13.095394,77.780546,Whitefield Main Road,Fatal,2022-10-10,03:00,2022-10-10 03:00:00,Fog,Auto,high
815,13.00993,77.70921,Marathahalli Bridge Road,Fatal,2022-09-20,00:00,2022-09-20 00:00:00,Clear,Bus,high
816,12.903411,77.602147,Sarjapur Road,Fatal,2023-08-13,03:00,2023-08-13 03:00:00,Clear,Bus,medium
817,13.035746,77.544352,Airport Road,Severe,2022-10-09,02:00,2022-10-09 02:00:00,Fog,Auto,medium
818,12.952296,77.714341,Marathahalli Bridge Road,Severe,2024-12-28,05:00,2024-12-28 05:00:00,Clear,Auto,high
819,13.014651,77.514689,Old Madras Road,Minor,2024-01-16,06:00,2024-01-16 06:00:00,Clear,Bike,high
820,13.186168,77.600295,Airport Road,Minor,2022-11-21,15:00,2022-11-21 15:00:00,Fog,Bike,medium
821,13.143172,77.635152,Airport Road,Minor,2022-09-19,10:00,2022-09-19 10:00:00,Clear,Truck,medium
822,13.00538,77.666298,Indiranagar 100ft Road,Severe,2022-04-09,08:00,2022-04-09 08:00:00,Rain,Bus,low
823,13.047294,77.761686,Whitefield Main Road,Minor,2023-10-09,17:00,2023-10-09 17:00:00,Rain,Truck,high
824,13.150431,77.750192,Airport Road,Severe,2023-10-01,10:00,2023-10-01 10:00:00,Clear,Truck,medium
825,13.090932,77.766845,Whitefield Main Road,Minor,2024-08-26,05:00,2024-08-26 05:00:00,Rain,Truck,high
826,12.822068,77.432819,Bannerghatta Road,Severe,2023-08-27,11:00,2023-08-27 11:00:00,Fog,Truck,medium
827,12.890563,77.734269,Marathahalli Bridge Road,Minor,2023-01-06,21:00,2023-01-06 21:00:00,Clear,Truck,high
828,12.975578,77.741398,Whitefield Main Road,Severe,2022-12-20,15:00,2022-12-20 15:00:00,Fog,Bike,high
829,12.891715,77.495886,Bannerghatta Road,Severe,2025-02-03,09:00,2025-02-03 09:00:00,Rain,Auto,medium
830,12.966465,77.690345,Marathahalli Bridge Road,Minor,2022-03-02,08:00,2022-03-02 08:00:00,Clear,Truck,high
831,13.077193,77.541773,Airport Road,Minor,2024-11-12,01:00,2024-11-12 01:00:00,Fog,Bike,medium
832,12.852967,77.489302,Bannerghatta Road,Minor,2022-04-19,10:00,2022-04-19 10:00:00,Clear,Car,medium
833,12.886691,77.72224,Hosur Road,Minor,2023-05-19,06:00,2023-05-19 06:00:00,Clear,Auto,high
834,13.093655,77.439938,Airport Road,Minor,2024-10-17,22:00,2024-10-17 22:00:00,Clear,Bus,medium
835,13.050849,77.742913,Whitefield Main Road,Severe,2025-03-04,08:00,2025-03-04 08:00:00,Rain,Bike,high
836,13.188117,77.465799,Airport Road,Minor,2022-12-01,16:00,2022-12-01 16:00:00,Clear,Car,medium
837,12.896941,77.442995,Bannerghatta Road,Severe,2023-01-24,21:00,2023-01-24 21:00:00,Rain,Auto,medium
838,12.88679,77.76161,Whitefield Main Road,Minor,2023-11-07,02:00,2023-11-07 02:00:00,Rain,Truck,high
839,13.076281,77.521456,Airport Road,Severe,2023-08-05,02:00,2023-08-05 02:00:00,Fog,Truck,medium
840,12.813278,77.580033,Hosur Road,Severe,2022-10-17,13:00,2022-10-17 13:00:00,Fog,Car,high
841,13.118889,77.528002,Airport Road,Minor,2023-07-30,16:00,2023-07-30 16:00:00,Clear,Bus,medium
842,12.958002,77.559219,Old Madras Road,Severe,2022-07-06,19:00,2022-07-06 19:00:00,Clear,Car,high
843,13.143661,77.638985,Airport Road,Minor,2022-06-12,23:00,2022-06-12 23:00:00,Clear,Bus,medium
844,13.114478,77.720124,Airport Road,Fatal,2022-03-12,02:00,2022-03-12 02:00:00,Clear,Car,medium
845,12.91826,77.734578,Marathahalli Bridge Road,Minor,2024-12-02,16:00,2024-12-02 16:00:00,Clear,Auto,high
846,13.173459,77.580472,Airport Road,Severe,2022-04-18,03:00,2022-04-18 03:00:00,Clear,Car,medium
847,12.80588,77.570293,Hosur Road,Minor,2023-10-09,03:00,2023-10-09 03:00:00,Clear,Bus,high
848,13.085959,77.546887,Airport Road,Minor,2024-05-30,05:00,2024-05-30 05:00:00,Fog,Truck,medium
849,12.833012,77.788842,Hosur Road,Severe,2024-09-16,12:00,2024-09-16 12:00:00,Fog,Truck,high
850,13.087644,77.420467,Airport Road,Fatal,2022-12-01,17:00,2022-12-01 17:00:00,Clear,Bus,medium
851,12.902662,77.619403,Sarjapur Road,Severe,2023-07-07,19:00,2023-07-07 19:00:00,Clear,Auto,medium
852,12.8946,77.506568,Bannerghatta Road,Severe,2024-03-17,17:00,2024-03-17 17:00:00,Rain,Car,medium
853,12.966909,77.750854,Whitefield Main Road,Fatal,2022-10-15,09:00,2022-10-15 09:00:00,Clear,Car,high
854,12.808581,77.698705,Hosur Road,Severe,2024-01-27,01:00,2024-01-27 01:00:00,Rain,Car,high
855,13.119388,77.664511,Airport Road,Minor,2024-08-31,06:00,2024-08-31 06:00:00,Rain,Auto,medium
856,13.085919,77.482418,Airport Road,Minor,2022-04-09,06:00,2022-04-09 06:00:00,Rain,Car,medium
857,13.132889,77.669733,Airport Road,Fatal,2025-03-31,11:00,2025-03-31 11:00:00,Fog,Bike,medium
858,13.031929,77.562602,Old Madras Road,Minor,2023-01-25,14:00,2023-01-25 14:00:00,Clear,Truck,high
859,12.844138,77.747121,Hosur Road,Fatal,2022-07-26,03:00,2022-07-26 03:00:00,Rain,Car,high
860,13.090375,77.785413,Whitefield Main Road,Severe,2023-05-19,08:00,2023-05-19 08:00:00,Fog,Auto,high
861,13.05636,77.775272,Whitefield Main Road,Minor,2023-12-24,00:00,2023-12-24 00:00:00,Fog,Bus,high
862,12.975927,77.636795,Indiranagar 100ft Road,Severe,2022-12-30,09:00,2022-12-30 09:00:00,Clear,Auto,low
863,12.932065,77.72777,Marathahalli Bridge Road,Severe,2024-07-04,04:00,2024-07-04 04:00:00,Rain,Truck,high
864,13.119475,77.536304,Airport Road,Minor,2024-07-03,21:00,2024-07-03 21:00:00,Rain,Bus,medium
865,12.858131,77.550037,Bannerghatta Road,Minor,2022-01-27,23:00,2022-01-27 23:00:00,Fog,Auto,medium
866,13.049569,77.652986,Indiranagar 100ft Road,Minor,2022-05-11,10:00,2022-05-11 10:00:00,Rain,Car,low
867,12.940778,77.653082,Koramangala 80ft Road,Minor,2023-01-14,13:00,2023-01-14 13:00:00,Fog,Bus,low
868,12.964022,77.787829,Whitefield Main Road,Minor,2022-09-05,21:00,2022-09-05 21:00:00,Clear,Auto,high
869,13.033555,77.669491,Indiranagar 100ft Road,Severe,2022-02-10,02:00,2022-02-10 02:00:00,Rain,Car,low
870,12.835475,77.623308,Hosur Road,Minor,2022-09-05,20:00,2022-09-05 20:00:00,Rain,Auto,high
871,12.819297,77.652521,Hosur Road,Minor,2023-12-07,09:00,2023-12-07 09:00:00,Clear,Truck,high
872,12.893993,77.533842,Bannerghatta Road,Minor,2022-05-26,21:00,2022-05-26 21:00:00,Rain,Truck,medium
873,12.829561,77.635421,Hosur Road,Severe,2025-04-13,03:00,2025-04-13 03:00:00,Fog,Auto,high
874,12.978938,77.707214,Marathahalli Bridge Road,Minor,2023-09-11,06:00,2023-09-11 06:00:00,Rain,Truck,high
875,13.120035,77.711499,Airport Road,Severe,2022-03-06,06:00,2022-03-06 06:00:00,Fog,Auto,medium
876,13.076612,77.766262,Whitefield Main Road,Fatal,2024-02-14,18:00,2024-02-14 18:00:00,Rain,Bike,high
877,13.183904,77.482959,Airport Road,Minor,2023-09-10,23:00,2023-09-10 23:00:00,Rain,Auto,medium
878,12.99879,77.579129,Old Madras Road,Minor,2025-04-08,06:00,2025-04-08 06:00:00,Clear,Truck,high
879,12.809936,77.730812,Hosur Road,Minor,2025-02-08,15:00,2025-02-08 15:00:00,Rain,Auto,high
880,12.990367,77.498045,Old Madras Road,Severe,2023-02-20,00:00,2023-02-20 00:00:00,Rain,Bus,high
881,12.921531,77.509553,Bannerghatta Road,Severe,2024-02-12,02:00,2024-02-12 02:00:00,Clear,Bus,medium
882,12.868963,77.698686,Hosur Road,Minor,2022-10-22,08:00,2022-10-22 08:00:00,Rain,Auto,high
883,12.835275,77.611882,Hosur Road,Severe,2023-08-16,14:00,2023-08-16 14:00:00,Clear,Auto,high
884,13.132387,77.562052,Airport Road,Severe,2024-05-16,02:00,2024-05-16 02:00:00,Clear,Auto,medium
885,12.83009,77.583718,Hosur Road,Fatal,2023-11-21,12:00,2023-11-21 12:00:00,Rain,Truck,high
886,13.043627,77.643548,Indiranagar 100ft Road,Minor,2024-07-10,16:00,2024-07-10 16:00:00,Rain,Bus,low
887,12.96412,77.739616,Whitefield Main Road,Minor,2025-03-23,10:00,2025-03-23 10:00:00,Fog,Truck,high
888,13.07618,77.664815,Airport Road,Minor,2024-05-22,22:00,2024-05-22 22:00:00,Rain,Auto,medium
889,12.962161,77.553513,Old Madras Road,Fatal,2022-10-20,03:00,2022-10-20 03:00:00,Rain,Truck,high
890,13.013665,77.482165,Old Madras Road,Fatal,2024-07-03,14:00,2024-07-03 14:00:00,Rain,Auto,high
891,12.841256,77.702805,Hosur Road,Minor,2024-07-17,19:00,2024-07-17 19:00:00,Clear,Car,high
892,13.132975,77.559549,Airport Road,Minor,2025-02-14,00:00,2025-02-14 00:00:00,Rain,Auto,medium
893,13.020021,77.60037,Old Madras Road,Severe,2024-02-03,16:00,2024-02-03 16:00:00,Fog,Bus,high
894,13.198297,77.619739,Airport Road,Minor,2023-10-29,05:00,2023-10-29 05:00:00,Clear,Truck,medium
895,13.079244,77.714695,Whitefield Main Road,Severe,2024-11-20,02:00,2024-11-20 02:00:00,Clear,Truck,high
896,12.869448,77.668809,Hosur Road,Severe,2024-02-12,05:00,2024-02-12 05:00:00,Clear,Truck,high
897,13.137182,77.614587,Airport Road,Minor,2023-06-01,09:00,2023-06-01 09:00:00,Rain,Truck,medium
898,13.069009,77.721144,Whitefield Main Road,Minor,2024-09-14,09:00,2024-09-14 09:00:00,Fog,Truck,high
899,13.142821,77.565931,Airport Road,Severe,2023-11-17,08:00,2023-11-17 08:00:00,Rain,Bus,medium
900,13.008459,77.457304,Old Madras Road,Minor,2022-04-06,14:00,2022-04-06 14:00:00,Rain,Bus,high
901,13.113175,77.777293,Whitefield Main Road,Minor,2024-09-05,19:00,2024-09-05 19:00:00,Fog,Car,high
902,12.961601,77.518845,Bannerghatta Road,Severe,2022-10-15,23:00,2022-10-15 23:00:00,Clear,Bike,medium
903,13.138699,77.612612,Airport Road,Minor,2022-05-26,05:00,2022-05-26 05:00:00,Clear,Truck,medium
904,13.039622,77.48179,Airport Road,Severe,2022-02-03,17:00,2022-02-03 17:00:00,Clear,Auto,medium
905,13.142791,77.409793,Airport Road,Fatal,2023-02-22,16:00,2023-02-22 16:00:00,Fog,Truck,medium
906,13.152579,77.591621,Airport Road,Minor,2024-12-10,18:00,2024-12-10 18:00:00,Rain,Auto,medium
907,13.082609,77.555101,Airport Road,Severe,2022-05-08,15:00,2022-05-08 15:00:00,Fog,Auto,medium
908,13.06401,77.610355,Airport Road,Severe,2022-05-04,17:00,2022-05-04 17:00:00,Fog,Car,medium
909,12.980903,77.583321,Old Madras Road,Severe,2022-04-27,12:00,2022-04-27 12:00:00,Rain,Auto,high
910,12.839113,77.485607,Bannerghatta Road,Minor,2024-11-15,07:00,2024-11-15 07:00:00,Fog,Bus,medium
911,13.15327,77.789711,Whitefield Main Road,Severe,2024-06-20,04:00,2024-06-20 04:00:00,Rain,Bike,high
912,13.113053,77.500373,Airport Road,Severe,2023-03-19,18:00,2023-03-19 18:00:00,Rain,Bike,medium
913,13.187822,77.747417,Airport Road,Fatal,2023-11-01,12:00,2023-11-01 12:00:00,Rain,Bus,medium
914,12.861075,77.685992,Hosur Road,Minor,2023-08-21,02:00,2023-08-21 02:00:00,Fog,Auto,high
915,13.04635,77.415846,Airport Road,Minor,2023-10-20,20:00,2023-10-20 20:00:00,Fog,Bike,medium
916,13.064293,77.641857,Airport Road,Minor,2022-10-10,03:00,2022-10-10 03:00:00,Rain,Car,medium
917,13.028042,77.653515,Indiranagar 100ft Road,Minor,2022-08-15,16:00,2022-08-15 16:00:00,Clear,Auto,low
918,12.862,77.795912,Whitefield Main Road,Minor,2022-07-23,20:00,2022-07-23 20:00:00,Clear,Bike,high
919,13.145762,77.571723,Airport Road,Minor,2022-01-09,20:00,2022-01-09 20:00:00,Rain,Car,medium
920,13.165971,77.561027,Airport Road,Minor,2022-06-01,11:00,2022-06-01 11:00:00,Rain,Bus,medium
921,13.156988,77.587453,Airport Road,Severe,2023-03-13,17:00,2023-03-13 17:00:00,Rain,Auto,medium
922,13.115896,77.537712,Airport Road,Severe,2024-11-19,11:00,2024-11-19 11:00:00,Clear,Bike,medium
923,12.929303,77.592485,Bannerghatta Road,Minor,2023-11-19,22:00,2023-11-19 22:00:00,Rain,Car,medium
924,12.921142,77.4653,Bannerghatta Road,Fatal,2024-08-27,07:00,2024-08-27 07:00:00,Clear,Bike,medium
925,12.918181,77.700297,Marathahalli Bridge Road,Minor,2025-04-08,13:00,2025-04-08 13:00:00,Clear,Car,high
926,13.028222,77.42676,Old Madras Road,Fatal,2022-12-24,23:00,2022-12-24 23:00:00,Fog,Car,high
927,13.13759,77.640265,Airport Road,Minor,2023-01-12,07:00,2023-01-12 07:00:00,Rain,Bike,medium
928,13.00707,77.747229,Whitefield Main Road,Minor,2023-02-22,21:00,2023-02-22 21:00:00,Rain,Bus,high
929,13.02221,77.670633,Indiranagar 100ft Road,Minor,2022-11-21,21:00,2022-11-21 21:00:00,Clear,Bus,low
930,12.95485,77.482562,Bannerghatta Road,Minor,2023-02-28,19:00,2023-02-28 19:00:00,Clear,Bike,medium
931,13.123639,77.571077,Airport Road,Fatal,2024-04-20,07:00,2024-04-20 07:00:00,Clear,Truck,medium
932,12.805037,77.524615,Bannerghatta Road,Minor,2023-05-24,16:00,2023-05-24 16:00:00,Fog,Bike,medium
933,13.124259,77.757976,Whitefield Main Road,Severe,2024-09-20,20:00,2024-09-20 20:00:00,Fog,Car,high
934,12.932327,77.744279,Whitefield Main Road,Minor,2022-02-23,20:00,2022-02-23 20:00:00,Rain,Auto,high
935,12.909508,77.719349,Marathahalli Bridge Road,Minor,2023-11-04,19:00,2023-11-04 19:00:00,Rain,Truck,high
936,13.010971,77.587137,Old Madras Road,Minor,2025-03-16,02:00,2025-03-16 02:00:00,Rain,Bus,high
937,13.060071,77.520201,Airport Road,Minor,2025-02-03,05:00,2025-02-03 05:00:00,Fog,Bike,medium
938,12.967838,77.604182,Old Madras Road,Severe,2024-09-16,03:00,2024-09-16 03:00:00,Clear,Bus,high
939,12.99382,77.408423,Old Madras Road,Minor,2024-11-25,11:00,2024-11-25 11:00:00,Fog,Auto,high
940,12.8912,77.60637,Sarjapur Road,Minor,2024-03-25,21:00,2024-03-25 21:00:00,Fog,Bus,medium
941,12.832722,77.687373,Hosur Road,Severe,2023-03-01,23:00,2023-03-01 23:00:00,Fog,Bike,high
942,13.138696,77.469583,Airport Road,Severe,2023-05-09,08:00,2023-05-09 08:00:00,Rain,Auto,medium
943,12.997064,77.675564,Indiranagar 100ft Road,Minor,2024-04-27,16:00,2024-04-27 16:00:00,Fog,Car,low
944,13.143857,77.618262,Airport Road,Minor,2023-12-02,23:00,2023-12-02 23:00:00,Rain,Bike,medium
945,13.164228,77.740065,Airport Road,Fatal,2024-04-14,07:00,2024-04-14 07:00:00,Clear,Bus,medium
946,12.811271,77.730073,Hosur Road,Minor,2024-11-23,07:00,2024-11-23 07:00:00,Fog,Car,high
947,12.887512,77.497096,Bannerghatta Road,Severe,2025-02-26,17:00,2025-02-26 17:00:00,Fog,Truck,medium
948,13.051529,77.798576,Whitefield Main Road,Minor,2024-04-09,04:00,2024-04-09 04:00:00,Clear,Bike,high
949,12.869391,77.72679,Hosur Road,Severe,2022-11-17,18:00,2022-11-17 18:00:00,Rain,Bus,high
950,13.081062,77.53675,Airport Road,Minor,2024-01-25,15:00,2024-01-25 15:00:00,Fog,Bus,medium
951,13.061979,77.528977,Airport Road,Minor,2025-01-11,14:00,2025-01-11 14:00:00,Clear,Bus,medium
952,12.973252,77.699881,Marathahalli Bridge Road,Minor,2022-11-06,14:00,2022-11-06 14:00:00,Rain,Auto,high
953,12.80405,77.75573,Hosur Road,Severe,2022-11-14,08:00,2022-11-14 08:00:00,Clear,Auto,high
954,13.020297,77.427762,Old Madras Road,Minor,2024-06-05,00:00,2024-06-05 00:00:00,Clear,Bus,high
955,12.967226,77.453532,Bannerghatta Road,Severe,2024-02-03,22:00,2024-02-03 22:00:00,Rain,Truck,medium
956,13.071297,77.674879,Airport Road,Severe,2024-10-01,10:00,2024-10-01 10:00:00,Clear,Auto,medium
957,13.141356,77.559355,Airport Road,Minor,2025-02-06,12:00,2025-02-06 12:00:00,Clear,Truck,medium
958,12.842432,77.532249,Bannerghatta Road,Minor,2023-08-10,22:00,2023-08-10 22:00:00,Clear,Bike,medium
959,13.177256,77.679477,Airport Road,Minor,2023-05-18,23:00,2023-05-18 23:00:00,Fog,Auto,medium
960,13.039741,77.684108,Indiranagar 100ft Road,Minor,2024-11-04,11:00,2024-11-04 11:00:00,Fog,Truck,low
961,13.051653,77.469846,Airport Road,Minor,2023-04-21,04:00,2023-04-21 04:00:00,Fog,Bus,medium
962,12.935947,77.634153,Koramangala 80ft Road,Fatal,2024-11-18,05:00,2024-11-18 05:00:00,Fog,Bike,low
963,12.803028,77.735954,Hosur Road,Minor,2022-03-01,02:00,2022-03-01 02:00:00,Rain,Truck,high
964,13.16526,77.416901,Airport Road,Severe,2023-01-31,06:00,2023-01-31 06:00:00,Clear,Bus,medium
965,13.02565,77.560808,Old Madras Road,Severe,2022-11-13,16:00,2022-11-13 16:00:00,Clear,Truck,high
966,12.911831,77.445715,Bannerghatta Road,Severe,2022-04-09,01:00,2022-04-09 01:00:00,Fog,Bike,medium
967,13.122717,77.743378,Airport Road,Minor,2024-04-21,21:00,2024-04-21 21:00:00,Clear,Bus,medium
968,12.990932,77.455311,Old Madras Road,Fatal,2024-05-16,07:00,2024-05-16 07:00:00,Clear,Bus,high
969,12.829481,77.572145,Hosur Road,Minor,2023-09-30,20:00,2023-09-30 20:00:00,Rain,Bike,high
970,12.910044,77.54206,Bannerghatta Road,Fatal,2022-01-04,19:00,2022-01-04 19:00:00,Fog,Truck,medium
971,12.935355,77.483652,Bannerghatta Road,Minor,2024-09-19,07:00,2024-09-19 07:00:00,Fog,Car,medium
972,13.068004,77.781307,Whitefield Main Road,Fatal,2023-01-09,10:00,2023-01-09 10:00:00,Clear,Car,high
973,13.190682,77.605363,Airport Road,Minor,2024-08-30,09:00,2024-08-30 09:00:00,Fog,Bike,medium
974,12.860313,77.562874,Bannerghatta Road,Minor,2022-07-14,20:00,2022-07-14 20:00:00,Fog,Car,medium
975,12.929567,77.599919,Bannerghatta Road,Minor,2023-07-09,09:00,2023-07-09 09:00:00,Clear,Bus,medium
976,13.120165,77.686544,Airport Road,Severe,2025-03-27,07:00,2025-03-27 07:00:00,Rain,Car,medium
977,13.177289,77.715085,Airport Road,Fatal,2023-09-06,21:00,2023-09-06 21:00:00,Fog,Bike,medium
978,13.169888,77.697046,Airport Road,Fatal,2024-02-21,21:00,2024-02-21 21:00:00,Rain,Bus,medium
979,13.032628,77.549769,Old Madras Road,Severe,2024-10-19,12:00,2024-10-19 12:00:00,Clear,Car,high
980,13.106556,77.662783,Airport Road,Severe,2024-10-09,16:00,2024-10-09 16:00:00,Fog,Auto,medium
981,13.120335,77.542765,Airport Road,Minor,2023-01-20,17:00,2023-01-20 17:00:00,Rain,Bus,medium
982,13.108723,77.741626,Whitefield Main Road,Minor,2023-03-25,14:00,2023-03-25 14:00:00,Fog,Car,high
983,12.942946,77.634673,Koramangala 80ft Road,Severe,2024-01-03,21:00,2024-01-03 21:00:00,Fog,Bus,low
984,12.833881,77.534512,Bannerghatta Road,Fatal,2022-08-27,03:00,2022-08-27 03:00:00,Fog,Truck,medium
985,12.974044,77.639208,Indiranagar 100ft Road,Minor,2022-01-31,02:00,2022-01-31 02:00:00,Clear,Truck,low
986,12.979437,77.584127,Old Madras Road,Severe,2023-08-21,17:00,2023-08-21 17:00:00,Fog,Auto,high
987,13.106437,77.452273,Airport Road,Minor,2022-12-30,00:00,2022-12-30 00:00:00,Rain,Car,medium
988,12.935501,77.776475,Whitefield Main Road,Minor,2023-09-08,19:00,2023-09-08 19:00:00,Clear,Bus,high
989,13.052163,77.714219,Whitefield Main Road,Minor,2023-02-20,14:00,2023-02-20 14:00:00,Fog,Bike,high
990,12.888439,77.439048,Bannerghatta Road,Severe,2023-10-02,13:00,2023-10-02 13:00:00,Fog,Auto,medium
991,12.898302,77.615497,Sarjapur Road,Minor,2023-10-14,05:00,2023-10-14 05:00:00,Fog,Bus,medium
992,12.957997,77.450369,Bannerghatta Road,Minor,2022-07-19,21:00,2022-07-19 21:00:00,Rain,Bus,medium
993,13.024228,77.713702,Whitefield Main Road,Minor,2022-12-05,15:00,2022-12-05 15:00:00,Fog,Bus,high
994,13.139692,77.783499,Whitefield Main Road,Severe,2024-02-21,07:00,2024-02-21 07:00:00,Clear,Bus,high
995,13.012907,77.550983,Old Madras Road,Severe,2022-04-28,08:00,2022-04-28 08:00:00,Rain,Bus,high
996,12.92425,77.724942,Marathahalli Bridge Road,Minor,2023-03-01,09:00,2023-03-01 09:00:00,Fog,Bus,high
997,12.970011,77.404328,Bannerghatta Road,Minor,2023-06-03,07:00,2023-06-03 07:00:00,Rain,Truck,medium
998,13.079428,77.495625,Airport Road,Severe,2024-10-30,10:00,2024-10-30 10:00:00,Clear,Truck,medium
999,13.146052,77.575644,Airport Road,Severe,2023-07-24,01:00,2023-07-24 01:00:00,Rain,Bus,medium
1000,12.874342,77.663305,Hosur Road,Minor,2023-04-01,06:00,2023-04-01 06:00:00,Fog,Truck,high
1001,13.192143,77.674731,Airport Road,Fatal,2022-08-05,18:00,2022-08-05 18:00:00,Rain,Bus,medium
1002,13.036625,77.512179,Airport Road,Minor,2023-08-17,06:00,2023-08-17 06:00:00,Fog,Bike,medium
1003,12.863376,77.539011,Bannerghatta Road,Minor,2024-03-09,15:00,2024-03-09 15:00:00,Clear,Auto,medium
1004,12.929268,77.636578,Koramangala 80ft Road,Minor,2023-12-20,16:00,2023-12-20 16:00:00,Rain,Bike,low
1005,13.03107,77.668531,Indiranagar 100ft Road,Minor,2023-06-07,21:00,2023-06-07 21:00:00,Rain,Bike,low
1006,13.075043,77.510593,Airport Road,Minor,2023-07-23,23:00,2023-07-23 23:00:00,Clear,Car,medium
1007,12.911368,77.672486,Outer Ring Road,Minor,2024-02-01,19:00,2024-02-01 19:00:00,Clear,Truck,high
1008,12.965884,77.596285,Old Madras Road,Fatal,2022-03-22,13:00,2022-03-22 13:00:00,Rain,Auto,high
1009,12.808663,77.442338,Bannerghatta Road,Minor,2023-07-04,19:00,2023-07-04 19:00:00,Rain,Car,medium
1010,13.103007,77.489773,Airport Road,Minor,2022-05-01,21:00,2022-05-01 21:00:00,Clear,Bike,medium
1011,13.161854,77.451876,Airport Road,Minor,2022-10-10,06:00,2022-10-10 06:00:00,Fog,Car,medium
1012,13.075089,77.712605,Whitefield Main Road,Severe,2024-05-08,00:00,2024-05-08 00:00:00,Rain,Auto,high
1013,12.82141,77.419024,Bannerghatta Road,Minor,2022-01-04,11:00,2022-01-04 11:00:00,Clear,Car,medium
1014,12.976971,77.507575,Old Madras Road,Minor,2022-02-23,21:00,2022-02-23 21:00:00,Clear,Car,high
1015,12.819686,77.6252,Hosur Road,Minor,2024-02-10,11:00,2024-02-10 11:00:00,Rain,Auto,high
1016,12.901246,77.409762,Bannerghatta Road,Fatal,2022-10-26,01:00,2022-10-26 01:00:00,Fog,Car,medium
1017,13.08528,77.620121,Airport Road,Minor,2022-02-24,11:00,2022-02-24 11:00:00,Clear,Car,medium
1018,12.928899,77.72634,Marathahalli Bridge Road,Minor,2023-03-23,16:00,2023-03-23 16:00:00,Clear,Bus,high
1019,13.085618,77.474252,Airport Road,Severe,2025-01-24,18:00,2025-01-24 18:00:00,Fog,Bus,medium
1020,12.806367,77.773761,Hosur Road,Fatal,2024-03-21,08:00,2024-03-21 08:00:00,Clear,Truck,high
1021,12.875131,77.650631,Hosur Road,Minor,2024-11-13,08:00,2024-11-13 08:00:00,Fog,Bus,high
1022,12.820506,77.44974,Bannerghatta Road,Severe,2023-03-11,03:00,2023-03-11 03:00:00,Rain,Truck,medium
1023,12.845366,77.763935,Hosur Road,Severe,2023-07-15,10:00,2023-07-15 10:00:00,Clear,Bus,high
1024,13.070787,77.43946,Airport Road,Minor,2024-06-30,11:00,2024-06-30 11:00:00,Rain,Bike,medium
1025,12.809025,77.66907,Hosur Road,Minor,2024-10-19,19:00,2024-10-19 19:00:00,Clear,Auto,high
1026,12.935507,77.668539,Outer Ring Road,Severe,2024-08-29,20:00,2024-08-29 20:00:00,Clear,Bike,high
1027,12.928794,77.652117,Outer Ring Road,Minor,2022-08-15,21:00,2022-08-15 21:00:00,Clear,Bike,high
1028,12.865294,77.484135,Bannerghatta Road,Fatal,2022-10-03,00:00,2022-10-03 00:00:00,Fog,Car,medium
1029,13.192248,77.440177,Airport Road,Minor,2022-11-13,11:00,2022-11-13 11:00:00,Clear,Bus,medium
1030,12.845701,77.575402,Sarjapur Road,Minor,2024-10-05,04:00,2024-10-05 04:00:00,Fog,Bike,medium
1031,13.045021,77.41957,Airport Road,Minor,2022-08-10,05:00,2022-08-10 05:00:00,Rain,Truck,medium
1032,12.936368,77.775803,Whitefield Main Road,Severe,2024-03-04,18:00,2024-03-04 18:00:00,Fog,Car,high
1033,13.073553,77.71642,Whitefield Main Road,Severe,2024-08-13,08:00,2024-08-13 08:00:00,Fog,Truck,high
1034,13.08094,77.568134,Airport Road,Minor,2025-02-25,02:00,2025-02-25 02:00:00,Rain,Car,medium
1035,12.926671,77.564097,Bannerghatta Road,Fatal,2022-01-17,08:00,2022-01-17 08:00:00,Rain,Auto,medium
1036,13.149159,77.591707,Airport Road,Severe,2024-08-21,16:00,2024-08-21 16:00:00,Rain,Bike,medium
1037,12.918942,77.645157,Outer Ring Road,Minor,2022-05-31,05:00,2022-05-31 05:00:00,Rain,Auto,high
1038,13.11715,77.761138,Whitefield Main Road,Minor,2022-11-12,03:00,2022-11-12 03:00:00,Fog,Truck,high
1039,12.935295,77.718153,Marathahalli Bridge Road,Fatal,2024-01-28,10:00,2024-01-28 10:00:00,Clear,Bus,high
1040,13.088075,77.473852,Airport Road,Severe,2024-08-24,10:00,2024-08-24 10:00:00,Fog,Auto,medium
1041,12.882537,77.437799,Bannerghatta Road,Minor,2024-07-16,07:00,2024-07-16 07:00:00,Clear,Car,medium
1042,13.172995,77.678163,Airport Road,Minor,2023-02-04,22:00,2023-02-04 22:00:00,Clear,Bike,medium
1043,13.179879,77.627544,Airport Road,Minor,2024-01-22,08:00,2024-01-22 08:00:00,Rain,Bike,medium
1044,12.98132,77.573012,Old Madras Road,Severe,2023-01-21,09:00,2023-01-21 09:00:00,Clear,Truck,high
1045,12.832677,77.597212,Hosur Road,Minor,2023-12-27,12:00,2023-12-27 12:00:00,Fog,Auto,high
1046,12.842238,77.728609,Hosur Road,Minor,2023-06-05,06:00,2023-06-05 06:00:00,Rain,Car,high
1047,12.887253,77.730227,Marathahalli Bridge Road,Minor,2022-04-22,01:00,2022-04-22 01:00:00,Rain,Car,high
1048,13.035337,77.663077,Indiranagar 100ft Road,Minor,2024-06-03,01:00,2024-06-03 01:00:00,Fog,Truck,low
1049,13.106676,77.654406,Airport Road,Fatal,2022-05-16,04:00,2022-05-16 04:00:00,Fog,Truck,medium
1050,12.902491,77.431344,Bannerghatta Road,Minor,2022-03-23,17:00,2022-03-23 17:00:00,Clear,Auto,medium
1051,13.07404,77.431523,Airport Road,Severe,2024-07-03,10:00,2024-07-03 10:00:00,Clear,Auto,medium
1052,13.085183,77.506834,Airport Road,Minor,2024-10-26,14:00,2024-10-26 14:00:00,Fog,Truck,medium
1053,12.988988,77.495043,Old Madras Road,Severe,2024-12-12,13:00,2024-12-12 13:00:00,Clear,Bike,high
1054,13.047859,77.45915,Airport Road,Severe,2022-12-04,12:00,2022-12-04 12:00:00,Rain,Bike,medium
1055,13.100934,77.435009,Airport Road,Minor,2023-10-08,20:00,2023-10-08 20:00:00,Fog,Bike,medium
1056,13.060992,77.636986,Airport Road,Fatal,2022-06-29,16:00,2022-06-29 16:00:00,Clear,Bike,medium
1057,12.868139,77.571686,Bannerghatta Road,Severe,2024-06-16,02:00,2024-06-16 02:00:00,Fog,Bus,medium
1058,13.163964,77.771011,Airport Road,Fatal,2024-06-19,06:00,2024-06-19 06:00:00,Clear,Bike,medium
1059,12.99076,77.529491,Old Madras Road,Minor,2022-01-25,13:00,2022-01-25 13:00:00,Fog,Car,high
1060,13.197162,77.691139,Airport Road,Minor,2022-03-30,21:00,2022-03-30 21:00:00,Fog,Bus,medium
1061,12.989096,77.78506,Whitefield Main Road,Severe,2024-04-17,20:00,2024-04-17 20:00:00,Rain,Bus,high
1062,12.956179,77.608171,Old Madras Road,Severe,2022-02-20,05:00,2022-02-20 05:00:00,Clear,Auto,high
1063,13.077355,77.52242,Airport Road,Severe,2022-01-07,20:00,2022-01-07 20:00:00,Clear,Bus,medium
1064,13.035408,77.591525,Old Madras Road,Minor,2023-06-26,19:00,2023-06-26 19:00:00,Rain,Car,high
1065,12.83017,77.75669,Hosur Road,Minor,2022-06-28,18:00,2022-06-28 18:00:00,Rain,Car,high
1066,12.856552,77.480502,Bannerghatta Road,Minor,2025-02-01,05:00,2025-02-01 05:00:00,Clear,Car,medium
1067,13.124931,77.670468,Airport Road,Fatal,2022-06-05,02:00,2022-06-05 02:00:00,Fog,Truck,medium
1068,12.973142,77.601997,Old Madras Road,Minor,2024-05-03,12:00,2024-05-03 12:00:00,Clear,Auto,high
1069,13.101549,77.45443,Airport Road,Minor,2022-10-14,08:00,2022-10-14 08:00:00,Clear,Truck,medium
1070,12.924421,77.457347,Bannerghatta Road,Severe,2022-10-21,02:00,2022-10-21 02:00:00,Clear,Bike,medium
1071,12.919345,77.601458,Sarjapur Road,Severe,2022-05-06,08:00,2022-05-06 08:00:00,Rain,Car,medium
1072,12.865878,77.629612,Hosur Road,Severe,2022-01-15,07:00,2022-01-15 07:00:00,Fog,Bike,high
1073,13.008207,77.559252,Old Madras Road,Severe,2022-07-25,22:00,2022-07-25 22:00:00,Clear,Bike,high
1074,13.132611,77.715466,Airport Road,Severe,2023-04-11,17:00,2023-04-11 17:00:00,Fog,Truck,medium
1075,13.075821,77.651921,Airport Road,Minor,2022-12-08,01:00,2022-12-08 01:00:00,Fog,Car,medium
1076,13.187333,77.757887,Airport Road,Severe,2023-01-20,09:00,2023-01-20 09:00:00,Rain,Bus,medium
1077,12.900763,77.711158,Marathahalli Bridge Road,Severe,2022-01-15,16:00,2022-01-15 16:00:00,Clear,Truck,high
1078,12.914535,77.596172,Bannerghatta Road,Minor,2023-01-15,02:00,2023-01-15 02:00:00,Rain,Bus,medium
1079,13.189789,77.613494,Airport Road,Severe,2025-04-15,20:00,2025-04-15 20:00:00,Fog,Bike,medium
1080,13.088476,77.41665,Airport Road,Minor,2022-07-05,15:00,2022-07-05 15:00:00,Rain,Bike,medium
1081,12.859028,77.506492,Bannerghatta Road,Minor,2023-05-07,05:00,2023-05-07 05:00:00,Clear,Bike,medium
1082,12.954594,77.479644,Bannerghatta Road,Fatal,2022-09-23,23:00,2022-09-23 23:00:00,Fog,Truck,medium
1083,12.807686,77.433105,Bannerghatta Road,Fatal,2023-02-12,12:00,2023-02-12 12:00:00,Fog,Bus,medium
1084,12.90962,77.503703,Bannerghatta Road,Severe,2024-09-10,04:00,2024-09-10 04:00:00,Clear,Auto,medium
1085,13.021366,77.575205,Old Madras Road,Severe,2022-06-05,02:00,2022-06-05 02:00:00,Clear,Bike,high
1086,12.901687,77.480524,Bannerghatta Road,Fatal,2023-11-16,00:00,2023-11-16 00:00:00,Fog,Bus,medium
1087,12.918246,77.414681,Bannerghatta Road,Severe,2023-05-07,23:00,2023-05-07 23:00:00,Rain,Bus,medium
1088,12.941619,77.766566,Whitefield Main Road,Minor,2024-05-14,01:00,2024-05-14 01:00:00,Clear,Truck,high
1089,12.986098,77.760282,Whitefield Main Road,Severe,2022-02-02,08:00,2022-02-02 08:00:00,Clear,Bus,high
1090,12.821921,77.566254,Hosur Road,Severe,2023-12-30,05:00,2023-12-30 05:00:00,Fog,Car,high
1091,12.88845,77.691056,Outer Ring Road,Minor,2023-08-28,05:00,2023-08-28 05:00:00,Rain,Car,high
1092,12.816824,77.711487,Hosur Road,Minor,2022-07-15,06:00,2022-07-15 06:00:00,Clear,Car,high
1093,13.003555,77.489131,Old Madras Road,Fatal,2022-04-26,16:00,2022-04-26 16:00:00,Fog,Car,high
1094,13.005534,77.755176,Whitefield Main Road,Minor,2024-03-20,11:00,2024-03-20 11:00:00,Rain,Auto,high
1095,12.928564,77.481238,Bannerghatta Road,Minor,2024-04-25,04:00,2024-04-25 04:00:00,Clear,Truck,medium
1096,12.939397,77.764641,Whitefield Main Road,Fatal,2024-04-19,04:00,2024-04-19 04:00:00,Clear,Truck,high
1097,13.171831,77.654912,Airport Road,Fatal,2024-06-30,20:00,2024-06-30 20:00:00,Rain,Auto,medium
1098,12.952065,77.78529,Whitefield Main Road,Severe,2024-07-07,01:00,2024-07-07 01:00:00,Clear,Truck,high
1099,12.931419,77.784582,Whitefield Main Road,Minor,2022-02-10,21:00,2022-02-10 21:00:00,Clear,Bike,high
1100,13.144563,77.785312,Whitefield Main Road,Fatal,2025-02-06,05:00,2025-02-06 05:00:00,Rain,Auto,high
1101,12.851277,77.522573,Bannerghatta Road,Minor,2024-01-27,02:00,2024-01-27 02:00:00,Rain,Bus,medium
1102,12.927826,77.423512,Bannerghatta Road,Severe,2024-10-07,21:00,2024-10-07 21:00:00,Fog,Bike,medium
1103,12.883111,77.474558,Bannerghatta Road,Fatal,2022-05-08,06:00,2022-05-08 06:00:00,Rain,Bike,medium
1104,13.128744,77.78263,Whitefield Main Road,Severe,2022-09-29,18:00,2022-09-29 18:00:00,Fog,Bus,high
1105,12.840386,77.798134,Hosur Road,Severe,2023-09-20,10:00,2023-09-20 10:00:00,Rain,Bike,high
1106,12.898429,77.409238,Bannerghatta Road,Fatal,2024-10-27,16:00,2024-10-27 16:00:00,Clear,Auto,medium
1107,12.907891,77.473214,Bannerghatta Road,Minor,2022-12-23,05:00,2022-12-23 05:00:00,Clear,Auto,medium
1108,13.183245,77.427101,Airport Road,Fatal,2024-04-18,06:00,2024-04-18 06:00:00,Clear,Auto,medium
1109,13.150095,77.63992,Airport Road,Minor,2022-02-25,13:00,2022-02-25 13:00:00,Rain,Auto,medium
1110,13.096911,77.636116,Airport Road,Severe,2022-03-22,08:00,2022-03-22 08:00:00,Fog,Bus,medium
1111,12.814581,77.729707,Hosur Road,Minor,2023-02-17,04:00,2023-02-17 04:00:00,Clear,Car,high
1112,13.00933,77.714578,Marathahalli Bridge Road,Severe,2023-09-21,20:00,2023-09-21 20:00:00,Rain,Truck,high
1113,12.840389,77.544302,Bannerghatta Road,Minor,2022-06-21,06:00,2022-06-21 06:00:00,Rain,Bus,medium
1114,13.064126,77.764295,Whitefield Main Road,Minor,2022-08-13,08:00,2022-08-13 08:00:00,Clear,Bus,high
1115,13.18933,77.626171,Airport Road,Minor,2023-03-28,10:00,2023-03-28 10:00:00,Clear,Car,medium
1116,12.990861,77.422137,Old Madras Road,Minor,2023-07-28,18:00,2023-07-28 18:00:00,Clear,Car,high
1117,13.007669,77.605577,Old Madras Road,Minor,2023-10-20,14:00,2023-10-20 14:00:00,Fog,Truck,high
1118,12.917013,77.727446,Marathahalli Bridge Road,Minor,2025-04-05,22:00,2025-04-05 22:00:00,Rain,Bike,high
1119,13.175857,77.573071,Airport Road,Minor,2025-03-14,00:00,2025-03-14 00:00:00,Fog,Car,medium
1120,13.155693,77.627894,Airport Road,Severe,2023-02-28,21:00,2023-02-28 21:00:00,Fog,Auto,medium
1121,13.041409,77.774494,Whitefield Main Road,Minor,2023-06-25,07:00,2023-06-25 07:00:00,Clear,Car,high
1122,13.058048,77.70902,Whitefield Main Road,Minor,2023-02-13,20:00,2023-02-13 20:00:00,Rain,Auto,high
1123,12.924998,77.597269,Bannerghatta Road,Minor,2022-07-15,20:00,2022-07-15 20:00:00,Fog,Auto,medium
1124,12.989662,77.782375,Whitefield Main Road,Minor,2023-04-21,08:00,2023-04-21 08:00:00,Fog,Car,high
1125,12.99992,77.785215,Whitefield Main Road,Minor,2024-06-06,04:00,2024-06-06 04:00:00,Clear,Truck,high
1126,12.855901,77.72384,Hosur Road,Minor,2024-10-26,06:00,2024-10-26 06:00:00,Rain,Car,high
1127,13.004407,77.628462,Indiranagar 100ft Road,Minor,2023-11-22,17:00,2023-11-22 17:00:00,Fog,Truck,low
1128,12.991376,77.595757,Old Madras Road,Minor,2023-05-27,03:00,2023-05-27 03:00:00,Clear,Auto,high
1129,12.852519,77.737103,Hosur Road,Severe,2025-04-01,01:00,2025-04-01 01:00:00,Rain,Car,high
1130,13.083976,77.583962,Airport Road,Minor,2024-07-03,03:00,2024-07-03 03:00:00,Rain,Bike,medium
1131,13.152007,77.645683,Airport Road,Fatal,2023-01-14,21:00,2023-01-14 21:00:00,Rain,Bus,medium
1132,13.011824,77.443777,Old Madras Road,Minor,2024-10-04,00:00,2024-10-04 00:00:00,Rain,Car,high
1133,12.80362,77.590053,Hosur Road,Fatal,2024-03-28,04:00,2024-03-28 04:00:00,Fog,Auto,high
1134,12.814858,77.592372,Hosur Road,Severe,2024-11-30,08:00,2024-11-30 08:00:00,Clear,Auto,high
1135,12.914397,77.46572,Bannerghatta Road,Minor,2023-04-14,06:00,2023-04-14 06:00:00,Rain,Auto,medium
1136,13.177668,77.605894,Airport Road,Minor,2023-04-26,01:00,2023-04-26 01:00:00,Rain,Auto,medium
1137,13.176248,77.473861,Airport Road,Minor,2023-09-27,23:00,2023-09-27 23:00:00,Clear,Auto,medium
1138,12.821991,77.565243,Hosur Road,Severe,2023-10-16,00:00,2023-10-16 00:00:00,Rain,Truck,high
1139,13.110544,77.667337,Airport Road,Severe,2023-04-04,06:00,2023-04-04 06:00:00,Clear,Car,medium
1140,13.119214,77.418174,Airport Road,Minor,2024-03-02,20:00,2024-03-02 20:00:00,Clear,Car,medium
1141,12.899642,77.699366,Outer Ring Road,Severe,2023-01-10,18:00,2023-01-10 18:00:00,Clear,Bus,high
1142,12.909942,77.781636,Whitefield Main Road,Minor,2024-12-13,19:00,2024-12-13 19:00:00,Clear,Auto,high
1143,13.113079,77.689725,Airport Road,Fatal,2023-04-07,22:00,2023-04-07 22:00:00,Fog,Auto,medium
1144,13.169364,77.751943,Airport Road,Severe,2023-09-22,04:00,2023-09-22 04:00:00,Fog,Bike,medium
1145,13.003415,77.420096,Old Madras Road,Severe,2023-08-07,22:00,2023-08-07 22:00:00,Rain,Truck,high
1146,12.906667,77.674721,Outer Ring Road,Minor,2023-04-22,22:00,2023-04-22 22:00:00,Fog,Truck,high
1147,13.148236,77.732601,Airport Road,Minor,2022-05-25,06:00,2022-05-25 06:00:00,Clear,Auto,medium
1148,12.955497,77.781921,Whitefield Main Road,Minor,2024-11-16,07:00,2024-11-16 07:00:00,Rain,Auto,high
1149,13.029292,77.645319,Indiranagar 100ft Road,Severe,2022-03-03,13:00,2022-03-03 13:00:00,Rain,Car,low
1150,12.869688,77.44604,Bannerghatta Road,Minor,2022-03-12,21:00,2022-03-12 21:00:00,Rain,Truck,medium
1151,13.130041,77.587413,Airport Road,Severe,2023-09-19,09:00,2023-09-19 09:00:00,Clear,Truck,medium
1152,13.173694,77.738882,Airport Road,Minor,2023-01-01,12:00,2023-01-01 12:00:00,Fog,Truck,medium
1153,12.965013,77.457238,Bannerghatta Road,Minor,2023-11-02,18:00,2023-11-02 18:00:00,Clear,Truck,medium
1154,13.153297,77.503506,Airport Road,Severe,2023-04-16,08:00,2023-04-16 08:00:00,Fog,Auto,medium
1155,13.158808,77.617334,Airport Road,Minor,2024-07-01,08:00,2024-07-01 08:00:00,Rain,Bus,medium
1156,12.871495,77.756202,Hosur Road,Severe,2023-01-29,03:00,2023-01-29 03:00:00,Rain,Bus,high
1157,13.080022,77.619185,Airport Road,Severe,2025-03-19,01:00,2025-03-19 01:00:00,Rain,Truck,medium
1158,12.832999,77.692467,Hosur Road,Severe,2023-07-13,04:00,2023-07-13 04:00:00,Rain,Truck,high
1159,12.909371,77.485099,Bannerghatta Road,Fatal,2024-08-10,12:00,2024-08-10 12:00:00,Fog,Truck,medium
1160,13.072398,77.518002,Airport Road,Minor,2022-11-12,13:00,2022-11-12 13:00:00,Clear,Bike,medium
1161,13.024085,77.746151,Whitefield Main Road,Severe,2023-07-25,15:00,2023-07-25 15:00:00,Fog,Auto,high
1162,12.871334,77.796184,Whitefield Main Road,Fatal,2024-01-25,06:00,2024-01-25 06:00:00,Rain,Car,high
1163,13.135508,77.723518,Airport Road,Severe,2023-06-18,17:00,2023-06-18 17:00:00,Clear,Bike,medium
1164,12.883313,77.62868,Outer Ring Road,Severe,2023-04-17,23:00,2023-04-17 23:00:00,Clear,Bike,high
1165,12.878918,77.584546,Sarjapur Road,Fatal,2024-03-25,16:00,2024-03-25 16:00:00,Rain,Auto,medium
1166,13.186507,77.465711,Airport Road,Severe,2023-07-14,03:00,2023-07-14 03:00:00,Clear,Auto,medium
1167,12.887784,77.442579,Bannerghatta Road,Minor,2023-02-23,04:00,2023-02-23 04:00:00,Fog,Car,medium
1168,13.097063,77.498174,Airport Road,Minor,2023-12-05,19:00,2023-12-05 19:00:00,Clear,Truck,medium
1169,13.048938,77.726029,Whitefield Main Road,Severe,2022-03-09,00:00,2022-03-09 00:00:00,Clear,Car,high
1170,13.051626,77.761984,Whitefield Main Road,Severe,2023-01-03,22:00,2023-01-03 22:00:00,Rain,Bus,high
1171,13.029079,77.515575,Old Madras Road,Minor,2023-05-09,09:00,2023-05-09 09:00:00,Fog,Car,high
1172,13.189798,77.545911,Airport Road,Minor,2023-10-16,07:00,2023-10-16 07:00:00,Rain,Car,medium
1173,12.913428,77.450604,Bannerghatta Road,Severe,2024-02-06,01:00,2024-02-06 01:00:00,Clear,Auto,medium
1174,12.821393,77.505111,Bannerghatta Road,Minor,2025-03-04,18:00,2025-03-04 18:00:00,Fog,Car,medium
1175,13.034903,77.760716,Whitefield Main Road,Fatal,2024-12-27,09:00,2024-12-27 09:00:00,Fog,Auto,high
1176,12.829414,77.614669,Hosur Road,Severe,2024-06-15,09:00,2024-06-15 09:00:00,Fog,Auto,high
1177,12.929386,77.481487,Bannerghatta Road,Minor,2022-09-17,22:00,2022-09-17 22:00:00,Clear,Auto,medium
1178,13.159756,77.617301,Airport Road,Minor,2023-05-27,02:00,2023-05-27 02:00:00,Clear,Bus,medium
1179,13.062777,77.519675,Airport Road,Minor,2023-08-20,03:00,2023-08-20 03:00:00,Fog,Truck,medium
1180,12.821624,77.643424,Hosur Road,Severe,2022-09-14,19:00,2022-09-14 19:00:00,Rain,Bike,high
1181,12.886513,77.505201,Bannerghatta Road,Fatal,2024-07-13,20:00,2024-07-13 20:00:00,Fog,Car,medium
1182,13.090865,77.590194,Airport Road,Severe,2024-08-05,15:00,2024-08-05 15:00:00,Clear,Auto,medium
1183,13.131846,77.475549,Airport Road,Minor,2022-02-21,15:00,2022-02-21 15:00:00,Rain,Truck,medium
1184,13.060227,77.660059,Airport Road,Minor,2024-02-06,07:00,2024-02-06 07:00:00,Clear,Bus,medium
1185,12.86748,77.679274,Hosur Road,Minor,2022-01-23,18:00,2022-01-23 18:00:00,Clear,Car,high
1186,12.946751,77.719239,Marathahalli Bridge Road,Fatal,2024-05-09,07:00,2024-05-09 07:00:00,Clear,Bus,high
1187,13.068061,77.692437,Airport Road,Minor,2024-01-25,21:00,2024-01-25 21:00:00,Fog,Bike,medium
1188,13.091621,77.512735,Airport Road,Fatal,2025-02-18,18:00,2025-02-18 18:00:00,Rain,Auto,medium
1189,13.035848,77.571387,Old Madras Road,Severe,2025-03-05,00:00,2025-03-05 00:00:00,Fog,Truck,high
1190,12.819635,77.66143,Hosur Road,Minor,2024-10-01,15:00,2024-10-01 15:00:00,Rain,Bike,high
1191,13.082911,77.51741,Airport Road,Severe,2024-03-25,04:00,2024-03-25 04:00:00,Fog,Auto,medium
1192,12.908289,77.778186,Whitefield Main Road,Minor,2023-01-01,20:00,2023-01-01 20:00:00,Rain,Bus,high
1193,12.939438,77.791979,Whitefield Main Road,Fatal,2023-11-08,15:00,2023-11-08 15:00:00,Clear,Car,high
1194,13.075274,77.538123,Airport Road,Severe,2023-09-04,16:00,2023-09-04 16:00:00,Rain,Auto,medium
1195,13.112915,77.701922,Airport Road,Severe,2022-12-03,06:00,2022-12-03 06:00:00,Rain,Bike,medium
1196,12.853402,77.674523,Hosur Road,Minor,2024-07-29,21:00,2024-07-29 21:00:00,Fog,Truck,high
1197,13.042905,77.736602,Whitefield Main Road,Fatal,2022-07-30,23:00,2022-07-30 23:00:00,Rain,Truck,high
1198,13.0941,77.46452,Airport Road,Minor,2025-03-21,12:00,2025-03-21 12:00:00,Clear,Auto,medium
1199,13.175168,77.6276,Airport Road,Severe,2024-12-06,14:00,2024-12-06 14:00:00,Clear,Bus,medium
1200,13.069332,77.590176,Airport Road,Minor,2024-06-03,11:00,2024-06-03 11:00:00,Rain,Truck,medium
1201,13.117379,77.612864,Airport Road,Severe,2023-01-27,18:00,2023-01-27 18:00:00,Rain,Truck,medium
1202,13.103518,77.598326,Airport Road,Minor,2022-08-15,11:00,2022-08-15 11:00:00,Clear,Car,medium
1203,12.856089,77.703216,Hosur Road,Minor,2022-09-05,05:00,2022-09-05 05:00:00,Fog,Bus,high
1204,12.801817,77.631706,Hosur Road,Minor,2024-04-06,22:00,2024-04-06 22:00:00,Fog,Auto,high
1205,12.886824,77.408141,Bannerghatta Road,Minor,2025-01-08,16:00,2025-01-08 16:00:00,Clear,Bus,medium
1206,12.933285,77.722253,Marathahalli Bridge Road,Minor,2023-12-10,03:00,2023-12-10 03:00:00,Fog,Bike,high
1207,12.920303,77.596069,Bannerghatta Road,Fatal,2024-10-09,11:00,2024-10-09 11:00:00,Rain,Bike,medium
1208,13.056463,77.711849,Whitefield Main Road,Fatal,2024-01-10,02:00,2024-01-10 02:00:00,Fog,Bus,high
1209,13.109331,77.669539,Airport Road,Minor,2024-01-15,17:00,2024-01-15 17:00:00,Fog,Bus,medium
1210,12.999529,77.633314,Indiranagar 100ft Road,Fatal,2024-06-20,13:00,2024-06-20 13:00:00,Clear,Bus,low
1211,13.051545,77.444715,Airport Road,Severe,2024-08-18,06:00,2024-08-18 06:00:00,Rain,Bus,medium
1212,12.855595,77.728605,Hosur Road,Fatal,2024-02-05,06:00,2024-02-05 06:00:00,Rain,Car,high
1213,13.082222,77.623845,Airport Road,Severe,2023-10-03,22:00,2023-10-03 22:00:00,Clear,Bike,medium
1214,13.154698,77.43953,Airport Road,Minor,2024-05-09,22:00,2024-05-09 22:00:00,Fog,Bike,medium
1215,12.871176,77.555624,Bannerghatta Road,Minor,2022-11-29,21:00,2022-11-29 21:00:00,Clear,Bike,medium
1216,13.0608,77.425349,Airport Road,Minor,2024-05-07,08:00,2024-05-07 08:00:00,Fog,Car,medium
1217,12.894773,77.66304,Outer Ring Road,Minor,2023-11-17,18:00,2023-11-17 18:00:00,Clear,Bike,high
1218,12.860386,77.750112,Hosur Road,Minor,2022-12-28,11:00,2022-12-28 11:00:00,Clear,Truck,high
1219,13.095352,77.69829,Airport Road,Severe,2024-01-08,23:00,2024-01-08 23:00:00,Fog,Auto,medium
1220,13.037308,77.797759,Whitefield Main Road,Minor,2023-06-24,15:00,2023-06-24 15:00:00,Fog,Bus,high
1221,12.926176,77.641662,Outer Ring Road,Severe,2024-08-11,10:00,2024-08-11 10:00:00,Fog,Auto,high
1222,13.09487,77.608105,Airport Road,Fatal,2022-06-05,10:00,2022-06-05 10:00:00,Rain,Bike,medium
1223,12.862954,77.738453,Hosur Road,Minor,2024-09-01,08:00,2024-09-01 08:00:00,Clear,Auto,high
1224,12.927826,77.621534,Koramangala 80ft Road,Fatal,2024-01-12,23:00,2024-01-12 23:00:00,Fog,Car,low
1225,13.04358,77.540229,Airport Road,Minor,2024-01-19,18:00,2024-01-19 18:00:00,Rain,Car,medium
1226,12.932436,77.450262,Bannerghatta Road,Severe,2024-03-07,07:00,2024-03-07 07:00:00,Rain,Bike,medium
1227,12.958978,77.576523,Old Madras Road,Minor,2025-01-18,23:00,2025-01-18 23:00:00,Fog,Auto,high
1228,12.956368,77.648502,Indiranagar 100ft Road,Severe,2023-09-24,13:00,2023-09-24 13:00:00,Clear,Car,low
1229,13.192921,77.715671,Airport Road,Fatal,2023-09-20,18:00,2023-09-20 18:00:00,Fog,Truck,medium
1230,12.944716,77.53335,Bannerghatta Road,Minor,2024-07-29,20:00,2024-07-29 20:00:00,Clear,Bike,medium
1231,13.195558,77.677839,Airport Road,Fatal,2023-03-08,16:00,2023-03-08 16:00:00,Rain,Car,medium
1232,13.103384,77.639879,Airport Road,Minor,2022-03-06,16:00,2022-03-06 16:00:00,Clear,Truck,medium
1233,12.971122,77.53861,Old Madras Road,Severe,2023-09-12,02:00,2023-09-12 02:00:00,Fog,Auto,high
1234,12.944193,77.72323,Marathahalli Bridge Road,Fatal,2022-04-03,23:00,2022-04-03 23:00:00,Clear,Bike,high
1235,12.978919,77.55365,Old Madras Road,Minor,2023-04-03,01:00,2023-04-03 01:00:00,Clear,Bus,high
1236,12.965472,77.58546,Old Madras Road,Minor,2023-11-28,06:00,2023-11-28 06:00:00,Clear,Car,high
1237,13.192109,77.733344,Airport Road,Minor,2022-09-05,12:00,2022-09-05 12:00:00,Clear,Car,medium
1238,12.884795,77.709553,Hosur Road,Severe,2025-01-28,20:00,2025-01-28 20:00:00,Fog,Car,high
1239,13.045248,77.585431,Airport Road,Severe,2022-05-13,01:00,2022-05-13 01:00:00,Clear,Auto,medium
1240,12.858691,77.688866,Hosur Road,Minor,2023-07-31,00:00,2023-07-31 00:00:00,Rain,Truck,high
1241,12.976083,77.738458,Whitefield Main Road,Minor,2024-04-12,14:00,2024-04-12 14:00:00,Rain,Auto,high
1242,13.179428,77.438302,Airport Road,Minor,2023-09-27,08:00,2023-09-27 08:00:00,Fog,Car,medium
1243,12.824089,77.403607,Bannerghatta Road,Minor,2022-09-19,00:00,2022-09-19 00:00:00,Fog,Truck,medium
1244,12.858802,77.492788,Bannerghatta Road,Minor,2022-07-29,19:00,2022-07-29 19:00:00,Fog,Bike,medium
1245,13.019709,77.635747,Indiranagar 100ft Road,Minor,2024-04-25,05:00,2024-04-25 05:00:00,Rain,Auto,low
1246,12.884915,77.466665,Bannerghatta Road,Severe,2024-06-02,08:00,2024-06-02 08:00:00,Fog,Auto,medium
1247,12.965994,77.439383,Bannerghatta Road,Minor,2022-09-03,14:00,2022-09-03 14:00:00,Clear,Bike,medium
1248,12.820787,77.531822,Bannerghatta Road,Minor,2023-11-26,02:00,2023-11-26 02:00:00,Fog,Truck,medium
1249,12.953475,77.626975,Koramangala 80ft Road,Severe,2024-07-13,05:00,2024-07-13 05:00:00,Clear,Bike,low
1250,12.820525,77.573402,Hosur Road,Minor,2023-05-23,20:00,2023-05-23 20:00:00,Fog,Bike,high
1251,12.958016,77.478784,Bannerghatta Road,Severe,2023-10-29,18:00,2023-10-29 18:00:00,Rain,Auto,medium
1252,12.898924,77.509896,Bannerghatta Road,Minor,2023-11-13,17:00,2023-11-13 17:00:00,Clear,Car,medium
1253,12.909522,77.692355,Outer Ring Road,Severe,2022-10-13,03:00,2022-10-13 03:00:00,Rain,Bike,high
1254,13.10237,77.428008,Airport Road,Minor,2022-03-09,00:00,2022-03-09 00:00:00,Clear,Bus,medium
1255,12.845496,77.403729,Bannerghatta Road,Minor,2022-05-19,02:00,2022-05-19 02:00:00,Rain,Bus,medium
1256,13.193739,77.525547,Airport Road,Severe,2024-12-14,13:00,2024-12-14 13:00:00,Fog,Bus,medium
1257,12.812688,77.56167,Hosur Road,Minor,2025-04-05,16:00,2025-04-05 16:00:00,Clear,Bike,high
1258,13.161987,77.474968,Airport Road,Minor,2022-09-30,22:00,2022-09-30 22:00:00,Fog,Bus,medium
1259,12.95131,77.697858,Marathahalli Bridge Road,Minor,2022-08-11,17:00,2022-08-11 17:00:00,Rain,Car,high
1260,12.937465,77.416687,Bannerghatta Road,Severe,2022-09-14,05:00,2022-09-14 05:00:00,Fog,Car,medium
1261,12.972255,77.69739,Marathahalli Bridge Road,Minor,2023-09-12,05:00,2023-09-12 05:00:00,Fog,Auto,high
1262,13.07382,77.77058,Whitefield Main Road,Minor,2023-05-31,22:00,2023-05-31 22:00:00,Fog,Auto,high
1263,13.17891,77.698694,Airport Road,Minor,2023-07-03,23:00,2023-07-03 23:00:00,Fog,Bike,medium
1264,12.935848,77.71635,Marathahalli Bridge Road,Severe,2023-06-19,08:00,2023-06-19 08:00:00,Rain,Bus,high
1265,13.191314,77.418584,Airport Road,Minor,2025-01-11,10:00,2025-01-11 10:00:00,Rain,Truck,medium
1266,12.987791,77.412663,Old Madras Road,Minor,2023-12-20,21:00,2023-12-20 21:00:00,Clear,Bike,high
1267,13.150167,77.739023,Airport Road,Minor,2022-09-25,19:00,2022-09-25 19:00:00,Fog,Car,medium
1268,12.909332,77.700998,Marathahalli Bridge Road,Minor,2024-11-30,14:00,2024-11-30 14:00:00,Rain,Car,high
1269,12.854883,77.772555,Hosur Road,Fatal,2024-05-26,08:00,2024-05-26 08:00:00,Clear,Auto,high
1270,13.073513,77.732751,Whitefield Main Road,Minor,2022-05-16,05:00,2022-05-16 05:00:00,Rain,Truck,high
1271,13.03036,77.480618,Old Madras Road,Fatal,2025-03-23,23:00,2025-03-23 23:00:00,Fog,Car,high
1272,13.066582,77.658561,Airport Road,Fatal,2023-11-15,00:00,2023-11-15 00:00:00,Clear,Bike,medium
1273,13.054098,77.538688,Airport Road,Minor,2023-07-23,05:00,2023-07-23 05:00:00,Fog,Bike,medium
1274,12.953836,77.642962,Indiranagar 100ft Road,Minor,2024-09-07,05:00,2024-09-07 05:00:00,Clear,Car,low
1275,12.830107,77.663696,Hosur Road,Minor,2025-03-07,02:00,2025-03-07 02:00:00,Clear,Car,high
1276,12.848268,77.574518,Sarjapur Road,Minor,2022-10-18,14:00,2022-10-18 14:00:00,Fog,Truck,medium
1277,13.051797,77.73607,Whitefield Main Road,Minor,2023-06-25,13:00,2023-06-25 13:00:00,Clear,Bus,high
1278,13.090145,77.404761,Airport Road,Minor,2024-07-17,06:00,2024-07-17 06:00:00,Fog,Car,medium
1279,13.174899,77.446245,Airport Road,Fatal,2022-07-26,11:00,2022-07-26 11:00:00,Rain,Bus,medium
1280,12.928995,77.737258,Whitefield Main Road,Minor,2022-07-10,02:00,2022-07-10 02:00:00,Clear,Bike,high
1281,12.813546,77.490398,Bannerghatta Road,Minor,2022-03-30,22:00,2022-03-30 22:00:00,Clear,Car,medium
1282,13.041933,77.433588,Airport Road,Severe,2022-01-02,20:00,2022-01-02 20:00:00,Clear,Car,medium
1283,13.111555,77.533463,Airport Road,Severe,2023-02-17,09:00,2023-02-17 09:00:00,Fog,Car,medium
1284,13.086309,77.443331,Airport Road,Fatal,2024-06-26,06:00,2024-06-26 06:00:00,Rain,Auto,medium
1285,12.925512,77.537836,Bannerghatta Road,Severe,2023-11-25,17:00,2023-11-25 17:00:00,Fog,Bus,medium
1286,13.094752,77.600082,Airport Road,Minor,2023-05-22,01:00,2023-05-22 01:00:00,Rain,Auto,medium
1287,12.840354,77.690818,Hosur Road,Minor,2025-02-02,10:00,2025-02-02 10:00:00,Rain,Bus,high
1288,13.043798,77.570611,Airport Road,Minor,2023-12-11,13:00,2023-12-11 13:00:00,Rain,Truck,medium
1289,12.994184,77.53308,Old Madras Road,Severe,2023-08-21,15:00,2023-08-21 15:00:00,Fog,Auto,high
1290,12.935196,77.556473,Bannerghatta Road,Severe,2023-10-05,10:00,2023-10-05 10:00:00,Fog,Bike,medium
1291,12.968729,77.655706,Indiranagar 100ft Road,Severe,2023-11-01,04:00,2023-11-01 04:00:00,Fog,Bike,low
1292,13.070598,77.519801,Airport Road,Minor,2023-03-28,22:00,2023-03-28 22:00:00,Clear,Bike,medium
1293,13.183054,77.53588,Airport Road,Severe,2025-02-20,14:00,2025-02-20 14:00:00,Clear,Bike,medium
1294,12.860761,77.684908,Hosur Road,Fatal,2022-09-06,00:00,2022-09-06 00:00:00,Rain,Bus,high
1295,13.156882,77.576339,Airport Road,Fatal,2024-07-06,02:00,2024-07-06 02:00:00,Rain,Auto,medium
1296,12.815416,77.739001,Hosur Road,Minor,2023-11-06,13:00,2023-11-06 13:00:00,Clear,Truck,high
1297,12.887308,77.708665,Hosur Road,Minor,2023-04-16,00:00,2023-04-16 00:00:00,Fog,Car,high
1298,13.025779,77.602384,Old Madras Road,Minor,2025-03-06,06:00,2025-03-06 06:00:00,Clear,Auto,high
1299,12.918692,77.480661,Bannerghatta Road,Fatal,2022-03-26,04:00,2022-03-26 04:00:00,Rain,Auto,medium
1300,13.13184,77.543868,Airport Road,Minor,2024-06-24,02:00,2024-06-24 02:00:00,Fog,Car,medium
1301,12.872047,77.466811,Bannerghatta Road,Severe,2025-03-14,12:00,2025-03-14 12:00:00,Clear,Auto,medium
1302,13.05918,77.64531,Airport Road,Minor,2024-08-26,03:00,2024-08-26 03:00:00,Clear,Auto,medium
1303,12.822518,77.650227,Hosur Road,Fatal,2024-12-19,05:00,2024-12-19 05:00:00,Clear,Auto,high
1304,13.078407,77.762747,Whitefield Main Road,Severe,2024-07-22,06:00,2024-07-22 06:00:00,Clear,Car,high
1305,13.062445,77.542231,Airport Road,Minor,2024-06-23,08:00,2024-06-23 08:00:00,Clear,Bike,medium
1306,13.014866,77.586902,Old Madras Road,Minor,2024-01-04,20:00,2024-01-04 20:00:00,Clear,Auto,high
1307,12.995366,77.410859,Old Madras Road,Minor,2022-08-23,07:00,2022-08-23 07:00:00,Rain,Truck,high
1308,12.837164,77.522144,Bannerghatta Road,Minor,2024-10-27,13:00,2024-10-27 13:00:00,Rain,Car,medium
1309,12.919349,77.533723,Bannerghatta Road,Fatal,2023-11-12,14:00,2023-11-12 14:00:00,Clear,Bus,medium
1310,12.956841,77.649234,Indiranagar 100ft Road,Fatal,2023-04-11,09:00,2023-04-11 09:00:00,Fog,Truck,low
1311,13.07939,77.670281,Airport Road,Severe,2023-04-09,09:00,2023-04-09 09:00:00,Clear,Auto,medium
1312,13.150723,77.598547,Airport Road,Severe,2022-05-05,14:00,2022-05-05 14:00:00,Fog,Bike,medium
1313,12.888461,77.489504,Bannerghatta Road,Fatal,2022-06-28,10:00,2022-06-28 10:00:00,Clear,Bike,medium
1314,13.058115,77.451423,Airport Road,Minor,2024-04-22,06:00,2024-04-22 06:00:00,Fog,Bus,medium
1315,12.909876,77.648643,Outer Ring Road,Minor,2022-01-21,15:00,2022-01-21 15:00:00,Clear,Car,high
1316,13.167237,77.421873,Airport Road,Fatal,2024-04-07,02:00,2024-04-07 02:00:00,Rain,Bus,medium
1317,12.909628,77.765024,Whitefield Main Road,Minor,2023-08-25,01:00,2023-08-25 01:00:00,Clear,Car,high
1318,13.072632,77.697878,Airport Road,Minor,2024-04-17,21:00,2024-04-17 21:00:00,Rain,Bike,medium
1319,13.07431,77.667197,Airport Road,Minor,2024-11-02,00:00,2024-11-02 00:00:00,Fog,Auto,medium
1320,12.968249,77.447933,Bannerghatta Road,Severe,2023-04-26,01:00,2023-04-26 01:00:00,Rain,Truck,medium
1321,12.876662,77.45367,Bannerghatta Road,Minor,2024-01-02,16:00,2024-01-02 16:00:00,Fog,Bike,medium
1322,12.956176,77.690721,Marathahalli Bridge Road,Severe,2022-02-07,05:00,2022-02-07 05:00:00,Fog,Bike,high
1323,12.852098,77.767224,Hosur Road,Minor,2023-11-17,21:00,2023-11-17 21:00:00,Fog,Auto,high
1324,13.193635,77.514426,Airport Road,Minor,2023-10-02,04:00,2023-10-02 04:00:00,Rain,Bus,medium
1325,13.096262,77.624241,Airport Road,Minor,2023-01-20,01:00,2023-01-20 01:00:00,Clear,Car,medium
1326,12.812492,77.644432,Hosur Road,Fatal,2023-09-04,20:00,2023-09-04 20:00:00,Rain,Car,high
1327,13.008114,77.725366,Whitefield Main Road,Severe,2022-08-30,01:00,2022-08-30 01:00:00,Fog,Auto,high
1328,12.938157,77.547109,Bannerghatta Road,Minor,2023-11-04,11:00,2023-11-04 11:00:00,Rain,Car,medium
1329,13.13781,77.598758,Airport Road,Minor,2022-01-18,10:00,2022-01-18 10:00:00,Rain,Auto,medium
1330,13.078232,77.570996,Airport Road,Minor,2023-12-26,13:00,2023-12-26 13:00:00,Rain,Auto,medium
1331,13.16394,77.580945,Airport Road,Severe,2023-06-07,09:00,2023-06-07 09:00:00,Clear,Truck,medium
1332,13.030111,77.74674,Whitefield Main Road,Fatal,2022-01-23,21:00,2022-01-23 21:00:00,Rain,Auto,high
1333,13.199728,77.609077,Airport Road,Severe,2022-02-05,16:00,2022-02-05 16:00:00,Rain,Auto,medium
1334,12.95267,77.759124,Whitefield Main Road,Minor,2023-02-06,07:00,2023-02-06 07:00:00,Fog,Auto,high
1335,12.920775,77.539949,Bannerghatta Road,Fatal,2024-03-27,04:00,2024-03-27 04:00:00,Fog,Car,medium
1336,12.912323,77.602946,Sarjapur Road,Fatal,2024-03-10,12:00,2024-03-10 12:00:00,Rain,Bike,medium
1337,12.816385,77.517245,Bannerghatta Road,Minor,2024-09-24,21:00,2024-09-24 21:00:00,Clear,Auto,medium
1338,13.050436,77.500405,Airport Road,Severe,2024-10-13,21:00,2024-10-13 21:00:00,Fog,Truck,medium
1339,13.153656,77.536116,Airport Road,Minor,2023-03-20,12:00,2023-03-20 12:00:00,Fog,Car,medium
1340,12.84345,77.642175,Hosur Road,Minor,2022-09-29,10:00,2022-09-29 10:00:00,Rain,Bus,high
1341,13.078657,77.629778,Airport Road,Minor,2022-03-03,06:00,2022-03-03 06:00:00,Rain,Bike,medium
1342,13.085531,77.561988,Airport Road,Fatal,2024-01-10,15:00,2024-01-10 15:00:00,Rain,Auto,medium
1343,13.15621,77.576598,Airport Road,Fatal,2024-05-01,10:00,2024-05-01 10:00:00,Fog,Truck,medium
1344,12.843217,77.5432,Bannerghatta Road,Fatal,2025-02-04,16:00,2025-02-04 16:00:00,Rain,Truck,medium
1345,13.092382,77.441182,Airport Road,Minor,2023-06-14,15:00,2023-06-14 15:00:00,Clear,Bus,medium
1346,13.028695,77.447039,Old Madras Road,Minor,2023-09-24,02:00,2023-09-24 02:00:00,Rain,Car,high
1347,13.036114,77.589476,Old Madras Road,Minor,2023-10-11,05:00,2023-10-11 05:00:00,Fog,Auto,high
1348,13.044968,77.784402,Whitefield Main Road,Severe,2022-05-21,12:00,2022-05-21 12:00:00,Clear,Auto,high
1349,13.113516,77.482396,Airport Road,Severe,2022-01-10,03:00,2022-01-10 03:00:00,Rain,Car,medium
1350,13.133715,77.614249,Airport Road,Minor,2024-06-17,12:00,2024-06-17 12:00:00,Fog,Auto,medium
1351,13.090369,77.791678,Whitefield Main Road,Fatal,2024-09-04,14:00,2024-09-04 14:00:00,Clear,Truck,high
1352,12.969332,77.414518,Bannerghatta Road,Minor,2024-11-25,11:00,2024-11-25 11:00:00,Rain,Auto,medium
1353,13.071597,77.46611,Airport Road,Severe,2022-05-24,11:00,2022-05-24 11:00:00,Clear,Truck,medium
1354,12.872034,77.678038,Hosur Road,Minor,2022-10-15,12:00,2022-10-15 12:00:00,Fog,Car,high
1355,12.872042,77.775247,Whitefield Main Road,Minor,2022-12-13,19:00,2022-12-13 19:00:00,Fog,Car,high
1356,13.149966,77.77601,Airport Road,Severe,2024-01-23,08:00,2024-01-23 08:00:00,Clear,Truck,medium
1357,13.153134,77.738437,Airport Road,Minor,2024-06-13,18:00,2024-06-13 18:00:00,Fog,Bike,medium
1358,12.812493,77.652539,Hosur Road,Severe,2022-08-06,22:00,2022-08-06 22:00:00,Fog,Truck,high
1359,12.846541,77.780645,Hosur Road,Fatal,2025-03-16,17:00,2025-03-16 17:00:00,Rain,Bus,high
1360,13.060536,77.400412,Airport Road,Minor,2023-02-09,09:00,2023-02-09 09:00:00,Clear,Truck,medium
1361,12.937771,77.563806,Bannerghatta Road,Fatal,2022-11-11,04:00,2022-11-11 04:00:00,Fog,Auto,medium
1362,13.170464,77.62585,Airport Road,Severe,2025-04-01,23:00,2025-04-01 23:00:00,Clear,Auto,medium
1363,12.812504,77.638069,Hosur Road,Minor,2022-01-23,11:00,2022-01-23 11:00:00,Fog,Truck,high
1364,12.98782,77.784841,Whitefield Main Road,Minor,2023-02-14,08:00,2023-02-14 08:00:00,Rain,Auto,high
1365,13.136734,77.781388,Whitefield Main Road,Severe,2024-07-30,09:00,2024-07-30 09:00:00,Fog,Car,high
1366,13.130849,77.516003,Airport Road,Severe,2022-09-24,06:00,2022-09-24 06:00:00,Fog,Truck,medium
1367,12.962122,77.506358,Bannerghatta Road,Fatal,2023-04-14,02:00,2023-04-14 02:00:00,Clear,Car,medium
1368,12.962168,77.77362,Whitefield Main Road,Minor,2022-05-22,12:00,2022-05-22 12:00:00,Fog,Bike,high
1369,13.062457,77.406148,Airport Road,Severe,2022-09-19,17:00,2022-09-19 17:00:00,Rain,Car,medium
1370,13.046488,77.592768,Airport Road,Severe,2024-10-09,18:00,2024-10-09 18:00:00,Clear,Car,medium
1371,12.842734,77.697265,Hosur Road,Severe,2024-01-10,07:00,2024-01-10 07:00:00,Clear,Truck,high
1372,12.921622,77.676556,Outer Ring Road,Fatal,2023-09-13,18:00,2023-09-13 18:00:00,Clear,Bike,high
1373,13.153506,77.791443,Whitefield Main Road,Minor,2023-11-07,12:00,2023-11-07 12:00:00,Clear,Truck,high
1374,13.016978,77.534714,Old Madras Road,Minor,2024-09-30,01:00,2024-09-30 01:00:00,Rain,Auto,high
1375,13.189652,77.442958,Airport Road,Minor,2023-12-20,12:00,2023-12-20 12:00:00,Clear,Truck,medium
1376,13.102638,77.519915,Airport Road,Minor,2022-07-24,03:00,2022-07-24 03:00:00,Fog,Bus,medium
1377,13.192689,77.589401,Airport Road,Severe,2024-01-05,07:00,2024-01-05 07:00:00,Fog,Truck,medium
1378,12.874408,77.640218,Hosur Road,Minor,2024-07-29,19:00,2024-07-29 19:00:00,Fog,Bus,high
1379,12.87799,77.8,Whitefield Main Road,Minor,2023-11-09,03:00,2023-11-09 03:00:00,Fog,Bus,high
1380,13.147517,77.415279,Airport Road,Minor,2023-08-10,05:00,2023-08-10 05:00:00,Fog,Bus,medium
1381,13.170675,77.704781,Airport Road,Minor,2022-02-28,21:00,2022-02-28 21:00:00,Rain,Auto,medium
1382,13.027492,77.506537,Old Madras Road,Severe,2022-01-18,12:00,2022-01-18 12:00:00,Clear,Auto,high
1383,12.855194,77.73627,Hosur Road,Severe,2022-10-26,01:00,2022-10-26 01:00:00,Fog,Car,high
1384,12.801966,77.727736,Hosur Road,Fatal,2023-04-02,01:00,2023-04-02 01:00:00,Fog,Auto,high
1385,12.807775,77.444908,Bannerghatta Road,Severe,2024-09-19,20:00,2024-09-19 20:00:00,Clear,Car,medium
1386,12.968856,77.616502,Old Madras Road,Fatal,2024-03-17,00:00,2024-03-17 00:00:00,Clear,Bus,high
1387,13.087188,77.510524,Airport Road,Minor,2022-06-14,10:00,2022-06-14 10:00:00,Clear,Truck,medium
1388,13.144841,77.66891,Airport Road,Minor,2022-11-04,16:00,2022-11-04 16:00:00,Clear,Truck,medium
1389,13.114131,77.763828,Whitefield Main Road,Minor,2024-03-05,15:00,2024-03-05 15:00:00,Fog,Truck,high
1390,13.170061,77.445621,Airport Road,Severe,2025-03-23,13:00,2025-03-23 13:00:00,Fog,Truck,medium
1391,13.164358,77.642299,Airport Road,Minor,2022-08-02,22:00,2022-08-02 22:00:00,Fog,Car,medium
1392,12.959178,77.73664,Whitefield Main Road,Minor,2024-07-03,02:00,2024-07-03 02:00:00,Clear,Truck,high
1393,13.143139,77.449939,Airport Road,Minor,2023-11-04,02:00,2023-11-04 02:00:00,Clear,Truck,medium
1394,13.060743,77.413312,Airport Road,Minor,2022-05-06,21:00,2022-05-06 21:00:00,Fog,Bike,medium
1395,13.121161,77.576041,Airport Road,Severe,2022-05-21,10:00,2022-05-21 10:00:00,Rain,Bike,medium
1396,12.97265,77.480421,Old Madras Road,Fatal,2022-03-01,23:00,2022-03-01 23:00:00,Clear,Bus,high
1397,12.872337,77.727245,Hosur Road,Minor,2024-10-22,04:00,2024-10-22 04:00:00,Rain,Bike,high
1398,13.054888,77.716418,Whitefield Main Road,Minor,2023-01-07,12:00,2023-01-07 12:00:00,Rain,Car,high
1399,12.890487,77.762825,Whitefield Main Road,Minor,2023-04-27,12:00,2023-04-27 12:00:00,Rain,Car,high
1400,12.82014,77.52042,Bannerghatta Road,Minor,2024-06-16,17:00,2024-06-16 17:00:00,Clear,Auto,medium
1401,13.050504,77.479738,Airport Road,Fatal,2023-03-24,03:00,2023-03-24 03:00:00,Fog,Car,medium
1402,13.101554,77.728924,Airport Road,Minor,2025-02-05,20:00,2025-02-05 20:00:00,Clear,Bus,medium
1403,13.152421,77.783151,Whitefield Main Road,Severe,2022-02-08,01:00,2022-02-08 01:00:00,Fog,Bus,high
1404,13.08571,77.777404,Whitefield Main Road,Minor,2022-10-31,12:00,2022-10-31 12:00:00,Clear,Auto,high
1405,12.991867,77.416178,Old Madras Road,Minor,2024-06-17,14:00,2024-06-17 14:00:00,Fog,Auto,high
1406,12.934193,77.675724,Marathahalli Bridge Road,Fatal,2023-10-10,06:00,2023-10-10 06:00:00,Clear,Car,high
1407,13.185983,77.429903,Airport Road,Minor,2022-08-27,01:00,2022-08-27 01:00:00,Clear,Bus,medium
1408,13.156723,77.499469,Airport Road,Minor,2024-06-18,06:00,2024-06-18 06:00:00,Rain,Truck,medium
1409,12.850785,77.650413,Hosur Road,Severe,2023-07-02,03:00,2023-07-02 03:00:00,Rain,Truck,high
1410,12.845962,77.695585,Hosur Road,Minor,2023-08-07,01:00,2023-08-07 01:00:00,Clear,Car,high
1411,12.908794,77.525715,Bannerghatta Road,Minor,2023-04-05,13:00,2023-04-05 13:00:00,Rain,Car,medium
1412,13.044295,77.692298,Indiranagar 100ft Road,Minor,2023-07-24,23:00,2023-07-24 23:00:00,Clear,Car,low
1413,13.161982,77.543346,Airport Road,Minor,2024-07-25,23:00,2024-07-25 23:00:00,Clear,Car,medium
1414,13.115723,77.494263,Airport Road,Severe,2024-01-17,05:00,2024-01-17 05:00:00,Clear,Bike,medium
1415,12.974276,77.57598,Old Madras Road,Severe,2024-10-20,11:00,2024-10-20 11:00:00,Rain,Auto,high
1416,13.192452,77.582886,Airport Road,Minor,2025-01-16,01:00,2025-01-16 01:00:00,Clear,Auto,medium
1417,13.012019,77.60945,Old Madras Road,Severe,2022-04-23,21:00,2022-04-23 21:00:00,Clear,Bus,high
1418,13.056562,77.709523,Whitefield Main Road,Minor,2023-08-22,04:00,2023-08-22 04:00:00,Clear,Bus,high
1419,12.989393,77.53902,Old Madras Road,Minor,2022-10-30,13:00,2022-10-30 13:00:00,Rain,Truck,high
1420,13.115651,77.783752,Whitefield Main Road,Fatal,2024-06-29,09:00,2024-06-29 09:00:00,Clear,Auto,high
1421,13.024746,77.670789,Indiranagar 100ft Road,Fatal,2024-12-19,12:00,2024-12-19 12:00:00,Rain,Auto,low
1422,13.085591,77.757694,Whitefield Main Road,Fatal,2024-07-04,10:00,2024-07-04 10:00:00,Rain,Auto,high
1423,12.858838,77.587101,Sarjapur Road,Fatal,2022-03-25,13:00,2022-03-25 13:00:00,Rain,Car,medium
1424,13.151937,77.478643,Airport Road,Severe,2023-11-12,07:00,2023-11-12 07:00:00,Fog,Auto,medium
1425,13.037162,77.468262,Airport Road,Minor,2022-03-05,00:00,2022-03-05 00:00:00,Rain,Bus,medium
1426,12.890305,77.496031,Bannerghatta Road,Minor,2022-03-23,13:00,2022-03-23 13:00:00,Rain,Bus,medium
1427,12.931874,77.543289,Bannerghatta Road,Minor,2023-06-01,09:00,2023-06-01 09:00:00,Clear,Bus,medium
1428,12.858738,77.795387,Whitefield Main Road,Minor,2025-03-11,04:00,2025-03-11 04:00:00,Rain,Auto,high
1429,13.135339,77.544338,Airport Road,Fatal,2022-12-09,21:00,2022-12-09 21:00:00,Clear,Auto,medium
1430,12.813244,77.5825,Hosur Road,Severe,2022-06-04,16:00,2022-06-04 16:00:00,Clear,Auto,high
1431,12.980398,77.675387,Marathahalli Bridge Road,Minor,2022-01-12,02:00,2022-01-12 02:00:00,Rain,Bus,high
1432,12.861905,77.615031,Hosur Road,Minor,2022-12-26,06:00,2022-12-26 06:00:00,Rain,Truck,high
1433,12.849179,77.454932,Bannerghatta Road,Severe,2023-08-23,22:00,2023-08-23 22:00:00,Rain,Truck,medium
1434,13.025411,77.62508,Indiranagar 100ft Road,Severe,2022-12-16,04:00,2022-12-16 04:00:00,Fog,Auto,low
1435,12.96072,77.60946,Old Madras Road,Minor,2023-12-26,08:00,2023-12-26 08:00:00,Clear,Auto,high
1436,13.053105,77.487053,Airport Road,Minor,2025-04-04,09:00,2025-04-04 09:00:00,Rain,Bus,medium
1437,12.866072,77.681233,Hosur Road,Severe,2023-02-26,10:00,2023-02-26 10:00:00,Clear,Bus,high
1438,13.083988,77.683742,Airport Road,Minor,2022-04-15,03:00,2022-04-15 03:00:00,Rain,Truck,medium
1439,12.815229,77.571229,Hosur Road,Fatal,2022-06-28,00:00,2022-06-28 00:00:00,Clear,Bike,high
1440,12.928989,77.736573,Whitefield Main Road,Minor,2024-08-25,23:00,2024-08-25 23:00:00,Fog,Bike,high
1441,13.191683,77.450408,Airport Road,Minor,2023-08-03,12:00,2023-08-03 12:00:00,Clear,Bus,medium
1442,13.19303,77.442198,Airport Road,Severe,2022-02-07,22:00,2022-02-07 22:00:00,Fog,Truck,medium
1443,13.051507,77.665795,Indiranagar 100ft Road,Minor,2022-05-06,00:00,2022-05-06 00:00:00,Fog,Bus,low
1444,13.095184,77.526374,Airport Road,Severe,2023-07-15,05:00,2023-07-15 05:00:00,Rain,Auto,medium
1445,12.867055,77.729428,Hosur Road,Minor,2023-04-11,10:00,2023-04-11 10:00:00,Clear,Bus,high
1446,12.840812,77.413912,Bannerghatta Road,Minor,2024-03-09,19:00,2024-03-09 19:00:00,Clear,Car,medium
1447,13.053653,77.696085,Indiranagar 100ft Road,Severe,2022-02-11,14:00,2022-02-11 14:00:00,Fog,Car,low
1448,12.935429,77.429006,Bannerghatta Road,Fatal,2024-07-12,16:00,2024-07-12 16:00:00,Clear,Car,medium
1449,13.147233,77.541206,Airport Road,Fatal,2024-09-15,11:00,2024-09-15 11:00:00,Rain,Bus,medium
1450,12.802909,77.724445,Hosur Road,Severe,2023-11-05,17:00,2023-11-05 17:00:00,Rain,Bus,high
1451,13.02136,77.56602,Old Madras Road,Minor,2024-04-01,19:00,2024-04-01 19:00:00,Rain,Bus,high
1452,12.95576,77.697078,Marathahalli Bridge Road,Minor,2023-09-22,17:00,2023-09-22 17:00:00,Clear,Bus,high
1453,12.877025,77.414744,Bannerghatta Road,Severe,2024-12-02,21:00,2024-12-02 21:00:00,Fog,Auto,medium
1454,13.143119,77.406099,Airport Road,Severe,2023-12-09,02:00,2023-12-09 02:00:00,Fog,Truck,medium
1455,13.011824,77.453997,Old Madras Road,Minor,2022-12-17,02:00,2022-12-17 02:00:00,Rain,Bike,high
1456,12.931612,77.57096,Bannerghatta Road,Minor,2023-08-14,19:00,2023-08-14 19:00:00,Rain,Bike,medium
1457,13.11885,77.574426,Airport Road,Minor,2025-03-20,20:00,2025-03-20 20:00:00,Clear,Auto,medium
1458,13.076811,77.746183,Whitefield Main Road,Minor,2025-02-01,10:00,2025-02-01 10:00:00,Clear,Bus,high
1459,12.974907,77.475993,Old Madras Road,Minor,2025-01-23,13:00,2025-01-23 13:00:00,Clear,Bike,high
1460,13.048501,77.741877,Whitefield Main Road,Minor,2022-10-25,15:00,2022-10-25 15:00:00,Rain,Car,high
1461,13.052472,77.520586,Airport Road,Severe,2023-07-06,17:00,2023-07-06 17:00:00,Rain,Bike,medium
1462,13.15298,77.642051,Airport Road,Minor,2024-10-05,18:00,2024-10-05 18:00:00,Rain,Bike,medium
1463,12.9517,77.429999,Bannerghatta Road,Minor,2024-09-19,08:00,2024-09-19 08:00:00,Rain,Truck,medium
1464,12.868042,77.596814,Sarjapur Road,Severe,2024-11-19,00:00,2024-11-19 00:00:00,Rain,Car,medium
1465,13.156346,77.560654,Airport Road,Severe,2022-09-06,21:00,2022-09-06 21:00:00,Fog,Bus,medium
1466,12.801219,77.650838,Hosur Road,Severe,2023-09-20,20:00,2023-09-20 20:00:00,Clear,Truck,high
1467,13.125759,77.673273,Airport Road,Fatal,2023-03-02,17:00,2023-03-02 17:00:00,Fog,Bus,medium
1468,13.086025,77.706152,Airport Road,Minor,2022-11-23,07:00,2022-11-23 07:00:00,Clear,Auto,medium
1469,12.997912,77.659385,Indiranagar 100ft Road,Fatal,2022-05-27,16:00,2022-05-27 16:00:00,Rain,Truck,low
1470,12.83213,77.451302,Bannerghatta Road,Minor,2023-09-11,02:00,2023-09-11 02:00:00,Fog,Truck,medium
1471,13.167075,77.66637,Airport Road,Fatal,2024-11-24,01:00,2024-11-24 01:00:00,Clear,Truck,medium
1472,12.870429,77.489551,Bannerghatta Road,Minor,2023-09-12,08:00,2023-09-12 08:00:00,Fog,Bus,medium
1473,12.896303,77.626524,Outer Ring Road,Minor,2024-10-13,21:00,2024-10-13 21:00:00,Fog,Bike,high
1474,12.8611,77.413981,Bannerghatta Road,Minor,2023-05-16,18:00,2023-05-16 18:00:00,Clear,Bus,medium
1475,13.108464,77.691673,Airport Road,Minor,2022-07-11,12:00,2022-07-11 12:00:00,Rain,Truck,medium
1476,12.858764,77.62981,Hosur Road,Minor,2022-12-31,10:00,2022-12-31 10:00:00,Clear,Auto,high
1477,13.120451,77.65613,Airport Road,Minor,2024-06-05,15:00,2024-06-05 15:00:00,Clear,Car,medium
1478,13.188579,77.640048,Airport Road,Minor,2025-01-16,01:00,2025-01-16 01:00:00,Clear,Bus,medium
1479,12.946606,77.733823,Whitefield Main Road,Minor,2023-03-20,21:00,2023-03-20 21:00:00,Clear,Bus,high
1480,13.094121,77.579092,Airport Road,Fatal,2024-01-01,10:00,2024-01-01 10:00:00,Fog,Auto,medium
1481,13.083002,77.630692,Airport Road,Severe,2023-03-06,16:00,2023-03-06 16:00:00,Rain,Auto,medium
1482,13.038327,77.40184,Airport Road,Minor,2022-03-31,14:00,2022-03-31 14:00:00,Fog,Bike,medium
1483,12.960116,77.492029,Bannerghatta Road,Severe,2022-09-21,16:00,2022-09-21 16:00:00,Clear,Bus,medium
1484,12.91328,77.622252,Sarjapur Road,Fatal,2024-03-19,12:00,2024-03-19 12:00:00,Rain,Auto,medium
1485,12.983584,77.409232,Bannerghatta Road,Severe,2022-07-22,19:00,2022-07-22 19:00:00,Fog,Bike,medium
1486,13.190834,77.701221,Airport Road,Fatal,2023-10-20,13:00,2023-10-20 13:00:00,Rain,Bus,medium
1487,12.815839,77.581689,Hosur Road,Severe,2022-02-12,22:00,2022-02-12 22:00:00,Fog,Truck,high
1488,13.091702,77.446204,Airport Road,Minor,2024-09-27,14:00,2024-09-27 14:00:00,Rain,Bike,medium
1489,13.042361,77.68389,Indiranagar 100ft Road,Minor,2022-08-30,22:00,2022-08-30 22:00:00,Rain,Auto,low
1490,13.199639,77.670299,Airport Road,Fatal,2024-08-15,21:00,2024-08-15 21:00:00,Fog,Bus,medium
1491,13.057744,77.641117,Airport Road,Minor,2022-08-19,08:00,2022-08-19 08:00:00,Fog,Bike,medium
1492,12.801127,77.486225,Bannerghatta Road,Minor,2024-03-08,20:00,2024-03-08 20:00:00,Clear,Auto,medium
1493,13.18294,77.458165,Airport Road,Minor,2022-12-21,20:00,2022-12-21 20:00:00,Rain,Bus,medium
1494,13.087182,77.525891,Airport Road,Minor,2025-01-09,01:00,2025-01-09 01:00:00,Fog,Auto,medium
1495,12.850234,77.706976,Hosur Road,Fatal,2024-03-31,23:00,2024-03-31 23:00:00,Clear,Bike,high
1496,12.85089,77.473786,Bannerghatta Road,Minor,2023-02-26,07:00,2023-02-26 07:00:00,Rain,Bus,medium
1497,13.079258,77.639081,Airport Road,Minor,2024-09-30,16:00,2024-09-30 16:00:00,Clear,Truck,medium
1498,13.111772,77.466081,Airport Road,Minor,2023-03-02,09:00,2023-03-02 09:00:00,Fog,Auto,medium
1499,12.910984,77.565888,Bannerghatta Road,Minor,2024-07-24,14:00,2024-07-24 14:00:00,Rain,Auto,medium
1500,12.991136,77.414051,Old Madras Road,Minor,2022-09-03,13:00,2022-09-03 13:00:00,Rain,Truck,high
1501,12.983303,77.593883,Old Madras Road,Minor,2023-03-21,23:00,2023-03-21 23:00:00,Clear,Auto,high
1502,13.15741,77.785702,Whitefield Main Road,Fatal,2023-02-24,11:00,2023-02-24 11:00:00,Fog,Bike,high
1503,12.979858,77.778002,Whitefield Main Road,Severe,2025-01-10,18:00,2025-01-10 18:00:00,Clear,Truck,high
1504,12.915278,77.762998,Whitefield Main Road,Severe,2024-03-22,11:00,2024-03-22 11:00:00,Rain,Truck,high
1505,13.150589,77.589493,Airport Road,Severe,2023-05-15,11:00,2023-05-15 11:00:00,Rain,Bus,medium
1506,13.181784,77.519103,Airport Road,Minor,2023-04-20,10:00,2023-04-20 10:00:00,Rain,Truck,medium
1507,12.809633,77.667295,Hosur Road,Minor,2024-05-28,20:00,2024-05-28 20:00:00,Fog,Truck,high
1508,12.848145,77.645732,Hosur Road,Minor,2022-04-19,13:00,2022-04-19 13:00:00,Fog,Bus,high
1509,12.933967,77.47617,Bannerghatta Road,Severe,2023-08-12,21:00,2023-08-12 21:00:00,Clear,Bus,medium
1510,12.802683,77.528514,Hosur Road,Minor,2025-01-11,02:00,2025-01-11 02:00:00,Fog,Bus,high
1511,12.895156,77.790563,Whitefield Main Road,Minor,2022-02-11,06:00,2022-02-11 06:00:00,Fog,Truck,high
1512,12.999339,77.58376,Old Madras Road,Fatal,2024-11-10,10:00,2024-11-10 10:00:00,Rain,Auto,high
1513,12.988067,77.496614,Old Madras Road,Severe,2023-11-24,13:00,2023-11-24 13:00:00,Rain,Auto,high
1514,12.98049,77.400358,Bannerghatta Road,Fatal,2022-06-13,01:00,2022-06-13 01:00:00,Rain,Truck,medium
1515,13.163403,77.47946,Airport Road,Severe,2023-09-13,05:00,2023-09-13 05:00:00,Clear,Bus,medium
1516,13.093049,77.796727,Whitefield Main Road,Severe,2024-10-17,18:00,2024-10-17 18:00:00,Rain,Bike,high
1517,12.976847,77.670169,Indiranagar 100ft Road,Minor,2024-09-11,01:00,2024-09-11 01:00:00,Clear,Car,low
1518,13.048168,77.623274,Airport Road,Fatal,2022-01-02,11:00,2022-01-02 11:00:00,Clear,Car,medium
1519,12.93007,77.734581,Whitefield Main Road,Minor,2024-05-25,20:00,2024-05-25 20:00:00,Rain,Bus,high
1520,13.064294,77.470715,Airport Road,Minor,2024-11-13,08:00,2024-11-13 08:00:00,Fog,Bus,medium
1521,12.863622,77.679411,Hosur Road,Severe,2022-01-03,18:00,2022-01-03 18:00:00,Rain,Bus,high
1522,12.980175,77.577002,Old Madras Road,Minor,2024-06-27,10:00,2024-06-27 10:00:00,Clear,Truck,high
1523,12.972087,77.541116,Old Madras Road,Minor,2023-07-19,02:00,2023-07-19 02:00:00,Fog,Car,high
1524,12.851074,77.410118,Bannerghatta Road,Minor,2024-05-05,02:00,2024-05-05 02:00:00,Clear,Bike,medium
1525,12.945883,77.701474,Marathahalli Bridge Road,Minor,2024-12-22,22:00,2024-12-22 22:00:00,Clear,Bike,high
1526,12.848938,77.764774,Hosur Road,Minor,2022-03-23,06:00,2022-03-23 06:00:00,Rain,Bike,high
1527,13.166357,77.642667,Airport Road,Minor,2023-06-15,19:00,2023-06-15 19:00:00,Clear,Bus,medium
1528,12.805636,77.749625,Hosur Road,Severe,2024-01-22,03:00,2024-01-22 03:00:00,Rain,Bus,high
1529,12.862528,77.475726,Bannerghatta Road,Minor,2023-02-03,08:00,2023-02-03 08:00:00,Fog,Car,medium
1530,12.827161,77.782325,Hosur Road,Minor,2024-07-06,22:00,2024-07-06 22:00:00,Fog,Truck,high
1531,13.048118,77.551752,Airport Road,Minor,2023-07-12,01:00,2023-07-12 01:00:00,Rain,Bike,medium
1532,13.029934,77.626395,Indiranagar 100ft Road,Minor,2023-05-07,16:00,2023-05-07 16:00:00,Clear,Bus,low
1533,12.847203,77.541176,Bannerghatta Road,Minor,2022-03-27,11:00,2022-03-27 11:00:00,Clear,Car,medium
1534,13.021175,77.644514,Indiranagar 100ft Road,Minor,2023-03-20,00:00,2023-03-20 00:00:00,Clear,Truck,low
1535,12.907839,77.473613,Bannerghatta Road,Minor,2022-05-05,21:00,2022-05-05 21:00:00,Clear,Truck,medium
1536,12.890875,77.486442,Bannerghatta Road,Fatal,2024-08-30,06:00,2024-08-30 06:00:00,Clear,Bus,medium
1537,13.172283,77.650597,Airport Road,Severe,2024-02-27,20:00,2024-02-27 20:00:00,Fog,Car,medium
1538,13.052641,77.769984,Whitefield Main Road,Minor,2025-03-19,02:00,2025-03-19 02:00:00,Rain,Auto,high
1539,12.817914,77.476257,Bannerghatta Road,Severe,2024-05-11,19:00,2024-05-11 19:00:00,Rain,Bike,medium
1540,12.819234,77.436969,Bannerghatta Road,Minor,2024-10-22,04:00,2024-10-22 04:00:00,Rain,Auto,medium
1541,12.812669,77.566274,Hosur Road,Minor,2022-06-15,03:00,2022-06-15 03:00:00,Rain,Car,high
1542,13.165699,77.562643,Airport Road,Minor,2025-02-27,20:00,2025-02-27 20:00:00,Clear,Auto,medium
1543,13.109479,77.520614,Airport Road,Severe,2023-10-29,02:00,2023-10-29 02:00:00,Fog,Bus,medium
1544,13.150753,77.6505,Airport Road,Severe,2022-01-12,20:00,2022-01-12 20:00:00,Clear,Auto,medium
1545,12.811622,77.535049,Hosur Road,Minor,2022-02-01,15:00,2022-02-01 15:00:00,Fog,Auto,high
1546,12.80758,77.414738,Bannerghatta Road,Severe,2023-01-09,08:00,2023-01-09 08:00:00,Fog,Auto,medium
1547,13.034321,77.613522,Old Madras Road,Severe,2023-09-23,17:00,2023-09-23 17:00:00,Clear,Bike,high
1548,13.146077,77.703839,Airport Road,Severe,2024-10-30,08:00,2024-10-30 08:00:00,Rain,Car,medium
1549,12.829954,77.482215,Bannerghatta Road,Minor,2024-06-27,00:00,2024-06-27 00:00:00,Fog,Car,medium
1550,13.105319,77.504374,Airport Road,Minor,2023-10-09,11:00,2023-10-09 11:00:00,Rain,Bike,medium
1551,13.108437,77.462015,Airport Road,Severe,2024-12-24,20:00,2024-12-24 20:00:00,Clear,Truck,medium
1552,13.149891,77.560157,Airport Road,Severe,2022-07-27,04:00,2022-07-27 04:00:00,Rain,Car,medium
1553,13.137667,77.629076,Airport Road,Severe,2023-12-05,02:00,2023-12-05 02:00:00,Fog,Bus,medium
1554,13.036948,77.547049,Airport Road,Fatal,2025-01-12,11:00,2025-01-12 11:00:00,Rain,Bus,medium
1555,12.997136,77.412387,Old Madras Road,Minor,2022-10-15,21:00,2022-10-15 21:00:00,Clear,Auto,high
1556,12.80806,77.712715,Hosur Road,Fatal,2024-06-28,12:00,2024-06-28 12:00:00,Rain,Bike,high
1557,12.812291,77.526206,Bannerghatta Road,Fatal,2023-04-10,02:00,2023-04-10 02:00:00,Clear,Bus,medium
1558,13.153895,77.543186,Airport Road,Severe,2024-12-12,04:00,2024-12-12 04:00:00,Rain,Bus,medium
1559,13.087828,77.448783,Airport Road,Fatal,2022-10-04,13:00,2022-10-04 13:00:00,Rain,Bus,medium
1560,12.929706,77.484489,Bannerghatta Road,Minor,2022-11-10,03:00,2022-11-10 03:00:00,Clear,Car,medium
1561,12.839604,77.402284,Bannerghatta Road,Severe,2023-05-22,22:00,2023-05-22 22:00:00,Fog,Car,medium
1562,12.989152,77.608686,Old Madras Road,Minor,2023-04-09,19:00,2023-04-09 19:00:00,Clear,Bus,high
1563,12.82415,77.491614,Bannerghatta Road,Fatal,2025-01-26,02:00,2025-01-26 02:00:00,Clear,Bike,medium
1564,12.946766,77.708848,Marathahalli Bridge Road,Severe,2022-10-22,05:00,2022-10-22 05:00:00,Clear,Truck,high
1565,13.141145,77.429744,Airport Road,Severe,2023-02-07,00:00,2023-02-07 00:00:00,Clear,Truck,medium
1566,12.843064,77.646489,Hosur Road,Minor,2024-07-24,17:00,2024-07-24 17:00:00,Fog,Auto,high
1567,13.019416,77.491801,Old Madras Road,Minor,2024-08-10,02:00,2024-08-10 02:00:00,Clear,Bike,high
1568,13.090824,77.592296,Airport Road,Fatal,2023-09-11,22:00,2023-09-11 22:00:00,Clear,Car,medium
1569,12.967851,77.461778,Bannerghatta Road,Minor,2022-02-04,09:00,2022-02-04 09:00:00,Rain,Bike,medium
1570,13.042577,77.611198,Airport Road,Fatal,2023-05-26,01:00,2023-05-26 01:00:00,Rain,Car,medium
1571,13.096346,77.716219,Airport Road,Minor,2023-08-25,05:00,2023-08-25 05:00:00,Fog,Auto,medium
1572,13.154635,77.561425,Airport Road,Minor,2024-02-15,19:00,2024-02-15 19:00:00,Rain,Car,medium
1573,13.188642,77.728129,Airport Road,Minor,2024-04-21,05:00,2024-04-21 05:00:00,Rain,Auto,medium
1574,13.153603,77.613692,Airport Road,Minor,2022-07-16,09:00,2022-07-16 09:00:00,Clear,Bike,medium
1575,12.922741,77.585112,Bannerghatta Road,Fatal,2023-06-21,13:00,2023-06-21 13:00:00,Fog,Auto,medium
1576,12.924739,77.770405,Whitefield Main Road,Severe,2024-04-05,15:00,2024-04-05 15:00:00,Clear,Car,high
1577,12.886265,77.74956,Whitefield Main Road,Minor,2022-12-15,23:00,2022-12-15 23:00:00,Fog,Bus,high
1578,13.126654,77.785331,Whitefield Main Road,Fatal,2024-12-14,13:00,2024-12-14 13:00:00,Rain,Auto,high
1579,12.87096,77.744919,Hosur Road,Minor,2024-04-22,15:00,2024-04-22 15:00:00,Clear,Bus,high
1580,12.992554,77.427067,Old Madras Road,Minor,2024-09-19,15:00,2024-09-19 15:00:00,Clear,Bike,high
1581,12.887117,77.534983,Bannerghatta Road,Minor,2024-03-03,00:00,2024-03-03 00:00:00,Clear,Bike,medium
1582,12.999471,77.463312,Old Madras Road,Severe,2023-12-10,02:00,2023-12-10 02:00:00,Fog,Bike,high
1583,12.822872,77.431518,Bannerghatta Road,Minor,2022-10-06,05:00,2022-10-06 05:00:00,Fog,Auto,medium
1584,12.922955,77.442097,Bannerghatta Road,Fatal,2024-11-09,19:00,2024-11-09 19:00:00,Clear,Truck,medium
1585,13.053912,77.565423,Airport Road,Minor,2022-08-01,15:00,2022-08-01 15:00:00,Clear,Auto,medium
1586,12.913097,77.594236,Bannerghatta Road,Severe,2023-04-26,04:00,2023-04-26 04:00:00,Rain,Car,medium
1587,13.155527,77.484738,Airport Road,Minor,2022-10-14,08:00,2022-10-14 08:00:00,Fog,Truck,medium
1588,13.148005,77.761042,Airport Road,Fatal,2024-10-28,21:00,2024-10-28 21:00:00,Fog,Bike,medium
1589,13.151806,77.423461,Airport Road,Severe,2023-04-18,03:00,2023-04-18 03:00:00,Rain,Auto,medium
1590,12.809229,77.525794,Bannerghatta Road,Minor,2024-03-29,21:00,2024-03-29 21:00:00,Rain,Car,medium
1591,13.111618,77.449943,Airport Road,Severe,2025-01-27,11:00,2025-01-27 11:00:00,Fog,Bus,medium
1592,12.864262,77.431575,Bannerghatta Road,Minor,2024-03-16,05:00,2024-03-16 05:00:00,Clear,Auto,medium
1593,12.935255,77.651249,Outer Ring Road,Severe,2022-11-13,12:00,2022-11-13 12:00:00,Clear,Auto,high
1594,13.099561,77.541215,Airport Road,Minor,2025-03-16,09:00,2025-03-16 09:00:00,Fog,Bus,medium
1595,13.163638,77.450736,Airport Road,Minor,2024-08-25,20:00,2024-08-25 20:00:00,Fog,Car,medium
1596,13.059822,77.599681,Airport Road,Minor,2024-08-10,00:00,2024-08-10 00:00:00,Clear,Truck,medium
1597,13.137179,77.45203,Airport Road,Minor,2024-04-09,16:00,2024-04-09 16:00:00,Rain,Car,medium
1598,12.829885,77.71676,Hosur Road,Minor,2023-03-06,23:00,2023-03-06 23:00:00,Rain,Bike,high
1599,13.051862,77.599626,Airport Road,Fatal,2024-10-15,23:00,2024-10-15 23:00:00,Clear,Auto,medium
1600,13.185886,77.578518,Airport Road,Minor,2023-02-04,07:00,2023-02-04 07:00:00,Clear,Bus,medium
1601,13.066502,77.545766,Airport Road,Fatal,2022-05-15,18:00,2022-05-15 18:00:00,Clear,Bike,medium
1602,12.869095,77.600945,Sarjapur Road,Severe,2022-06-23,13:00,2022-06-23 13:00:00,Clear,Bus,medium
1603,13.098364,77.637328,Airport Road,Minor,2022-04-30,13:00,2022-04-30 13:00:00,Clear,Auto,medium
1604,13.197771,77.570322,Airport Road,Minor,2022-07-06,13:00,2022-07-06 13:00:00,Rain,Car,medium
1605,13.06621,77.579585,Airport Road,Fatal,2023-01-08,08:00,2023-01-08 08:00:00,Fog,Truck,medium
1606,12.93884,77.656524,Outer Ring Road,Severe,2023-12-29,11:00,2023-12-29 11:00:00,Fog,Auto,high
1607,12.984491,77.538793,Old Madras Road,Minor,2022-07-18,01:00,2022-07-18 01:00:00,Fog,Car,high
1608,13.115999,77.468418,Airport Road,Minor,2023-03-18,02:00,2023-03-18 02:00:00,Rain,Car,medium
1609,13.052576,77.526938,Airport Road,Minor,2023-09-11,13:00,2023-09-11 13:00:00,Clear,Car,medium
1610,13.187138,77.636746,Airport Road,Fatal,2024-02-20,19:00,2024-02-20 19:00:00,Fog,Truck,medium
1611,13.078765,77.594779,Airport Road,Fatal,2022-08-23,09:00,2022-08-23 09:00:00,Rain,Truck,medium
1612,13.122314,77.55007,Airport Road,Minor,2024-04-10,06:00,2024-04-10 06:00:00,Clear,Truck,medium
1613,13.065835,77.658084,Airport Road,Minor,2022-11-04,00:00,2022-11-04 00:00:00,Rain,Truck,medium
1614,13.013201,77.513944,Old Madras Road,Severe,2023-09-28,07:00,2023-09-28 07:00:00,Rain,Truck,high
1615,13.103744,77.577705,Airport Road,Severe,2022-08-14,16:00,2022-08-14 16:00:00,Rain,Bike,medium
1616,12.901222,77.418033,Bannerghatta Road,Minor,2024-01-25,14:00,2024-01-25 14:00:00,Fog,Car,medium
1617,13.118788,77.512307,Airport Road,Minor,2025-02-03,22:00,2025-02-03 22:00:00,Clear,Truck,medium
1618,12.943912,77.539667,Bannerghatta Road,Minor,2024-03-17,18:00,2024-03-17 18:00:00,Clear,Car,medium
1619,13.095385,77.519533,Airport Road,Fatal,2023-10-13,18:00,2023-10-13 18:00:00,Clear,Truck,medium
1620,13.105758,77.730753,Airport Road,Minor,2022-03-12,06:00,2022-03-12 06:00:00,Rain,Bus,medium
1621,12.839324,77.446395,Bannerghatta Road,Minor,2023-05-24,19:00,2023-05-24 19:00:00,Clear,Auto,medium
1622,12.909141,77.632641,Outer Ring Road,Minor,2022-09-23,04:00,2022-09-23 04:00:00,Clear,Car,high
1623,12.946063,77.608696,Koramangala 80ft Road,Severe,2023-01-28,07:00,2023-01-28 07:00:00,Clear,Truck,low
1624,13.032868,77.776472,Whitefield Main Road,Severe,2025-04-04,10:00,2025-04-04 10:00:00,Clear,Bus,high
1625,13.193545,77.624219,Airport Road,Minor,2024-02-11,14:00,2024-02-11 14:00:00,Clear,Bus,medium
1626,13.108007,77.795669,Whitefield Main Road,Minor,2024-03-04,02:00,2024-03-04 02:00:00,Rain,Truck,high
1627,12.980824,77.504584,Old Madras Road,Minor,2025-01-17,09:00,2025-01-17 09:00:00,Fog,Auto,high
1628,13.167449,77.673734,Airport Road,Severe,2022-11-15,23:00,2022-11-15 23:00:00,Rain,Bike,medium
1629,13.156897,77.578142,Airport Road,Severe,2023-04-08,02:00,2023-04-08 02:00:00,Fog,Auto,medium
1630,13.169894,77.702837,Airport Road,Minor,2024-06-28,06:00,2024-06-28 06:00:00,Fog,Bike,medium
1631,13.144181,77.767079,Airport Road,Severe,2024-09-15,20:00,2024-09-15 20:00:00,Rain,Auto,medium
1632,13.012602,77.522256,Old Madras Road,Minor,2024-02-05,20:00,2024-02-05 20:00:00,Rain,Car,high
1633,12.838218,77.62693,Hosur Road,Severe,2025-03-08,12:00,2025-03-08 12:00:00,Fog,Bus,high
1634,13.048139,77.693705,Indiranagar 100ft Road,Fatal,2025-04-14,14:00,2025-04-14 14:00:00,Clear,Auto,low
1635,12.997551,77.474428,Old Madras Road,Minor,2024-02-29,18:00,2024-02-29 18:00:00,Clear,Bus,high
1636,13.13167,77.472918,Airport Road,Severe,2024-09-14,18:00,2024-09-14 18:00:00,Fog,Bus,medium
1637,12.908615,77.70081,Marathahalli Bridge Road,Minor,2023-02-28,08:00,2023-02-28 08:00:00,Rain,Bike,high
1638,13.194431,77.555248,Airport Road,Minor,2025-02-15,07:00,2025-02-15 07:00:00,Clear,Car,medium
1639,13.07062,77.523517,Airport Road,Severe,2024-10-27,11:00,2024-10-27 11:00:00,Clear,Bike,medium
1640,12.957805,77.64889,Indiranagar 100ft Road,Severe,2022-12-11,06:00,2022-12-11 06:00:00,Fog,Bike,low
1641,12.810826,77.49631,Bannerghatta Road,Minor,2022-02-09,19:00,2022-02-09 19:00:00,Fog,Car,medium
1642,13.173412,77.49216,Airport Road,Minor,2024-08-07,21:00,2024-08-07 21:00:00,Fog,Car,medium
1643,13.089771,77.648717,Airport Road,Severe,2023-12-04,21:00,2023-12-04 21:00:00,Fog,Bike,medium
1644,13.00288,77.544973,Old Madras Road,Minor,2023-07-07,14:00,2023-07-07 14:00:00,Rain,Auto,high
1645,12.863862,77.626477,Hosur Road,Fatal,2024-03-03,23:00,2024-03-03 23:00:00,Rain,Car,high
1646,13.151848,77.780533,Whitefield Main Road,Severe,2022-07-23,10:00,2022-07-23 10:00:00,Fog,Auto,high
1647,12.862421,77.644979,Hosur Road,Minor,2023-11-10,00:00,2023-11-10 00:00:00,Rain,Auto,high
1648,13.136322,77.444518,Airport Road,Minor,2022-10-18,12:00,2022-10-18 12:00:00,Clear,Auto,medium
1649,13.141237,77.713419,Airport Road,Minor,2022-01-13,00:00,2022-01-13 00:00:00,Fog,Bike,medium
1650,13.026304,77.659842,Indiranagar 100ft Road,Minor,2022-06-30,14:00,2022-06-30 14:00:00,Clear,Car,low
1651,12.943438,77.431845,Bannerghatta Road,Severe,2022-12-14,06:00,2022-12-14 06:00:00,Fog,Bus,medium
1652,13.03688,77.631109,Indiranagar 100ft Road,Minor,2023-09-29,09:00,2023-09-29 09:00:00,Rain,Car,low
1653,12.992622,77.709977,Marathahalli Bridge Road,Severe,2024-07-07,05:00,2024-07-07 05:00:00,Rain,Auto,high
1654,12.926381,77.632913,Koramangala 80ft Road,Minor,2023-11-15,22:00,2023-11-15 22:00:00,Rain,Truck,low
1655,13.110416,77.41294,Airport Road,Severe,2023-01-18,13:00,2023-01-18 13:00:00,Clear,Truck,medium
1656,12.906321,77.653206,Outer Ring Road,Minor,2022-08-29,05:00,2022-08-29 05:00:00,Rain,Car,high
1657,12.931699,77.495292,Bannerghatta Road,Minor,2022-10-15,05:00,2022-10-15 05:00:00,Rain,Bus,medium
1658,12.898054,77.642979,Outer Ring Road,Minor,2022-11-15,18:00,2022-11-15 18:00:00,Clear,Auto,high
1659,12.874755,77.570848,Bannerghatta Road,Minor,2023-06-17,10:00,2023-06-17 10:00:00,Clear,Car,medium
1660,12.885745,77.567188,Bannerghatta Road,Severe,2024-10-31,17:00,2024-10-31 17:00:00,Fog,Auto,medium
1661,12.989523,77.429285,Old Madras Road,Minor,2024-12-14,23:00,2024-12-14 23:00:00,Clear,Truck,high
1662,12.837521,77.759402,Hosur Road,Severe,2024-03-06,21:00,2024-03-06 21:00:00,Rain,Bus,high
1663,13.069027,77.765905,Whitefield Main Road,Minor,2024-06-15,02:00,2024-06-15 02:00:00,Clear,Car,high
1664,12.91891,77.407012,Bannerghatta Road,Minor,2022-10-17,09:00,2022-10-17 09:00:00,Fog,Bus,medium
1665,12.92839,77.603263,Bannerghatta Road,Minor,2023-03-21,10:00,2023-03-21 10:00:00,Fog,Auto,medium
1666,13.063233,77.424841,Airport Road,Severe,2025-04-06,09:00,2025-04-06 09:00:00,Fog,Car,medium
1667,13.124434,77.614586,Airport Road,Severe,2024-04-06,10:00,2024-04-06 10:00:00,Rain,Auto,medium
1668,12.826593,77.620201,Hosur Road,Fatal,2024-09-23,06:00,2024-09-23 06:00:00,Clear,Auto,high
1669,12.935467,77.49713,Bannerghatta Road,Fatal,2024-07-01,18:00,2024-07-01 18:00:00,Rain,Truck,medium
1670,12.805736,77.433599,Bannerghatta Road,Minor,2022-02-07,03:00,2022-02-07 03:00:00,Clear,Bike,medium
1671,12.868235,77.547162,Bannerghatta Road,Minor,2024-04-25,16:00,2024-04-25 16:00:00,Rain,Truck,medium
1672,12.875861,77.623428,Outer Ring Road,Severe,2024-11-14,23:00,2024-11-14 23:00:00,Fog,Bike,high
1673,12.879119,77.463991,Bannerghatta Road,Minor,2022-12-17,02:00,2022-12-17 02:00:00,Rain,Bus,medium
1674,12.857835,77.705254,Hosur Road,Minor,2024-01-23,17:00,2024-01-23 17:00:00,Clear,Bike,high
1675,12.942112,77.514012,Bannerghatta Road,Minor,2023-04-01,05:00,2023-04-01 05:00:00,Rain,Truck,medium
1676,12.918241,77.721023,Marathahalli Bridge Road,Severe,2024-09-17,11:00,2024-09-17 11:00:00,Fog,Bus,high
1677,12.888839,77.619991,Sarjapur Road,Minor,2024-07-13,23:00,2024-07-13 23:00:00,Rain,Bus,medium
1678,12.987208,77.660368,Indiranagar 100ft Road,Fatal,2022-06-04,20:00,2022-06-04 20:00:00,Clear,Bus,low
1679,13.189923,77.492324,Airport Road,Fatal,2025-01-29,16:00,2025-01-29 16:00:00,Rain,Car,medium
1680,13.095384,77.634413,Airport Road,Minor,2023-08-12,06:00,2023-08-12 06:00:00,Fog,Car,medium
1681,12.828261,77.674329,Hosur Road,Severe,2022-05-06,17:00,2022-05-06 17:00:00,Fog,Truck,high
1682,13.029182,77.543895,Old Madras Road,Minor,2024-11-21,18:00,2024-11-21 18:00:00,Rain,Truck,high
1683,12.99436,77.61466,Old Madras Road,Minor,2022-04-18,23:00,2022-04-18 23:00:00,Rain,Car,high
1684,13.060665,77.543559,Airport Road,Severe,2022-01-18,16:00,2022-01-18 16:00:00,Clear,Car,medium
1685,13.108542,77.780704,Whitefield Main Road,Minor,2023-02-05,13:00,2023-02-05 13:00:00,Fog,Car,high
1686,12.843016,77.789528,Hosur Road,Severe,2024-09-22,16:00,2024-09-22 16:00:00,Clear,Bike,high
1687,12.920071,77.501943,Bannerghatta Road,Fatal,2024-11-11,12:00,2024-11-11 12:00:00,Clear,Truck,medium
1688,13.179377,77.669696,Airport Road,Minor,2024-03-29,22:00,2024-03-29 22:00:00,Rain,Truck,medium
1689,13.190671,77.480202,Airport Road,Minor,2023-10-14,18:00,2023-10-14 18:00:00,Clear,Bike,medium
1690,13.030888,77.5094,Old Madras Road,Minor,2023-09-28,13:00,2023-09-28 13:00:00,Clear,Car,high
1691,13.01484,77.523395,Old Madras Road,Severe,2022-01-14,23:00,2022-01-14 23:00:00,Rain,Bus,high
1692,13.122987,77.778466,Whitefield Main Road,Minor,2022-01-28,22:00,2022-01-28 22:00:00,Rain,Car,high
1693,12.825179,77.778071,Hosur Road,Severe,2024-01-07,00:00,2024-01-07 00:00:00,Clear,Bus,high
1694,12.906171,77.738767,Marathahalli Bridge Road,Minor,2024-01-02,22:00,2024-01-02 22:00:00,Clear,Truck,high
1695,12.878386,77.575762,Bannerghatta Road,Fatal,2024-01-22,10:00,2024-01-22 10:00:00,Rain,Auto,medium
1696,13.087364,77.642808,Airport Road,Minor,2024-12-30,20:00,2024-12-30 20:00:00,Clear,Bike,medium
1697,13.158395,77.74821,Airport Road,Minor,2022-05-15,15:00,2022-05-15 15:00:00,Clear,Truck,medium
1698,12.83492,77.483731,Bannerghatta Road,Minor,2023-10-18,08:00,2023-10-18 08:00:00,Rain,Truck,medium
1699,12.813049,77.56018,Hosur Road,Fatal,2022-05-25,03:00,2022-05-25 03:00:00,Fog,Bus,high
1700,12.989555,77.78424,Whitefield Main Road,Fatal,2023-07-19,14:00,2023-07-19 14:00:00,Rain,Truck,high
1701,13.122803,77.410695,Airport Road,Minor,2024-03-11,08:00,2024-03-11 08:00:00,Rain,Bus,medium
1702,12.974383,77.630367,Indiranagar 100ft Road,Severe,2022-09-26,01:00,2022-09-26 01:00:00,Rain,Car,low
1703,13.131645,77.677939,Airport Road,Severe,2022-01-16,13:00,2022-01-16 13:00:00,Rain,Truck,medium
1704,12.846974,77.518766,Bannerghatta Road,Severe,2023-05-09,06:00,2023-05-09 06:00:00,Rain,Bus,medium
1705,12.888482,77.45946,Bannerghatta Road,Minor,2022-01-15,13:00,2022-01-15 13:00:00,Fog,Truck,medium
1706,12.804049,77.709931,Hosur Road,Severe,2022-04-03,09:00,2022-04-03 09:00:00,Fog,Bike,high
1707,12.956382,77.767425,Whitefield Main Road,Minor,2023-01-10,12:00,2023-01-10 12:00:00,Clear,Bus,high
1708,13.010435,77.718566,Whitefield Main Road,Severe,2024-01-01,03:00,2024-01-01 03:00:00,Fog,Bike,high
1709,13.016204,77.421135,Old Madras Road,Fatal,2023-09-18,12:00,2023-09-18 12:00:00,Rain,Auto,high
1710,12.906858,77.598109,Sarjapur Road,Minor,2022-07-18,18:00,2022-07-18 18:00:00,Fog,Car,medium
1711,13.001436,77.753855,Whitefield Main Road,Minor,2023-08-02,08:00,2023-08-02 08:00:00,Rain,Auto,high
1712,12.92481,77.694164,Marathahalli Bridge Road,Fatal,2024-04-20,15:00,2024-04-20 15:00:00,Fog,Bike,high
1713,13.074516,77.582034,Airport Road,Minor,2023-04-28,00:00,2023-04-28 00:00:00,Fog,Bus,medium
1714,12.952692,77.499104,Bannerghatta Road,Minor,2023-05-23,14:00,2023-05-23 14:00:00,Rain,Bike,medium
1715,12.898723,77.565263,Bannerghatta Road,Severe,2022-06-15,08:00,2022-06-15 08:00:00,Clear,Bike,medium
1716,13.191086,77.415105,Airport Road,Minor,2023-02-12,12:00,2023-02-12 12:00:00,Fog,Auto,medium
1717,13.159883,77.467015,Airport Road,Minor,2024-09-18,22:00,2024-09-18 22:00:00,Rain,Bus,medium
1718,12.91875,77.76251,Whitefield Main Road,Minor,2024-10-19,14:00,2024-10-19 14:00:00,Rain,Bike,high
1719,13.151559,77.637295,Airport Road,Severe,2023-01-25,05:00,2023-01-25 05:00:00,Rain,Bike,medium
1720,13.181641,77.668036,Airport Road,Minor,2024-09-26,12:00,2024-09-26 12:00:00,Fog,Bike,medium
1721,13.175577,77.643027,Airport Road,Fatal,2022-04-13,05:00,2022-04-13 05:00:00,Rain,Truck,medium
1722,13.123902,77.483411,Airport Road,Minor,2023-11-03,13:00,2023-11-03 13:00:00,Clear,Car,medium
1723,12.823497,77.401825,Bannerghatta Road,Minor,2025-01-18,04:00,2025-01-18 04:00:00,Clear,Truck,medium
1724,12.908066,77.667429,Outer Ring Road,Severe,2022-01-29,11:00,2022-01-29 11:00:00,Fog,Car,high
1725,12.992505,77.432509,Old Madras Road,Minor,2022-02-08,07:00,2022-02-08 07:00:00,Fog,Truck,high
1726,13.147355,77.42695,Airport Road,Fatal,2024-08-11,01:00,2024-08-11 01:00:00,Fog,Auto,medium
1727,13.129144,77.472548,Airport Road,Minor,2023-02-17,04:00,2023-02-17 04:00:00,Clear,Bus,medium
1728,13.169654,77.415097,Airport Road,Fatal,2024-05-10,20:00,2024-05-10 20:00:00,Clear,Truck,medium
1729,13.03487,77.763103,Whitefield Main Road,Severe,2023-01-06,00:00,2023-01-06 00:00:00,Rain,Bike,high
1730,13.083366,77.724315,Whitefield Main Road,Minor,2024-11-01,17:00,2024-11-01 17:00:00,Rain,Auto,high
1731,13.056578,77.525225,Airport Road,Minor,2024-06-09,04:00,2024-06-09 04:00:00,Rain,Car,medium
1732,12.924475,77.579849,Bannerghatta Road,Severe,2025-03-13,16:00,2025-03-13 16:00:00,Fog,Bus,medium
1733,12.874701,77.42106,Bannerghatta Road,Minor,2022-01-30,01:00,2022-01-30 01:00:00,Rain,Car,medium
1734,12.911998,77.52395,Bannerghatta Road,Severe,2023-07-15,08:00,2023-07-15 08:00:00,Clear,Car,medium
1735,12.802129,77.759899,Hosur Road,Severe,2023-02-17,05:00,2023-02-17 05:00:00,Rain,Auto,high
1736,12.80129,77.609253,Hosur Road,Severe,2024-09-04,19:00,2024-09-04 19:00:00,Rain,Bus,high
1737,12.881339,77.677576,Hosur Road,Minor,2023-04-17,18:00,2023-04-17 18:00:00,Rain,Truck,high
1738,12.999404,77.778709,Whitefield Main Road,Fatal,2025-04-08,04:00,2025-04-08 04:00:00,Clear,Bus,high
1739,12.899256,77.585903,Bannerghatta Road,Minor,2023-03-25,19:00,2023-03-25 19:00:00,Fog,Bike,medium
1740,13.052119,77.622835,Airport Road,Severe,2022-11-27,20:00,2022-11-27 20:00:00,Clear,Auto,medium
1741,12.904848,77.503844,Bannerghatta Road,Minor,2023-02-23,00:00,2023-02-23 00:00:00,Rain,Truck,medium
1742,12.970903,77.529259,Old Madras Road,Minor,2022-11-12,18:00,2022-11-12 18:00:00,Rain,Car,high
1743,13.127557,77.570269,Airport Road,Minor,2022-10-29,23:00,2022-10-29 23:00:00,Clear,Bus,medium
1744,12.920792,77.540292,Bannerghatta Road,Severe,2024-02-05,11:00,2024-02-05 11:00:00,Rain,Auto,medium
1745,13.016922,77.416753,Old Madras Road,Severe,2022-08-25,13:00,2022-08-25 13:00:00,Clear,Car,high
1746,13.026826,77.50758,Old Madras Road,Minor,2022-06-17,13:00,2022-06-17 13:00:00,Clear,Truck,high
1747,13.150853,77.439458,Airport Road,Fatal,2024-07-07,06:00,2024-07-07 06:00:00,Rain,Bike,medium
1748,13.111357,77.589387,Airport Road,Minor,2022-04-22,01:00,2022-04-22 01:00:00,Rain,Bike,medium
1749,12.884835,77.729892,Hosur Road,Severe,2025-02-08,18:00,2025-02-08 18:00:00,Rain,Bus,high
1750,13.070991,77.648504,Airport Road,Minor,2022-07-08,13:00,2022-07-08 13:00:00,Clear,Bus,medium
1751,13.116821,77.599677,Airport Road,Severe,2023-11-27,22:00,2023-11-27 22:00:00,Fog,Bus,medium
1752,12.852528,77.420628,Bannerghatta Road,Severe,2022-04-12,18:00,2022-04-12 18:00:00,Clear,Truck,medium
1753,12.982079,77.671068,Indiranagar 100ft Road,Fatal,2023-07-22,05:00,2023-07-22 05:00:00,Fog,Truck,low
1754,12.932998,77.780595,Whitefield Main Road,Minor,2023-08-17,15:00,2023-08-17 15:00:00,Rain,Bus,high
1755,13.052259,77.604404,Airport Road,Minor,2023-07-15,08:00,2023-07-15 08:00:00,Rain,Truck,medium
1756,13.074844,77.461935,Airport Road,Fatal,2023-08-05,05:00,2023-08-05 05:00:00,Clear,Auto,medium
1757,13.007432,77.445143,Old Madras Road,Minor,2022-11-29,16:00,2022-11-29 16:00:00,Rain,Auto,high
1758,13.071388,77.494571,Airport Road,Minor,2022-10-14,14:00,2022-10-14 14:00:00,Clear,Truck,medium
1759,13.079247,77.719008,Whitefield Main Road,Minor,2023-02-09,05:00,2023-02-09 05:00:00,Rain,Auto,high
1760,13.103222,77.688115,Airport Road,Minor,2024-07-17,17:00,2024-07-17 17:00:00,Rain,Bike,medium
1761,13.045214,77.583985,Airport Road,Severe,2024-05-10,10:00,2024-05-10 10:00:00,Fog,Car,medium
1762,13.162507,77.735497,Airport Road,Minor,2024-09-17,05:00,2024-09-17 05:00:00,Fog,Truck,medium
1763,12.921157,77.566431,Bannerghatta Road,Severe,2023-10-12,16:00,2023-10-12 16:00:00,Clear,Auto,medium
1764,13.192845,77.563449,Airport Road,Minor,2022-07-03,17:00,2022-07-03 17:00:00,Fog,Auto,medium
1765,12.803721,77.780981,Hosur Road,Minor,2022-11-10,18:00,2022-11-10 18:00:00,Clear,Bus,high
1766,12.971087,77.441407,Bannerghatta Road,Minor,2022-08-31,16:00,2022-08-31 16:00:00,Fog,Car,medium
1767,13.19165,77.782694,Airport Road,Severe,2023-12-21,02:00,2023-12-21 02:00:00,Clear,Car,medium
1768,12.980951,77.535062,Old Madras Road,Minor,2023-06-22,21:00,2023-06-22 21:00:00,Fog,Truck,high
1769,12.871948,77.439158,Bannerghatta Road,Minor,2023-06-03,12:00,2023-06-03 12:00:00,Clear,Bike,medium
1770,13.040294,77.763065,Whitefield Main Road,Minor,2024-05-18,00:00,2024-05-18 00:00:00,Clear,Car,high
1771,13.004484,77.411583,Old Madras Road,Minor,2022-08-13,01:00,2022-08-13 01:00:00,Fog,Auto,high
1772,13.12695,77.463232,Airport Road,Minor,2024-02-07,00:00,2024-02-07 00:00:00,Clear,Auto,medium
1773,12.973718,77.640947,Indiranagar 100ft Road,Severe,2024-12-26,17:00,2024-12-26 17:00:00,Clear,Car,low
1774,12.905709,77.63252,Outer Ring Road,Severe,2022-01-17,13:00,2022-01-17 13:00:00,Fog,Bus,high
1775,12.810527,77.4715,Bannerghatta Road,Minor,2022-06-22,22:00,2022-06-22 22:00:00,Clear,Truck,medium
1776,13.062669,77.469342,Airport Road,Minor,2023-06-13,08:00,2023-06-13 08:00:00,Clear,Auto,medium
1777,13.088288,77.748977,Whitefield Main Road,Minor,2023-09-13,08:00,2023-09-13 08:00:00,Fog,Car,high
1778,13.01241,77.614101,Old Madras Road,Fatal,2024-12-27,09:00,2024-12-27 09:00:00,Clear,Car,high
1779,13.01267,77.502306,Old Madras Road,Minor,2023-05-21,20:00,2023-05-21 20:00:00,Clear,Bus,high
1780,13.102092,77.552372,Airport Road,Fatal,2023-02-12,13:00,2023-02-12 13:00:00,Rain,Bus,medium
1781,12.990182,77.547177,Old Madras Road,Minor,2022-02-24,11:00,2022-02-24 11:00:00,Fog,Bike,high
1782,13.089109,77.423966,Airport Road,Severe,2022-08-19,18:00,2022-08-19 18:00:00,Rain,Truck,medium
1783,12.892952,77.752823,Whitefield Main Road,Minor,2024-09-23,00:00,2024-09-23 00:00:00,Rain,Truck,high
1784,13.16346,77.439758,Airport Road,Fatal,2022-06-23,03:00,2022-06-23 03:00:00,Fog,Bike,medium
1785,13.069785,77.789527,Whitefield Main Road,Minor,2024-03-25,12:00,2024-03-25 12:00:00,Rain,Auto,high
1786,12.885706,77.735484,Marathahalli Bridge Road,Minor,2023-01-10,08:00,2023-01-10 08:00:00,Fog,Bike,high
1787,13.042081,77.728745,Whitefield Main Road,Minor,2022-07-30,06:00,2022-07-30 06:00:00,Fog,Truck,high
1788,12.887269,77.791863,Whitefield Main Road,Severe,2023-12-27,12:00,2023-12-27 12:00:00,Rain,Truck,high
1789,12.973065,77.640358,Indiranagar 100ft Road,Minor,2024-11-12,22:00,2024-11-12 22:00:00,Fog,Car,low
1790,12.967881,77.620956,Old Madras Road,Fatal,2024-02-13,05:00,2024-02-13 05:00:00,Fog,Bus,high
1791,12.889176,77.626557,Outer Ring Road,Minor,2024-05-23,07:00,2024-05-23 07:00:00,Rain,Bike,high
1792,13.110934,77.640847,Airport Road,Minor,2023-02-16,22:00,2023-02-16 22:00:00,Fog,Truck,medium
1793,13.068627,77.678826,Airport Road,Minor,2024-07-31,05:00,2024-07-31 05:00:00,Rain,Truck,medium
1794,12.931977,77.722713,Marathahalli Bridge Road,Fatal,2024-03-07,02:00,2024-03-07 02:00:00,Clear,Bike,high
1795,13.152875,77.670312,Airport Road,Minor,2022-11-22,09:00,2022-11-22 09:00:00,Rain,Bike,medium
1796,13.154842,77.640183,Airport Road,Severe,2023-01-12,13:00,2023-01-12 13:00:00,Clear,Auto,medium
1797,12.906594,77.676341,Outer Ring Road,Minor,2022-11-27,05:00,2022-11-27 05:00:00,Rain,Bike,high
1798,13.078093,77.44405,Airport Road,Minor,2022-05-07,18:00,2022-05-07 18:00:00,Fog,Truck,medium
1799,12.920537,77.456367,Bannerghatta Road,Severe,2024-04-11,11:00,2024-04-11 11:00:00,Rain,Car,medium
1800,13.006892,77.786891,Whitefield Main Road,Minor,2023-07-30,15:00,2023-07-30 15:00:00,Fog,Car,high
1801,12.963085,77.583676,Old Madras Road,Minor,2022-08-20,14:00,2022-08-20 14:00:00,Clear,Truck,high
1802,13.186225,77.79367,Airport Road,Minor,2023-08-15,10:00,2023-08-15 10:00:00,Clear,Truck,medium
1803,12.837086,77.678498,Hosur Road,Severe,2024-05-19,15:00,2024-05-19 15:00:00,Clear,Bus,high
1804,12.991625,77.543793,Old Madras Road,Minor,2022-02-04,12:00,2022-02-04 12:00:00,Fog,Bus,high
1805,13.036752,77.469071,Airport Road,Minor,2024-02-10,12:00,2024-02-10 12:00:00,Rain,Car,medium
1806,12.959127,77.747033,Whitefield Main Road,Minor,2024-06-06,07:00,2024-06-06 07:00:00,Fog,Truck,high
1807,12.924367,77.666139,Outer Ring Road,Minor,2023-09-11,06:00,2023-09-11 06:00:00,Fog,Truck,high
1808,12.974428,77.771213,Whitefield Main Road,Severe,2025-01-29,06:00,2025-01-29 06:00:00,Clear,Car,high
1809,13.047408,77.408071,Airport Road,Minor,2022-03-21,05:00,2022-03-21 05:00:00,Fog,Bus,medium
1810,13.110543,77.417387,Airport Road,Minor,2024-01-04,23:00,2024-01-04 23:00:00,Clear,Bike,medium
1811,13.170232,77.77601,Airport Road,Minor,2022-12-30,16:00,2022-12-30 16:00:00,Rain,Bus,medium
1812,12.871464,77.577812,Sarjapur Road,Severe,2025-04-08,12:00,2025-04-08 12:00:00,Fog,Bus,medium
1813,12.964904,77.726534,Whitefield Main Road,Minor,2025-03-10,14:00,2025-03-10 14:00:00,Clear,Auto,high
1814,12.849346,77.556592,Bannerghatta Road,Minor,2025-01-17,01:00,2025-01-17 01:00:00,Fog,Car,medium
1815,13.096027,77.437996,Airport Road,Minor,2024-08-07,03:00,2024-08-07 03:00:00,Rain,Car,medium
1816,13.013317,77.617879,Old Madras Road,Fatal,2023-06-22,10:00,2023-06-22 10:00:00,Clear,Bus,high
1817,13.13568,77.726156,Airport Road,Minor,2024-12-03,10:00,2024-12-03 10:00:00,Clear,Car,medium
1818,12.815125,77.541815,Hosur Road,Fatal,2022-02-04,18:00,2022-02-04 18:00:00,Fog,Truck,high
1819,13.088474,77.603386,Airport Road,Minor,2022-07-30,02:00,2022-07-30 02:00:00,Rain,Auto,medium
1820,13.086425,77.573286,Airport Road,Minor,2025-01-11,03:00,2025-01-11 03:00:00,Fog,Bike,medium
1821,13.055659,77.523196,Airport Road,Minor,2025-04-05,15:00,2025-04-05 15:00:00,Clear,Bike,medium
1822,12.99561,77.420269,Old Madras Road,Severe,2025-03-05,11:00,2025-03-05 11:00:00,Fog,Car,high
1823,13.185156,77.425328,Airport Road,Minor,2024-05-22,07:00,2024-05-22 07:00:00,Clear,Truck,medium
1824,13.014092,77.556785,Old Madras Road,Minor,2024-09-26,03:00,2024-09-26 03:00:00,Fog,Truck,high
1825,13.151228,77.626964,Airport Road,Minor,2022-12-23,14:00,2022-12-23 14:00:00,Clear,Truck,medium
1826,12.818891,77.483768,Bannerghatta Road,Severe,2023-02-28,15:00,2023-02-28 15:00:00,Fog,Auto,medium
1827,13.112586,77.772788,Whitefield Main Road,Minor,2023-09-05,09:00,2023-09-05 09:00:00,Fog,Auto,high
1828,13.13969,77.449998,Airport Road,Minor,2024-02-13,21:00,2024-02-13 21:00:00,Rain,Bus,medium
1829,13.044444,77.728102,Whitefield Main Road,Minor,2023-03-09,08:00,2023-03-09 08:00:00,Rain,Bus,high
1830,12.948422,77.585939,Bannerghatta Road,Fatal,2022-11-02,10:00,2022-11-02 10:00:00,Fog,Bus,medium
1831,13.067618,77.787517,Whitefield Main Road,Minor,2024-02-21,22:00,2024-02-21 22:00:00,Rain,Truck,high
1832,12.955355,77.404516,Bannerghatta Road,Severe,2023-09-06,21:00,2023-09-06 21:00:00,Clear,Car,medium
1833,13.190992,77.524873,Airport Road,Minor,2023-12-01,16:00,2023-12-01 16:00:00,Clear,Bike,medium
1834,13.094009,77.585187,Airport Road,Severe,2023-07-20,17:00,2023-07-20 17:00:00,Fog,Car,medium
1835,13.038394,77.729574,Whitefield Main Road,Severe,2025-03-14,09:00,2025-03-14 09:00:00,Fog,Bus,high
1836,12.954551,77.591505,Old Madras Road,Minor,2023-06-21,18:00,2023-06-21 18:00:00,Rain,Bus,high
1837,13.13932,77.79325,Whitefield Main Road,Minor,2023-12-30,21:00,2023-12-30 21:00:00,Fog,Car,high
1838,12.923112,77.783295,Whitefield Main Road,Severe,2024-08-24,00:00,2024-08-24 00:00:00,Fog,Truck,high
1839,12.939282,77.420405,Bannerghatta Road,Fatal,2022-05-11,22:00,2022-05-11 22:00:00,Clear,Bus,medium
1840,12.836432,77.535141,Bannerghatta Road,Minor,2024-11-08,16:00,2024-11-08 16:00:00,Clear,Bike,medium
1841,12.831907,77.743346,Hosur Road,Minor,2023-10-27,14:00,2023-10-27 14:00:00,Clear,Truck,high
1842,13.015083,77.561705,Old Madras Road,Minor,2022-04-20,17:00,2022-04-20 17:00:00,Clear,Car,high
1843,12.831484,77.514395,Bannerghatta Road,Minor,2024-12-02,02:00,2024-12-02 02:00:00,Clear,Car,medium
1844,13.028905,77.552467,Old Madras Road,Minor,2023-01-13,17:00,2023-01-13 17:00:00,Rain,Auto,high
1845,13.001614,77.57962,Old Madras Road,Minor,2023-05-31,17:00,2023-05-31 17:00:00,Fog,Auto,high
1846,13.009925,77.531961,Old Madras Road,Minor,2022-06-23,19:00,2022-06-23 19:00:00,Fog,Bike,high
1847,13.103202,77.55281,Airport Road,Fatal,2022-11-15,22:00,2022-11-15 22:00:00,Rain,Bike,medium
1848,13.136385,77.669874,Airport Road,Minor,2022-05-06,19:00,2022-05-06 19:00:00,Fog,Car,medium
1849,12.921667,77.584114,Bannerghatta Road,Minor,2025-03-23,16:00,2025-03-23 16:00:00,Clear,Bike,medium
1850,12.869251,77.737689,Hosur Road,Minor,2024-09-30,08:00,2024-09-30 08:00:00,Clear,Truck,high
1851,12.858767,77.632865,Hosur Road,Minor,2024-12-15,07:00,2024-12-15 07:00:00,Rain,Bus,high
1852,12.959944,77.640021,Indiranagar 100ft Road,Fatal,2023-02-08,20:00,2023-02-08 20:00:00,Fog,Auto,low
1853,13.116133,77.501878,Airport Road,Minor,2022-04-04,08:00,2022-04-04 08:00:00,Clear,Truck,medium
1854,13.139237,77.681855,Airport Road,Minor,2024-12-19,07:00,2024-12-19 07:00:00,Clear,Bike,medium
1855,12.811096,77.541858,Hosur Road,Fatal,2022-04-17,04:00,2022-04-17 04:00:00,Fog,Auto,high
1856,12.801276,77.407352,Bannerghatta Road,Fatal,2023-02-16,04:00,2023-02-16 04:00:00,Clear,Truck,medium
1857,13.137691,77.701812,Airport Road,Severe,2023-06-03,06:00,2023-06-03 06:00:00,Rain,Bike,medium
1858,13.068504,77.472856,Airport Road,Severe,2024-10-04,22:00,2024-10-04 22:00:00,Rain,Truck,medium
1859,13.025858,77.750052,Whitefield Main Road,Minor,2024-10-22,10:00,2024-10-22 10:00:00,Clear,Bike,high
1860,12.946738,77.490154,Bannerghatta Road,Severe,2023-10-23,07:00,2023-10-23 07:00:00,Clear,Truck,medium
1861,13.074963,77.712186,Whitefield Main Road,Severe,2022-07-07,23:00,2022-07-07 23:00:00,Fog,Bus,high
1862,12.836448,77.567884,Sarjapur Road,Fatal,2024-08-25,18:00,2024-08-25 18:00:00,Clear,Truck,medium
1863,12.893016,77.530219,Bannerghatta Road,Minor,2022-04-13,14:00,2022-04-13 14:00:00,Rain,Auto,medium
1864,12.837107,77.759652,Hosur Road,Minor,2024-09-15,14:00,2024-09-15 14:00:00,Clear,Bike,high
1865,12.838582,77.78844,Hosur Road,Fatal,2024-11-19,08:00,2024-11-19 08:00:00,Fog,Car,high
1866,12.801997,77.736067,Hosur Road,Severe,2024-10-05,06:00,2024-10-05 06:00:00,Fog,Bike,high
1867,13.098791,77.432049,Airport Road,Fatal,2023-03-25,13:00,2023-03-25 13:00:00,Clear,Bike,medium
1868,13.139453,77.672003,Airport Road,Minor,2023-12-02,16:00,2023-12-02 16:00:00,Clear,Truck,medium
1869,12.940917,77.697942,Marathahalli Bridge Road,Minor,2023-04-09,10:00,2023-04-09 10:00:00,Fog,Bike,high
1870,13.157522,77.686113,Airport Road,Minor,2024-04-02,14:00,2024-04-02 14:00:00,Fog,Bike,medium
1871,12.964933,77.448797,Bannerghatta Road,Fatal,2022-08-23,17:00,2022-08-23 17:00:00,Fog,Bus,medium
1872,12.864243,77.682864,Hosur Road,Minor,2024-07-09,01:00,2024-07-09 01:00:00,Fog,Bike,high
1873,12.9998,77.709933,Marathahalli Bridge Road,Minor,2022-05-31,10:00,2022-05-31 10:00:00,Fog,Bus,high
1874,12.97015,77.580114,Old Madras Road,Severe,2022-04-12,11:00,2022-04-12 11:00:00,Clear,Bike,high
1875,13.073289,77.436364,Airport Road,Fatal,2024-10-07,10:00,2024-10-07 10:00:00,Fog,Truck,medium
1876,13.092489,77.603166,Airport Road,Minor,2022-10-05,10:00,2022-10-05 10:00:00,Fog,Truck,medium
1877,13.108641,77.537569,Airport Road,Minor,2024-04-03,12:00,2024-04-03 12:00:00,Fog,Auto,medium
1878,13.147466,77.446952,Airport Road,Severe,2024-01-11,03:00,2024-01-11 03:00:00,Clear,Bus,medium
1879,12.942334,77.479414,Bannerghatta Road,Minor,2024-03-09,20:00,2024-03-09 20:00:00,Rain,Auto,medium
1880,13.026756,77.670417,Indiranagar 100ft Road,Minor,2023-12-04,21:00,2023-12-04 21:00:00,Clear,Auto,low
1881,12.925408,77.567703,Bannerghatta Road,Severe,2022-07-02,19:00,2022-07-02 19:00:00,Fog,Auto,medium
1882,12.846088,77.685431,Hosur Road,Minor,2022-09-28,12:00,2022-09-28 12:00:00,Rain,Car,high
1883,13.097659,77.736471,Whitefield Main Road,Minor,2024-08-05,05:00,2024-08-05 05:00:00,Clear,Truck,high
1884,13.084803,77.648896,Airport Road,Minor,2022-07-06,21:00,2022-07-06 21:00:00,Clear,Auto,medium
1885,12.940998,77.43652,Bannerghatta Road,Fatal,2023-02-28,17:00,2023-02-28 17:00:00,Clear,Auto,medium
1886,13.1186,77.710566,Airport Road,Minor,2023-07-01,08:00,2023-07-01 08:00:00,Clear,Bus,medium
1887,12.952979,77.770495,Whitefield Main Road,Minor,2024-09-01,22:00,2024-09-01 22:00:00,Rain,Auto,high
1888,12.894982,77.41693,Bannerghatta Road,Minor,2022-10-05,07:00,2022-10-05 07:00:00,Clear,Bike,medium
1889,13.140907,77.579112,Airport Road,Severe,2022-06-10,10:00,2022-06-10 10:00:00,Fog,Bus,medium
1890,12.823333,77.75305,Hosur Road,Minor,2023-04-05,00:00,2023-04-05 00:00:00,Rain,Bus,high
1891,13.18031,77.447624,Airport Road,Minor,2022-05-14,20:00,2022-05-14 20:00:00,Rain,Bike,medium
1892,13.184814,77.709501,Airport Road,Minor,2024-10-28,07:00,2024-10-28 07:00:00,Rain,Car,medium
1893,13.120411,77.784757,Whitefield Main Road,Severe,2022-05-13,05:00,2022-05-13 05:00:00,Clear,Auto,high
1894,13.078747,77.657953,Airport Road,Severe,2024-06-24,04:00,2024-06-24 04:00:00,Fog,Auto,medium
1895,13.140039,77.5237,Airport Road,Minor,2022-07-17,06:00,2022-07-17 06:00:00,Clear,Bike,medium
1896,12.837411,77.784742,Hosur Road,Minor,2023-02-23,20:00,2023-02-23 20:00:00,Clear,Bike,high
1897,13.167705,77.726624,Airport Road,Minor,2022-10-16,17:00,2022-10-16 17:00:00,Clear,Auto,medium
1898,13.125175,77.795107,Whitefield Main Road,Minor,2022-08-17,17:00,2022-08-17 17:00:00,Fog,Auto,high
1899,12.88699,77.435867,Bannerghatta Road,Fatal,2022-06-12,16:00,2022-06-12 16:00:00,Rain,Car,medium
1900,12.804753,77.549655,Hosur Road,Fatal,2023-06-03,06:00,2023-06-03 06:00:00,Rain,Truck,high
1901,13.155076,77.729003,Airport Road,Minor,2024-07-05,09:00,2024-07-05 09:00:00,Clear,Bus,medium
1902,13.167225,77.475217,Airport Road,Minor,2023-01-22,04:00,2023-01-22 04:00:00,Fog,Bike,medium
1903,12.971581,77.642867,Indiranagar 100ft Road,Minor,2024-08-16,01:00,2024-08-16 01:00:00,Clear,Car,low
1904,13.101663,77.528174,Airport Road,Fatal,2024-07-31,14:00,2024-07-31 14:00:00,Clear,Auto,medium
1905,13.125209,77.727626,Airport Road,Minor,2022-05-13,12:00,2022-05-13 12:00:00,Fog,Bike,medium
1906,13.00654,77.51568,Old Madras Road,Minor,2022-12-10,06:00,2022-12-10 06:00:00,Rain,Car,high
1907,13.053768,77.783203,Whitefield Main Road,Severe,2022-09-22,08:00,2022-09-22 08:00:00,Clear,Bus,high
1908,12.984537,77.466631,Old Madras Road,Fatal,2022-08-17,02:00,2022-08-17 02:00:00,Fog,Truck,high
1909,12.890409,77.514478,Bannerghatta Road,Minor,2024-01-21,13:00,2024-01-21 13:00:00,Fog,Bus,medium
1910,12.99686,77.431607,Old Madras Road,Minor,2022-03-23,15:00,2022-03-23 15:00:00,Rain,Bus,high
1911,13.14613,77.737377,Airport Road,Fatal,2023-05-05,07:00,2023-05-05 07:00:00,Rain,Auto,medium
1912,13.185574,77.411353,Airport Road,Minor,2022-12-21,08:00,2022-12-21 08:00:00,Clear,Bus,medium
1913,13.042773,77.42311,Airport Road,Fatal,2023-05-12,14:00,2023-05-12 14:00:00,Fog,Bike,medium
1914,12.984298,77.738028,Whitefield Main Road,Minor,2023-04-19,04:00,2023-04-19 04:00:00,Rain,Bike,high
1915,12.994406,77.64124,Indiranagar 100ft Road,Minor,2022-12-08,20:00,2022-12-08 20:00:00,Clear,Auto,low
1916,13.016701,77.753159,Whitefield Main Road,Minor,2022-03-15,17:00,2022-03-15 17:00:00,Rain,Bus,high
1917,12.874604,77.497122,Bannerghatta Road,Minor,2023-06-04,22:00,2023-06-04 22:00:00,Clear,Bus,medium
1918,13.197614,77.582843,Airport Road,Minor,2024-02-19,09:00,2024-02-19 09:00:00,Rain,Truck,medium
1919,12.926125,77.704194,Marathahalli Bridge Road,Severe,2024-08-18,02:00,2024-08-18 02:00:00,Fog,Truck,high
1920,13.16262,77.582568,Airport Road,Severe,2023-05-10,15:00,2023-05-10 15:00:00,Fog,Bus,medium
1921,12.864556,77.448408,Bannerghatta Road,Severe,2022-07-08,10:00,2022-07-08 10:00:00,Fog,Car,medium
1922,12.931253,77.427881,Bannerghatta Road,Severe,2024-08-26,20:00,2024-08-26 20:00:00,Rain,Car,medium
1923,12.949317,77.423045,Bannerghatta Road,Minor,2024-08-16,18:00,2024-08-16 18:00:00,Rain,Bus,medium
1924,13.012276,77.656942,Indiranagar 100ft Road,Minor,2023-02-18,01:00,2023-02-18 01:00:00,Fog,Bus,low
1925,13.157322,77.594646,Airport Road,Severe,2024-08-12,19:00,2024-08-12 19:00:00,Fog,Bike,medium
1926,12.931037,77.44633,Bannerghatta Road,Minor,2025-04-08,05:00,2025-04-08 05:00:00,Rain,Bus,medium
1927,12.806266,77.742331,Hosur Road,Fatal,2023-10-01,18:00,2023-10-01 18:00:00,Clear,Auto,high
1928,12.934767,77.680003,Marathahalli Bridge Road,Fatal,2023-02-17,01:00,2023-02-17 01:00:00,Fog,Auto,high
1929,13.035224,77.618716,Indiranagar 100ft Road,Minor,2023-10-10,13:00,2023-10-10 13:00:00,Clear,Bike,low
1930,13.085545,77.497717,Airport Road,Severe,2023-12-19,03:00,2023-12-19 03:00:00,Rain,Truck,medium
1931,13.091125,77.678471,Airport Road,Severe,2023-05-10,03:00,2023-05-10 03:00:00,Rain,Bus,medium
1932,13.097543,77.634638,Airport Road,Fatal,2022-02-09,04:00,2022-02-09 04:00:00,Rain,Bike,medium
1933,12.800763,77.485031,Bannerghatta Road,Minor,2024-04-04,09:00,2024-04-04 09:00:00,Clear,Truck,medium
1934,13.039552,77.462638,Airport Road,Minor,2025-03-04,05:00,2025-03-04 05:00:00,Clear,Car,medium
1935,12.997472,77.699058,Marathahalli Bridge Road,Minor,2022-01-06,18:00,2022-01-06 18:00:00,Fog,Auto,high
1936,12.840874,77.644349,Hosur Road,Severe,2022-02-02,05:00,2022-02-02 05:00:00,Clear,Bus,high
1937,12.862752,77.745394,Hosur Road,Minor,2023-04-20,17:00,2023-04-20 17:00:00,Rain,Truck,high
1938,13.04257,77.629403,Indiranagar 100ft Road,Minor,2022-05-27,17:00,2022-05-27 17:00:00,Fog,Bus,low
1939,12.885831,77.703557,Hosur Road,Minor,2025-03-31,14:00,2025-03-31 14:00:00,Fog,Auto,high
1940,12.875135,77.618585,Sarjapur Road,Minor,2024-01-07,21:00,2024-01-07 21:00:00,Fog,Bus,medium
1941,13.006424,77.535833,Old Madras Road,Fatal,2022-09-15,23:00,2022-09-15 23:00:00,Fog,Bike,high
1942,13.066312,77.511718,Airport Road,Minor,2024-06-21,05:00,2024-06-21 05:00:00,Rain,Bus,medium
1943,12.926127,77.499684,Bannerghatta Road,Minor,2025-03-06,20:00,2025-03-06 20:00:00,Rain,Truck,medium
1944,13.114554,77.493729,Airport Road,Minor,2024-12-04,02:00,2024-12-04 02:00:00,Clear,Bus,medium
1945,13.13356,77.405608,Airport Road,Minor,2024-02-12,21:00,2024-02-12 21:00:00,Clear,Bus,medium
1946,13.102436,77.706009,Airport Road,Severe,2024-08-13,18:00,2024-08-13 18:00:00,Fog,Bus,medium
1947,12.877315,77.595906,Sarjapur Road,Minor,2023-07-23,11:00,2023-07-23 11:00:00,Clear,Truck,medium
1948,13.178538,77.537564,Airport Road,Severe,2022-04-10,01:00,2022-04-10 01:00:00,Clear,Auto,medium
1949,13.102567,77.483362,Airport Road,Severe,2023-05-22,19:00,2023-05-22 19:00:00,Fog,Car,medium
1950,13.0967,77.429851,Airport Road,Minor,2023-10-21,06:00,2023-10-21 06:00:00,Clear,Car,medium
1951,13.07832,77.584727,Airport Road,Minor,2023-08-22,03:00,2023-08-22 03:00:00,Rain,Bike,medium
1952,12.994558,77.610154,Old Madras Road,Minor,2024-01-11,21:00,2024-01-11 21:00:00,Rain,Bus,high
1953,13.185951,77.732742,Airport Road,Minor,2024-07-16,10:00,2024-07-16 10:00:00,Clear,Bus,medium
1954,13.120083,77.609988,Airport Road,Severe,2022-07-10,23:00,2022-07-10 23:00:00,Fog,Car,medium
1955,13.119088,77.77565,Whitefield Main Road,Severe,2022-08-31,10:00,2022-08-31 10:00:00,Clear,Bus,high
1956,13.195403,77.427718,Airport Road,Severe,2023-03-07,22:00,2023-03-07 22:00:00,Fog,Truck,medium
1957,12.817379,77.575501,Hosur Road,Minor,2024-02-05,01:00,2024-02-05 01:00:00,Fog,Bike,high
1958,12.918233,77.492038,Bannerghatta Road,Minor,2025-03-07,01:00,2025-03-07 01:00:00,Clear,Bike,medium
1959,12.838143,77.780377,Hosur Road,Severe,2025-01-11,13:00,2025-01-11 13:00:00,Rain,Bus,high
1960,12.814456,77.450342,Bannerghatta Road,Minor,2022-03-30,20:00,2022-03-30 20:00:00,Clear,Bus,medium
1961,13.118955,77.722219,Airport Road,Minor,2025-01-14,12:00,2025-01-14 12:00:00,Clear,Truck,medium
1962,13.065345,77.412957,Airport Road,Minor,2023-09-20,18:00,2023-09-20 18:00:00,Fog,Auto,medium
1963,12.873482,77.425791,Bannerghatta Road,Severe,2023-09-16,10:00,2023-09-16 10:00:00,Rain,Car,medium
1964,12.924966,77.631552,Koramangala 80ft Road,Minor,2024-07-19,04:00,2024-07-19 04:00:00,Fog,Truck,low
1965,13.161628,77.649715,Airport Road,Minor,2024-11-12,20:00,2024-11-12 20:00:00,Clear,Bus,medium
1966,13.044806,77.644094,Indiranagar 100ft Road,Minor,2024-05-11,20:00,2024-05-11 20:00:00,Clear,Auto,low
1967,13.060719,77.56656,Airport Road,Minor,2023-10-11,19:00,2023-10-11 19:00:00,Fog,Car,medium
1968,12.884432,77.738963,Marathahalli Bridge Road,Fatal,2023-06-05,17:00,2023-06-05 17:00:00,Fog,Car,high
1969,12.914725,77.719735,Marathahalli Bridge Road,Minor,2024-11-29,05:00,2024-11-29 05:00:00,Rain,Car,high
1970,12.891354,77.508901,Bannerghatta Road,Minor,2025-02-20,20:00,2025-02-20 20:00:00,Fog,Truck,medium
1971,13.199086,77.724796,Airport Road,Minor,2024-12-05,19:00,2024-12-05 19:00:00,Fog,Truck,medium
1972,12.803762,77.503709,Bannerghatta Road,Severe,2024-09-25,00:00,2024-09-25 00:00:00,Clear,Auto,medium
1973,12.980454,77.77819,Whitefield Main Road,Minor,2024-06-18,03:00,2024-06-18 03:00:00,Rain,Truck,high
1974,12.881638,77.556382,Bannerghatta Road,Minor,2024-09-18,01:00,2024-09-18 01:00:00,Clear,Bike,medium
1975,12.878876,77.618381,Sarjapur Road,Severe,2024-07-29,04:00,2024-07-29 04:00:00,Fog,Auto,medium
1976,13.10937,77.437195,Airport Road,Minor,2022-06-14,17:00,2022-06-14 17:00:00,Clear,Bus,medium
1977,12.90326,77.77663,Whitefield Main Road,Fatal,2023-12-06,18:00,2023-12-06 18:00:00,Clear,Truck,high
1978,13.001906,77.615218,Old Madras Road,Minor,2024-06-15,10:00,2024-06-15 10:00:00,Fog,Bike,high
1979,12.840055,77.784691,Hosur Road,Minor,2023-10-25,21:00,2023-10-25 21:00:00,Clear,Bike,high
1980,12.876947,77.73997,Hosur Road,Severe,2024-03-15,23:00,2024-03-15 23:00:00,Rain,Car,high
1981,13.006586,77.443951,Old Madras Road,Fatal,2023-03-06,19:00,2023-03-06 19:00:00,Rain,Truck,high
1982,12.847083,77.404548,Bannerghatta Road,Severe,2023-09-16,01:00,2023-09-16 01:00:00,Rain,Bike,medium
1983,12.948717,77.600239,Bannerghatta Road,Severe,2024-09-12,14:00,2024-09-12 14:00:00,Clear,Bus,medium
1984,13.046766,77.741777,Whitefield Main Road,Severe,2023-05-20,23:00,2023-05-20 23:00:00,Rain,Bike,high
1985,12.98285,77.417873,Old Madras Road,Minor,2022-06-12,23:00,2022-06-12 23:00:00,Fog,Bike,high
1986,13.029033,77.702615,Marathahalli Bridge Road,Severe,2024-06-09,15:00,2024-06-09 15:00:00,Clear,Bike,high
1987,13.07731,77.715286,Whitefield Main Road,Severe,2024-07-13,21:00,2024-07-13 21:00:00,Clear,Auto,high
1988,12.900211,77.402415,Bannerghatta Road,Severe,2022-12-31,03:00,2022-12-31 03:00:00,Clear,Truck,medium
1989,12.813109,77.449978,Bannerghatta Road,Minor,2025-01-26,07:00,2025-01-26 07:00:00,Clear,Car,medium
1990,13.137273,77.69787,Airport Road,Minor,2023-03-04,03:00,2023-03-04 03:00:00,Fog,Car,medium
1991,12.898424,77.698383,Outer Ring Road,Minor,2024-12-24,17:00,2024-12-24 17:00:00,Rain,Auto,high
1992,12.978061,77.624549,Indiranagar 100ft Road,Minor,2022-09-20,10:00,2022-09-20 10:00:00,Rain,Truck,low
1993,12.937541,77.462375,Bannerghatta Road,Minor,2024-11-10,19:00,2024-11-10 19:00:00,Fog,Auto,medium
1994,13.188442,77.708924,Airport Road,Fatal,2022-10-17,04:00,2022-10-17 04:00:00,Fog,Auto,medium
1995,13.001955,77.607457,Old Madras Road,Minor,2024-12-06,09:00,2024-12-06 09:00:00,Clear,Auto,high
1996,12.944214,77.765022,Whitefield Main Road,Severe,2022-09-25,05:00,2022-09-25 05:00:00,Rain,Car,high
1997,12.849775,77.517099,Bannerghatta Road,Minor,2024-12-21,20:00,2024-12-21 20:00:00,Fog,Bus,medium
1998,12.922605,77.754963,Whitefield Main Road,Fatal,2023-10-06,11:00,2023-10-06 11:00:00,Rain,Truck,high
1999,13.156061,77.421061,Airport Road,Minor,2022-10-02,15:00,2022-10-02 15:00:00,Clear,Truck,medium
2000,12.835299,77.622878,Hosur Road,Severe,2024-05-27,04:00,2024-05-27 04:00:00,Rain,Car,high
2001,12.977625,77.792019,Whitefield Main Road,Minor,2023-03-13,13:00,2023-03-13 13:00:00,Rain,Auto,high
2002,13.106702,77.654709,Airport Road,Severe,2022-06-18,01:00,2022-06-18 01:00:00,Clear,Bike,medium
2003,13.042701,77.701276,Marathahalli Bridge Road,Fatal,2022-10-07,00:00,2022-10-07 00:00:00,Clear,Auto,high
2004,13.110402,77.661291,Airport Road,Minor,2025-02-14,21:00,2025-02-14 21:00:00,Fog,Bike,medium
2005,13.076163,77.626307,Airport Road,Minor,2024-07-09,00:00,2024-07-09 00:00:00,Clear,Truck,medium
2006,13.087387,77.533585,Airport Road,Minor,2022-03-19,05:00,2022-03-19 05:00:00,Rain,Bike,medium
2007,12.909978,77.665144,Outer Ring Road,Minor,2022-07-27,11:00,2022-07-27 11:00:00,Fog,Bike,high
2008,13.015816,77.782712,Whitefield Main Road,Fatal,2023-03-12,00:00,2023-03-12 00:00:00,Fog,Bike,high
2009,12.948173,77.64228,Koramangala 80ft Road,Severe,2022-12-10,00:00,2022-12-10 00:00:00,Fog,Bike,low
2010,13.123161,77.742956,Airport Road,Severe,2023-03-11,07:00,2023-03-11 07:00:00,Clear,Bus,medium
2011,12.827567,77.515547,Bannerghatta Road,Minor,2024-06-10,20:00,2024-06-10 20:00:00,Rain,Bike,medium
2012,12.824271,77.576659,Hosur Road,Minor,2023-12-02,21:00,2023-12-02 21:00:00,Fog,Car,high
2013,13.027762,77.406109,Old Madras Road,Minor,2023-05-24,19:00,2023-05-24 19:00:00,Fog,Car,high
2014,12.993974,77.634936,Indiranagar 100ft Road,Fatal,2023-02-08,23:00,2023-02-08 23:00:00,Clear,Bike,low
2015,12.887445,77.697749,Hosur Road,Fatal,2023-04-21,09:00,2023-04-21 09:00:00,Rain,Truck,high
2016,12.946687,77.730415,Whitefield Main Road,Minor,2022-03-05,19:00,2022-03-05 19:00:00,Rain,Bike,high
2017,13.033004,77.782601,Whitefield Main Road,Severe,2024-03-23,03:00,2024-03-23 03:00:00,Clear,Truck,high
2018,13.107504,77.582679,Airport Road,Minor,2024-03-22,01:00,2024-03-22 01:00:00,Clear,Car,medium
2019,13.189363,77.762133,Airport Road,Severe,2025-01-23,05:00,2025-01-23 05:00:00,Fog,Bike,medium
2020,12.82269,77.724561,Hosur Road,Minor,2024-05-22,12:00,2024-05-22 12:00:00,Fog,Bus,high
2021,12.834267,77.780637,Hosur Road,Severe,2024-03-01,10:00,2024-03-01 10:00:00,Clear,Bike,high
2022,13.193837,77.752179,Airport Road,Minor,2023-01-28,11:00,2023-01-28 11:00:00,Fog,Bus,medium
2023,13.088029,77.759237,Whitefield Main Road,Minor,2022-10-10,12:00,2022-10-10 12:00:00,Clear,Bike,high
2024,13.072572,77.424287,Airport Road,Fatal,2024-02-17,20:00,2024-02-17 20:00:00,Fog,Truck,medium
2025,13.139932,77.602975,Airport Road,Minor,2022-03-18,19:00,2022-03-18 19:00:00,Fog,Bike,medium
2026,13.112416,77.568281,Airport Road,Minor,2022-12-09,10:00,2022-12-09 10:00:00,Clear,Auto,medium
2027,13.123421,77.684279,Airport Road,Severe,2022-07-17,01:00,2022-07-17 01:00:00,Fog,Bike,medium
2028,13.020501,77.71688,Whitefield Main Road,Minor,2023-03-22,01:00,2023-03-22 01:00:00,Fog,Auto,high
2029,12.852752,77.525976,Bannerghatta Road,Severe,2022-03-26,13:00,2022-03-26 13:00:00,Rain,Auto,medium
2030,12.817958,77.667285,Hosur Road,Minor,2023-01-04,10:00,2023-01-04 10:00:00,Fog,Auto,high
2031,13.192925,77.453029,Airport Road,Severe,2022-06-25,00:00,2022-06-25 00:00:00,Fog,Truck,medium
2032,12.823071,77.421894,Bannerghatta Road,Minor,2024-12-02,00:00,2024-12-02 00:00:00,Rain,Auto,medium
2033,13.062839,77.79368,Whitefield Main Road,Fatal,2023-08-29,21:00,2023-08-29 21:00:00,Fog,Truck,high
2034,13.152227,77.558658,Airport Road,Minor,2023-10-03,17:00,2023-10-03 17:00:00,Fog,Bike,medium
2035,12.80906,77.738692,Hosur Road,Severe,2022-05-12,05:00,2022-05-12 05:00:00,Fog,Car,high
2036,12.812701,77.598717,Hosur Road,Minor,2024-03-30,15:00,2024-03-30 15:00:00,Rain,Auto,high
2037,12.887786,77.626337,Outer Ring Road,Severe,2024-04-26,16:00,2024-04-26 16:00:00,Rain,Car,high
2038,13.047509,77.41642,Airport Road,Minor,2024-02-23,03:00,2024-02-23 03:00:00,Clear,Bus,medium
2039,12.962501,77.798745,Whitefield Main Road,Severe,2022-04-03,20:00,2022-04-03 20:00:00,Rain,Truck,high
2040,12.859098,77.469139,Bannerghatta Road,Fatal,2024-07-13,22:00,2024-07-13 22:00:00,Rain,Car,medium
2041,12.8839,77.797884,Whitefield Main Road,Minor,2024-08-21,17:00,2024-08-21 17:00:00,Fog,Bus,high
2042,13.044104,77.685947,Indiranagar 100ft Road,Fatal,2024-06-07,14:00,2024-06-07 14:00:00,Clear,Auto,low
2043,12.89034,77.775542,Whitefield Main Road,Severe,2024-03-29,01:00,2024-03-29 01:00:00,Rain,Auto,high
2044,13.053471,77.774545,Whitefield Main Road,Fatal,2022-01-22,02:00,2022-01-22 02:00:00,Clear,Auto,high
2045,13.172361,77.732427,Airport Road,Severe,2025-02-25,19:00,2025-02-25 19:00:00,Rain,Truck,medium
2046,12.800444,77.715121,Hosur Road,Severe,2025-03-24,09:00,2025-03-24 09:00:00,Rain,Car,high
2047,12.866733,77.656255,Hosur Road,Severe,2022-04-03,00:00,2022-04-03 00:00:00,Rain,Bike,high
2048,12.888266,77.53879,Bannerghatta Road,Fatal,2022-12-29,08:00,2022-12-29 08:00:00,Fog,Bus,medium
2049,12.883132,77.425751,Bannerghatta Road,Fatal,2024-03-19,08:00,2024-03-19 08:00:00,Fog,Bus,medium
2050,12.925801,77.713155,Marathahalli Bridge Road,Minor,2024-04-30,07:00,2024-04-30 07:00:00,Fog,Car,high
2051,12.94006,77.404952,Bannerghatta Road,Minor,2024-05-24,18:00,2024-05-24 18:00:00,Clear,Truck,medium
2052,13.149633,77.650165,Airport Road,Minor,2024-01-09,03:00,2024-01-09 03:00:00,Clear,Bus,medium
2053,12.99884,77.719146,Whitefield Main Road,Fatal,2022-04-13,19:00,2022-04-13 19:00:00,Fog,Auto,high
2054,13.04379,77.708868,Whitefield Main Road,Severe,2022-06-14,06:00,2022-06-14 06:00:00,Clear,Car,high
2055,13.079573,77.743314,Whitefield Main Road,Severe,2024-09-11,19:00,2024-09-11 19:00:00,Clear,Bus,high
2056,12.944758,77.582335,Bannerghatta Road,Minor,2022-11-05,06:00,2022-11-05 06:00:00,Rain,Bike,medium
2057,12.930701,77.46924,Bannerghatta Road,Severe,2022-12-06,17:00,2022-12-06 17:00:00,Fog,Truck,medium
2058,13.038957,77.743729,Whitefield Main Road,Minor,2023-11-21,01:00,2023-11-21 01:00:00,Rain,Bike,high
2059,13.098555,77.566536,Airport Road,Severe,2022-07-02,12:00,2022-07-02 12:00:00,Clear,Bus,medium
2060,12.862798,77.664256,Hosur Road,Minor,2022-10-05,13:00,2022-10-05 13:00:00,Rain,Truck,high
2061,12.859756,77.731032,Hosur Road,Fatal,2022-11-20,11:00,2022-11-20 11:00:00,Fog,Bus,high
2062,12.995791,77.67038,Indiranagar 100ft Road,Severe,2023-04-12,02:00,2023-04-12 02:00:00,Clear,Truck,low
2063,12.933312,77.613485,Koramangala 80ft Road,Minor,2024-12-25,06:00,2024-12-25 06:00:00,Clear,Car,low
2064,12.819003,77.612496,Hosur Road,Minor,2023-09-07,05:00,2023-09-07 05:00:00,Rain,Bus,high
2065,12.934189,77.553853,Bannerghatta Road,Minor,2024-04-07,12:00,2024-04-07 12:00:00,Clear,Bus,medium
2066,12.903319,77.565389,Bannerghatta Road,Severe,2025-01-08,08:00,2025-01-08 08:00:00,Fog,Bike,medium
2067,12.994467,77.711714,Marathahalli Bridge Road,Minor,2022-07-17,21:00,2022-07-17 21:00:00,Clear,Bus,high
2068,13.018171,77.655035,Indiranagar 100ft Road,Severe,2023-02-10,09:00,2023-02-10 09:00:00,Fog,Truck,low
2069,12.803668,77.439488,Bannerghatta Road,Minor,2023-12-01,23:00,2023-12-01 23:00:00,Clear,Auto,medium
2070,13.127107,77.435723,Airport Road,Minor,2022-07-01,02:00,2022-07-01 02:00:00,Clear,Car,medium
2071,12.972791,77.554217,Old Madras Road,Severe,2022-08-24,12:00,2022-08-24 12:00:00,Clear,Bus,high
2072,13.100235,77.696452,Airport Road,Minor,2022-11-14,03:00,2022-11-14 03:00:00,Rain,Car,medium
2073,12.915992,77.783468,Whitefield Main Road,Severe,2022-08-24,06:00,2022-08-24 06:00:00,Clear,Bus,high
2074,13.141343,77.591769,Airport Road,Minor,2022-02-03,07:00,2022-02-03 07:00:00,Rain,Bus,medium
2075,13.00379,77.783555,Whitefield Main Road,Minor,2024-05-23,07:00,2024-05-23 07:00:00,Fog,Truck,high
2076,13.025181,77.796196,Whitefield Main Road,Fatal,2023-08-25,08:00,2023-08-25 08:00:00,Fog,Truck,high
2077,13.111876,77.754518,Whitefield Main Road,Minor,2022-07-24,02:00,2022-07-24 02:00:00,Fog,Auto,high
2078,12.827521,77.477895,Bannerghatta Road,Minor,2023-03-19,20:00,2023-03-19 20:00:00,Rain,Bus,medium
2079,13.087104,77.786832,Whitefield Main Road,Fatal,2022-10-15,17:00,2022-10-15 17:00:00,Clear,Car,high
2080,12.803742,77.46633,Bannerghatta Road,Minor,2022-01-21,00:00,2022-01-21 00:00:00,Clear,Car,medium
2081,13.071268,77.587528,Airport Road,Minor,2024-07-26,22:00,2024-07-26 22:00:00,Fog,Bus,medium
2082,13.006132,77.451716,Old Madras Road,Severe,2022-01-31,03:00,2022-01-31 03:00:00,Clear,Auto,high
2083,13.052859,77.434049,Airport Road,Minor,2025-03-18,03:00,2025-03-18 03:00:00,Fog,Bike,medium
2084,13.086314,77.708988,Airport Road,Minor,2023-01-24,05:00,2023-01-24 05:00:00,Fog,Car,medium
2085,13.138215,77.524212,Airport Road,Minor,2022-07-10,01:00,2022-07-10 01:00:00,Rain,Auto,medium
2086,13.020418,77.730098,Whitefield Main Road,Minor,2024-05-23,03:00,2024-05-23 03:00:00,Fog,Car,high
2087,12.994569,77.411661,Old Madras Road,Minor,2023-11-18,14:00,2023-11-18 14:00:00,Fog,Bike,high
2088,13.186126,77.607118,Airport Road,Fatal,2024-11-25,06:00,2024-11-25 06:00:00,Fog,Bike,medium
2089,13.199406,77.608181,Airport Road,Minor,2024-03-13,01:00,2024-03-13 01:00:00,Rain,Auto,medium
2090,13.176109,77.427082,Airport Road,Severe,2024-04-22,19:00,2024-04-22 19:00:00,Clear,Bike,medium
2091,13.184852,77.756041,Airport Road,Severe,2022-04-28,23:00,2022-04-28 23:00:00,Fog,Auto,medium
2092,13.071237,77.626809,Airport Road,Minor,2023-08-29,05:00,2023-08-29 05:00:00,Clear,Truck,medium
2093,12.832344,77.510392,Bannerghatta Road,Minor,2022-01-04,11:00,2022-01-04 11:00:00,Fog,Bus,medium
2094,13.055078,77.718405,Whitefield Main Road,Severe,2022-02-04,20:00,2022-02-04 20:00:00,Clear,Car,high
2095,13.001622,77.703935,Marathahalli Bridge Road,Severe,2023-02-28,19:00,2023-02-28 19:00:00,Clear,Auto,high
2096,12.87906,77.466909,Bannerghatta Road,Minor,2023-07-02,13:00,2023-07-02 13:00:00,Fog,Truck,medium
2097,13.111572,77.723397,Airport Road,Minor,2022-01-23,03:00,2022-01-23 03:00:00,Fog,Car,medium
2098,12.8961,77.433243,Bannerghatta Road,Fatal,2024-04-12,13:00,2024-04-12 13:00:00,Rain,Car,medium
2099,13.161307,77.501632,Airport Road,Severe,2022-05-04,11:00,2022-05-04 11:00:00,Fog,Bus,medium
2100,13.010024,77.553395,Old Madras Road,Minor,2022-08-18,23:00,2022-08-18 23:00:00,Clear,Auto,high
2101,13.081105,77.473592,Airport Road,Severe,2023-09-11,06:00,2023-09-11 06:00:00,Fog,Bus,medium
2102,13.00216,77.660919,Indiranagar 100ft Road,Minor,2025-02-09,01:00,2025-02-09 01:00:00,Fog,Truck,low
2103,13.149071,77.716925,Airport Road,Minor,2023-01-12,10:00,2023-01-12 10:00:00,Fog,Bus,medium
2104,12.832796,77.545857,Bannerghatta Road,Fatal,2022-03-09,05:00,2022-03-09 05:00:00,Clear,Car,medium
2105,13.158181,77.717899,Airport Road,Minor,2023-01-04,20:00,2023-01-04 20:00:00,Clear,Car,medium
2106,12.93689,77.563329,Bannerghatta Road,Minor,2023-11-13,02:00,2023-11-13 02:00:00,Clear,Truck,medium
2107,13.002478,77.536303,Old Madras Road,Minor,2022-11-21,05:00,2022-11-21 05:00:00,Rain,Auto,high
2108,13.011769,77.592664,Old Madras Road,Severe,2024-04-23,02:00,2024-04-23 02:00:00,Rain,Bike,high
2109,12.966195,77.739672,Whitefield Main Road,Severe,2023-08-30,08:00,2023-08-30 08:00:00,Fog,Car,high
2110,12.845316,77.761789,Hosur Road,Minor,2023-11-25,20:00,2023-11-25 20:00:00,Rain,Truck,high
2111,13.134091,77.573526,Airport Road,Minor,2024-06-29,05:00,2024-06-29 05:00:00,Clear,Truck,medium
2112,13.18599,77.420571,Airport Road,Severe,2022-03-19,17:00,2022-03-19 17:00:00,Fog,Bus,medium
2113,13.034933,77.463068,Airport Road,Severe,2022-09-06,10:00,2022-09-06 10:00:00,Fog,Car,medium
2114,13.054968,77.402146,Airport Road,Minor,2024-05-14,23:00,2024-05-14 23:00:00,Clear,Bike,medium
2115,13.112555,77.716873,Airport Road,Severe,2023-11-02,10:00,2023-11-02 10:00:00,Rain,Bus,medium
2116,13.014632,77.449247,Old Madras Road,Minor,2023-12-14,14:00,2023-12-14 14:00:00,Rain,Bike,high
2117,13.189014,77.425151,Airport Road,Minor,2023-11-15,02:00,2023-11-15 02:00:00,Rain,Truck,medium
2118,13.073824,77.578904,Airport Road,Severe,2025-03-15,14:00,2025-03-15 14:00:00,Fog,Bike,medium
2119,13.06824,77.636279,Airport Road,Severe,2023-10-14,00:00,2023-10-14 00:00:00,Rain,Truck,medium
2120,13.085461,77.430762,Airport Road,Minor,2023-03-02,23:00,2023-03-02 23:00:00,Clear,Auto,medium
2121,12.864884,77.425973,Bannerghatta Road,Fatal,2023-02-20,07:00,2023-02-20 07:00:00,Rain,Car,medium
2122,12.830058,77.601549,Hosur Road,Minor,2024-04-28,11:00,2024-04-28 11:00:00,Rain,Bike,high
2123,13.174788,77.423843,Airport Road,Fatal,2025-03-09,01:00,2025-03-09 01:00:00,Clear,Auto,medium
2124,13.085193,77.725643,Whitefield Main Road,Fatal,2023-09-06,14:00,2023-09-06 14:00:00,Clear,Auto,high
2125,13.040193,77.495753,Airport Road,Fatal,2023-01-10,11:00,2023-01-10 11:00:00,Rain,Auto,medium
2126,13.143725,77.615967,Airport Road,Fatal,2025-02-17,15:00,2025-02-17 15:00:00,Clear,Car,medium
2127,13.051954,77.400338,Airport Road,Minor,2023-12-07,03:00,2023-12-07 03:00:00,Clear,Auto,medium
2128,13.170198,77.657694,Airport Road,Minor,2023-08-31,05:00,2023-08-31 05:00:00,Fog,Bike,medium
2129,12.896868,77.519123,Bannerghatta Road,Severe,2023-09-15,15:00,2023-09-15 15:00:00,Clear,Auto,medium
2130,13.069775,77.714248,Whitefield Main Road,Minor,2023-03-05,08:00,2023-03-05 08:00:00,Rain,Bike,high
2131,12.983095,77.585461,Old Madras Road,Minor,2025-03-29,04:00,2025-03-29 04:00:00,Clear,Bus,high
2132,13.11812,77.420425,Airport Road,Minor,2023-03-21,02:00,2023-03-21 02:00:00,Rain,Truck,medium
2133,12.867683,77.703136,Hosur Road,Minor,2022-09-16,04:00,2022-09-16 04:00:00,Clear,Bike,high
2134,12.968878,77.608569,Old Madras Road,Minor,2022-03-15,11:00,2022-03-15 11:00:00,Fog,Bus,high
2135,12.981526,77.669766,Indiranagar 100ft Road,Minor,2023-08-13,10:00,2023-08-13 10:00:00,Clear,Auto,low
2136,12.843682,77.791323,Hosur Road,Severe,2024-09-24,07:00,2024-09-24 07:00:00,Fog,Auto,high
2137,13.180498,77.71948,Airport Road,Severe,2023-09-26,06:00,2023-09-26 06:00:00,Fog,Bus,medium
2138,13.089759,77.547267,Airport Road,Minor,2022-08-25,10:00,2022-08-25 10:00:00,Clear,Auto,medium
2139,13.011922,77.495722,Old Madras Road,Severe,2024-11-09,06:00,2024-11-09 06:00:00,Fog,Bus,high
2140,13.144404,77.456143,Airport Road,Minor,2023-06-21,22:00,2023-06-21 22:00:00,Rain,Auto,medium
2141,12.814293,77.494058,Bannerghatta Road,Fatal,2022-03-14,11:00,2022-03-14 11:00:00,Fog,Truck,medium
2142,12.843517,77.492327,Bannerghatta Road,Fatal,2022-02-20,22:00,2022-02-20 22:00:00,Fog,Auto,medium
2143,12.819486,77.657402,Hosur Road,Fatal,2024-10-13,18:00,2024-10-13 18:00:00,Fog,Auto,high
2144,13.102613,77.420349,Airport Road,Minor,2024-09-12,12:00,2024-09-12 12:00:00,Fog,Car,medium
2145,12.992033,77.797617,Whitefield Main Road,Minor,2022-08-08,08:00,2022-08-08 08:00:00,Clear,Truck,high
2146,12.988537,77.50514,Old Madras Road,Severe,2024-08-15,18:00,2024-08-15 18:00:00,Clear,Bike,high
2147,12.805279,77.646994,Hosur Road,Minor,2022-12-09,01:00,2022-12-09 01:00:00,Rain,Car,high
2148,13.086318,77.524819,Airport Road,Fatal,2022-06-13,04:00,2022-06-13 04:00:00,Rain,Truck,medium
2149,12.884453,77.425355,Bannerghatta Road,Minor,2024-11-23,13:00,2024-11-23 13:00:00,Rain,Car,medium
2150,12.909706,77.742803,Whitefield Main Road,Severe,2022-03-16,20:00,2022-03-16 20:00:00,Fog,Truck,high
2151,13.122396,77.655227,Airport Road,Severe,2025-03-30,08:00,2025-03-30 08:00:00,Rain,Bike,medium
2152,13.00359,77.409843,Old Madras Road,Severe,2022-10-16,20:00,2022-10-16 20:00:00,Clear,Car,high
2153,12.945192,77.417419,Bannerghatta Road,Minor,2023-05-25,02:00,2023-05-25 02:00:00,Clear,Bike,medium
2154,13.003627,77.772444,Whitefield Main Road,Fatal,2023-06-14,22:00,2023-06-14 22:00:00,Clear,Auto,high
2155,13.037437,77.718504,Whitefield Main Road,Minor,2024-09-06,20:00,2024-09-06 20:00:00,Clear,Car,high
2156,12.863732,77.756044,Hosur Road,Fatal,2023-12-27,15:00,2023-12-27 15:00:00,Rain,Bike,high
2157,13.058765,77.782344,Whitefield Main Road,Minor,2024-08-07,10:00,2024-08-07 10:00:00,Clear,Bike,high
2158,13.010562,77.48511,Old Madras Road,Minor,2023-12-28,10:00,2023-12-28 10:00:00,Fog,Bus,high
2159,12.92313,77.537207,Bannerghatta Road,Severe,2022-06-25,21:00,2022-06-25 21:00:00,Fog,Bike,medium
2160,12.878287,77.423376,Bannerghatta Road,Severe,2024-03-22,02:00,2024-03-22 02:00:00,Rain,Bus,medium
2161,12.899418,77.512031,Bannerghatta Road,Severe,2022-08-01,06:00,2022-08-01 06:00:00,Rain,Truck,medium
2162,13.112282,77.712571,Airport Road,Minor,2023-03-17,15:00,2023-03-17 15:00:00,Rain,Truck,medium
2163,13.095977,77.435188,Airport Road,Minor,2023-05-05,20:00,2023-05-05 20:00:00,Rain,Car,medium
2164,12.916582,77.454734,Bannerghatta Road,Minor,2025-03-29,17:00,2025-03-29 17:00:00,Rain,Bus,medium
2165,12.843954,77.652384,Hosur Road,Minor,2022-08-30,00:00,2022-08-30 00:00:00,Rain,Bike,high
2166,12.88566,77.750284,Whitefield Main Road,Minor,2024-03-01,16:00,2024-03-01 16:00:00,Fog,Bus,high
2167,12.811604,77.749729,Hosur Road,Minor,2022-01-13,07:00,2022-01-13 07:00:00,Clear,Bus,high
2168,13.002071,77.729742,Whitefield Main Road,Severe,2024-03-14,05:00,2024-03-14 05:00:00,Fog,Car,high
2169,12.996187,77.643538,Indiranagar 100ft Road,Severe,2023-02-21,11:00,2023-02-21 11:00:00,Clear,Auto,low
2170,12.938204,77.650483,Koramangala 80ft Road,Minor,2023-01-10,23:00,2023-01-10 23:00:00,Fog,Car,low
2171,13.081517,77.467896,Airport Road,Minor,2024-08-14,22:00,2024-08-14 22:00:00,Fog,Bus,medium
2172,12.859963,77.619504,Hosur Road,Severe,2022-02-20,02:00,2022-02-20 02:00:00,Rain,Auto,high
2173,13.189741,77.576468,Airport Road,Severe,2024-03-29,22:00,2024-03-29 22:00:00,Fog,Auto,medium
2174,12.88246,77.489093,Bannerghatta Road,Minor,2023-03-06,11:00,2023-03-06 11:00:00,Clear,Bus,medium
2175,13.078133,77.609239,Airport Road,Severe,2023-10-24,23:00,2023-10-24 23:00:00,Clear,Car,medium
2176,12.802564,77.688558,Hosur Road,Fatal,2022-03-12,22:00,2022-03-12 22:00:00,Fog,Truck,high
2177,12.927943,77.582554,Bannerghatta Road,Severe,2023-05-18,13:00,2023-05-18 13:00:00,Clear,Truck,medium
2178,13.167183,77.63524,Airport Road,Minor,2023-03-25,06:00,2023-03-25 06:00:00,Clear,Auto,medium
2179,13.13568,77.651175,Airport Road,Severe,2022-04-19,02:00,2022-04-19 02:00:00,Clear,Bike,medium
2180,12.938764,77.55076,Bannerghatta Road,Minor,2023-10-15,20:00,2023-10-15 20:00:00,Fog,Auto,medium
2181,12.814038,77.548305,Hosur Road,Minor,2023-05-24,00:00,2023-05-24 00:00:00,Fog,Car,high
2182,12.917569,77.456231,Bannerghatta Road,Minor,2022-07-01,19:00,2022-07-01 19:00:00,Clear,Auto,medium
2183,13.055571,77.507729,Airport Road,Minor,2022-12-29,05:00,2022-12-29 05:00:00,Rain,Truck,medium
2184,13.149957,77.628009,Airport Road,Severe,2024-09-30,23:00,2024-09-30 23:00:00,Fog,Bike,medium
2185,12.990147,77.765618,Whitefield Main Road,Minor,2024-07-10,16:00,2024-07-10 16:00:00,Clear,Car,high
2186,13.099154,77.528184,Airport Road,Severe,2024-12-10,02:00,2024-12-10 02:00:00,Fog,Bus,medium
2187,12.969474,77.774694,Whitefield Main Road,Minor,2024-10-25,07:00,2024-10-25 07:00:00,Clear,Truck,high
2188,13.039221,77.757122,Whitefield Main Road,Minor,2023-06-09,14:00,2023-06-09 14:00:00,Clear,Auto,high
2189,12.905965,77.544567,Bannerghatta Road,Fatal,2022-11-17,08:00,2022-11-17 08:00:00,Clear,Auto,medium
2190,13.173694,77.719452,Airport Road,Severe,2024-03-15,13:00,2024-03-15 13:00:00,Fog,Car,medium
2191,12.906871,77.546267,Bannerghatta Road,Minor,2024-09-14,04:00,2024-09-14 04:00:00,Clear,Bus,medium
2192,13.013076,77.644076,Indiranagar 100ft Road,Minor,2024-08-21,20:00,2024-08-21 20:00:00,Clear,Bus,low
2193,13.018763,77.569147,Old Madras Road,Fatal,2022-10-01,21:00,2022-10-01 21:00:00,Rain,Auto,high
2194,13.149742,77.550978,Airport Road,Severe,2022-04-05,14:00,2022-04-05 14:00:00,Fog,Truck,medium
2195,13.023071,77.457527,Old Madras Road,Severe,2022-08-24,23:00,2022-08-24 23:00:00,Rain,Bus,high
2196,13.068077,77.418328,Airport Road,Severe,2022-09-19,18:00,2022-09-19 18:00:00,Fog,Auto,medium
2197,13.138388,77.573814,Airport Road,Minor,2024-02-27,04:00,2024-02-27 04:00:00,Fog,Bike,medium
2198,12.982883,77.485095,Old Madras Road,Minor,2023-09-14,18:00,2023-09-14 18:00:00,Rain,Auto,high
2199,13.172392,77.427147,Airport Road,Minor,2024-07-27,00:00,2024-07-27 00:00:00,Clear,Bus,medium
2200,12.838357,77.408916,Bannerghatta Road,Severe,2023-02-28,19:00,2023-02-28 19:00:00,Rain,Car,medium
2201,12.963251,77.467824,Bannerghatta Road,Severe,2023-03-11,06:00,2023-03-11 06:00:00,Clear,Car,medium
2202,13.045042,77.638342,Indiranagar 100ft Road,Minor,2024-07-06,22:00,2024-07-06 22:00:00,Clear,Bike,low
2203,12.890346,77.465178,Bannerghatta Road,Minor,2023-10-18,19:00,2023-10-18 19:00:00,Clear,Auto,medium
2204,12.833715,77.76469,Hosur Road,Fatal,2023-10-22,03:00,2023-10-22 03:00:00,Rain,Truck,high
2205,13.025654,77.763804,Whitefield Main Road,Fatal,2023-03-05,17:00,2023-03-05 17:00:00,Clear,Bus,high
2206,13.039368,77.400465,Airport Road,Fatal,2022-11-03,16:00,2022-11-03 16:00:00,Fog,Truck,medium
2207,12.854651,77.418006,Bannerghatta Road,Minor,2022-05-14,12:00,2022-05-14 12:00:00,Rain,Truck,medium
2208,13.182288,77.448402,Airport Road,Severe,2024-10-01,23:00,2024-10-01 23:00:00,Fog,Bike,medium
2209,12.969922,77.4677,Bannerghatta Road,Fatal,2025-02-18,00:00,2025-02-18 00:00:00,Fog,Bus,medium
2210,13.011095,77.459923,Old Madras Road,Severe,2024-09-10,10:00,2024-09-10 10:00:00,Clear,Bike,high
2211,12.910218,77.628828,Outer Ring Road,Severe,2023-09-11,07:00,2023-09-11 07:00:00,Rain,Auto,high
2212,12.872485,77.71918,Hosur Road,Minor,2022-03-28,11:00,2022-03-28 11:00:00,Rain,Auto,high
2213,12.828516,77.442987,Bannerghatta Road,Minor,2024-08-14,04:00,2024-08-14 04:00:00,Fog,Car,medium
2214,13.056383,77.423361,Airport Road,Minor,2022-08-28,22:00,2022-08-28 22:00:00,Clear,Truck,medium
2215,12.834079,77.537094,Bannerghatta Road,Minor,2023-11-01,23:00,2023-11-01 23:00:00,Rain,Car,medium
2216,13.079666,77.598278,Airport Road,Severe,2022-06-28,16:00,2022-06-28 16:00:00,Clear,Bus,medium
2217,13.006189,77.672727,Indiranagar 100ft Road,Fatal,2022-07-02,20:00,2022-07-02 20:00:00,Clear,Bus,low
2218,12.969443,77.580881,Old Madras Road,Fatal,2022-10-09,12:00,2022-10-09 12:00:00,Fog,Auto,high
2219,13.019044,77.556601,Old Madras Road,Fatal,2024-08-20,22:00,2024-08-20 22:00:00,Fog,Truck,high
2220,13.033245,77.723003,Whitefield Main Road,Minor,2024-03-24,23:00,2024-03-24 23:00:00,Fog,Truck,high
2221,13.016299,77.491709,Old Madras Road,Minor,2024-05-12,12:00,2024-05-12 12:00:00,Clear,Bus,high
2222,12.920965,77.487384,Bannerghatta Road,Severe,2023-11-13,06:00,2023-11-13 06:00:00,Clear,Bus,medium
2223,13.14406,77.792284,Whitefield Main Road,Severe,2024-01-25,12:00,2024-01-25 12:00:00,Rain,Auto,high
2224,12.88323,77.691636,Hosur Road,Fatal,2022-11-04,17:00,2022-11-04 17:00:00,Rain,Car,high
2225,13.127474,77.497172,Airport Road,Minor,2025-02-20,20:00,2025-02-20 20:00:00,Clear,Bike,medium
2226,12.887607,77.651106,Outer Ring Road,Minor,2023-05-25,08:00,2023-05-25 08:00:00,Rain,Truck,high
2227,12.871003,77.662159,Hosur Road,Minor,2023-08-17,04:00,2023-08-17 04:00:00,Clear,Car,high
2228,13.109362,77.439909,Airport Road,Minor,2025-02-21,18:00,2025-02-21 18:00:00,Fog,Auto,medium
2229,12.995322,77.794257,Whitefield Main Road,Fatal,2025-02-09,00:00,2025-02-09 00:00:00,Fog,Truck,high
2230,12.963016,77.635682,Indiranagar 100ft Road,Severe,2025-01-09,15:00,2025-01-09 15:00:00,Rain,Truck,low
2231,13.053407,77.661459,Indiranagar 100ft Road,Minor,2022-03-28,05:00,2022-03-28 05:00:00,Rain,Truck,low
2232,13.185483,77.452923,Airport Road,Fatal,2023-02-25,03:00,2023-02-25 03:00:00,Rain,Truck,medium
2233,12.934796,77.678261,Marathahalli Bridge Road,Severe,2023-02-21,02:00,2023-02-21 02:00:00,Fog,Truck,high
2234,12.88451,77.647694,Outer Ring Road,Minor,2023-09-05,09:00,2023-09-05 09:00:00,Fog,Car,high
2235,13.058114,77.717358,Whitefield Main Road,Minor,2022-06-09,17:00,2022-06-09 17:00:00,Fog,Truck,high
2236,13.1206,77.538802,Airport Road,Minor,2024-12-23,22:00,2024-12-23 22:00:00,Fog,Auto,medium
2237,13.130558,77.539625,Airport Road,Minor,2024-12-11,21:00,2024-12-11 21:00:00,Rain,Auto,medium
2238,12.827821,77.750673,Hosur Road,Minor,2025-02-26,06:00,2025-02-26 06:00:00,Rain,Auto,high
2239,13.075142,77.520819,Airport Road,Minor,2022-02-20,23:00,2022-02-20 23:00:00,Rain,Auto,medium
2240,13.094843,77.535572,Airport Road,Fatal,2023-11-10,05:00,2023-11-10 05:00:00,Rain,Car,medium
2241,12.871485,77.627751,Hosur Road,Minor,2024-02-22,19:00,2024-02-22 19:00:00,Clear,Car,high
2242,12.940554,77.565581,Bannerghatta Road,Severe,2023-02-17,05:00,2023-02-17 05:00:00,Fog,Car,medium
2243,13.049441,77.530571,Airport Road,Minor,2022-08-15,19:00,2022-08-15 19:00:00,Clear,Car,medium
2244,13.025825,77.7798,Whitefield Main Road,Fatal,2024-06-10,23:00,2024-06-10 23:00:00,Rain,Bike,high
2245,12.992256,77.795579,Whitefield Main Road,Minor,2022-10-23,03:00,2022-10-23 03:00:00,Clear,Bike,high
2246,12.983187,77.468068,Old Madras Road,Fatal,2024-02-01,18:00,2024-02-01 18:00:00,Fog,Auto,high
2247,12.972734,77.629229,Indiranagar 100ft Road,Severe,2022-06-16,17:00,2022-06-16 17:00:00,Clear,Bike,low
2248,12.837493,77.546639,Bannerghatta Road,Severe,2024-10-30,07:00,2024-10-30 07:00:00,Rain,Truck,medium
2249,12.861789,77.624665,Hosur Road,Fatal,2023-04-05,04:00,2023-04-05 04:00:00,Fog,Auto,high
2250,12.99477,77.62116,Indiranagar 100ft Road,Minor,2023-06-05,16:00,2023-06-05 16:00:00,Rain,Bike,low
2251,12.946359,77.517224,Bannerghatta Road,Fatal,2022-03-28,09:00,2022-03-28 09:00:00,Clear,Bus,medium
2252,12.825043,77.511859,Bannerghatta Road,Minor,2023-12-01,02:00,2023-12-01 02:00:00,Clear,Auto,medium
2253,12.877922,77.600708,Sarjapur Road,Fatal,2024-09-14,00:00,2024-09-14 00:00:00,Rain,Truck,medium
2254,12.850597,77.467162,Bannerghatta Road,Fatal,2022-01-28,11:00,2022-01-28 11:00:00,Rain,Truck,medium
2255,12.880893,77.68177,Hosur Road,Minor,2024-12-03,03:00,2024-12-03 03:00:00,Fog,Bike,high
2256,13.013916,77.458542,Old Madras Road,Minor,2022-10-04,23:00,2022-10-04 23:00:00,Clear,Truck,high
2257,13.123983,77.79309,Whitefield Main Road,Minor,2023-04-01,22:00,2023-04-01 22:00:00,Rain,Truck,high
2258,13.094364,77.638122,Airport Road,Minor,2023-07-22,07:00,2023-07-22 07:00:00,Fog,Bus,medium
2259,12.865987,77.582023,Sarjapur Road,Minor,2022-12-18,01:00,2022-12-18 01:00:00,Clear,Bike,medium
2260,12.845384,77.5897,Hosur Road,Minor,2022-09-15,16:00,2022-09-15 16:00:00,Rain,Truck,high
2261,13.145682,77.507665,Airport Road,Severe,2025-01-09,15:00,2025-01-09 15:00:00,Clear,Truck,medium
2262,13.11496,77.51761,Airport Road,Minor,2022-12-03,04:00,2022-12-03 04:00:00,Rain,Auto,medium
2263,13.004589,77.732474,Whitefield Main Road,Minor,2024-03-25,14:00,2024-03-25 14:00:00,Rain,Bike,high
2264,13.131214,77.691057,Airport Road,Fatal,2022-05-24,18:00,2022-05-24 18:00:00,Rain,Truck,medium
2265,13.070569,77.712212,Whitefield Main Road,Fatal,2022-12-08,23:00,2022-12-08 23:00:00,Fog,Bus,high
2266,12.916589,77.611366,Sarjapur Road,Minor,2023-04-17,08:00,2023-04-17 08:00:00,Clear,Bike,medium
2267,13.175284,77.44073,Airport Road,Severe,2023-11-09,20:00,2023-11-09 20:00:00,Fog,Bike,medium
2268,13.099063,77.581483,Airport Road,Severe,2024-05-07,01:00,2024-05-07 01:00:00,Clear,Bus,medium
2269,13.022742,77.439987,Old Madras Road,Minor,2024-05-25,05:00,2024-05-25 05:00:00,Rain,Truck,high
2270,13.081013,77.691061,Airport Road,Severe,2025-03-09,05:00,2025-03-09 05:00:00,Rain,Auto,medium
2271,12.936977,77.760313,Whitefield Main Road,Fatal,2022-11-24,20:00,2022-11-24 20:00:00,Clear,Auto,high
2272,13.123043,77.405311,Airport Road,Minor,2023-10-17,04:00,2023-10-17 04:00:00,Fog,Auto,medium
2273,12.966623,77.574153,Old Madras Road,Fatal,2023-06-26,18:00,2023-06-26 18:00:00,Rain,Car,high
2274,13.132093,77.756809,Airport Road,Minor,2025-04-07,17:00,2025-04-07 17:00:00,Fog,Bus,medium
2275,12.973559,77.634704,Indiranagar 100ft Road,Severe,2024-10-10,21:00,2024-10-10 21:00:00,Clear,Bike,low
2276,12.907832,77.503517,Bannerghatta Road,Fatal,2024-04-04,22:00,2024-04-04 22:00:00,Clear,Bike,medium
2277,12.804541,77.70231,Hosur Road,Fatal,2023-05-06,11:00,2023-05-06 11:00:00,Rain,Car,high
2278,12.890595,77.619169,Sarjapur Road,Minor,2024-09-04,14:00,2024-09-04 14:00:00,Rain,Auto,medium
2279,13.117092,77.457393,Airport Road,Minor,2022-05-10,23:00,2022-05-10 23:00:00,Rain,Auto,medium
2280,12.851297,77.557067,Bannerghatta Road,Severe,2022-04-27,06:00,2022-04-27 06:00:00,Rain,Bus,medium
2281,13.14366,77.438288,Airport Road,Severe,2024-11-22,15:00,2024-11-22 15:00:00,Clear,Bus,medium
2282,12.937034,77.628371,Koramangala 80ft Road,Severe,2025-03-26,22:00,2025-03-26 22:00:00,Clear,Bike,low
2283,13.060539,77.709391,Whitefield Main Road,Minor,2022-06-03,23:00,2022-06-03 23:00:00,Clear,Car,high
2284,13.087236,77.686133,Airport Road,Minor,2023-03-23,13:00,2023-03-23 13:00:00,Rain,Truck,medium
2285,12.810302,77.466628,Bannerghatta Road,Minor,2024-11-27,00:00,2024-11-27 00:00:00,Clear,Auto,medium
2286,13.187764,77.409338,Airport Road,Severe,2024-06-20,13:00,2024-06-20 13:00:00,Clear,Truck,medium
2287,13.093159,77.4926,Airport Road,Minor,2024-05-13,18:00,2024-05-13 18:00:00,Fog,Auto,medium
2288,12.810895,77.606079,Hosur Road,Minor,2023-06-15,03:00,2023-06-15 03:00:00,Clear,Auto,high
2289,13.046573,77.676116,Indiranagar 100ft Road,Minor,2024-06-05,00:00,2024-06-05 00:00:00,Rain,Auto,low
2290,13.096361,77.781449,Whitefield Main Road,Minor,2023-01-13,14:00,2023-01-13 14:00:00,Clear,Auto,high
2291,13.121928,77.448417,Airport Road,Minor,2023-02-26,11:00,2023-02-26 11:00:00,Fog,Auto,medium
2292,13.150298,77.532545,Airport Road,Severe,2022-10-12,07:00,2022-10-12 07:00:00,Fog,Bike,medium
2293,13.094126,77.520518,Airport Road,Severe,2023-12-07,07:00,2023-12-07 07:00:00,Rain,Truck,medium
2294,13.135184,77.536437,Airport Road,Fatal,2024-01-05,11:00,2024-01-05 11:00:00,Rain,Bike,medium
2295,12.960661,77.65466,Indiranagar 100ft Road,Minor,2025-01-09,06:00,2025-01-09 06:00:00,Rain,Auto,low
2296,13.02714,77.417138,Old Madras Road,Severe,2024-05-25,12:00,2024-05-25 12:00:00,Clear,Bus,high
2297,12.874519,77.535399,Bannerghatta Road,Minor,2022-04-06,19:00,2022-04-06 19:00:00,Fog,Truck,medium
2298,13.152339,77.726169,Airport Road,Fatal,2022-12-17,18:00,2022-12-17 18:00:00,Fog,Car,medium
2299,13.172009,77.452218,Airport Road,Severe,2023-09-29,18:00,2023-09-29 18:00:00,Clear,Bus,medium
2300,13.036624,77.490656,Airport Road,Minor,2022-09-07,21:00,2022-09-07 21:00:00,Fog,Car,medium
2301,12.873917,77.502332,Bannerghatta Road,Severe,2024-01-11,12:00,2024-01-11 12:00:00,Clear,Truck,medium
2302,12.95262,77.687773,Marathahalli Bridge Road,Severe,2022-04-24,14:00,2022-04-24 14:00:00,Fog,Bike,high
2303,12.974246,77.576387,Old Madras Road,Fatal,2024-10-26,23:00,2024-10-26 23:00:00,Clear,Car,high
2304,13.060604,77.430773,Airport Road,Minor,2023-01-01,08:00,2023-01-01 08:00:00,Rain,Bike,medium
2305,12.996804,77.643339,Indiranagar 100ft Road,Minor,2024-02-10,05:00,2024-02-10 05:00:00,Clear,Car,low
2306,13.116263,77.516232,Airport Road,Severe,2022-10-22,13:00,2022-10-22 13:00:00,Rain,Bus,medium
2307,12.950679,77.580101,Bannerghatta Road,Minor,2022-11-10,08:00,2022-11-10 08:00:00,Rain,Auto,medium
2308,12.843798,77.731187,Hosur Road,Minor,2025-01-14,01:00,2025-01-14 01:00:00,Clear,Bike,high
2309,13.171997,77.57271,Airport Road,Minor,2024-07-28,11:00,2024-07-28 11:00:00,Clear,Truck,medium
2310,12.854305,77.512194,Bannerghatta Road,Severe,2025-01-10,23:00,2025-01-10 23:00:00,Fog,Truck,medium
2311,13.151067,77.418239,Airport Road,Severe,2023-11-24,09:00,2023-11-24 09:00:00,Rain,Bike,medium
2312,13.07048,77.749522,Whitefield Main Road,Minor,2024-06-15,12:00,2024-06-15 12:00:00,Clear,Bus,high
2313,13.078483,77.640065,Airport Road,Minor,2022-03-16,07:00,2022-03-16 07:00:00,Clear,Bike,medium
2314,12.809833,77.520706,Bannerghatta Road,Minor,2024-03-15,20:00,2024-03-15 20:00:00,Clear,Truck,medium
2315,13.152333,77.568744,Airport Road,Minor,2023-10-04,07:00,2023-10-04 07:00:00,Clear,Truck,medium
2316,12.845282,77.421346,Bannerghatta Road,Minor,2024-06-26,09:00,2024-06-26 09:00:00,Fog,Bike,medium
2317,12.849895,77.656348,Hosur Road,Fatal,2022-07-12,03:00,2022-07-12 03:00:00,Rain,Car,high
2318,13.194975,77.440782,Airport Road,Minor,2024-04-07,07:00,2024-04-07 07:00:00,Fog,Auto,medium
2319,13.124212,77.642121,Airport Road,Severe,2023-12-27,05:00,2023-12-27 05:00:00,Fog,Car,medium
2320,13.117275,77.78224,Whitefield Main Road,Minor,2024-01-19,14:00,2024-01-19 14:00:00,Rain,Auto,high
2321,13.051802,77.658287,Indiranagar 100ft Road,Severe,2023-03-19,06:00,2023-03-19 06:00:00,Fog,Auto,low
2322,13.174049,77.511483,Airport Road,Minor,2022-09-02,20:00,2022-09-02 20:00:00,Clear,Bus,medium
2323,12.920426,77.425243,Bannerghatta Road,Minor,2022-07-30,05:00,2022-07-30 05:00:00,Fog,Bike,medium
2324,12.927944,77.41762,Bannerghatta Road,Fatal,2023-07-10,00:00,2023-07-10 00:00:00,Rain,Car,medium
2325,13.00971,77.428146,Old Madras Road,Fatal,2025-03-02,08:00,2025-03-02 08:00:00,Fog,Bus,high
2326,12.987346,77.411912,Old Madras Road,Minor,2024-04-17,20:00,2024-04-17 20:00:00,Clear,Bus,high
2327,12.938022,77.751771,Whitefield Main Road,Severe,2022-01-08,03:00,2022-01-08 03:00:00,Rain,Bus,high
2328,13.196851,77.696191,Airport Road,Minor,2022-04-05,10:00,2022-04-05 10:00:00,Fog,Bus,medium
2329,13.053201,77.528465,Airport Road,Severe,2024-10-24,19:00,2024-10-24 19:00:00,Fog,Truck,medium
2330,13.025103,77.46691,Old Madras Road,Severe,2024-03-08,18:00,2024-03-08 18:00:00,Fog,Car,high
2331,12.886138,77.570289,Bannerghatta Road,Fatal,2024-12-14,01:00,2024-12-14 01:00:00,Fog,Truck,medium
2332,12.939415,77.594521,Bannerghatta Road,Severe,2023-08-22,13:00,2023-08-22 13:00:00,Rain,Car,medium
2333,13.189935,77.709939,Airport Road,Minor,2023-06-30,10:00,2023-06-30 10:00:00,Fog,Bike,medium
2334,12.869996,77.672495,Hosur Road,Minor,2023-10-30,11:00,2023-10-30 11:00:00,Clear,Bus,high
2335,13.177711,77.757373,Airport Road,Fatal,2022-02-05,18:00,2022-02-05 18:00:00,Fog,Bus,medium
2336,13.162526,77.720095,Airport Road,Minor,2022-10-07,05:00,2022-10-07 05:00:00,Fog,Auto,medium
2337,12.883815,77.5361,Bannerghatta Road,Severe,2025-02-03,06:00,2025-02-03 06:00:00,Rain,Bike,medium
2338,12.937659,77.64196,Koramangala 80ft Road,Severe,2023-05-12,12:00,2023-05-12 12:00:00,Fog,Bus,low
2339,13.099959,77.633217,Airport Road,Minor,2025-03-04,17:00,2025-03-04 17:00:00,Clear,Auto,medium
2340,12.984881,77.457579,Old Madras Road,Minor,2024-07-08,16:00,2024-07-08 16:00:00,Clear,Bus,high
2341,13.095257,77.446023,Airport Road,Severe,2022-03-10,09:00,2022-03-10 09:00:00,Fog,Car,medium
2342,13.130482,77.405525,Airport Road,Minor,2024-02-03,13:00,2024-02-03 13:00:00,Rain,Bike,medium
2343,13.017067,77.570197,Old Madras Road,Minor,2024-10-21,00:00,2024-10-21 00:00:00,Rain,Auto,high
2344,13.084922,77.670219,Airport Road,Severe,2024-03-02,13:00,2024-03-02 13:00:00,Clear,Bus,medium
2345,12.886761,77.561074,Bannerghatta Road,Severe,2024-07-13,14:00,2024-07-13 14:00:00,Clear,Truck,medium
2346,12.90588,77.42859,Bannerghatta Road,Severe,2023-09-07,09:00,2023-09-07 09:00:00,Clear,Truck,medium
2347,13.19298,77.792989,Airport Road,Minor,2024-05-20,08:00,2024-05-20 08:00:00,Rain,Auto,medium
2348,12.851349,77.726739,Hosur Road,Severe,2022-12-05,23:00,2022-12-05 23:00:00,Clear,Truck,high
2349,12.83536,77.697288,Hosur Road,Minor,2024-12-11,04:00,2024-12-11 04:00:00,Rain,Bus,high
2350,13.130501,77.498906,Airport Road,Minor,2024-12-19,23:00,2024-12-19 23:00:00,Fog,Auto,medium
2351,13.15473,77.576112,Airport Road,Severe,2023-12-31,13:00,2023-12-31 13:00:00,Fog,Truck,medium
2352,12.892967,77.433343,Bannerghatta Road,Severe,2025-01-24,13:00,2025-01-24 13:00:00,Rain,Car,medium
2353,13.083822,77.706345,Airport Road,Minor,2024-09-28,06:00,2024-09-28 06:00:00,Clear,Bus,medium
2354,12.904768,77.478007,Bannerghatta Road,Minor,2023-08-26,04:00,2023-08-26 04:00:00,Clear,Bus,medium
2355,13.139923,77.434507,Airport Road,Minor,2023-12-04,01:00,2023-12-04 01:00:00,Rain,Car,medium
2356,12.971841,77.606551,Old Madras Road,Minor,2024-05-29,11:00,2024-05-29 11:00:00,Rain,Truck,high
2357,12.911496,77.763276,Whitefield Main Road,Minor,2023-11-18,14:00,2023-11-18 14:00:00,Fog,Bus,high
2358,13.093036,77.712279,Airport Road,Fatal,2023-02-25,06:00,2023-02-25 06:00:00,Fog,Bus,medium
2359,12.803167,77.448441,Bannerghatta Road,Severe,2025-02-19,01:00,2025-02-19 01:00:00,Rain,Truck,medium
2360,12.890226,77.500486,Bannerghatta Road,Minor,2023-12-16,16:00,2023-12-16 16:00:00,Clear,Bike,medium
2361,13.156537,77.585506,Airport Road,Fatal,2024-04-21,23:00,2024-04-21 23:00:00,Clear,Auto,medium
2362,13.196605,77.428605,Airport Road,Severe,2022-09-02,15:00,2022-09-02 15:00:00,Clear,Auto,medium
2363,12.803036,77.576827,Hosur Road,Minor,2022-05-06,21:00,2022-05-06 21:00:00,Fog,Bike,high
2364,12.943265,77.796738,Whitefield Main Road,Fatal,2024-12-12,19:00,2024-12-12 19:00:00,Fog,Bus,high
2365,12.964103,77.670282,Marathahalli Bridge Road,Fatal,2023-05-20,15:00,2023-05-20 15:00:00,Clear,Bus,high
2366,13.122088,77.676777,Airport Road,Minor,2023-08-07,22:00,2023-08-07 22:00:00,Fog,Bike,medium
2367,12.980806,77.526471,Old Madras Road,Severe,2022-04-23,21:00,2022-04-23 21:00:00,Rain,Car,high
2368,12.833296,77.644868,Hosur Road,Severe,2024-08-22,08:00,2024-08-22 08:00:00,Fog,Auto,high
2369,13.031662,77.612886,Old Madras Road,Minor,2024-06-07,21:00,2024-06-07 21:00:00,Rain,Car,high
2370,13.117117,77.600932,Airport Road,Minor,2025-02-04,18:00,2025-02-04 18:00:00,Fog,Car,medium
2371,12.969296,77.626225,Indiranagar 100ft Road,Severe,2025-01-12,03:00,2025-01-12 03:00:00,Rain,Car,low
2372,12.846592,77.654517,Hosur Road,Severe,2023-06-01,04:00,2023-06-01 04:00:00,Clear,Auto,high
2373,12.924365,77.539405,Bannerghatta Road,Minor,2022-04-14,23:00,2022-04-14 23:00:00,Rain,Truck,medium
2374,12.905942,77.728811,Marathahalli Bridge Road,Minor,2022-10-14,15:00,2022-10-14 15:00:00,Clear,Truck,high
2375,13.150948,77.792115,Whitefield Main Road,Severe,2023-05-21,09:00,2023-05-21 09:00:00,Clear,Truck,high
2376,13.096853,77.777348,Whitefield Main Road,Severe,2024-04-27,23:00,2024-04-27 23:00:00,Rain,Truck,high
2377,12.896089,77.655322,Outer Ring Road,Minor,2022-10-20,01:00,2022-10-20 01:00:00,Clear,Bike,high
2378,12.83885,77.736417,Hosur Road,Severe,2023-01-23,13:00,2023-01-23 13:00:00,Fog,Truck,high
2379,12.927646,77.583688,Bannerghatta Road,Minor,2024-06-26,23:00,2024-06-26 23:00:00,Clear,Bike,medium
2380,12.849942,77.506723,Bannerghatta Road,Fatal,2022-03-01,13:00,2022-03-01 13:00:00,Fog,Bike,medium
2381,12.88077,77.795011,Whitefield Main Road,Minor,2024-03-19,23:00,2024-03-19 23:00:00,Clear,Bike,high
2382,12.97877,77.456592,Old Madras Road,Severe,2022-11-12,11:00,2022-11-12 11:00:00,Rain,Car,high
2383,12.976999,77.621406,Old Madras Road,Minor,2023-11-26,22:00,2023-11-26 22:00:00,Clear,Auto,high
2384,12.839825,77.539208,Bannerghatta Road,Minor,2022-07-29,16:00,2022-07-29 16:00:00,Fog,Truck,medium
2385,12.971427,77.55873,Old Madras Road,Minor,2022-12-27,23:00,2022-12-27 23:00:00,Clear,Bus,high
2386,12.903527,77.698265,Outer Ring Road,Severe,2024-09-09,20:00,2024-09-09 20:00:00,Rain,Auto,high
2387,13.165206,77.55705,Airport Road,Fatal,2023-08-05,21:00,2023-08-05 21:00:00,Rain,Auto,medium
2388,12.908304,77.480449,Bannerghatta Road,Severe,2025-04-01,15:00,2025-04-01 15:00:00,Fog,Truck,medium
2389,13.106914,77.6658,Airport Road,Fatal,2023-12-29,02:00,2023-12-29 02:00:00,Rain,Bike,medium
2390,12.896575,77.656747,Outer Ring Road,Minor,2022-01-24,00:00,2022-01-24 00:00:00,Fog,Auto,high
2391,13.077726,77.63541,Airport Road,Severe,2024-10-29,10:00,2024-10-29 10:00:00,Rain,Car,medium
2392,12.83228,77.678779,Hosur Road,Fatal,2022-12-19,17:00,2022-12-19 17:00:00,Rain,Car,high
2393,13.087107,77.766145,Whitefield Main Road,Minor,2023-03-31,10:00,2023-03-31 10:00:00,Clear,Car,high
2394,12.819193,77.519138,Bannerghatta Road,Severe,2024-08-30,02:00,2024-08-30 02:00:00,Clear,Car,medium
2395,12.989723,77.50123,Old Madras Road,Severe,2023-06-03,20:00,2023-06-03 20:00:00,Fog,Bus,high
2396,12.990281,77.441732,Old Madras Road,Severe,2022-09-22,10:00,2022-09-22 10:00:00,Fog,Auto,high
2397,12.933872,77.432687,Bannerghatta Road,Minor,2024-12-28,19:00,2024-12-28 19:00:00,Rain,Truck,medium
2398,12.903802,77.487975,Bannerghatta Road,Severe,2024-07-12,02:00,2024-07-12 02:00:00,Rain,Truck,medium
2399,12.925333,77.648009,Outer Ring Road,Minor,2022-02-27,11:00,2022-02-27 11:00:00,Clear,Truck,high
2400,12.810868,77.741008,Hosur Road,Severe,2022-11-13,09:00,2022-11-13 09:00:00,Rain,Car,high
2401,13.133668,77.612176,Airport Road,Minor,2024-05-09,16:00,2024-05-09 16:00:00,Fog,Bike,medium
2402,13.097015,77.448486,Airport Road,Fatal,2022-03-12,12:00,2022-03-12 12:00:00,Fog,Truck,medium
2403,13.17285,77.699624,Airport Road,Minor,2024-09-07,04:00,2024-09-07 04:00:00,Fog,Bike,medium
2404,12.956012,77.477312,Bannerghatta Road,Minor,2022-11-21,15:00,2022-11-21 15:00:00,Fog,Car,medium
2405,13.18357,77.688322,Airport Road,Fatal,2022-03-08,06:00,2022-03-08 06:00:00,Rain,Car,medium
2406,13.106741,77.792197,Whitefield Main Road,Minor,2023-01-21,13:00,2023-01-21 13:00:00,Rain,Car,high
2407,12.971099,77.714088,Marathahalli Bridge Road,Minor,2024-06-09,21:00,2024-06-09 21:00:00,Rain,Truck,high
2408,12.813431,77.476334,Bannerghatta Road,Minor,2025-01-07,04:00,2025-01-07 04:00:00,Fog,Car,medium
2409,12.999181,77.61332,Old Madras Road,Minor,2023-11-14,19:00,2023-11-14 19:00:00,Rain,Bus,high
2410,12.95064,77.509496,Bannerghatta Road,Severe,2024-07-11,20:00,2024-07-11 20:00:00,Fog,Bike,medium
2411,13.067717,77.748424,Whitefield Main Road,Minor,2023-06-05,09:00,2023-06-05 09:00:00,Fog,Bike,high
2412,13.085793,77.483697,Airport Road,Severe,2025-03-18,01:00,2025-03-18 01:00:00,Fog,Auto,medium
2413,13.158103,77.723597,Airport Road,Minor,2024-10-18,13:00,2024-10-18 13:00:00,Clear,Bus,medium
2414,13.072346,77.52941,Airport Road,Severe,2022-10-04,03:00,2022-10-04 03:00:00,Rain,Bus,medium
2415,12.80519,77.417374,Bannerghatta Road,Minor,2023-12-13,09:00,2023-12-13 09:00:00,Fog,Truck,medium
2416,12.850687,77.702433,Hosur Road,Minor,2024-05-08,20:00,2024-05-08 20:00:00,Clear,Bus,high
2417,12.841571,77.642005,Hosur Road,Minor,2022-04-07,05:00,2022-04-07 05:00:00,Clear,Truck,high
2418,13.177888,77.44686,Airport Road,Severe,2024-07-28,18:00,2024-07-28 18:00:00,Rain,Auto,medium
2419,13.092077,77.503397,Airport Road,Minor,2023-08-11,03:00,2023-08-11 03:00:00,Clear,Auto,medium
2420,12.924219,77.526279,Bannerghatta Road,Severe,2023-08-28,17:00,2023-08-28 17:00:00,Rain,Bus,medium
2421,13.133149,77.651204,Airport Road,Severe,2023-11-07,23:00,2023-11-07 23:00:00,Fog,Bike,medium
2422,12.978061,77.786522,Whitefield Main Road,Fatal,2023-04-21,13:00,2023-04-21 13:00:00,Fog,Car,high
2423,13.141042,77.612307,Airport Road,Fatal,2024-08-14,16:00,2024-08-14 16:00:00,Fog,Bike,medium
2424,12.985154,77.537099,Old Madras Road,Severe,2022-08-28,15:00,2022-08-28 15:00:00,Clear,Auto,high
2425,12.899931,77.748457,Whitefield Main Road,Severe,2024-11-22,03:00,2024-11-22 03:00:00,Rain,Car,high
2426,12.950775,77.751144,Whitefield Main Road,Minor,2024-12-26,09:00,2024-12-26 09:00:00,Rain,Bus,high
2427,13.109322,77.641519,Airport Road,Minor,2024-07-04,06:00,2024-07-04 06:00:00,Fog,Car,medium
2428,13.019037,77.665603,Indiranagar 100ft Road,Minor,2023-12-26,08:00,2023-12-26 08:00:00,Fog,Truck,low
2429,12.897007,77.799691,Whitefield Main Road,Minor,2023-03-04,19:00,2023-03-04 19:00:00,Rain,Bike,high
2430,12.844256,77.771777,Hosur Road,Minor,2023-09-29,12:00,2023-09-29 12:00:00,Clear,Bus,high
2431,13.03861,77.686691,Indiranagar 100ft Road,Minor,2024-05-26,02:00,2024-05-26 02:00:00,Fog,Bike,low
2432,13.130395,77.624538,Airport Road,Minor,2023-05-28,19:00,2023-05-28 19:00:00,Clear,Bike,medium
2433,13.053389,77.763318,Whitefield Main Road,Severe,2023-05-02,18:00,2023-05-02 18:00:00,Fog,Bus,high
2434,12.950764,77.619541,Koramangala 80ft Road,Minor,2022-01-28,15:00,2022-01-28 15:00:00,Rain,Bus,low
2435,13.081738,77.602311,Airport Road,Minor,2022-09-11,15:00,2022-09-11 15:00:00,Fog,Truck,medium
2436,13.006509,77.634705,Indiranagar 100ft Road,Fatal,2025-02-08,20:00,2025-02-08 20:00:00,Fog,Auto,low
2437,13.007009,77.613171,Old Madras Road,Minor,2023-08-17,00:00,2023-08-17 00:00:00,Rain,Truck,high
2438,13.092276,77.599571,Airport Road,Minor,2022-09-29,03:00,2022-09-29 03:00:00,Clear,Car,medium
