id,latitude,longitude,road_name,severity,date,time,datetime,weather,vehicle_type,road_risk_level
1,18.817732,72.790846,Marine Drive,Severe,2023-05-21,04:00,2023-05-21 04:00:00,Clear,Truck,low
2,19.096889,72.819424,SV Road Andheri,Minor,2024-07-10,13:00,2024-07-10 13:00:00,Fog,Bus,medium
3,19.132036,72.76057,SV Road Andheri,Severe,2023-11-28,09:00,2023-11-28 09:00:00,Rain,Car,medium
4,18.876038,72.816062,Marine Drive,Minor,2024-01-09,08:00,2024-01-09 08:00:00,Rain,Truck,low
5,19.277812,72.889938,Ghodbunder Road,Minor,2024-12-31,07:00,2024-12-31 07:00:00,Clear,Bike,high
6,18.945509,72.865677,Marine Drive,Minor,2024-11-19,22:00,2024-11-19 22:00:00,Rain,Auto,low
7,19.090552,72.9844,Sion-Panvel Highway,Minor,2023-03-14,21:00,2023-03-14 21:00:00,Rain,Truck,medium
8,19.232608,72.869852,Ghodbunder Road,Severe,2023-06-04,06:00,2023-06-04 06:00:00,Fog,Truck,high
9,19.061169,72.872827,LBS Marg,Minor,2024-04-17,14:00,2024-04-17 14:00:00,Clear,Auto,medium
10,19.264702,72.886613,Ghodbunder Road,Severe,2022-09-22,10:00,2022-09-22 10:00:00,Clear,Truck,high
11,18.811624,72.877651,Marine Drive,Minor,2022-02-27,05:00,2022-02-27 05:00:00,Fog,Bus,low
12,19.208566,72.896859,Ghodbunder Road,Severe,2023-05-26,06:00,2023-05-26 06:00:00,Fog,Auto,high
13,18.803193,72.982741,Marine Drive,Minor,2022-09-28,04:00,2022-09-28 04:00:00,Fog,Bike,low
14,19.250366,72.762997,SV Road Andheri,Severe,2024-06-06,22:00,2024-06-06 22:00:00,Fog,Car,medium
15,18.990602,72.799954,Worli Sea Link,Severe,2024-12-09,20:00,2024-12-09 20:00:00,Rain,Bus,medium
16,18.838523,72.976824,Marine Drive,Minor,2023-11-22,22:00,2023-11-22 22:00:00,Rain,Truck,low
17,19.257558,72.75368,SV Road Andheri,Severe,2024-02-13,10:00,2024-02-13 10:00:00,Fog,Truck,medium
18,19.090344,72.902108,LBS Marg,Fatal,2022-03-28,10:00,2022-03-28 10:00:00,Clear,Auto,medium
19,18.849144,72.726339,Marine Drive,Severe,2023-02-28,08:00,2023-02-28 08:00:00,Fog,Auto,low
20,19.05988,72.748749,Worli Sea Link,Severe,2022-11-04,02:00,2022-11-04 02:00:00,Clear,Car,medium
21,19.093036,72.876566,Eastern Express Highway,Fatal,2024-04-20,09:00,2024-04-20 09:00:00,Rain,Auto,high
22,18.845526,72.792846,Marine Drive,Severe,2024-05-06,15:00,2024-05-06 15:00:00,Fog,Bus,low
23,18.960845,72.922053,Sion-Panvel Highway,Minor,2024-09-24,21:00,2024-09-24 21:00:00,Clear,Bus,medium
24,19.147537,72.781967,SV Road Andheri,Minor,2023-10-19,06:00,2023-10-19 06:00:00,Rain,Bike,medium
25,19.000379,72.96346,Sion-Panvel Highway,Minor,2023-10-26,17:00,2023-10-26 17:00:00,Rain,Bike,medium
26,18.844068,72.948507,Marine Drive,Severe,2023-01-06,07:00,2023-01-06 07:00:00,Rain,Bike,low
27,19.150088,72.702839,SV Road Andheri,Severe,2023-10-20,20:00,2023-10-20 20:00:00,Fog,Bike,medium
28,19.035655,72.955069,Sion-Panvel Highway,Minor,2022-01-01,06:00,2022-01-01 06:00:00,Clear,Bus,medium
29,19.115596,72.802382,SV Road Andheri,Severe,2022-07-04,07:00,2022-07-04 07:00:00,Clear,Bike,medium
30,18.918465,72.813324,Marine Drive,Minor,2024-09-11,02:00,2024-09-11 02:00:00,Fog,Bus,low
31,18.87409,72.939462,Marine Drive,Severe,2022-12-03,04:00,2022-12-03 04:00:00,Rain,Car,low
32,19.160639,72.885188,Jogeshwari-Vikhroli Link Road,Severe,2022-01-25,10:00,2022-01-25 10:00:00,Fog,Bus,high
33,18.803394,72.756475,Marine Drive,Fatal,2024-11-11,05:00,2024-11-11 05:00:00,Rain,Auto,low
34,18.922093,72.940473,Marine Drive,Severe,2024-09-10,00:00,2024-09-10 00:00:00,Fog,Auto,low
35,18.942286,72.710271,Marine Drive,Minor,2024-05-30,16:00,2024-05-30 16:00:00,Rain,Bike,low
36,19.277319,72.843699,Ghodbunder Road,Minor,2022-02-05,23:00,2022-02-05 23:00:00,Clear,Bike,high
37,18.904696,72.929499,Marine Drive,Minor,2023-11-06,23:00,2023-11-06 23:00:00,Clear,Truck,low
38,18.81774,72.773961,Marine Drive,Severe,2024-09-05,22:00,2024-09-05 22:00:00,Rain,Bus,low
39,19.27562,72.80497,SV Road Andheri,Minor,2024-01-17,16:00,2024-01-17 16:00:00,Clear,Truck,medium
40,19.025583,72.703921,Worli Sea Link,Minor,2022-02-27,14:00,2022-02-27 14:00:00,Clear,Car,medium
41,19.093059,72.74776,Linking Road Bandra,Fatal,2023-03-06,08:00,2023-03-06 08:00:00,Fog,Bike,low
42,19.206387,72.76094,SV Road Andheri,Severe,2024-10-14,19:00,2024-10-14 19:00:00,Clear,Bike,medium
43,19.057954,72.75712,Worli Sea Link,Minor,2023-04-13,02:00,2023-04-13 02:00:00,Fog,Bike,medium
44,19.288226,72.925037,Ghodbunder Road,Severe,2022-12-20,08:00,2022-12-20 08:00:00,Clear,Car,high
45,19.163928,72.942826,Jogeshwari-Vikhroli Link Road,Minor,2023-03-16,22:00,2023-03-16 22:00:00,Clear,Car,high
46,19.204154,72.754614,SV Road Andheri,Severe,2023-11-20,23:00,2023-11-20 23:00:00,Fog,Auto,medium
47,19.25538,72.982083,Ghodbunder Road,Minor,2022-09-18,08:00,2022-09-18 08:00:00,Rain,Auto,high
48,19.228611,72.742829,SV Road Andheri,Fatal,2023-05-13,16:00,2023-05-13 16:00:00,Rain,Auto,medium
49,19.190948,72.77105,SV Road Andheri,Minor,2024-03-20,17:00,2024-03-20 17:00:00,Clear,Bus,medium
50,19.147308,72.717022,SV Road Andheri,Minor,2023-05-23,06:00,2023-05-23 06:00:00,Clear,Bus,medium
51,18.927409,72.753023,Marine Drive,Severe,2024-07-02,05:00,2024-07-02 05:00:00,Rain,Car,low
52,19.292175,72.961276,Ghodbunder Road,Minor,2024-10-12,20:00,2024-10-12 20:00:00,Rain,Bus,high
53,19.183549,72.70002,SV Road Andheri,Minor,2022-10-20,17:00,2022-10-20 17:00:00,Fog,Auto,medium
54,18.901696,72.9801,Sion-Panvel Highway,Minor,2023-01-20,16:00,2023-01-20 16:00:00,Fog,Auto,medium
55,19.1689,72.924685,Jogeshwari-Vikhroli Link Road,Minor,2024-12-01,18:00,2024-12-01 18:00:00,Clear,Bus,high
56,18.829473,72.892258,Marine Drive,Fatal,2022-02-23,05:00,2022-02-23 05:00:00,Rain,Auto,low
57,19.158541,72.929406,Jogeshwari-Vikhroli Link Road,Minor,2023-12-14,00:00,2023-12-14 00:00:00,Clear,Bike,high
58,19.058781,72.937114,Sion-Panvel Highway,Fatal,2022-05-29,10:00,2022-05-29 10:00:00,Rain,Car,medium
59,18.867672,72.800601,Marine Drive,Minor,2024-05-30,10:00,2024-05-30 10:00:00,Fog,Truck,low
60,19.090579,72.834043,SV Road Andheri,Minor,2022-03-02,13:00,2022-03-02 13:00:00,Clear,Truck,medium
61,19.041897,72.719868,Worli Sea Link,Fatal,2023-05-17,07:00,2023-05-17 07:00:00,Fog,Bus,medium
62,19.021859,72.865643,Worli Sea Link,Severe,2022-01-29,09:00,2022-01-29 09:00:00,Rain,Truck,medium
63,19.296951,72.838842,Ghodbunder Road,Severe,2024-06-09,08:00,2024-06-09 08:00:00,Clear,Auto,high
64,18.897726,72.821774,Marine Drive,Severe,2025-02-15,03:00,2025-02-15 03:00:00,Rain,Truck,low
65,18.904708,72.989132,Sion-Panvel Highway,Severe,2025-03-28,19:00,2025-03-28 19:00:00,Fog,Bike,medium
66,18.984272,72.774002,Worli Sea Link,Severe,2023-06-06,18:00,2023-06-06 18:00:00,Clear,Bike,medium
67,19.17639,72.83154,SV Road Andheri,Minor,2023-02-19,00:00,2023-02-19 00:00:00,Rain,Bus,medium
68,18.877165,72.922716,Marine Drive,Severe,2023-09-28,06:00,2023-09-28 06:00:00,Rain,Auto,low
69,19.113284,72.889961,Eastern Express Highway,Severe,2022-01-01,21:00,2022-01-01 21:00:00,Rain,Car,high
70,19.071293,72.927183,LBS Marg,Severe,2022-11-01,21:00,2022-11-01 21:00:00,Clear,Truck,medium
71,18.949404,72.878909,Marine Drive,Minor,2023-08-09,14:00,2023-08-09 14:00:00,Fog,Bike,low
72,19.07549,72.797602,Linking Road Bandra,Severe,2023-10-10,06:00,2023-10-10 06:00:00,Rain,Bus,low
73,19.159709,72.713424,SV Road Andheri,Severe,2022-12-02,15:00,2022-12-02 15:00:00,Rain,Truck,medium
74,18.992844,72.760452,Worli Sea Link,Minor,2024-08-28,02:00,2024-08-28 02:00:00,Clear,Auto,medium
75,19.097344,72.991926,Jogeshwari-Vikhroli Link Road,Minor,2024-11-10,06:00,2024-11-10 06:00:00,Rain,Bus,high
76,18.856408,72.914772,Marine Drive,Severe,2023-04-26,17:00,2023-04-26 17:00:00,Clear,Auto,low
77,19.094879,72.771039,SV Road Andheri,Minor,2024-11-23,06:00,2024-11-23 06:00:00,Fog,Car,medium
78,19.014152,72.970411,Sion-Panvel Highway,Severe,2023-08-21,09:00,2023-08-21 09:00:00,Rain,Truck,medium
79,19.283056,72.744544,SV Road Andheri,Severe,2022-01-12,18:00,2022-01-12 18:00:00,Clear,Bike,medium
80,19.029433,72.832349,Worli Sea Link,Minor,2023-05-16,17:00,2023-05-16 17:00:00,Rain,Auto,medium
81,18.984322,72.861388,Marine Drive,Severe,2025-01-29,09:00,2025-01-29 09:00:00,Clear,Car,low
82,19.090503,72.764378,Linking Road Bandra,Severe,2022-01-24,08:00,2022-01-24 08:00:00,Fog,Car,low
83,18.82416,72.829696,Marine Drive,Severe,2024-11-18,13:00,2024-11-18 13:00:00,Rain,Truck,low
84,19.020915,72.746708,Worli Sea Link,Severe,2022-07-17,10:00,2022-07-17 10:00:00,Clear,Bus,medium
85,18.974481,72.992122,Sion-Panvel Highway,Minor,2022-04-18,16:00,2022-04-18 16:00:00,Clear,Car,medium
86,19.249045,72.822909,SV Road Andheri,Severe,2022-11-09,06:00,2022-11-09 06:00:00,Fog,Auto,medium
87,19.256388,72.793758,SV Road Andheri,Severe,2022-07-23,17:00,2022-07-23 17:00:00,Clear,Truck,medium
88,19.062073,72.985451,Sion-Panvel Highway,Fatal,2022-02-09,17:00,2022-02-09 17:00:00,Rain,Truck,medium
89,19.00103,72.866264,Worli Sea Link,Minor,2022-12-30,04:00,2022-12-30 04:00:00,Clear,Truck,medium
90,18.826819,72.933899,Marine Drive,Minor,2022-02-06,05:00,2022-02-06 05:00:00,Fog,Bike,low
91,19.292492,72.955907,Ghodbunder Road,Minor,2024-01-02,18:00,2024-01-02 18:00:00,Rain,Auto,high
92,18.864308,72.800252,Marine Drive,Minor,2022-08-23,21:00,2022-08-23 21:00:00,Rain,Truck,low
93,19.013798,72.701232,Worli Sea Link,Minor,2025-03-28,14:00,2025-03-28 14:00:00,Clear,Car,medium
94,18.852206,72.921028,Marine Drive,Minor,2022-10-14,22:00,2022-10-14 22:00:00,Clear,Bus,low
95,19.111111,72.792785,SV Road Andheri,Minor,2024-11-23,01:00,2024-11-23 01:00:00,Clear,Bike,medium
96,19.228733,72.861817,Ghodbunder Road,Severe,2024-02-25,22:00,2024-02-25 22:00:00,Rain,Bus,high
97,18.993268,72.823772,Worli Sea Link,Fatal,2025-04-01,19:00,2025-04-01 19:00:00,Fog,Auto,medium
98,18.947484,72.799354,Marine Drive,Minor,2023-11-16,17:00,2023-11-16 17:00:00,Fog,Auto,low
99,18.992129,72.818949,Worli Sea Link,Minor,2024-07-12,12:00,2024-07-12 12:00:00,Clear,Bus,medium
100,18.93698,72.856051,Marine Drive,Minor,2024-12-10,01:00,2024-12-10 01:00:00,Rain,Truck,low
101,19.200452,72.822912,SV Road Andheri,Severe,2022-07-21,07:00,2022-07-21 07:00:00,Rain,Car,medium
102,19.182355,72.858309,Western Express Highway,Minor,2023-01-28,12:00,2023-01-28 12:00:00,Fog,Auto,high
103,19.045136,72.789693,Worli Sea Link,Minor,2024-07-29,12:00,2024-07-29 12:00:00,Rain,Car,medium
104,18.870205,72.842773,Marine Drive,Fatal,2022-12-30,23:00,2022-12-30 23:00:00,Fog,Bus,low
105,18.947929,72.744159,Marine Drive,Severe,2022-07-05,20:00,2022-07-05 20:00:00,Fog,Bus,low
106,19.05184,72.961392,Sion-Panvel Highway,Minor,2022-03-07,00:00,2022-03-07 00:00:00,Clear,Bus,medium
107,19.024404,72.953152,Sion-Panvel Highway,Minor,2024-04-15,01:00,2024-04-15 01:00:00,Fog,Truck,medium
108,19.054691,72.761276,Worli Sea Link,Minor,2022-04-22,11:00,2022-04-22 11:00:00,Clear,Auto,medium
109,19.260243,72.744532,SV Road Andheri,Severe,2022-01-21,06:00,2022-01-21 06:00:00,Rain,Auto,medium
110,19.174754,72.969766,Ghodbunder Road,Minor,2023-10-26,17:00,2023-10-26 17:00:00,Fog,Bus,high
111,19.167365,72.79268,SV Road Andheri,Severe,2024-08-18,22:00,2024-08-18 22:00:00,Fog,Truck,medium
112,18.840368,72.753638,Marine Drive,Minor,2024-02-06,15:00,2024-02-06 15:00:00,Rain,Bike,low
113,18.927251,72.919959,Marine Drive,Minor,2023-04-10,14:00,2023-04-10 14:00:00,Fog,Bike,low
114,19.205237,72.835166,SV Road Andheri,Minor,2023-10-09,16:00,2023-10-09 16:00:00,Clear,Bike,medium
115,19.165947,72.979915,Ghodbunder Road,Minor,2023-03-04,02:00,2023-03-04 02:00:00,Clear,Bus,high
116,19.177278,72.822659,SV Road Andheri,Severe,2024-01-01,09:00,2024-01-01 09:00:00,Clear,Car,medium
117,19.180973,72.873025,Western Express Highway,Severe,2022-12-19,22:00,2022-12-19 22:00:00,Clear,Bus,high
118,19.010689,72.761092,Worli Sea Link,Fatal,2022-01-22,09:00,2022-01-22 09:00:00,Clear,Truck,medium
119,18.841548,72.948274,Marine Drive,Minor,2024-08-14,13:00,2024-08-14 13:00:00,Fog,Bus,low
120,18.829764,72.987682,Marine Drive,Minor,2022-12-25,07:00,2022-12-25 07:00:00,Clear,Car,low
121,18.913223,72.751754,Marine Drive,Minor,2024-06-22,18:00,2024-06-22 18:00:00,Clear,Auto,low
122,18.85369,72.733801,Marine Drive,Severe,2022-11-12,14:00,2022-11-12 14:00:00,Rain,Auto,low
123,19.186996,72.818626,SV Road Andheri,Severe,2024-01-31,02:00,2024-01-31 02:00:00,Rain,Car,medium
124,18.923432,72.910162,Marine Drive,Severe,2025-01-13,21:00,2025-01-13 21:00:00,Clear,Bus,low
125,19.149028,72.830288,SV Road Andheri,Minor,2022-07-16,11:00,2022-07-16 11:00:00,Rain,Auto,medium
126,19.217638,72.737487,SV Road Andheri,Severe,2023-07-12,22:00,2023-07-12 22:00:00,Clear,Bus,medium
127,18.931963,72.884583,Marine Drive,Severe,2022-09-06,01:00,2022-09-06 01:00:00,Fog,Bus,low
128,19.192173,72.820754,SV Road Andheri,Minor,2023-06-09,10:00,2023-06-09 10:00:00,Clear,Bike,medium
129,18.998895,72.922412,Sion-Panvel Highway,Fatal,2024-10-04,15:00,2024-10-04 15:00:00,Rain,Truck,medium
130,18.953767,72.813528,Marine Drive,Minor,2024-11-04,05:00,2024-11-04 05:00:00,Fog,Truck,low
131,18.875242,72.96189,Marine Drive,Minor,2023-05-13,00:00,2023-05-13 00:00:00,Clear,Bus,low
132,19.090747,72.717097,Linking Road Bandra,Severe,2024-07-13,07:00,2024-07-13 07:00:00,Rain,Bus,low
133,19.221086,72.943044,Ghodbunder Road,Severe,2024-02-02,08:00,2024-02-02 08:00:00,Rain,Truck,high
134,19.137008,72.985477,Jogeshwari-Vikhroli Link Road,Minor,2023-09-16,07:00,2023-09-16 07:00:00,Clear,Bus,high
135,19.012057,72.954683,Sion-Panvel Highway,Severe,2023-10-01,12:00,2023-10-01 12:00:00,Fog,Bike,medium
136,19.211662,72.739689,SV Road Andheri,Minor,2023-12-17,19:00,2023-12-17 19:00:00,Fog,Truck,medium
137,18.852906,72.946871,Marine Drive,Minor,2025-03-08,06:00,2025-03-08 06:00:00,Rain,Car,low
138,19.1432,72.959217,Jogeshwari-Vikhroli Link Road,Minor,2024-03-21,02:00,2024-03-21 02:00:00,Clear,Bike,high
139,18.819483,72.934665,Marine Drive,Minor,2024-09-30,14:00,2024-09-30 14:00:00,Fog,Bike,low
140,19.293086,72.889535,Ghodbunder Road,Minor,2025-02-14,19:00,2025-02-14 19:00:00,Rain,Car,high
141,18.886379,72.746221,Marine Drive,Severe,2023-05-28,18:00,2023-05-28 18:00:00,Rain,Bus,low
142,18.937228,72.913088,Marine Drive,Minor,2024-06-30,12:00,2024-06-30 12:00:00,Fog,Bus,low
143,19.108762,72.745438,SV Road Andheri,Minor,2024-05-19,14:00,2024-05-19 14:00:00,Clear,Car,medium
144,18.888312,72.746661,Marine Drive,Fatal,2023-10-10,08:00,2023-10-10 08:00:00,Fog,Auto,low
145,18.923979,72.866908,Marine Drive,Minor,2024-08-03,14:00,2024-08-03 14:00:00,Clear,Truck,low
146,19.079194,72.974309,Sion-Panvel Highway,Severe,2022-05-17,16:00,2022-05-17 16:00:00,Fog,Truck,medium
147,18.909538,72.724193,Marine Drive,Minor,2023-09-29,17:00,2023-09-29 17:00:00,Rain,Bus,low
148,18.99399,72.906749,Sion-Panvel Highway,Minor,2022-04-22,08:00,2022-04-22 08:00:00,Clear,Car,medium
149,18.996819,72.817442,Worli Sea Link,Minor,2023-09-13,00:00,2023-09-13 00:00:00,Rain,Auto,medium
150,19.152217,72.879779,Western Express Highway,Fatal,2022-01-01,19:00,2022-01-01 19:00:00,Rain,Bus,high
151,18.978792,72.795702,Worli Sea Link,Minor,2023-06-25,20:00,2023-06-25 20:00:00,Fog,Auto,medium
152,18.886821,72.791664,Marine Drive,Minor,2023-07-06,10:00,2023-07-06 10:00:00,Clear,Bike,low
153,18.839938,72.841699,Marine Drive,Severe,2022-12-09,06:00,2022-12-09 06:00:00,Fog,Bus,low
154,19.151685,72.972408,Jogeshwari-Vikhroli Link Road,Severe,2024-05-31,03:00,2024-05-31 03:00:00,Rain,Truck,high
155,19.281578,72.889011,Ghodbunder Road,Minor,2024-03-31,20:00,2024-03-31 20:00:00,Rain,Car,high
156,19.172472,72.745094,SV Road Andheri,Severe,2022-04-08,00:00,2022-04-08 00:00:00,Rain,Bus,medium
157,18.947908,72.903908,Marine Drive,Severe,2024-02-11,04:00,2024-02-11 04:00:00,Rain,Truck,low
158,19.062559,72.760417,Linking Road Bandra,Fatal,2024-05-14,19:00,2024-05-14 19:00:00,Rain,Truck,low
159,18.814987,72.870964,Marine Drive,Severe,2024-12-27,22:00,2024-12-27 22:00:00,Clear,Truck,low
160,19.245155,72.798342,SV Road Andheri,Minor,2023-12-25,05:00,2023-12-25 05:00:00,Clear,Auto,medium
161,18.816763,72.963111,Marine Drive,Minor,2023-04-21,13:00,2023-04-21 13:00:00,Rain,Auto,low
162,19.028316,72.72987,Worli Sea Link,Minor,2022-04-30,06:00,2022-04-30 06:00:00,Clear,Auto,medium
163,18.851306,72.784702,Marine Drive,Severe,2022-09-29,05:00,2022-09-29 05:00:00,Fog,Bus,low
164,19.205006,72.940367,Ghodbunder Road,Minor,2025-03-13,16:00,2025-03-13 16:00:00,Fog,Bike,high
165,19.253058,72.730478,SV Road Andheri,Minor,2025-04-02,09:00,2025-04-02 09:00:00,Fog,Auto,medium
166,18.847775,72.833996,Marine Drive,Severe,2025-02-02,15:00,2025-02-02 15:00:00,Clear,Car,low
167,19.160415,72.843573,SV Road Andheri,Severe,2024-03-06,20:00,2024-03-06 20:00:00,Rain,Bike,medium
168,18.941825,72.877077,Marine Drive,Severe,2024-09-27,21:00,2024-09-27 21:00:00,Rain,Auto,low
169,18.935262,72.796347,Marine Drive,Severe,2024-02-15,12:00,2024-02-15 12:00:00,Rain,Auto,low
170,19.229841,72.896026,Ghodbunder Road,Severe,2023-02-12,21:00,2023-02-12 21:00:00,Rain,Bike,high
171,18.879245,72.807629,Marine Drive,Fatal,2022-05-24,00:00,2022-05-24 00:00:00,Clear,Bus,low
172,18.829642,72.911222,Marine Drive,Minor,2023-01-29,12:00,2023-01-29 12:00:00,Fog,Auto,low
173,18.864839,72.844004,Marine Drive,Minor,2025-01-17,10:00,2025-01-17 10:00:00,Fog,Auto,low
174,19.230603,72.874134,Ghodbunder Road,Fatal,2025-01-02,07:00,2025-01-02 07:00:00,Fog,Truck,high
175,19.272042,72.813973,SV Road Andheri,Severe,2024-10-10,15:00,2024-10-10 15:00:00,Fog,Car,medium
176,18.803554,72.868726,Marine Drive,Severe,2024-01-12,02:00,2024-01-12 02:00:00,Clear,Truck,low
177,19.235698,72.72489,SV Road Andheri,Minor,2022-11-29,03:00,2022-11-29 03:00:00,Clear,Truck,medium
178,19.206511,72.806633,SV Road Andheri,Minor,2024-08-12,21:00,2024-08-12 21:00:00,Fog,Bike,medium
179,19.246027,72.988994,Ghodbunder Road,Minor,2024-06-12,22:00,2024-06-12 22:00:00,Clear,Car,high
180,19.018382,72.873408,Sion-Panvel Highway,Severe,2022-02-18,03:00,2022-02-18 03:00:00,Clear,Truck,medium
181,18.966249,72.783991,Marine Drive,Minor,2024-12-30,19:00,2024-12-30 19:00:00,Rain,Auto,low
182,19.133459,72.975031,Jogeshwari-Vikhroli Link Road,Severe,2023-05-01,21:00,2023-05-01 21:00:00,Rain,Car,high
183,19.044699,72.709829,Worli Sea Link,Minor,2022-05-30,01:00,2022-05-30 01:00:00,Clear,Bike,medium
184,19.197374,72.973661,Ghodbunder Road,Minor,2025-02-03,20:00,2025-02-03 20:00:00,Rain,Car,high
185,19.274116,72.82485,Ghodbunder Road,Fatal,2022-06-19,13:00,2022-06-19 13:00:00,Fog,Truck,high
186,19.112667,72.867331,Western Express Highway,Severe,2024-08-06,09:00,2024-08-06 09:00:00,Clear,Car,high
187,19.141253,72.98693,Jogeshwari-Vikhroli Link Road,Severe,2022-05-23,09:00,2022-05-23 09:00:00,Fog,Truck,high
188,19.029854,72.921307,Sion-Panvel Highway,Fatal,2023-05-02,02:00,2023-05-02 02:00:00,Rain,Bus,medium
189,19.27737,72.722844,SV Road Andheri,Severe,2023-02-08,12:00,2023-02-08 12:00:00,Fog,Bus,medium
190,18.90526,72.909257,Marine Drive,Severe,2022-03-13,19:00,2022-03-13 19:00:00,Fog,Bus,low
191,19.260207,72.730567,SV Road Andheri,Minor,2023-03-20,23:00,2023-03-20 23:00:00,Fog,Bus,medium
192,18.819737,72.700568,Marine Drive,Minor,2023-09-13,08:00,2023-09-13 08:00:00,Rain,Bus,low
193,18.985787,72.921199,Sion-Panvel Highway,Fatal,2023-11-13,10:00,2023-11-13 10:00:00,Rain,Truck,medium
194,19.043224,72.873923,LBS Marg,Fatal,2024-04-24,08:00,2024-04-24 08:00:00,Fog,Truck,medium
195,19.007154,72.857377,Worli Sea Link,Minor,2022-05-08,12:00,2022-05-08 12:00:00,Rain,Bus,medium
196,18.877135,72.767859,Marine Drive,Severe,2023-05-11,16:00,2023-05-11 16:00:00,Clear,Car,low
197,18.847981,72.823659,Marine Drive,Severe,2022-06-01,05:00,2022-06-01 05:00:00,Fog,Bike,low
198,18.932817,72.724696,Marine Drive,Minor,2025-01-20,11:00,2025-01-20 11:00:00,Rain,Car,low
199,19.12172,72.955727,Jogeshwari-Vikhroli Link Road,Severe,2024-04-04,02:00,2024-04-04 02:00:00,Fog,Car,high
200,19.224405,72.733773,SV Road Andheri,Severe,2022-05-31,07:00,2022-05-31 07:00:00,Rain,Bike,medium
201,19.289883,72.851189,Ghodbunder Road,Minor,2022-12-10,16:00,2022-12-10 16:00:00,Fog,Truck,high
202,19.21965,72.905145,Ghodbunder Road,Fatal,2022-09-09,16:00,2022-09-09 16:00:00,Clear,Bike,high
203,19.259942,72.907975,Ghodbunder Road,Severe,2025-01-09,20:00,2025-01-09 20:00:00,Clear,Bus,high
204,18.879159,72.877941,Marine Drive,Severe,2022-05-21,22:00,2022-05-21 22:00:00,Fog,Car,low
205,18.912598,72.954704,Marine Drive,Severe,2022-06-03,21:00,2022-06-03 21:00:00,Rain,Bike,low
206,19.194631,72.758313,SV Road Andheri,Severe,2024-03-12,11:00,2024-03-12 11:00:00,Rain,Auto,medium
207,19.295967,72.866663,Ghodbunder Road,Severe,2022-03-09,22:00,2022-03-09 22:00:00,Fog,Truck,high
208,18.94906,72.726928,Marine Drive,Severe,2024-07-29,19:00,2024-07-29 19:00:00,Rain,Bus,low
209,19.189894,72.922765,Ghodbunder Road,Minor,2022-06-25,18:00,2022-06-25 18:00:00,Fog,Car,high
210,19.017324,72.872838,Sion-Panvel Highway,Minor,2022-04-10,01:00,2022-04-10 01:00:00,Fog,Bike,medium
211,19.250054,72.717576,SV Road Andheri,Fatal,2024-04-21,13:00,2024-04-21 13:00:00,Rain,Bus,medium
212,18.937501,72.745208,Marine Drive,Severe,2023-08-26,03:00,2023-08-26 03:00:00,Fog,Bus,low
213,19.080412,72.990781,Sion-Panvel Highway,Minor,2024-10-11,11:00,2024-10-11 11:00:00,Clear,Bike,medium
214,19.143699,72.841429,SV Road Andheri,Fatal,2023-03-20,02:00,2023-03-20 02:00:00,Fog,Truck,medium
215,19.244726,72.870697,Ghodbunder Road,Fatal,2024-12-19,07:00,2024-12-19 07:00:00,Rain,Truck,high
216,18.843538,72.780003,Marine Drive,Severe,2023-11-08,16:00,2023-11-08 16:00:00,Clear,Car,low
217,18.958157,72.886473,Marine Drive,Severe,2024-11-14,16:00,2024-11-14 16:00:00,Clear,Bus,low
218,18.914091,72.79282,Marine Drive,Minor,2024-06-09,21:00,2024-06-09 21:00:00,Rain,Bus,low
219,19.02615,72.752893,Worli Sea Link,Fatal,2024-12-24,16:00,2024-12-24 16:00:00,Clear,Truck,medium
220,19.179326,72.900609,Jogeshwari-Vikhroli Link Road,Minor,2024-09-20,05:00,2024-09-20 05:00:00,Rain,Bike,high
221,18.951444,72.883966,Marine Drive,Severe,2023-04-15,07:00,2023-04-15 07:00:00,Fog,Truck,low
222,18.877163,72.759247,Marine Drive,Minor,2023-10-12,19:00,2023-10-12 19:00:00,Rain,Car,low
223,18.901212,72.848657,Marine Drive,Minor,2024-04-18,00:00,2024-04-18 00:00:00,Fog,Truck,low
224,19.255397,72.771853,SV Road Andheri,Severe,2024-02-29,23:00,2024-02-29 23:00:00,Rain,Auto,medium
225,19.261016,72.930206,Ghodbunder Road,Severe,2022-06-16,15:00,2022-06-16 15:00:00,Fog,Car,high
226,19.031067,72.708247,Worli Sea Link,Fatal,2025-03-10,00:00,2025-03-10 00:00:00,Rain,Auto,medium
227,19.113618,72.746258,SV Road Andheri,Minor,2022-11-14,10:00,2022-11-14 10:00:00,Fog,Car,medium
228,18.941008,72.786179,Marine Drive,Fatal,2024-04-20,07:00,2024-04-20 07:00:00,Clear,Auto,low
229,19.036687,72.978662,Sion-Panvel Highway,Minor,2024-05-17,22:00,2024-05-17 22:00:00,Fog,Truck,medium
230,19.004417,72.989302,Sion-Panvel Highway,Severe,2022-09-01,10:00,2022-09-01 10:00:00,Clear,Auto,medium
231,19.158977,72.793676,SV Road Andheri,Fatal,2023-03-19,12:00,2023-03-19 12:00:00,Rain,Bike,medium
232,19.141466,72.790503,SV Road Andheri,Severe,2024-04-23,02:00,2024-04-23 02:00:00,Clear,Car,medium
233,19.115161,72.908586,Jogeshwari-Vikhroli Link Road,Minor,2025-03-16,14:00,2025-03-16 14:00:00,Fog,Auto,high
234,19.129216,72.934866,Jogeshwari-Vikhroli Link Road,Severe,2023-10-05,13:00,2023-10-05 13:00:00,Rain,Car,high
235,18.817987,72.945524,Marine Drive,Minor,2024-08-03,15:00,2024-08-03 15:00:00,Fog,Bus,low
236,19.259854,72.875882,Ghodbunder Road,Minor,2024-07-19,17:00,2024-07-19 17:00:00,Rain,Auto,high
237,18.936165,72.702019,Marine Drive,Minor,2022-05-12,16:00,2022-05-12 16:00:00,Clear,Auto,low
238,18.955112,72.78069,Marine Drive,Minor,2023-06-23,15:00,2023-06-23 15:00:00,Rain,Bus,low
239,19.295874,72.832309,Ghodbunder Road,Minor,2022-04-19,17:00,2022-04-19 17:00:00,Clear,Bike,high
240,19.064034,72.992022,Sion-Panvel Highway,Minor,2024-11-03,21:00,2024-11-03 21:00:00,Fog,Car,medium
241,19.066733,72.834122,Linking Road Bandra,Fatal,2022-06-19,09:00,2022-06-19 09:00:00,Fog,Auto,low
242,19.111599,72.792923,SV Road Andheri,Minor,2024-06-13,21:00,2024-06-13 21:00:00,Fog,Bike,medium
243,19.119343,72.973141,Jogeshwari-Vikhroli Link Road,Severe,2023-05-19,18:00,2023-05-19 18:00:00,Fog,Bike,high
244,18.952515,72.895984,Marine Drive,Severe,2025-03-30,14:00,2025-03-30 14:00:00,Rain,Bike,low
245,18.987785,72.824129,Worli Sea Link,Minor,2024-02-18,06:00,2024-02-18 06:00:00,Rain,Truck,medium
246,18.956702,72.921062,Sion-Panvel Highway,Minor,2022-08-25,07:00,2022-08-25 07:00:00,Fog,Truck,medium
247,19.105184,72.816616,SV Road Andheri,Minor,2024-11-01,06:00,2024-11-01 06:00:00,Rain,Auto,medium
248,18.880595,72.850897,Marine Drive,Minor,2022-09-18,18:00,2022-09-18 18:00:00,Fog,Bus,low
249,19.056531,72.713877,Worli Sea Link,Minor,2024-12-28,01:00,2024-12-28 01:00:00,Clear,Car,medium
250,18.836311,72.772521,Marine Drive,Minor,2023-02-02,13:00,2023-02-02 13:00:00,Rain,Auto,low
251,19.18194,72.788688,SV Road Andheri,Minor,2022-07-23,18:00,2022-07-23 18:00:00,Rain,Car,medium
252,19.069157,72.856647,Linking Road Bandra,Severe,2024-01-27,09:00,2024-01-27 09:00:00,Rain,Bike,low
253,18.931466,72.973808,Sion-Panvel Highway,Fatal,2024-10-27,20:00,2024-10-27 20:00:00,Clear,Bike,medium
254,19.051258,72.995242,Sion-Panvel Highway,Minor,2024-01-26,00:00,2024-01-26 00:00:00,Fog,Car,medium
255,19.015662,72.918838,Sion-Panvel Highway,Fatal,2023-01-26,23:00,2023-01-26 23:00:00,Fog,Truck,medium
256,18.813713,72.793523,Marine Drive,Severe,2022-03-06,08:00,2022-03-06 08:00:00,Clear,Bike,low
257,19.066527,72.90312,LBS Marg,Severe,2023-06-27,03:00,2023-06-27 03:00:00,Rain,Truck,medium
258,19.035017,72.899415,Sion-Panvel Highway,Fatal,2022-03-27,12:00,2022-03-27 12:00:00,Fog,Bike,medium
259,19.159213,72.843934,SV Road Andheri,Severe,2024-11-22,06:00,2024-11-22 06:00:00,Clear,Auto,medium
260,19.217814,72.737494,SV Road Andheri,Severe,2023-12-07,17:00,2023-12-07 17:00:00,Fog,Bus,medium
261,18.808512,72.753651,Marine Drive,Severe,2025-01-13,03:00,2025-01-13 03:00:00,Clear,Truck,low
262,19.244368,72.958206,Ghodbunder Road,Fatal,2022-05-18,10:00,2022-05-18 10:00:00,Fog,Bus,high
263,18.970315,72.767927,Marine Drive,Minor,2023-05-27,22:00,2023-05-27 22:00:00,Fog,Bike,low
264,19.210369,72.906374,Ghodbunder Road,Minor,2023-02-02,10:00,2023-02-02 10:00:00,Clear,Auto,high
265,19.114691,72.704882,SV Road Andheri,Severe,2024-01-05,01:00,2024-01-05 01:00:00,Rain,Car,medium
266,18.810322,72.907005,Marine Drive,Minor,2022-09-18,14:00,2022-09-18 14:00:00,Clear,Bus,low
267,18.859996,72.880343,Marine Drive,Severe,2022-01-04,06:00,2022-01-04 06:00:00,Fog,Bike,low
268,19.159809,72.716399,SV Road Andheri,Minor,2022-10-21,10:00,2022-10-21 10:00:00,Clear,Auto,medium
269,19.093652,72.873611,Eastern Express Highway,Minor,2024-05-22,08:00,2024-05-22 08:00:00,Clear,Bus,high
270,19.139947,72.848463,SV Road Andheri,Severe,2024-04-08,22:00,2024-04-08 22:00:00,Fog,Auto,medium
271,19.117489,72.750171,SV Road Andheri,Minor,2024-02-17,20:00,2024-02-17 20:00:00,Fog,Bus,medium
272,18.838323,72.716674,Marine Drive,Minor,2022-12-12,17:00,2022-12-12 17:00:00,Clear,Truck,low
273,19.136358,72.779079,SV Road Andheri,Severe,2022-08-28,17:00,2022-08-28 17:00:00,Clear,Truck,medium
274,19.183083,72.771877,SV Road Andheri,Fatal,2022-05-22,16:00,2022-05-22 16:00:00,Rain,Car,medium
275,19.010332,72.961264,Sion-Panvel Highway,Minor,2022-11-25,16:00,2022-11-25 16:00:00,Clear,Bus,medium
276,19.105568,72.953331,Jogeshwari-Vikhroli Link Road,Minor,2022-04-07,21:00,2022-04-07 21:00:00,Fog,Truck,high
277,19.036308,72.875234,LBS Marg,Minor,2023-09-17,01:00,2023-09-17 01:00:00,Fog,Auto,medium
278,19.179527,72.841712,SV Road Andheri,Fatal,2024-10-11,16:00,2024-10-11 16:00:00,Rain,Bike,medium
279,18.980481,72.829271,Marine Drive,Severe,2023-06-27,00:00,2023-06-27 00:00:00,Fog,Car,low
280,18.962961,72.989489,Sion-Panvel Highway,Fatal,2024-09-25,17:00,2024-09-25 17:00:00,Clear,Bus,medium
281,19.226648,72.891364,Ghodbunder Road,Minor,2023-03-07,08:00,2023-03-07 08:00:00,Fog,Car,high
282,18.850655,72.784698,Marine Drive,Severe,2022-04-18,13:00,2022-04-18 13:00:00,Fog,Truck,low
283,19.255657,72.762912,SV Road Andheri,Severe,2024-05-18,03:00,2024-05-18 03:00:00,Rain,Car,medium
284,19.212772,72.956725,Ghodbunder Road,Severe,2024-05-15,16:00,2024-05-15 16:00:00,Rain,Car,high
285,19.004348,72.999973,Sion-Panvel Highway,Severe,2022-02-13,01:00,2022-02-13 01:00:00,Fog,Auto,medium
286,19.174603,72.985337,Ghodbunder Road,Minor,2024-09-10,02:00,2024-09-10 02:00:00,Fog,Car,high
287,19.216023,72.900424,Ghodbunder Road,Severe,2022-09-18,11:00,2022-09-18 11:00:00,Fog,Bus,high
288,19.181471,72.813261,SV Road Andheri,Minor,2022-06-13,03:00,2022-06-13 03:00:00,Clear,Auto,medium
289,19.274081,72.93358,Ghodbunder Road,Minor,2022-04-11,09:00,2022-04-11 09:00:00,Clear,Bike,high
290,19.278538,72.867841,Ghodbunder Road,Severe,2022-08-16,20:00,2022-08-16 20:00:00,Fog,Bike,high
291,19.12093,72.754575,SV Road Andheri,Fatal,2022-05-15,03:00,2022-05-15 03:00:00,Fog,Bike,medium
292,19.283287,72.748723,SV Road Andheri,Severe,2024-09-04,06:00,2024-09-04 06:00:00,Clear,Truck,medium
293,19.12379,72.763382,SV Road Andheri,Fatal,2023-11-04,10:00,2023-11-04 10:00:00,Fog,Truck,medium
294,18.892474,72.969559,Marine Drive,Minor,2023-01-25,22:00,2023-01-25 22:00:00,Clear,Car,low
295,19.128483,72.957463,Jogeshwari-Vikhroli Link Road,Severe,2023-06-24,03:00,2023-06-24 03:00:00,Clear,Auto,high
296,18.8078,72.856709,Marine Drive,Minor,2024-02-27,22:00,2024-02-27 22:00:00,Fog,Auto,low
297,18.836892,72.9532,Marine Drive,Minor,2025-03-16,09:00,2025-03-16 09:00:00,Rain,Auto,low
298,19.07242,72.789568,Linking Road Bandra,Minor,2022-05-15,21:00,2022-05-15 21:00:00,Fog,Auto,low
299,19.288948,72.943627,Ghodbunder Road,Minor,2023-11-14,01:00,2023-11-14 01:00:00,Fog,Car,high
300,19.067866,72.97229,Sion-Panvel Highway,Minor,2023-08-12,22:00,2023-08-12 22:00:00,Clear,Truck,medium
301,19.128262,72.796935,SV Road Andheri,Severe,2022-07-16,08:00,2022-07-16 08:00:00,Rain,Truck,medium
302,19.289682,72.972098,Ghodbunder Road,Minor,2023-01-23,16:00,2023-01-23 16:00:00,Rain,Bike,high
303,19.20888,72.796619,SV Road Andheri,Minor,2024-06-16,11:00,2024-06-16 11:00:00,Rain,Bus,medium
304,19.256488,72.805961,SV Road Andheri,Severe,2022-07-07,23:00,2022-07-07 23:00:00,Rain,Truck,medium
305,19.086905,72.80843,Linking Road Bandra,Fatal,2024-11-10,02:00,2024-11-10 02:00:00,Clear,Bus,low
306,19.012598,72.945503,Sion-Panvel Highway,Severe,2024-12-08,13:00,2024-12-08 13:00:00,Fog,Auto,medium
307,18.844418,72.987532,Marine Drive,Minor,2023-11-22,12:00,2023-11-22 12:00:00,Clear,Car,low
308,19.283453,72.792348,SV Road Andheri,Minor,2023-12-22,03:00,2023-12-22 03:00:00,Rain,Auto,medium
309,18.953104,72.803188,Marine Drive,Severe,2024-02-13,16:00,2024-02-13 16:00:00,Clear,Car,low
310,19.179202,72.958614,Ghodbunder Road,Severe,2024-04-12,20:00,2024-04-12 20:00:00,Fog,Bus,high
311,19.031134,72.740412,Worli Sea Link,Severe,2024-03-14,08:00,2024-03-14 08:00:00,Fog,Truck,medium
312,18.850185,72.841643,Marine Drive,Minor,2022-06-17,06:00,2022-06-17 06:00:00,Fog,Bike,low
313,18.964989,72.915649,Sion-Panvel Highway,Severe,2023-12-24,11:00,2023-12-24 11:00:00,Rain,Car,medium
314,19.215395,72.883731,Ghodbunder Road,Minor,2024-08-16,13:00,2024-08-16 13:00:00,Clear,Bike,high
315,19.251363,72.757671,SV Road Andheri,Minor,2024-12-24,07:00,2024-12-24 07:00:00,Fog,Bike,medium
316,19.040393,72.93194,Sion-Panvel Highway,Minor,2022-10-27,16:00,2022-10-27 16:00:00,Rain,Auto,medium
317,19.129515,72.866541,Western Express Highway,Minor,2023-11-13,04:00,2023-11-13 04:00:00,Rain,Truck,high
318,19.268691,72.968023,Ghodbunder Road,Minor,2023-02-20,04:00,2023-02-20 04:00:00,Fog,Truck,high
319,18.862425,72.875596,Marine Drive,Minor,2024-10-02,12:00,2024-10-02 12:00:00,Clear,Truck,low
320,19.148582,72.887354,Jogeshwari-Vikhroli Link Road,Severe,2024-03-22,11:00,2024-03-22 11:00:00,Fog,Car,high
321,19.204159,72.849611,SV Road Andheri,Minor,2022-10-04,14:00,2022-10-04 14:00:00,Rain,Car,medium
322,18.816183,72.748262,Marine Drive,Severe,2023-05-11,19:00,2023-05-11 19:00:00,Clear,Truck,low
323,18.872499,72.858941,Marine Drive,Minor,2023-11-27,18:00,2023-11-27 18:00:00,Clear,Auto,low
324,19.197323,72.763137,SV Road Andheri,Minor,2023-03-17,13:00,2023-03-17 13:00:00,Fog,Truck,medium
325,19.245939,72.705969,SV Road Andheri,Minor,2024-05-31,13:00,2024-05-31 13:00:00,Clear,Bike,medium
326,18.89,72.856524,Marine Drive,Minor,2025-02-26,23:00,2025-02-26 23:00:00,Rain,Auto,low
327,19.106007,72.864453,Western Express Highway,Minor,2024-07-28,22:00,2024-07-28 22:00:00,Clear,Bike,high
328,19.093529,72.911608,LBS Marg,Minor,2022-07-03,09:00,2022-07-03 09:00:00,Fog,Car,medium
329,19.145048,72.976104,Jogeshwari-Vikhroli Link Road,Minor,2024-06-04,19:00,2024-06-04 19:00:00,Clear,Bus,high
330,19.11849,72.798647,SV Road Andheri,Severe,2024-06-16,11:00,2024-06-16 11:00:00,Fog,Auto,medium
331,19.157457,72.737308,SV Road Andheri,Minor,2024-05-05,21:00,2024-05-05 21:00:00,Fog,Truck,medium
332,18.841416,72.829329,Marine Drive,Minor,2024-12-11,07:00,2024-12-11 07:00:00,Fog,Auto,low
333,19.196063,72.773351,SV Road Andheri,Minor,2023-10-26,01:00,2023-10-26 01:00:00,Rain,Auto,medium
334,18.860272,72.870639,Marine Drive,Minor,2024-11-01,09:00,2024-11-01 09:00:00,Clear,Car,low
335,18.859323,72.911893,Marine Drive,Minor,2024-08-18,08:00,2024-08-18 08:00:00,Rain,Bike,low
336,18.818512,72.959888,Marine Drive,Minor,2023-02-24,00:00,2023-02-24 00:00:00,Clear,Bus,low
337,19.145344,72.926464,Jogeshwari-Vikhroli Link Road,Minor,2024-02-07,08:00,2024-02-07 08:00:00,Rain,Bike,high
338,19.185054,72.987397,Ghodbunder Road,Minor,2024-02-19,17:00,2024-02-19 17:00:00,Clear,Auto,high
339,19.117769,72.713002,SV Road Andheri,Minor,2025-01-22,16:00,2025-01-22 16:00:00,Fog,Truck,medium
340,19.048066,72.987837,Sion-Panvel Highway,Minor,2024-08-03,20:00,2024-08-03 20:00:00,Rain,Bus,medium
341,19.061498,72.814561,Linking Road Bandra,Severe,2022-03-21,19:00,2022-03-21 19:00:00,Fog,Bike,low
342,19.273188,72.77493,SV Road Andheri,Minor,2024-08-26,01:00,2024-08-26 01:00:00,Fog,Truck,medium
343,19.238388,72.923923,Ghodbunder Road,Severe,2023-03-12,09:00,2023-03-12 09:00:00,Clear,Bus,high
344,19.139886,72.701902,SV Road Andheri,Minor,2022-06-25,11:00,2022-06-25 11:00:00,Clear,Bus,medium
345,19.283099,72.913105,Ghodbunder Road,Severe,2022-10-31,13:00,2022-10-31 13:00:00,Fog,Truck,high
346,19.17947,72.8347,SV Road Andheri,Minor,2023-11-20,01:00,2023-11-20 01:00:00,Clear,Auto,medium
347,19.114898,72.789539,SV Road Andheri,Fatal,2022-06-21,10:00,2022-06-21 10:00:00,Rain,Auto,medium
348,18.944889,72.841558,Marine Drive,Fatal,2022-01-01,00:00,2022-01-01 00:00:00,Clear,Car,low
349,19.119913,72.947733,Jogeshwari-Vikhroli Link Road,Minor,2025-03-05,04:00,2025-03-05 04:00:00,Rain,Truck,high
350,18.941447,72.703152,Marine Drive,Minor,2022-04-25,23:00,2022-04-25 23:00:00,Fog,Bus,low
351,19.152382,72.833618,SV Road Andheri,Severe,2023-10-20,18:00,2023-10-20 18:00:00,Fog,Truck,medium
352,19.08881,72.783642,Linking Road Bandra,Severe,2022-01-09,01:00,2022-01-09 01:00:00,Clear,Bike,low
353,19.258086,72.845097,Ghodbunder Road,Severe,2022-11-28,00:00,2022-11-28 00:00:00,Fog,Auto,high
354,18.952708,72.719401,Marine Drive,Minor,2022-05-28,03:00,2022-05-28 03:00:00,Clear,Car,low
355,18.871281,72.876027,Marine Drive,Severe,2023-07-18,21:00,2023-07-18 21:00:00,Clear,Bus,low
356,19.180277,72.858775,Western Express Highway,Minor,2023-02-24,00:00,2023-02-24 00:00:00,Rain,Bus,high
357,19.215641,72.852767,Western Express Highway,Minor,2023-10-27,01:00,2023-10-27 01:00:00,Fog,Truck,high
358,18.967971,72.8191,Marine Drive,Minor,2023-11-21,07:00,2023-11-21 07:00:00,Clear,Auto,low
359,18.896665,72.765568,Marine Drive,Minor,2022-02-08,13:00,2022-02-08 13:00:00,Fog,Auto,low
360,19.043611,72.918752,Sion-Panvel Highway,Minor,2023-11-18,13:00,2023-11-18 13:00:00,Clear,Bike,medium
361,19.097296,72.984555,Jogeshwari-Vikhroli Link Road,Fatal,2022-01-09,04:00,2022-01-09 04:00:00,Rain,Car,high
362,18.844507,72.89872,Marine Drive,Severe,2022-04-04,05:00,2022-04-04 05:00:00,Fog,Bike,low
363,18.940256,72.936211,Sion-Panvel Highway,Minor,2024-08-03,20:00,2024-08-03 20:00:00,Fog,Auto,medium
364,19.109288,72.83234,SV Road Andheri,Severe,2022-08-14,08:00,2022-08-14 08:00:00,Rain,Bus,medium
365,18.945681,72.764018,Marine Drive,Fatal,2023-08-19,09:00,2023-08-19 09:00:00,Clear,Truck,low
366,19.217645,72.910596,Ghodbunder Road,Minor,2022-09-23,00:00,2022-09-23 00:00:00,Rain,Truck,high
367,19.143259,72.945512,Jogeshwari-Vikhroli Link Road,Minor,2023-04-27,19:00,2023-04-27 19:00:00,Clear,Truck,high
368,18.92166,72.742186,Marine Drive,Severe,2022-10-30,02:00,2022-10-30 02:00:00,Fog,Car,low
369,19.028092,72.778493,Worli Sea Link,Minor,2023-05-22,13:00,2023-05-22 13:00:00,Rain,Auto,medium
370,19.02188,72.953077,Sion-Panvel Highway,Severe,2024-02-29,13:00,2024-02-29 13:00:00,Fog,Auto,medium
371,19.159236,72.924707,Jogeshwari-Vikhroli Link Road,Minor,2022-07-26,08:00,2022-07-26 08:00:00,Rain,Truck,high
372,19.172125,72.83612,SV Road Andheri,Minor,2024-10-23,00:00,2024-10-23 00:00:00,Rain,Auto,medium
373,19.129881,72.728233,SV Road Andheri,Minor,2022-05-18,01:00,2022-05-18 01:00:00,Fog,Truck,medium
374,19.004206,72.895194,Sion-Panvel Highway,Minor,2025-03-12,07:00,2025-03-12 07:00:00,Clear,Bus,medium
375,18.850407,72.760294,Marine Drive,Minor,2022-08-21,04:00,2022-08-21 04:00:00,Clear,Car,low
376,18.884197,72.724658,Marine Drive,Fatal,2023-09-13,23:00,2023-09-13 23:00:00,Fog,Auto,low
377,18.811673,72.774659,Marine Drive,Minor,2024-04-23,11:00,2024-04-23 11:00:00,Rain,Car,low
378,19.269876,72.913116,Ghodbunder Road,Minor,2022-06-29,16:00,2022-06-29 16:00:00,Fog,Truck,high
379,18.935185,72.757037,Marine Drive,Minor,2022-07-25,12:00,2022-07-25 12:00:00,Clear,Bike,low
380,18.970293,72.862966,Marine Drive,Fatal,2022-11-12,16:00,2022-11-12 16:00:00,Rain,Auto,low
381,19.015737,72.889805,Sion-Panvel Highway,Severe,2025-03-18,21:00,2025-03-18 21:00:00,Rain,Auto,medium
382,19.235142,72.853048,Ghodbunder Road,Severe,2024-07-14,01:00,2024-07-14 01:00:00,Clear,Car,high
383,18.860023,72.82929,Marine Drive,Minor,2024-09-08,06:00,2024-09-08 06:00:00,Fog,Bus,low
384,18.929652,72.938395,Marine Drive,Severe,2023-07-30,01:00,2023-07-30 01:00:00,Rain,Truck,low
385,19.027334,72.712701,Worli Sea Link,Minor,2023-03-28,10:00,2023-03-28 10:00:00,Rain,Car,medium
386,18.946387,72.730588,Marine Drive,Severe,2023-09-23,03:00,2023-09-23 03:00:00,Clear,Truck,low
387,19.067441,72.740433,Worli Sea Link,Minor,2022-01-27,00:00,2022-01-27 00:00:00,Fog,Auto,medium
388,18.85277,72.862675,Marine Drive,Minor,2023-01-22,23:00,2023-01-22 23:00:00,Fog,Car,low
389,19.150184,72.862188,Western Express Highway,Fatal,2022-01-25,22:00,2022-01-25 22:00:00,Clear,Car,high
390,18.805387,72.918473,Marine Drive,Minor,2023-05-19,08:00,2023-05-19 08:00:00,Clear,Truck,low
391,18.871296,72.835448,Marine Drive,Minor,2022-07-10,23:00,2022-07-10 23:00:00,Rain,Truck,low
392,19.028088,72.908517,Sion-Panvel Highway,Fatal,2024-03-08,07:00,2024-03-08 07:00:00,Rain,Auto,medium
393,18.929765,72.876034,Marine Drive,Minor,2025-03-28,01:00,2025-03-28 01:00:00,Rain,Bus,low
394,19.041314,72.740428,Worli Sea Link,Minor,2023-07-23,01:00,2023-07-23 01:00:00,Clear,Bike,medium
395,18.97178,72.943643,Sion-Panvel Highway,Minor,2022-01-26,15:00,2022-01-26 15:00:00,Rain,Truck,medium
396,18.852112,72.766594,Marine Drive,Minor,2024-10-30,18:00,2024-10-30 18:00:00,Rain,Car,low
397,18.901185,72.98578,Sion-Panvel Highway,Fatal,2022-08-04,14:00,2022-08-04 14:00:00,Clear,Bus,medium
398,19.279686,72.933098,Ghodbunder Road,Minor,2024-06-19,03:00,2024-06-19 03:00:00,Clear,Car,high
399,18.997413,72.989876,Sion-Panvel Highway,Minor,2025-01-22,06:00,2025-01-22 06:00:00,Fog,Car,medium
400,18.990714,72.829219,Worli Sea Link,Fatal,2023-04-02,13:00,2023-04-02 13:00:00,Clear,Car,medium
401,19.198875,72.796327,SV Road Andheri,Minor,2024-09-27,01:00,2024-09-27 01:00:00,Clear,Truck,medium
402,19.260761,72.916804,Ghodbunder Road,Fatal,2025-01-08,05:00,2025-01-08 05:00:00,Clear,Truck,high
403,19.009446,72.755392,Worli Sea Link,Minor,2024-12-31,17:00,2024-12-31 17:00:00,Rain,Bus,medium
404,18.968111,72.99427,Sion-Panvel Highway,Minor,2024-01-09,13:00,2024-01-09 13:00:00,Clear,Auto,medium
405,18.966534,72.799294,Marine Drive,Severe,2022-06-14,05:00,2022-06-14 05:00:00,Rain,Car,low
406,19.249342,72.766248,SV Road Andheri,Minor,2023-10-13,14:00,2023-10-13 14:00:00,Rain,Auto,medium
407,19.02556,72.97299,Sion-Panvel Highway,Minor,2024-12-25,20:00,2024-12-25 20:00:00,Fog,Bike,medium
408,19.06392,72.780271,Linking Road Bandra,Minor,2024-05-29,18:00,2024-05-29 18:00:00,Fog,Car,low
409,19.244606,72.997699,Ghodbunder Road,Minor,2022-06-05,08:00,2022-06-05 08:00:00,Rain,Auto,high
410,19.103818,72.810696,SV Road Andheri,Minor,2022-02-19,07:00,2022-02-19 07:00:00,Clear,Car,medium
411,18.88265,72.966232,Marine Drive,Minor,2022-10-16,12:00,2022-10-16 12:00:00,Fog,Bus,low
412,19.078603,72.794354,Linking Road Bandra,Severe,2023-10-03,16:00,2023-10-03 16:00:00,Fog,Truck,low
413,18.89771,72.722427,Marine Drive,Minor,2024-11-09,04:00,2024-11-09 04:00:00,Clear,Truck,low
414,18.903491,72.724802,Marine Drive,Severe,2024-03-09,23:00,2024-03-09 23:00:00,Rain,Bus,low
415,19.185102,72.712661,SV Road Andheri,Severe,2025-02-13,06:00,2025-02-13 06:00:00,Rain,Bus,medium
416,19.245461,72.89709,Ghodbunder Road,Minor,2023-01-18,13:00,2023-01-18 13:00:00,Fog,Bus,high
417,19.150071,72.940519,Jogeshwari-Vikhroli Link Road,Minor,2023-05-03,05:00,2023-05-03 05:00:00,Clear,Truck,high
418,18.977611,72.715029,Worli Sea Link,Minor,2023-10-19,09:00,2023-10-19 09:00:00,Fog,Bike,medium
419,18.88199,72.998594,Sion-Panvel Highway,Minor,2023-10-15,17:00,2023-10-15 17:00:00,Clear,Auto,medium
420,18.971963,72.850512,Marine Drive,Fatal,2024-11-16,19:00,2024-11-16 19:00:00,Clear,Auto,low
421,18.82491,72.901133,Marine Drive,Severe,2023-01-14,03:00,2023-01-14 03:00:00,Clear,Truck,low
422,19.146049,72.809694,SV Road Andheri,Minor,2024-04-13,06:00,2024-04-13 06:00:00,Clear,Bus,medium
423,18.95964,72.875701,Marine Drive,Minor,2023-10-01,07:00,2023-10-01 07:00:00,Fog,Bus,low
424,19.187004,72.992083,Ghodbunder Road,Minor,2023-05-30,11:00,2023-05-30 11:00:00,Fog,Car,high
425,18.989569,72.926813,Sion-Panvel Highway,Minor,2023-09-28,15:00,2023-09-28 15:00:00,Clear,Bike,medium
426,18.979365,72.715596,Worli Sea Link,Minor,2022-11-03,23:00,2022-11-03 23:00:00,Fog,Car,medium
427,19.260703,72.892682,Ghodbunder Road,Minor,2024-05-09,12:00,2024-05-09 12:00:00,Fog,Truck,high
428,18.995722,72.90214,Sion-Panvel Highway,Severe,2024-08-21,19:00,2024-08-21 19:00:00,Rain,Car,medium
429,19.144287,72.748182,SV Road Andheri,Severe,2024-07-16,12:00,2024-07-16 12:00:00,Clear,Bus,medium
430,18.88921,72.921774,Marine Drive,Minor,2024-10-29,19:00,2024-10-29 19:00:00,Fog,Truck,low
431,19.016179,72.841913,Worli Sea Link,Minor,2024-07-02,21:00,2024-07-02 21:00:00,Fog,Auto,medium
432,19.258411,72.766611,SV Road Andheri,Minor,2023-11-13,01:00,2023-11-13 01:00:00,Fog,Truck,medium
433,18.978937,72.739883,Worli Sea Link,Minor,2022-07-16,14:00,2022-07-16 14:00:00,Rain,Car,medium
434,18.960947,72.755765,Marine Drive,Minor,2022-09-08,10:00,2022-09-08 10:00:00,Rain,Car,low
435,19.019828,72.799239,Worli Sea Link,Severe,2023-02-15,13:00,2023-02-15 13:00:00,Clear,Auto,medium
436,18.940481,72.810663,Marine Drive,Severe,2022-10-27,02:00,2022-10-27 02:00:00,Fog,Car,low
437,19.290031,72.742036,SV Road Andheri,Minor,2024-01-20,20:00,2024-01-20 20:00:00,Clear,Truck,medium
438,18.983739,72.867057,Marine Drive,Minor,2023-07-10,20:00,2023-07-10 20:00:00,Clear,Bike,low
439,19.139932,72.786076,SV Road Andheri,Minor,2024-02-16,00:00,2024-02-16 00:00:00,Rain,Car,medium
440,18.942908,72.870014,Marine Drive,Fatal,2024-05-10,07:00,2024-05-10 07:00:00,Fog,Bike,low
441,19.292037,72.952211,Ghodbunder Road,Fatal,2023-09-30,02:00,2023-09-30 02:00:00,Clear,Bus,high
442,19.052159,72.798547,Linking Road Bandra,Severe,2024-10-01,14:00,2024-10-01 14:00:00,Fog,Bike,low
443,19.000248,72.955008,Sion-Panvel Highway,Severe,2023-07-24,18:00,2023-07-24 18:00:00,Clear,Bus,medium
444,19.214111,72.769126,SV Road Andheri,Severe,2024-09-19,16:00,2024-09-19 16:00:00,Rain,Auto,medium
445,19.215079,72.815244,SV Road Andheri,Minor,2022-02-24,19:00,2022-02-24 19:00:00,Fog,Truck,medium
446,18.908064,72.764722,Marine Drive,Minor,2023-06-03,04:00,2023-06-03 04:00:00,Rain,Car,low
447,18.846212,72.804812,Marine Drive,Severe,2023-03-18,10:00,2023-03-18 10:00:00,Rain,Bike,low
448,18.927319,72.875036,Marine Drive,Minor,2024-01-18,04:00,2024-01-18 04:00:00,Fog,Car,low
449,18.991909,72.908936,Sion-Panvel Highway,Minor,2023-04-22,17:00,2023-04-22 17:00:00,Rain,Auto,medium
450,19.270966,72.757419,SV Road Andheri,Severe,2024-01-15,14:00,2024-01-15 14:00:00,Rain,Auto,medium
451,18.938444,72.787805,Marine Drive,Minor,2022-06-19,21:00,2022-06-19 21:00:00,Clear,Auto,low
452,18.812753,72.820851,Marine Drive,Minor,2023-03-29,06:00,2023-03-29 06:00:00,Fog,Truck,low
453,19.139383,72.993195,Jogeshwari-Vikhroli Link Road,Severe,2023-03-31,04:00,2023-03-31 04:00:00,Fog,Bus,high
454,19.233901,72.867348,Ghodbunder Road,Minor,2023-08-06,16:00,2023-08-06 16:00:00,Rain,Bus,high
455,19.195804,72.894014,Jogeshwari-Vikhroli Link Road,Severe,2022-11-12,13:00,2022-11-12 13:00:00,Fog,Bike,high
456,19.059759,72.774942,Linking Road Bandra,Minor,2024-04-13,07:00,2024-04-13 07:00:00,Fog,Bus,low
457,19.232942,72.84409,SV Road Andheri,Minor,2022-04-22,23:00,2022-04-22 23:00:00,Clear,Truck,medium
458,18.829921,72.797388,Marine Drive,Fatal,2022-05-17,11:00,2022-05-17 11:00:00,Fog,Truck,low
459,19.094018,72.728371,Linking Road Bandra,Severe,2022-08-08,04:00,2022-08-08 04:00:00,Clear,Car,low
460,18.911011,72.842399,Marine Drive,Minor,2023-10-02,15:00,2023-10-02 15:00:00,Clear,Truck,low
461,19.143018,72.775417,SV Road Andheri,Severe,2025-03-12,21:00,2025-03-12 21:00:00,Fog,Bike,medium
462,19.237956,72.817671,SV Road Andheri,Fatal,2022-02-02,06:00,2022-02-02 06:00:00,Rain,Bike,medium
463,19.075057,72.933608,Sion-Panvel Highway,Severe,2024-06-30,22:00,2024-06-30 22:00:00,Rain,Auto,medium
464,19.04587,72.853078,Linking Road Bandra,Minor,2023-10-21,11:00,2023-10-21 11:00:00,Clear,Bike,low
465,19.212343,72.831524,SV Road Andheri,Severe,2022-07-18,00:00,2022-07-18 00:00:00,Clear,Bike,medium
466,18.872883,72.734171,Marine Drive,Minor,2022-03-20,14:00,2022-03-20 14:00:00,Fog,Car,low
467,19.116049,72.890219,Eastern Express Highway,Minor,2022-10-16,03:00,2022-10-16 03:00:00,Clear,Bike,high
468,19.068207,72.874948,LBS Marg,Severe,2022-06-10,22:00,2022-06-10 22:00:00,Clear,Bike,medium
469,18.903795,72.715783,Marine Drive,Minor,2022-01-17,09:00,2022-01-17 09:00:00,Fog,Auto,low
470,19.066106,72.88883,LBS Marg,Fatal,2022-01-23,20:00,2022-01-23 20:00:00,Clear,Bike,medium
471,19.286922,72.861842,Ghodbunder Road,Minor,2024-12-04,02:00,2024-12-04 02:00:00,Rain,Bike,high
472,18.943152,72.833291,Marine Drive,Minor,2022-11-05,08:00,2022-11-05 08:00:00,Fog,Car,low
473,19.155914,72.737895,SV Road Andheri,Fatal,2024-04-16,18:00,2024-04-16 18:00:00,Rain,Truck,medium
474,19.043211,72.914182,Sion-Panvel Highway,Severe,2023-12-16,09:00,2023-12-16 09:00:00,Clear,Car,medium
475,18.878625,72.903937,Marine Drive,Fatal,2024-10-01,10:00,2024-10-01 10:00:00,Clear,Car,low
476,19.245466,72.866693,Ghodbunder Road,Minor,2022-02-24,22:00,2022-02-24 22:00:00,Clear,Car,high
477,18.991911,72.817415,Worli Sea Link,Severe,2024-06-25,18:00,2024-06-25 18:00:00,Clear,Car,medium
478,19.008029,72.99755,Sion-Panvel Highway,Fatal,2025-02-04,14:00,2025-02-04 14:00:00,Fog,Truck,medium
479,19.017584,72.810754,Worli Sea Link,Minor,2022-02-03,14:00,2022-02-03 14:00:00,Rain,Bike,medium
480,19.278676,72.935834,Ghodbunder Road,Fatal,2022-11-27,15:00,2022-11-27 15:00:00,Rain,Truck,high
481,18.810413,72.767377,Marine Drive,Minor,2024-12-20,01:00,2024-12-20 01:00:00,Clear,Bus,low
482,18.958444,72.718341,Marine Drive,Severe,2023-02-12,01:00,2023-02-12 01:00:00,Clear,Bike,low
483,18.868102,72.889649,Marine Drive,Minor,2025-02-10,02:00,2025-02-10 02:00:00,Fog,Auto,low
484,19.120133,72.982572,Jogeshwari-Vikhroli Link Road,Severe,2025-03-13,14:00,2025-03-13 14:00:00,Clear,Auto,high
485,18.94374,72.860744,Marine Drive,Minor,2023-08-15,13:00,2023-08-15 13:00:00,Rain,Bike,low
486,19.149542,72.821681,SV Road Andheri,Minor,2025-01-19,11:00,2025-01-19 11:00:00,Rain,Auto,medium
487,19.133087,72.895236,Jogeshwari-Vikhroli Link Road,Minor,2024-01-26,03:00,2024-01-26 03:00:00,Rain,Bus,high
488,18.991729,72.871466,Worli Sea Link,Severe,2022-04-20,14:00,2022-04-20 14:00:00,Rain,Bus,medium
489,19.291824,72.824529,Ghodbunder Road,Minor,2022-06-17,19:00,2022-06-17 19:00:00,Rain,Auto,high
490,19.067488,72.979199,Sion-Panvel Highway,Severe,2024-09-01,11:00,2024-09-01 11:00:00,Rain,Auto,medium
491,19.277451,72.941855,Ghodbunder Road,Minor,2024-07-16,07:00,2024-07-16 07:00:00,Clear,Auto,high
492,18.822807,72.707077,Marine Drive,Severe,2025-02-17,07:00,2025-02-17 07:00:00,Clear,Car,low
493,18.860502,72.827602,Marine Drive,Minor,2023-11-30,22:00,2023-11-30 22:00:00,Clear,Bus,low
494,18.967509,72.700923,Worli Sea Link,Severe,2024-04-18,13:00,2024-04-18 13:00:00,Clear,Car,medium
495,19.265267,72.91267,Ghodbunder Road,Minor,2023-11-10,22:00,2023-11-10 22:00:00,Clear,Auto,high
496,18.808159,72.898034,Marine Drive,Severe,2023-06-26,23:00,2023-06-26 23:00:00,Rain,Bike,low
497,19.02166,72.919749,Sion-Panvel Highway,Minor,2022-12-20,16:00,2022-12-20 16:00:00,Rain,Bike,medium
498,18.879864,72.898237,Marine Drive,Minor,2023-09-07,11:00,2023-09-07 11:00:00,Fog,Truck,low
499,19.29954,72.720119,SV Road Andheri,Minor,2023-01-05,03:00,2023-01-05 03:00:00,Rain,Bike,medium
500,19.178687,72.760666,SV Road Andheri,Severe,2022-05-05,23:00,2022-05-05 23:00:00,Fog,Car,medium
501,18.980941,72.982119,Sion-Panvel Highway,Fatal,2024-05-27,09:00,2024-05-27 09:00:00,Fog,Bus,medium
502,19.203259,72.8977,Ghodbunder Road,Fatal,2024-08-22,03:00,2024-08-22 03:00:00,Fog,Truck,high
503,19.141894,72.977276,Jogeshwari-Vikhroli Link Road,Severe,2023-12-31,07:00,2023-12-31 07:00:00,Rain,Car,high
504,18.902233,72.981034,Sion-Panvel Highway,Severe,2022-05-12,19:00,2022-05-12 19:00:00,Fog,Bus,medium
505,19.025676,72.793979,Worli Sea Link,Minor,2022-02-01,21:00,2022-02-01 21:00:00,Clear,Auto,medium
506,19.236763,72.988382,Ghodbunder Road,Severe,2024-03-08,19:00,2024-03-08 19:00:00,Clear,Car,high
507,19.232322,72.955577,Ghodbunder Road,Minor,2023-05-21,04:00,2023-05-21 04:00:00,Rain,Bike,high
508,19.043647,72.787653,Worli Sea Link,Minor,2024-06-25,19:00,2024-06-25 19:00:00,Rain,Auto,medium
509,19.244436,72.830454,SV Road Andheri,Severe,2024-07-20,10:00,2024-07-20 10:00:00,Fog,Auto,medium
510,18.918426,72.7176,Marine Drive,Fatal,2023-04-26,13:00,2023-04-26 13:00:00,Fog,Bike,low
511,19.059881,72.967387,Sion-Panvel Highway,Minor,2024-07-02,18:00,2024-07-02 18:00:00,Fog,Car,medium
512,18.931976,72.703527,Marine Drive,Minor,2025-01-28,13:00,2025-01-28 13:00:00,Rain,Bike,low
513,19.268604,72.852184,Ghodbunder Road,Minor,2025-02-22,15:00,2025-02-22 15:00:00,Clear,Bike,high
514,19.136183,72.909895,Jogeshwari-Vikhroli Link Road,Minor,2023-01-21,10:00,2023-01-21 10:00:00,Rain,Truck,high
515,19.230444,72.7238,SV Road Andheri,Minor,2022-04-18,14:00,2022-04-18 14:00:00,Rain,Auto,medium
516,19.230646,72.898629,Ghodbunder Road,Minor,2023-06-26,16:00,2023-06-26 16:00:00,Fog,Bike,high
517,19.183412,72.950384,Ghodbunder Road,Minor,2022-12-28,12:00,2022-12-28 12:00:00,Fog,Auto,high
518,18.934351,72.746706,Marine Drive,Minor,2024-11-27,13:00,2024-11-27 13:00:00,Fog,Truck,low
519,18.813985,72.724666,Marine Drive,Severe,2023-06-27,17:00,2023-06-27 17:00:00,Clear,Car,low
520,18.955995,72.930346,Sion-Panvel Highway,Fatal,2023-12-03,05:00,2023-12-03 05:00:00,Rain,Bike,medium
521,18.858166,72.90846,Marine Drive,Minor,2022-02-12,02:00,2022-02-12 02:00:00,Rain,Truck,low
522,19.095363,72.951296,Jogeshwari-Vikhroli Link Road,Minor,2023-06-24,13:00,2023-06-24 13:00:00,Clear,Bike,high
523,19.238325,72.80549,SV Road Andheri,Severe,2022-09-15,15:00,2022-09-15 15:00:00,Rain,Bus,medium
524,19.28996,72.839792,Ghodbunder Road,Minor,2024-03-13,08:00,2024-03-13 08:00:00,Fog,Bike,high
525,19.202765,72.923947,Ghodbunder Road,Minor,2022-07-30,00:00,2022-07-30 00:00:00,Fog,Truck,high
526,18.882799,72.987195,Marine Drive,Fatal,2024-12-17,01:00,2024-12-17 01:00:00,Rain,Bus,low
527,19.075849,72.945324,Sion-Panvel Highway,Minor,2023-07-25,02:00,2023-07-25 02:00:00,Fog,Bike,medium
528,19.041724,72.933967,Sion-Panvel Highway,Fatal,2025-03-18,03:00,2025-03-18 03:00:00,Rain,Bike,medium
529,18.989398,72.954585,Sion-Panvel Highway,Severe,2022-05-30,00:00,2022-05-30 00:00:00,Fog,Truck,medium
530,19.241094,72.787311,SV Road Andheri,Minor,2022-06-11,05:00,2022-06-11 05:00:00,Fog,Bus,medium
531,19.180349,72.795737,SV Road Andheri,Fatal,2024-08-29,06:00,2024-08-29 06:00:00,Rain,Bike,medium
532,18.921113,72.876485,Marine Drive,Severe,2024-06-12,11:00,2024-06-12 11:00:00,Fog,Bus,low
533,19.192337,72.753987,SV Road Andheri,Severe,2025-01-16,20:00,2025-01-16 20:00:00,Clear,Truck,medium
534,18.909272,72.997714,Sion-Panvel Highway,Fatal,2023-03-09,08:00,2023-03-09 08:00:00,Rain,Bike,medium
535,18.961777,72.830536,Marine Drive,Fatal,2024-06-24,19:00,2024-06-24 19:00:00,Clear,Car,low
536,18.898329,72.773028,Marine Drive,Minor,2023-09-28,22:00,2023-09-28 22:00:00,Clear,Truck,low
537,19.277435,72.842862,Ghodbunder Road,Minor,2023-12-26,23:00,2023-12-26 23:00:00,Fog,Truck,high
538,18.912836,72.784502,Marine Drive,Minor,2022-11-14,11:00,2022-11-14 11:00:00,Clear,Truck,low
539,19.077158,72.766812,Linking Road Bandra,Minor,2023-11-23,07:00,2023-11-23 07:00:00,Clear,Auto,low
540,19.214581,72.73549,SV Road Andheri,Minor,2024-12-20,05:00,2024-12-20 05:00:00,Rain,Bike,medium
541,19.069524,72.770192,Linking Road Bandra,Fatal,2023-06-11,15:00,2023-06-11 15:00:00,Fog,Bus,low
542,19.000248,72.800613,Worli Sea Link,Severe,2022-06-14,21:00,2022-06-14 21:00:00,Rain,Bus,medium
543,19.154014,72.813543,SV Road Andheri,Fatal,2022-09-01,17:00,2022-09-01 17:00:00,Fog,Auto,medium
544,18.987965,72.815617,Worli Sea Link,Minor,2023-09-25,05:00,2023-09-25 05:00:00,Rain,Auto,medium
545,19.273963,72.893243,Ghodbunder Road,Minor,2024-06-17,15:00,2024-06-17 15:00:00,Fog,Auto,high
546,18.807557,72.785037,Marine Drive,Severe,2024-12-08,10:00,2024-12-08 10:00:00,Clear,Truck,low
547,19.279868,72.718453,SV Road Andheri,Severe,2024-09-19,03:00,2024-09-19 03:00:00,Clear,Truck,medium
548,18.844353,72.873589,Marine Drive,Minor,2023-10-12,23:00,2023-10-12 23:00:00,Fog,Auto,low
549,19.252213,72.881928,Ghodbunder Road,Minor,2022-01-28,20:00,2022-01-28 20:00:00,Fog,Auto,high
550,19.175263,72.90208,Jogeshwari-Vikhroli Link Road,Fatal,2023-09-20,22:00,2023-09-20 22:00:00,Fog,Auto,high
551,19.140857,72.844709,SV Road Andheri,Severe,2023-06-22,13:00,2023-06-22 13:00:00,Rain,Bus,medium
552,18.838397,72.768142,Marine Drive,Severe,2022-01-20,23:00,2022-01-20 23:00:00,Fog,Car,low
553,18.903119,72.843584,Marine Drive,Severe,2023-09-21,16:00,2023-09-21 16:00:00,Rain,Truck,low
554,19.083733,72.703578,Linking Road Bandra,Severe,2025-03-24,06:00,2025-03-24 06:00:00,Rain,Bike,low
555,19.290965,72.856334,Ghodbunder Road,Severe,2022-06-28,01:00,2022-06-28 01:00:00,Fog,Car,high
556,19.124739,72.974812,Jogeshwari-Vikhroli Link Road,Minor,2024-07-09,16:00,2024-07-09 16:00:00,Rain,Car,high
557,18.899792,72.945689,Marine Drive,Minor,2022-05-28,00:00,2022-05-28 00:00:00,Rain,Car,low
558,18.829169,72.814125,Marine Drive,Severe,2024-01-12,01:00,2024-01-12 01:00:00,Rain,Bike,low
559,19.168374,72.733355,SV Road Andheri,Severe,2025-04-05,08:00,2025-04-05 08:00:00,Rain,Bike,medium
560,18.910827,72.767198,Marine Drive,Minor,2025-04-05,12:00,2025-04-05 12:00:00,Clear,Truck,low
561,19.037326,72.919578,Sion-Panvel Highway,Minor,2024-02-16,18:00,2024-02-16 18:00:00,Rain,Bus,medium
562,19.099224,72.992853,Jogeshwari-Vikhroli Link Road,Minor,2023-01-08,18:00,2023-01-08 18:00:00,Fog,Car,high
563,19.238056,72.79928,SV Road Andheri,Minor,2022-04-26,21:00,2022-04-26 21:00:00,Rain,Bus,medium
564,19.294572,72.965581,Ghodbunder Road,Minor,2024-03-08,19:00,2024-03-08 19:00:00,Clear,Bus,high
565,19.20498,72.841083,SV Road Andheri,Fatal,2025-03-18,08:00,2025-03-18 08:00:00,Rain,Bus,medium
566,18.96607,72.737435,Marine Drive,Minor,2024-06-27,12:00,2024-06-27 12:00:00,Clear,Bus,low
567,18.995768,72.915911,Sion-Panvel Highway,Minor,2023-02-17,02:00,2023-02-17 02:00:00,Rain,Auto,medium
568,19.246525,72.836944,SV Road Andheri,Minor,2023-08-03,20:00,2023-08-03 20:00:00,Clear,Car,medium
569,19.020745,72.731099,Worli Sea Link,Minor,2023-10-21,03:00,2023-10-21 03:00:00,Rain,Truck,medium
570,19.009054,72.760765,Worli Sea Link,Fatal,2023-07-06,18:00,2023-07-06 18:00:00,Rain,Bus,medium
571,18.91628,72.715046,Marine Drive,Minor,2024-05-10,12:00,2024-05-10 12:00:00,Fog,Truck,low
572,18.80659,72.895977,Marine Drive,Severe,2024-10-14,20:00,2024-10-14 20:00:00,Clear,Truck,low
573,19.076193,72.745296,Linking Road Bandra,Fatal,2022-12-28,15:00,2022-12-28 15:00:00,Rain,Auto,low
574,18.84589,72.925047,Marine Drive,Minor,2024-10-25,00:00,2024-10-25 00:00:00,Clear,Truck,low
575,19.069894,72.930411,Sion-Panvel Highway,Minor,2024-07-03,16:00,2024-07-03 16:00:00,Clear,Auto,medium
576,19.02394,72.763261,Worli Sea Link,Severe,2022-10-20,03:00,2022-10-20 03:00:00,Clear,Truck,medium
577,19.261476,72.955587,Ghodbunder Road,Minor,2024-06-03,18:00,2024-06-03 18:00:00,Fog,Auto,high
578,18.956543,72.726104,Marine Drive,Severe,2023-02-10,11:00,2023-02-10 11:00:00,Rain,Truck,low
579,18.936837,72.963583,Sion-Panvel Highway,Minor,2025-01-31,18:00,2025-01-31 18:00:00,Fog,Car,medium
580,19.242008,72.746063,SV Road Andheri,Fatal,2025-01-21,03:00,2025-01-21 03:00:00,Fog,Auto,medium
581,18.960656,72.701622,Marine Drive,Minor,2023-12-17,09:00,2023-12-17 09:00:00,Fog,Auto,low
582,18.984668,72.788713,Worli Sea Link,Minor,2024-11-23,08:00,2024-11-23 08:00:00,Rain,Bike,medium
583,18.825873,72.76307,Marine Drive,Minor,2022-09-11,00:00,2022-09-11 00:00:00,Clear,Auto,low
584,19.150227,72.947942,Jogeshwari-Vikhroli Link Road,Minor,2022-07-12,23:00,2022-07-12 23:00:00,Fog,Auto,high
585,18.932975,72.721966,Marine Drive,Minor,2022-04-12,22:00,2022-04-12 22:00:00,Fog,Truck,low
586,19.049101,72.725991,Worli Sea Link,Minor,2023-08-22,23:00,2023-08-22 23:00:00,Fog,Bus,medium
587,18.851731,72.930972,Marine Drive,Severe,2024-07-31,07:00,2024-07-31 07:00:00,Fog,Auto,low
588,18.938581,72.896026,Marine Drive,Severe,2024-07-31,20:00,2024-07-31 20:00:00,Rain,Bus,low
589,19.245286,72.852707,Ghodbunder Road,Fatal,2023-02-17,00:00,2023-02-17 00:00:00,Rain,Auto,high
590,19.133528,72.861626,Western Express Highway,Severe,2023-01-07,16:00,2023-01-07 16:00:00,Clear,Bus,high
591,19.155637,72.918162,Jogeshwari-Vikhroli Link Road,Minor,2023-04-26,02:00,2023-04-26 02:00:00,Rain,Bike,high
592,19.090938,72.780599,Linking Road Bandra,Severe,2025-03-29,03:00,2025-03-29 03:00:00,Fog,Bus,low
593,19.179654,72.805946,SV Road Andheri,Severe,2024-06-06,00:00,2024-06-06 00:00:00,Clear,Car,medium
594,19.295426,72.902012,Ghodbunder Road,Fatal,2023-06-02,13:00,2023-06-02 13:00:00,Clear,Bike,high
595,18.963453,72.880658,Marine Drive,Minor,2025-02-03,05:00,2025-02-03 05:00:00,Fog,Truck,low
596,19.062785,72.846394,Linking Road Bandra,Fatal,2024-08-05,23:00,2024-08-05 23:00:00,Clear,Bus,low
597,18.939966,72.725029,Marine Drive,Minor,2024-04-25,18:00,2024-04-25 18:00:00,Rain,Auto,low
598,18.884048,72.918658,Marine Drive,Minor,2022-04-11,01:00,2022-04-11 01:00:00,Rain,Bike,low
599,19.147708,72.761514,SV Road Andheri,Minor,2023-05-13,19:00,2023-05-13 19:00:00,Rain,Bike,medium
600,19.106395,72.821645,SV Road Andheri,Severe,2024-06-16,13:00,2024-06-16 13:00:00,Clear,Bike,medium
601,19.208043,72.728696,SV Road Andheri,Severe,2022-11-11,14:00,2022-11-11 14:00:00,Clear,Auto,medium
602,19.247632,72.997408,Ghodbunder Road,Fatal,2022-05-13,10:00,2022-05-13 10:00:00,Fog,Car,high
603,19.026058,72.824441,Worli Sea Link,Fatal,2025-01-13,23:00,2025-01-13 23:00:00,Clear,Bike,medium
604,18.850662,72.992398,Marine Drive,Minor,2023-10-14,16:00,2023-10-14 16:00:00,Clear,Bus,low
605,19.087904,72.896311,LBS Marg,Minor,2022-12-05,07:00,2022-12-05 07:00:00,Clear,Auto,medium
606,19.254895,72.75925,SV Road Andheri,Fatal,2023-08-28,06:00,2023-08-28 06:00:00,Clear,Bus,medium
607,19.035167,72.768541,Worli Sea Link,Severe,2024-07-28,15:00,2024-07-28 15:00:00,Clear,Car,medium
608,19.184067,72.740614,SV Road Andheri,Fatal,2025-04-09,20:00,2025-04-09 20:00:00,Fog,Auto,medium
609,18.809014,72.725059,Marine Drive,Minor,2022-04-04,01:00,2022-04-04 01:00:00,Rain,Bus,low
610,19.024628,72.907427,Sion-Panvel Highway,Minor,2024-05-09,18:00,2024-05-09 18:00:00,Fog,Car,medium
611,19.145113,72.843976,SV Road Andheri,Fatal,2022-02-07,00:00,2022-02-07 00:00:00,Fog,Bike,medium
612,19.28017,72.794106,SV Road Andheri,Minor,2025-01-21,10:00,2025-01-21 10:00:00,Rain,Truck,medium
613,18.846031,72.887109,Marine Drive,Minor,2024-02-03,00:00,2024-02-03 00:00:00,Clear,Car,low
614,18.806637,72.882232,Marine Drive,Minor,2024-05-29,21:00,2024-05-29 21:00:00,Fog,Truck,low
615,18.981445,72.922673,Sion-Panvel Highway,Severe,2023-07-04,22:00,2023-07-04 22:00:00,Fog,Auto,medium
616,18.855018,72.829286,Marine Drive,Severe,2024-07-03,08:00,2024-07-03 08:00:00,Rain,Car,low
617,18.861217,72.980424,Marine Drive,Minor,2023-09-14,04:00,2023-09-14 04:00:00,Clear,Bus,low
618,19.263669,72.800362,SV Road Andheri,Minor,2023-06-28,01:00,2023-06-28 01:00:00,Clear,Bus,medium
619,19.272559,72.887806,Ghodbunder Road,Minor,2025-01-15,00:00,2025-01-15 00:00:00,Clear,Bike,high
620,18.963941,72.784591,Marine Drive,Fatal,2022-12-10,00:00,2022-12-10 00:00:00,Rain,Bus,low
621,19.032875,72.924544,Sion-Panvel Highway,Severe,2024-04-23,16:00,2024-04-23 16:00:00,Fog,Truck,medium
622,18.943542,72.765957,Marine Drive,Severe,2023-10-02,01:00,2023-10-02 01:00:00,Rain,Auto,low
623,19.076912,72.947582,Sion-Panvel Highway,Minor,2023-12-20,01:00,2023-12-20 01:00:00,Fog,Auto,medium
624,19.274016,72.768801,SV Road Andheri,Minor,2022-06-29,23:00,2022-06-29 23:00:00,Rain,Car,medium
625,19.270859,72.711876,SV Road Andheri,Minor,2025-03-07,04:00,2025-03-07 04:00:00,Fog,Bike,medium
626,19.254438,72.798585,SV Road Andheri,Severe,2024-10-15,03:00,2024-10-15 03:00:00,Rain,Auto,medium
627,19.063486,72.784623,Linking Road Bandra,Fatal,2023-09-03,06:00,2023-09-03 06:00:00,Rain,Bike,low
628,18.911728,72.729027,Marine Drive,Severe,2024-02-12,06:00,2024-02-12 06:00:00,Fog,Bike,low
629,18.924778,72.966205,Sion-Panvel Highway,Severe,2023-02-03,08:00,2023-02-03 08:00:00,Fog,Auto,medium
630,19.297329,72.961176,Ghodbunder Road,Severe,2024-12-03,11:00,2024-12-03 11:00:00,Clear,Bike,high
631,18.849578,72.870367,Marine Drive,Minor,2022-08-12,17:00,2022-08-12 17:00:00,Fog,Car,low
632,18.966334,72.711272,Worli Sea Link,Minor,2024-02-22,02:00,2024-02-22 02:00:00,Fog,Bike,medium
633,18.961366,72.950498,Sion-Panvel Highway,Minor,2024-11-23,01:00,2024-11-23 01:00:00,Rain,Auto,medium
634,19.024531,72.791252,Worli Sea Link,Minor,2022-02-11,23:00,2022-02-11 23:00:00,Fog,Bus,medium
635,18.912094,72.83412,Marine Drive,Minor,2023-05-13,15:00,2023-05-13 15:00:00,Rain,Car,low
636,18.845514,72.826188,Marine Drive,Severe,2024-07-11,04:00,2024-07-11 04:00:00,Fog,Bus,low
637,19.07929,72.997366,Sion-Panvel Highway,Minor,2023-02-19,23:00,2023-02-19 23:00:00,Rain,Car,medium
638,19.080825,72.94761,Sion-Panvel Highway,Minor,2023-12-27,08:00,2023-12-27 08:00:00,Clear,Bike,medium
639,19.006079,72.842004,Worli Sea Link,Minor,2022-04-26,08:00,2022-04-26 08:00:00,Rain,Auto,medium
640,19.253115,72.768662,SV Road Andheri,Fatal,2023-07-29,01:00,2023-07-29 01:00:00,Rain,Car,medium
641,19.11215,72.937231,Jogeshwari-Vikhroli Link Road,Severe,2023-04-25,07:00,2023-04-25 07:00:00,Fog,Truck,high
642,19.0271,72.857153,Linking Road Bandra,Severe,2024-05-29,11:00,2024-05-29 11:00:00,Fog,Truck,low
643,19.00337,72.744031,Worli Sea Link,Severe,2023-12-21,17:00,2023-12-21 17:00:00,Fog,Auto,medium
644,18.956535,72.73,Marine Drive,Minor,2022-05-26,03:00,2022-05-26 03:00:00,Rain,Car,low
645,18.915193,72.800732,Marine Drive,Minor,2022-04-01,15:00,2022-04-01 15:00:00,Rain,Bus,low
646,18.893257,72.803846,Marine Drive,Fatal,2023-12-08,18:00,2023-12-08 18:00:00,Rain,Car,low
647,18.983405,72.771021,Worli Sea Link,Minor,2022-11-05,05:00,2022-11-05 05:00:00,Fog,Car,medium
648,19.203568,72.80265,SV Road Andheri,Minor,2023-12-28,07:00,2023-12-28 07:00:00,Fog,Car,medium
649,18.882581,72.711249,Marine Drive,Minor,2024-02-11,20:00,2024-02-11 20:00:00,Rain,Bike,low
650,19.08736,72.789864,Linking Road Bandra,Severe,2025-02-01,11:00,2025-02-01 11:00:00,Fog,Bike,low
651,18.999902,72.814951,Worli Sea Link,Severe,2024-03-10,14:00,2024-03-10 14:00:00,Rain,Truck,medium
652,19.215982,72.937009,Ghodbunder Road,Minor,2024-07-12,23:00,2024-07-12 23:00:00,Clear,Car,high
653,19.031575,72.727135,Worli Sea Link,Minor,2023-10-02,12:00,2023-10-02 12:00:00,Fog,Truck,medium
654,19.135046,72.91854,Jogeshwari-Vikhroli Link Road,Severe,2023-10-27,00:00,2023-10-27 00:00:00,Rain,Auto,high
655,19.066443,72.860716,Linking Road Bandra,Minor,2022-11-27,05:00,2022-11-27 05:00:00,Fog,Truck,low
656,18.904457,72.77547,Marine Drive,Severe,2023-06-20,18:00,2023-06-20 18:00:00,Rain,Bus,low
657,18.83644,72.781623,Marine Drive,Minor,2024-10-10,01:00,2024-10-10 01:00:00,Clear,Bike,low
658,19.266145,72.716389,SV Road Andheri,Fatal,2024-03-03,18:00,2024-03-03 18:00:00,Rain,Bus,medium
659,19.268149,72.863616,Ghodbunder Road,Minor,2022-08-30,12:00,2022-08-30 12:00:00,Rain,Bike,high
660,18.976276,72.700021,Worli Sea Link,Fatal,2023-01-17,00:00,2023-01-17 00:00:00,Clear,Bus,medium
661,19.023259,72.828439,Worli Sea Link,Severe,2022-09-24,00:00,2022-09-24 00:00:00,Fog,Truck,medium
662,18.908225,72.744316,Marine Drive,Minor,2022-09-03,20:00,2022-09-03 20:00:00,Clear,Auto,low
663,19.134897,72.957025,Jogeshwari-Vikhroli Link Road,Fatal,2022-12-03,00:00,2022-12-03 00:00:00,Rain,Truck,high
664,18.985499,72.774535,Worli Sea Link,Severe,2024-03-15,00:00,2024-03-15 00:00:00,Fog,Truck,medium
665,19.27026,72.811365,SV Road Andheri,Minor,2023-10-05,20:00,2023-10-05 20:00:00,Fog,Car,medium
666,19.022661,72.871871,Linking Road Bandra,Fatal,2024-09-26,22:00,2024-09-26 22:00:00,Fog,Auto,low
667,19.255273,72.802493,SV Road Andheri,Minor,2022-11-27,04:00,2022-11-27 04:00:00,Clear,Bike,medium
668,19.276139,72.922188,Ghodbunder Road,Severe,2024-03-19,00:00,2024-03-19 00:00:00,Rain,Truck,high
669,19.005539,72.987032,Sion-Panvel Highway,Severe,2024-06-25,12:00,2024-06-25 12:00:00,Fog,Truck,medium
670,18.900919,72.765126,Marine Drive,Severe,2025-04-15,00:00,2025-04-15 00:00:00,Rain,Bus,low
671,19.277212,72.719761,SV Road Andheri,Severe,2022-02-25,01:00,2022-02-25 01:00:00,Rain,Car,medium
672,19.182528,72.808209,SV Road Andheri,Fatal,2022-10-06,22:00,2022-10-06 22:00:00,Fog,Auto,medium
673,18.854486,72.936938,Marine Drive,Fatal,2022-09-07,16:00,2022-09-07 16:00:00,Fog,Car,low
674,19.095907,72.769859,SV Road Andheri,Minor,2025-01-16,15:00,2025-01-16 15:00:00,Fog,Car,medium
675,18.88644,72.811513,Marine Drive,Minor,2024-04-13,15:00,2024-04-13 15:00:00,Rain,Bus,low
676,19.229972,72.829409,SV Road Andheri,Minor,2023-07-23,19:00,2023-07-23 19:00:00,Fog,Bike,medium
677,19.20647,72.848125,SV Road Andheri,Minor,2025-02-03,06:00,2025-02-03 06:00:00,Clear,Auto,medium
678,19.087865,72.92386,LBS Marg,Severe,2022-06-12,01:00,2022-06-12 01:00:00,Rain,Bus,medium
679,18.898706,72.729374,Marine Drive,Minor,2024-12-09,10:00,2024-12-09 10:00:00,Fog,Car,low
680,18.986277,72.964202,Sion-Panvel Highway,Minor,2025-02-01,05:00,2025-02-01 05:00:00,Rain,Truck,medium
681,19.219905,72.768848,SV Road Andheri,Severe,2023-03-27,07:00,2023-03-27 07:00:00,Clear,Auto,medium
682,19.064882,72.889396,LBS Marg,Minor,2022-01-15,14:00,2022-01-15 14:00:00,Rain,Bike,medium
683,19.266488,72.809251,SV Road Andheri,Severe,2023-12-31,10:00,2023-12-31 10:00:00,Fog,Bike,medium
684,18.882502,72.965514,Marine Drive,Minor,2024-04-11,14:00,2024-04-11 14:00:00,Fog,Truck,low
685,19.074577,72.999631,Sion-Panvel Highway,Fatal,2024-06-30,10:00,2024-06-30 10:00:00,Clear,Auto,medium
686,19.018006,72.732341,Worli Sea Link,Minor,2022-03-24,20:00,2022-03-24 20:00:00,Rain,Truck,medium
687,19.168536,72.974967,Ghodbunder Road,Minor,2022-11-04,18:00,2022-11-04 18:00:00,Clear,Car,high
688,18.949051,72.838324,Marine Drive,Severe,2025-01-13,14:00,2025-01-13 14:00:00,Fog,Truck,low
689,19.147761,72.757022,SV Road Andheri,Minor,2023-12-18,11:00,2023-12-18 11:00:00,Fog,Bus,medium
690,18.878893,72.856742,Marine Drive,Severe,2023-06-17,15:00,2023-06-17 15:00:00,Fog,Bus,low
691,19.272788,72.880763,Ghodbunder Road,Severe,2022-04-03,00:00,2022-04-03 00:00:00,Clear,Bike,high
692,19.012834,72.74139,Worli Sea Link,Minor,2025-01-05,03:00,2025-01-05 03:00:00,Rain,Auto,medium
693,19.271026,72.763732,SV Road Andheri,Minor,2024-07-04,15:00,2024-07-04 15:00:00,Fog,Car,medium
694,19.011531,72.71597,Worli Sea Link,Fatal,2024-09-22,19:00,2024-09-22 19:00:00,Rain,Auto,medium
695,19.025827,72.807405,Worli Sea Link,Minor,2022-06-12,07:00,2022-06-12 07:00:00,Rain,Car,medium
696,18.825781,72.895814,Marine Drive,Minor,2022-03-31,16:00,2022-03-31 16:00:00,Fog,Bus,low
697,18.815842,72.795056,Marine Drive,Minor,2022-06-04,23:00,2022-06-04 23:00:00,Clear,Auto,low
698,19.051099,72.797674,Linking Road Bandra,Minor,2024-11-24,02:00,2024-11-24 02:00:00,Clear,Auto,low
699,19.144418,72.703798,SV Road Andheri,Severe,2023-05-01,21:00,2023-05-01 21:00:00,Clear,Bus,medium
700,19.211753,72.750833,SV Road Andheri,Severe,2023-02-19,15:00,2023-02-19 15:00:00,Fog,Auto,medium
701,18.976881,72.970771,Sion-Panvel Highway,Severe,2023-12-16,23:00,2023-12-16 23:00:00,Rain,Bus,medium
702,19.239735,72.897145,Ghodbunder Road,Minor,2022-06-09,03:00,2022-06-09 03:00:00,Fog,Car,high
703,19.080995,72.887611,LBS Marg,Minor,2022-12-17,11:00,2022-12-17 11:00:00,Rain,Auto,medium
704,19.082317,72.884263,LBS Marg,Minor,2022-04-06,14:00,2022-04-06 14:00:00,Fog,Bus,medium
705,18.965193,72.890517,Marine Drive,Minor,2022-09-23,00:00,2022-09-23 00:00:00,Rain,Auto,low
706,18.985781,72.787388,Worli Sea Link,Severe,2024-04-15,10:00,2024-04-15 10:00:00,Rain,Bus,medium
707,19.007771,72.830982,Worli Sea Link,Severe,2023-04-02,01:00,2023-04-02 01:00:00,Clear,Car,medium
708,19.039152,72.987117,Sion-Panvel Highway,Minor,2024-08-14,14:00,2024-08-14 14:00:00,Fog,Bike,medium
709,19.2091,72.868166,Jogeshwari-Vikhroli Link Road,Minor,2025-02-06,13:00,2025-02-06 13:00:00,Clear,Bus,high
710,19.235277,72.859929,Ghodbunder Road,Severe,2022-03-23,09:00,2022-03-23 09:00:00,Fog,Truck,high
711,18.83343,72.961823,Marine Drive,Severe,2022-10-31,04:00,2022-10-31 04:00:00,Rain,Auto,low
712,19.056253,72.80185,Linking Road Bandra,Minor,2022-06-02,22:00,2022-06-02 22:00:00,Clear,Bike,low
713,18.943214,72.769772,Marine Drive,Severe,2022-03-23,22:00,2022-03-23 22:00:00,Rain,Bike,low
714,19.079368,72.702846,Worli Sea Link,Severe,2023-04-26,04:00,2023-04-26 04:00:00,Rain,Car,medium
715,18.86578,72.980897,Marine Drive,Severe,2023-11-13,18:00,2023-11-13 18:00:00,Fog,Truck,low
716,19.043116,72.947416,Sion-Panvel Highway,Severe,2024-06-14,23:00,2024-06-14 23:00:00,Rain,Bike,medium
717,18.882768,72.937604,Marine Drive,Minor,2022-09-04,03:00,2022-09-04 03:00:00,Rain,Bike,low
718,19.029372,72.998911,Sion-Panvel Highway,Minor,2024-08-27,12:00,2024-08-27 12:00:00,Rain,Truck,medium
719,19.117932,72.895178,Eastern Express Highway,Minor,2023-12-24,15:00,2023-12-24 15:00:00,Fog,Truck,high
720,19.267833,72.996277,Ghodbunder Road,Severe,2024-01-02,21:00,2024-01-02 21:00:00,Rain,Car,high
721,18.838295,72.892192,Marine Drive,Fatal,2025-02-01,18:00,2025-02-01 18:00:00,Rain,Bike,low
722,19.217757,72.75022,SV Road Andheri,Minor,2023-05-30,07:00,2023-05-30 07:00:00,Rain,Car,medium
723,19.143804,72.701345,SV Road Andheri,Minor,2022-09-15,03:00,2022-09-15 03:00:00,Rain,Car,medium
724,19.259958,72.820074,SV Road Andheri,Minor,2023-11-19,01:00,2023-11-19 01:00:00,Fog,Bus,medium
725,18.822028,72.733097,Marine Drive,Minor,2022-05-22,07:00,2022-05-22 07:00:00,Fog,Bike,low
726,19.027722,72.901359,Sion-Panvel Highway,Minor,2024-01-14,11:00,2024-01-14 11:00:00,Clear,Auto,medium
727,19.129069,72.901768,Jogeshwari-Vikhroli Link Road,Severe,2024-07-24,05:00,2024-07-24 05:00:00,Rain,Bus,high
728,19.135203,72.725707,SV Road Andheri,Fatal,2022-08-29,00:00,2022-08-29 00:00:00,Rain,Truck,medium
729,19.148645,72.861767,Western Express Highway,Fatal,2025-04-09,23:00,2025-04-09 23:00:00,Fog,Auto,high
730,19.243177,72.890345,Ghodbunder Road,Minor,2024-04-18,03:00,2024-04-18 03:00:00,Clear,Bike,high
731,18.921199,72.913291,Marine Drive,Fatal,2022-12-11,10:00,2022-12-11 10:00:00,Clear,Bus,low
732,18.807363,72.74934,Marine Drive,Fatal,2025-02-21,07:00,2025-02-21 07:00:00,Fog,Auto,low
733,19.262915,72.989311,Ghodbunder Road,Minor,2023-08-21,04:00,2023-08-21 04:00:00,Clear,Truck,high
734,18.853352,72.77618,Marine Drive,Severe,2023-08-27,01:00,2023-08-27 01:00:00,Fog,Bike,low
735,18.892825,72.839405,Marine Drive,Fatal,2023-02-04,01:00,2023-02-04 01:00:00,Fog,Bus,low
736,18.925067,72.803517,Marine Drive,Minor,2023-04-30,18:00,2023-04-30 18:00:00,Clear,Bus,low
737,19.29995,72.860371,Ghodbunder Road,Severe,2022-09-20,02:00,2022-09-20 02:00:00,Clear,Car,high
738,19.079605,72.823261,Linking Road Bandra,Minor,2023-03-30,13:00,2023-03-30 13:00:00,Rain,Bus,low
739,19.176424,72.978792,Ghodbunder Road,Fatal,2023-03-03,08:00,2023-03-03 08:00:00,Rain,Auto,high
740,19.268179,72.752662,SV Road Andheri,Severe,2024-07-30,09:00,2024-07-30 09:00:00,Fog,Bike,medium
741,18.81351,72.724849,Marine Drive,Minor,2022-04-29,05:00,2022-04-29 05:00:00,Rain,Truck,low
742,18.813388,72.727508,Marine Drive,Minor,2022-09-26,05:00,2022-09-26 05:00:00,Fog,Bus,low
743,19.02692,72.849047,Worli Sea Link,Severe,2024-08-19,16:00,2024-08-19 16:00:00,Clear,Bus,medium
744,18.822071,72.959142,Marine Drive,Severe,2024-08-19,09:00,2024-08-19 09:00:00,Rain,Truck,low
745,19.289223,72.805564,Ghodbunder Road,Severe,2022-02-21,16:00,2022-02-21 16:00:00,Fog,Bike,high
746,19.231711,72.873606,Ghodbunder Road,Minor,2024-12-12,16:00,2024-12-12 16:00:00,Fog,Truck,high
747,18.871147,72.747374,Marine Drive,Minor,2024-05-24,02:00,2024-05-24 02:00:00,Rain,Car,low
748,19.101709,72.790945,SV Road Andheri,Fatal,2022-09-04,11:00,2022-09-04 11:00:00,Fog,Truck,medium
749,19.116176,72.930068,Jogeshwari-Vikhroli Link Road,Minor,2023-11-04,23:00,2023-11-04 23:00:00,Rain,Truck,high
750,18.998356,72.962481,Sion-Panvel Highway,Severe,2022-02-09,08:00,2022-02-09 08:00:00,Clear,Bike,medium
751,18.949949,72.93829,Sion-Panvel Highway,Minor,2022-11-27,22:00,2022-11-27 22:00:00,Rain,Auto,medium
752,19.066465,72.772741,Linking Road Bandra,Severe,2022-01-26,02:00,2022-01-26 02:00:00,Rain,Car,low
753,19.15519,72.817505,SV Road Andheri,Fatal,2022-12-12,20:00,2022-12-12 20:00:00,Clear,Truck,medium
754,19.229859,72.948098,Ghodbunder Road,Severe,2024-10-09,02:00,2024-10-09 02:00:00,Fog,Bike,high
755,19.117043,72.756146,SV Road Andheri,Minor,2024-11-29,19:00,2024-11-29 19:00:00,Fog,Auto,medium
756,18.926901,72.971101,Sion-Panvel Highway,Minor,2024-10-06,07:00,2024-10-06 07:00:00,Fog,Truck,medium
757,19.040085,72.852681,Linking Road Bandra,Minor,2022-12-19,07:00,2022-12-19 07:00:00,Rain,Bus,low
758,18.98989,72.957304,Sion-Panvel Highway,Severe,2024-03-22,21:00,2024-03-22 21:00:00,Fog,Bus,medium
759,18.967645,72.783959,Marine Drive,Minor,2024-09-02,11:00,2024-09-02 11:00:00,Clear,Car,low
760,18.818413,72.734579,Marine Drive,Minor,2025-04-13,23:00,2025-04-13 23:00:00,Clear,Truck,low
761,19.010851,72.986362,Sion-Panvel Highway,Minor,2023-10-25,21:00,2023-10-25 21:00:00,Clear,Bus,medium
762,18.975786,72.864812,Marine Drive,Minor,2025-01-02,10:00,2025-01-02 10:00:00,Clear,Bus,low
763,19.156642,72.791473,SV Road Andheri,Severe,2023-08-19,23:00,2023-08-19 23:00:00,Clear,Bike,medium
764,19.079266,72.726056,Linking Road Bandra,Minor,2024-12-25,14:00,2024-12-25 14:00:00,Clear,Bus,low
765,19.276265,72.790859,SV Road Andheri,Minor,2023-10-14,05:00,2023-10-14 05:00:00,Fog,Car,medium
766,19.287295,72.928731,Ghodbunder Road,Fatal,2024-05-13,07:00,2024-05-13 07:00:00,Rain,Bus,high
767,19.215139,72.931992,Ghodbunder Road,Minor,2023-03-19,00:00,2023-03-19 00:00:00,Clear,Truck,high
768,19.041447,72.70023,Worli Sea Link,Severe,2023-08-30,05:00,2023-08-30 05:00:00,Clear,Truck,medium
769,18.966537,72.821589,Marine Drive,Severe,2023-10-29,09:00,2023-10-29 09:00:00,Rain,Bike,low
770,19.050465,72.793132,Linking Road Bandra,Fatal,2022-05-03,20:00,2022-05-03 20:00:00,Fog,Bus,low
771,19.111633,72.984187,Jogeshwari-Vikhroli Link Road,Severe,2025-03-08,01:00,2025-03-08 01:00:00,Fog,Auto,high
772,18.805457,72.772071,Marine Drive,Minor,2024-05-07,18:00,2024-05-07 18:00:00,Clear,Car,low
773,19.260044,72.787351,SV Road Andheri,Severe,2024-04-15,03:00,2024-04-15 03:00:00,Rain,Bus,medium
774,18.967123,72.713563,Worli Sea Link,Minor,2023-08-10,15:00,2023-08-10 15:00:00,Clear,Bike,medium
775,19.077582,72.840159,Linking Road Bandra,Severe,2022-04-05,04:00,2022-04-05 04:00:00,Clear,Car,low
776,19.111951,72.902061,Eastern Express Highway,Fatal,2024-07-27,06:00,2024-07-27 06:00:00,Rain,Bus,high
777,18.822874,72.999933,Marine Drive,Severe,2023-11-11,15:00,2023-11-11 15:00:00,Fog,Auto,low
778,18.900532,72.731048,Marine Drive,Severe,2024-11-05,08:00,2024-11-05 08:00:00,Fog,Truck,low
779,18.935491,72.934581,Marine Drive,Fatal,2022-07-08,02:00,2022-07-08 02:00:00,Clear,Car,low
780,19.29145,72.874812,Ghodbunder Road,Minor,2025-02-10,00:00,2025-02-10 00:00:00,Clear,Bus,high
781,19.154687,72.971794,Jogeshwari-Vikhroli Link Road,Minor,2022-08-03,10:00,2022-08-03 10:00:00,Clear,Auto,high
782,18.913939,72.729664,Marine Drive,Severe,2022-04-30,13:00,2022-04-30 13:00:00,Clear,Auto,low
783,19.028827,72.727075,Worli Sea Link,Severe,2024-11-30,04:00,2024-11-30 04:00:00,Rain,Car,medium
784,18.866155,72.92848,Marine Drive,Minor,2024-02-27,18:00,2024-02-27 18:00:00,Fog,Truck,low
785,18.944707,72.820955,Marine Drive,Minor,2023-07-06,05:00,2023-07-06 05:00:00,Fog,Truck,low
786,19.193446,72.864381,Western Express Highway,Minor,2022-05-28,18:00,2022-05-28 18:00:00,Rain,Bus,high
787,19.249612,72.945657,Ghodbunder Road,Minor,2022-01-05,16:00,2022-01-05 16:00:00,Fog,Bus,high
788,19.293888,72.784301,SV Road Andheri,Severe,2023-11-28,19:00,2023-11-28 19:00:00,Clear,Auto,medium
789,19.275784,72.949318,Ghodbunder Road,Minor,2024-11-14,08:00,2024-11-14 08:00:00,Rain,Bus,high
790,19.14588,72.804455,SV Road Andheri,Severe,2024-01-13,06:00,2024-01-13 06:00:00,Fog,Bike,medium
791,19.121028,72.98639,Jogeshwari-Vikhroli Link Road,Minor,2025-01-20,05:00,2025-01-20 05:00:00,Fog,Car,high
792,18.826982,72.714353,Marine Drive,Minor,2022-11-01,12:00,2022-11-01 12:00:00,Clear,Truck,low
793,19.14863,72.737495,SV Road Andheri,Fatal,2024-07-01,02:00,2024-07-01 02:00:00,Clear,Bus,medium
794,18.815562,72.750412,Marine Drive,Minor,2023-09-03,03:00,2023-09-03 03:00:00,Clear,Truck,low
795,19.243087,72.982528,Ghodbunder Road,Minor,2022-04-22,12:00,2022-04-22 12:00:00,Rain,Bus,high
796,19.113527,72.881229,Eastern Express Highway,Severe,2023-11-19,06:00,2023-11-19 06:00:00,Rain,Auto,high
797,19.253604,72.946072,Ghodbunder Road,Minor,2024-01-20,13:00,2024-01-20 13:00:00,Rain,Truck,high
798,18.856751,72.990765,Marine Drive,Minor,2023-02-14,23:00,2023-02-14 23:00:00,Fog,Car,low
799,18.847131,72.904007,Marine Drive,Minor,2022-04-14,04:00,2022-04-14 04:00:00,Clear,Car,low
800,18.805917,72.881125,Marine Drive,Severe,2022-10-07,17:00,2022-10-07 17:00:00,Rain,Truck,low
801,19.160176,72.890721,Jogeshwari-Vikhroli Link Road,Minor,2023-02-09,00:00,2023-02-09 00:00:00,Fog,Truck,high
802,18.877437,72.913915,Marine Drive,Minor,2022-10-04,06:00,2022-10-04 06:00:00,Rain,Bus,low
803,18.89391,72.718179,Marine Drive,Severe,2023-03-25,11:00,2023-03-25 11:00:00,Rain,Auto,low
804,19.09291,72.902684,LBS Marg,Minor,2022-04-02,11:00,2022-04-02 11:00:00,Rain,Bike,medium
805,18.835416,72.726398,Marine Drive,Severe,2024-03-20,00:00,2024-03-20 00:00:00,Fog,Bus,low
806,18.807044,72.826556,Marine Drive,Minor,2025-03-17,03:00,2025-03-17 03:00:00,Fog,Car,low
807,19.286334,72.715447,SV Road Andheri,Minor,2022-03-21,13:00,2022-03-21 13:00:00,Rain,Auto,medium
808,18.885861,72.847463,Marine Drive,Minor,2022-07-16,19:00,2022-07-16 19:00:00,Fog,Bus,low
809,19.299865,72.961328,Ghodbunder Road,Fatal,2024-06-19,14:00,2024-06-19 14:00:00,Clear,Auto,high
810,18.868893,72.792452,Marine Drive,Severe,2023-10-10,13:00,2023-10-10 13:00:00,Clear,Truck,low
811,18.842138,72.887808,Marine Drive,Severe,2024-02-22,20:00,2024-02-22 20:00:00,Clear,Bus,low
812,18.906578,72.8554,Marine Drive,Severe,2023-09-30,00:00,2023-09-30 00:00:00,Rain,Auto,low
813,19.034947,72.965197,Sion-Panvel Highway,Minor,2025-04-04,09:00,2025-04-04 09:00:00,Clear,Truck,medium
814,19.09722,72.954942,Jogeshwari-Vikhroli Link Road,Severe,2024-07-28,12:00,2024-07-28 12:00:00,Clear,Truck,high
815,19.246929,72.992998,Ghodbunder Road,Severe,2023-04-26,08:00,2023-04-26 08:00:00,Clear,Bus,high
816,19.128046,72.995533,Jogeshwari-Vikhroli Link Road,Fatal,2022-02-27,19:00,2022-02-27 19:00:00,Clear,Bus,high
817,18.844547,72.757941,Marine Drive,Fatal,2024-09-17,08:00,2024-09-17 08:00:00,Rain,Auto,low
818,18.93081,72.948127,Sion-Panvel Highway,Minor,2023-04-26,15:00,2023-04-26 15:00:00,Clear,Bus,medium
819,19.13648,72.989486,Jogeshwari-Vikhroli Link Road,Fatal,2023-05-21,15:00,2023-05-21 15:00:00,Rain,Auto,high
820,19.283922,72.986536,Ghodbunder Road,Minor,2022-02-28,11:00,2022-02-28 11:00:00,Rain,Car,high
821,18.961164,72.733451,Marine Drive,Severe,2023-12-24,19:00,2023-12-24 19:00:00,Fog,Truck,low
822,19.080203,72.812587,Linking Road Bandra,Fatal,2023-09-04,17:00,2023-09-04 17:00:00,Rain,Auto,low
823,19.24193,72.782359,SV Road Andheri,Minor,2024-10-08,17:00,2024-10-08 17:00:00,Clear,Car,medium
824,19.170374,72.927325,Jogeshwari-Vikhroli Link Road,Minor,2023-12-17,03:00,2023-12-17 03:00:00,Fog,Auto,high
825,19.283961,72.901733,Ghodbunder Road,Severe,2024-07-19,01:00,2024-07-19 01:00:00,Clear,Car,high
826,18.929746,72.799786,Marine Drive,Minor,2023-01-26,08:00,2023-01-26 08:00:00,Fog,Car,low
827,19.03734,72.964112,Sion-Panvel Highway,Minor,2024-09-29,16:00,2024-09-29 16:00:00,Rain,Truck,medium
828,18.952581,72.904974,Marine Drive,Minor,2023-07-27,19:00,2023-07-27 19:00:00,Clear,Bus,low
829,19.078012,72.713284,Linking Road Bandra,Minor,2023-11-18,22:00,2023-11-18 22:00:00,Fog,Car,low
830,19.017226,72.896609,Sion-Panvel Highway,Fatal,2024-09-14,07:00,2024-09-14 07:00:00,Rain,Car,medium
831,18.80858,72.886361,Marine Drive,Minor,2025-01-10,05:00,2025-01-10 05:00:00,Clear,Truck,low
832,19.088394,72.714618,Linking Road Bandra,Severe,2023-04-08,01:00,2023-04-08 01:00:00,Clear,Bus,low
833,19.114418,72.825113,SV Road Andheri,Minor,2024-08-23,17:00,2024-08-23 17:00:00,Clear,Auto,medium
834,18.969778,72.794716,Marine Drive,Minor,2024-07-08,22:00,2024-07-08 22:00:00,Clear,Truck,low
835,18.831317,72.724053,Marine Drive,Minor,2025-01-09,20:00,2025-01-09 20:00:00,Clear,Bike,low
836,19.189523,72.986973,Ghodbunder Road,Minor,2022-09-25,07:00,2022-09-25 07:00:00,Fog,Bus,high
837,19.161574,72.701881,SV Road Andheri,Fatal,2023-06-13,03:00,2023-06-13 03:00:00,Rain,Bus,medium
838,19.19248,72.756756,SV Road Andheri,Fatal,2022-09-11,21:00,2022-09-11 21:00:00,Rain,Auto,medium
839,18.831515,72.966448,Marine Drive,Minor,2023-02-26,03:00,2023-02-26 03:00:00,Fog,Bike,low
840,18.840992,72.788104,Marine Drive,Minor,2022-02-02,05:00,2022-02-02 05:00:00,Fog,Bike,low
841,19.253955,72.767035,SV Road Andheri,Minor,2022-06-04,17:00,2022-06-04 17:00:00,Fog,Bus,medium
842,19.045602,72.933018,Sion-Panvel Highway,Minor,2022-08-15,22:00,2022-08-15 22:00:00,Fog,Bike,medium
843,19.117849,72.977056,Jogeshwari-Vikhroli Link Road,Minor,2025-02-15,21:00,2025-02-15 21:00:00,Clear,Auto,high
844,18.869542,72.727436,Marine Drive,Fatal,2024-11-08,22:00,2024-11-08 22:00:00,Fog,Car,low
845,18.859789,72.772882,Marine Drive,Minor,2023-02-12,02:00,2023-02-12 02:00:00,Fog,Bike,low
846,18.848301,72.951897,Marine Drive,Severe,2024-03-14,09:00,2024-03-14 09:00:00,Fog,Truck,low
847,18.807207,72.768701,Marine Drive,Fatal,2025-04-09,05:00,2025-04-09 05:00:00,Clear,Bus,low
848,19.239031,72.991129,Ghodbunder Road,Minor,2025-02-18,22:00,2025-02-18 22:00:00,Fog,Bus,high
849,18.87696,72.93435,Marine Drive,Severe,2023-05-24,14:00,2023-05-24 14:00:00,Clear,Bike,low
850,19.036964,72.741792,Worli Sea Link,Minor,2023-09-01,16:00,2023-09-01 16:00:00,Clear,Auto,medium
851,18.984143,72.757325,Worli Sea Link,Fatal,2022-09-21,06:00,2022-09-21 06:00:00,Clear,Bus,medium
852,19.292549,72.877,Ghodbunder Road,Severe,2022-10-31,02:00,2022-10-31 02:00:00,Rain,Auto,high
853,18.97018,72.981252,Sion-Panvel Highway,Severe,2023-08-12,20:00,2023-08-12 20:00:00,Fog,Car,medium
854,19.093617,72.836229,SV Road Andheri,Severe,2024-12-11,07:00,2024-12-11 07:00:00,Rain,Auto,medium
855,19.131233,72.702528,SV Road Andheri,Minor,2023-10-07,06:00,2023-10-07 06:00:00,Clear,Car,medium
856,18.858815,72.709055,Marine Drive,Minor,2024-02-15,12:00,2024-02-15 12:00:00,Fog,Bus,low
857,19.200555,72.98948,Ghodbunder Road,Fatal,2023-03-29,01:00,2023-03-29 01:00:00,Clear,Car,high
858,19.279872,72.853997,Ghodbunder Road,Fatal,2022-02-05,20:00,2022-02-05 20:00:00,Rain,Truck,high
859,19.146152,72.994269,Ghodbunder Road,Fatal,2024-11-22,00:00,2024-11-22 00:00:00,Rain,Car,high
860,19.039462,72.941263,Sion-Panvel Highway,Minor,2024-08-22,00:00,2024-08-22 00:00:00,Rain,Car,medium
861,18.91398,72.826632,Marine Drive,Minor,2023-07-22,23:00,2023-07-22 23:00:00,Rain,Car,low
862,19.203405,72.807374,SV Road Andheri,Minor,2024-11-19,04:00,2024-11-19 04:00:00,Clear,Car,medium
863,19.126267,72.820787,SV Road Andheri,Fatal,2024-11-12,14:00,2024-11-12 14:00:00,Clear,Bike,medium
864,19.139103,72.921183,Jogeshwari-Vikhroli Link Road,Minor,2022-12-18,19:00,2022-12-18 19:00:00,Clear,Truck,high
865,18.911994,72.851559,Marine Drive,Severe,2022-12-16,20:00,2022-12-16 20:00:00,Clear,Auto,low
866,19.196408,72.7977,SV Road Andheri,Severe,2022-07-04,17:00,2022-07-04 17:00:00,Fog,Auto,medium
867,19.059723,72.753541,Worli Sea Link,Severe,2022-11-23,02:00,2022-11-23 02:00:00,Clear,Bike,medium
868,18.985935,72.838538,Worli Sea Link,Minor,2024-12-07,16:00,2024-12-07 16:00:00,Clear,Car,medium
869,18.846149,72.761577,Marine Drive,Fatal,2022-12-16,01:00,2022-12-16 01:00:00,Clear,Bike,low
870,19.113078,72.830184,SV Road Andheri,Fatal,2025-01-10,19:00,2025-01-10 19:00:00,Clear,Bike,medium
871,18.904963,72.755393,Marine Drive,Minor,2023-02-21,11:00,2023-02-21 11:00:00,Fog,Car,low
872,19.042558,72.840392,Linking Road Bandra,Severe,2025-02-25,00:00,2025-02-25 00:00:00,Fog,Auto,low
873,19.145357,72.916565,Jogeshwari-Vikhroli Link Road,Fatal,2022-11-16,18:00,2022-11-16 18:00:00,Fog,Bus,high
874,18.844466,72.824431,Marine Drive,Minor,2022-11-28,02:00,2022-11-28 02:00:00,Clear,Bike,low
875,19.296604,72.873457,Ghodbunder Road,Minor,2024-03-07,15:00,2024-03-07 15:00:00,Clear,Bike,high
876,18.961278,72.747799,Marine Drive,Severe,2024-01-17,02:00,2024-01-17 02:00:00,Clear,Car,low
877,18.939194,72.926374,Marine Drive,Severe,2025-01-04,07:00,2025-01-04 07:00:00,Fog,Car,low
878,18.827809,72.931418,Marine Drive,Minor,2025-03-29,19:00,2025-03-29 19:00:00,Fog,Bus,low
879,18.818093,72.804363,Marine Drive,Fatal,2023-06-27,17:00,2023-06-27 17:00:00,Rain,Auto,low
880,19.06686,72.755885,Linking Road Bandra,Minor,2022-09-09,07:00,2022-09-09 07:00:00,Clear,Bike,low
881,19.243023,72.935978,Ghodbunder Road,Severe,2022-07-07,16:00,2022-07-07 16:00:00,Fog,Bus,high
882,19.115346,72.959463,Jogeshwari-Vikhroli Link Road,Severe,2022-05-10,04:00,2022-05-10 04:00:00,Clear,Auto,high
883,19.233777,72.946697,Ghodbunder Road,Minor,2025-02-17,09:00,2025-02-17 09:00:00,Fog,Bike,high
884,19.114842,72.754577,SV Road Andheri,Minor,2024-11-06,12:00,2024-11-06 12:00:00,Rain,Truck,medium
885,19.227747,72.795557,SV Road Andheri,Minor,2024-07-24,19:00,2024-07-24 19:00:00,Rain,Truck,medium
886,19.0321,72.71096,Worli Sea Link,Minor,2024-10-29,04:00,2024-10-29 04:00:00,Fog,Bus,medium
887,19.017364,72.877759,Sion-Panvel Highway,Minor,2022-05-03,09:00,2022-05-03 09:00:00,Rain,Auto,medium
888,18.821505,72.807019,Marine Drive,Severe,2022-03-12,10:00,2022-03-12 10:00:00,Rain,Auto,low
889,19.287431,72.915799,Ghodbunder Road,Severe,2023-04-13,03:00,2023-04-13 03:00:00,Rain,Bus,high
890,19.148099,72.80109,SV Road Andheri,Minor,2022-08-08,15:00,2022-08-08 15:00:00,Clear,Truck,medium
891,18.880197,72.713391,Marine Drive,Minor,2023-05-09,03:00,2023-05-09 03:00:00,Rain,Auto,low
892,19.135589,72.827642,SV Road Andheri,Minor,2024-12-18,01:00,2024-12-18 01:00:00,Fog,Auto,medium
893,19.200897,72.889229,Jogeshwari-Vikhroli Link Road,Minor,2024-05-24,18:00,2024-05-24 18:00:00,Clear,Car,high
894,18.829633,72.903498,Marine Drive,Minor,2023-03-03,19:00,2023-03-03 19:00:00,Rain,Bus,low
895,19.093354,72.990783,Jogeshwari-Vikhroli Link Road,Minor,2025-02-24,07:00,2025-02-24 07:00:00,Rain,Bus,high
896,18.838822,72.765249,Marine Drive,Severe,2022-09-02,02:00,2022-09-02 02:00:00,Clear,Truck,low
897,19.268064,72.783261,SV Road Andheri,Minor,2024-09-10,23:00,2024-09-10 23:00:00,Fog,Car,medium
898,18.997565,72.827784,Worli Sea Link,Severe,2025-01-13,15:00,2025-01-13 15:00:00,Clear,Truck,medium
899,18.802323,72.781029,Marine Drive,Minor,2025-03-10,03:00,2025-03-10 03:00:00,Rain,Auto,low
900,19.130061,72.969448,Jogeshwari-Vikhroli Link Road,Minor,2022-09-26,04:00,2022-09-26 04:00:00,Rain,Bus,high
901,18.900522,72.867152,Marine Drive,Minor,2024-07-08,04:00,2024-07-08 04:00:00,Rain,Auto,low
902,19.018384,72.787716,Worli Sea Link,Fatal,2024-08-11,20:00,2024-08-11 20:00:00,Clear,Bike,medium
903,18.989188,72.764585,Worli Sea Link,Minor,2022-03-08,01:00,2022-03-08 01:00:00,Clear,Truck,medium
904,18.825337,72.868357,Marine Drive,Minor,2023-04-04,08:00,2023-04-04 08:00:00,Clear,Bike,low
905,18.955765,72.838098,Marine Drive,Minor,2022-03-13,12:00,2022-03-13 12:00:00,Rain,Truck,low
906,18.868349,72.990395,Marine Drive,Minor,2025-01-12,21:00,2025-01-12 21:00:00,Fog,Auto,low
907,19.146218,72.933776,Jogeshwari-Vikhroli Link Road,Minor,2024-04-09,00:00,2024-04-09 00:00:00,Clear,Car,high
908,18.915861,72.949473,Marine Drive,Severe,2023-11-03,00:00,2023-11-03 00:00:00,Clear,Bike,low
909,18.908589,72.89225,Marine Drive,Minor,2023-12-04,02:00,2023-12-04 02:00:00,Rain,Auto,low
910,19.029569,72.800382,Worli Sea Link,Minor,2022-02-16,14:00,2022-02-16 14:00:00,Fog,Bus,medium
911,18.972378,72.915472,Sion-Panvel Highway,Minor,2022-11-26,04:00,2022-11-26 04:00:00,Clear,Truck,medium
912,19.108996,72.733733,SV Road Andheri,Fatal,2022-01-16,23:00,2022-01-16 23:00:00,Fog,Bike,medium
913,19.22797,72.713725,SV Road Andheri,Severe,2022-02-16,11:00,2022-02-16 11:00:00,Rain,Auto,medium
914,19.152358,72.849178,SV Road Andheri,Fatal,2022-07-04,21:00,2022-07-04 21:00:00,Rain,Bike,medium
915,18.823921,72.849531,Marine Drive,Minor,2023-09-17,03:00,2023-09-17 03:00:00,Clear,Car,low
916,19.133392,72.859594,Western Express Highway,Severe,2023-03-06,12:00,2023-03-06 12:00:00,Clear,Auto,high
917,19.101076,72.866684,Western Express Highway,Fatal,2022-03-15,11:00,2022-03-15 11:00:00,Fog,Truck,high
918,19.130183,72.851436,SV Road Andheri,Minor,2023-02-16,21:00,2023-02-16 21:00:00,Fog,Truck,medium
919,18.831145,72.93839,Marine Drive,Fatal,2024-06-05,09:00,2024-06-05 09:00:00,Rain,Car,low
920,19.162985,72.836693,SV Road Andheri,Minor,2024-06-20,22:00,2024-06-20 22:00:00,Clear,Auto,medium
921,19.099052,72.836719,SV Road Andheri,Severe,2024-05-29,09:00,2024-05-29 09:00:00,Clear,Bus,medium
922,19.020697,72.848459,Worli Sea Link,Severe,2022-07-19,13:00,2022-07-19 13:00:00,Clear,Auto,medium
923,19.258176,72.754823,SV Road Andheri,Minor,2022-02-18,15:00,2022-02-18 15:00:00,Fog,Auto,medium
924,19.098924,72.896359,Eastern Express Highway,Minor,2024-02-13,16:00,2024-02-13 16:00:00,Clear,Truck,high
925,19.093075,72.829163,SV Road Andheri,Severe,2024-03-17,10:00,2024-03-17 10:00:00,Rain,Auto,medium
926,19.041278,72.75921,Worli Sea Link,Minor,2024-09-28,21:00,2024-09-28 21:00:00,Clear,Truck,medium
927,19.216437,72.787009,SV Road Andheri,Severe,2024-01-03,23:00,2024-01-03 23:00:00,Fog,Bus,medium
928,18.849281,72.741852,Marine Drive,Severe,2022-04-13,03:00,2022-04-13 03:00:00,Fog,Bus,low
929,19.050504,72.985052,Sion-Panvel Highway,Severe,2024-08-03,11:00,2024-08-03 11:00:00,Rain,Truck,medium
930,18.925214,72.914894,Marine Drive,Severe,2022-10-21,05:00,2022-10-21 05:00:00,Fog,Car,low
931,18.932939,72.810683,Marine Drive,Minor,2022-07-27,09:00,2022-07-27 09:00:00,Fog,Auto,low
932,19.205697,72.724728,SV Road Andheri,Fatal,2023-04-15,22:00,2023-04-15 22:00:00,Fog,Auto,medium
933,19.056898,72.795955,Linking Road Bandra,Minor,2023-07-04,16:00,2023-07-04 16:00:00,Fog,Bus,low
934,18.827753,72.980092,Marine Drive,Fatal,2023-12-10,00:00,2023-12-10 00:00:00,Fog,Auto,low
935,18.873282,72.740643,Marine Drive,Severe,2023-09-23,07:00,2023-09-23 07:00:00,Rain,Car,low
936,18.891777,72.716139,Marine Drive,Minor,2024-12-18,05:00,2024-12-18 05:00:00,Rain,Truck,low
937,19.213969,72.804161,SV Road Andheri,Severe,2023-12-07,17:00,2023-12-07 17:00:00,Rain,Bike,medium
938,18.864493,72.777009,Marine Drive,Minor,2022-03-22,10:00,2022-03-22 10:00:00,Rain,Car,low
939,19.117966,72.700042,SV Road Andheri,Minor,2023-03-04,18:00,2023-03-04 18:00:00,Fog,Bike,medium
940,18.972953,72.843194,Marine Drive,Minor,2024-04-08,23:00,2024-04-08 23:00:00,Rain,Bike,low
941,18.974723,72.717632,Worli Sea Link,Minor,2024-05-22,11:00,2024-05-22 11:00:00,Rain,Truck,medium
942,18.865439,72.714423,Marine Drive,Fatal,2024-09-13,22:00,2024-09-13 22:00:00,Clear,Truck,low
943,18.990957,72.957189,Sion-Panvel Highway,Severe,2024-03-06,21:00,2024-03-06 21:00:00,Clear,Truck,medium
944,19.021852,72.82952,Worli Sea Link,Severe,2023-04-30,05:00,2023-04-30 05:00:00,Fog,Auto,medium
945,19.225264,72.804102,SV Road Andheri,Minor,2023-10-04,01:00,2023-10-04 01:00:00,Fog,Truck,medium
946,19.010854,72.847447,Worli Sea Link,Severe,2022-03-08,23:00,2022-03-08 23:00:00,Rain,Auto,medium
947,19.075696,72.729587,Linking Road Bandra,Minor,2023-06-13,20:00,2023-06-13 20:00:00,Fog,Bike,low
948,19.294191,72.831743,Ghodbunder Road,Minor,2023-10-10,04:00,2023-10-10 04:00:00,Rain,Bus,high
949,18.811836,72.942997,Marine Drive,Minor,2022-03-03,03:00,2022-03-03 03:00:00,Clear,Auto,low
950,19.148112,72.733656,SV Road Andheri,Severe,2023-08-23,21:00,2023-08-23 21:00:00,Clear,Truck,medium
951,18.928425,72.904657,Marine Drive,Minor,2022-06-27,21:00,2022-06-27 21:00:00,Clear,Bus,low
952,18.832649,72.923626,Marine Drive,Severe,2024-07-25,15:00,2024-07-25 15:00:00,Fog,Truck,low
953,19.131464,72.759884,SV Road Andheri,Minor,2023-08-27,20:00,2023-08-27 20:00:00,Clear,Car,medium
954,19.16215,72.921593,Jogeshwari-Vikhroli Link Road,Fatal,2023-07-05,12:00,2023-07-05 12:00:00,Clear,Bike,high
955,18.944794,72.757577,Marine Drive,Minor,2022-06-26,23:00,2022-06-26 23:00:00,Clear,Car,low
956,19.218161,72.849695,SV Road Andheri,Minor,2022-08-31,07:00,2022-08-31 07:00:00,Clear,Truck,medium
957,19.197607,72.962819,Ghodbunder Road,Minor,2023-09-19,17:00,2023-09-19 17:00:00,Rain,Bus,high
958,18.843399,72.804617,Marine Drive,Minor,2023-05-15,08:00,2023-05-15 08:00:00,Clear,Car,low
959,19.183125,72.906834,Jogeshwari-Vikhroli Link Road,Minor,2024-09-01,18:00,2024-09-01 18:00:00,Fog,Auto,high
960,19.11724,72.758037,SV Road Andheri,Minor,2025-02-22,02:00,2025-02-22 02:00:00,Fog,Truck,medium
961,18.859654,72.78127,Marine Drive,Severe,2022-05-14,23:00,2022-05-14 23:00:00,Clear,Auto,low
962,18.813249,72.741021,Marine Drive,Minor,2022-06-14,11:00,2022-06-14 11:00:00,Rain,Bus,low
963,19.038915,72.749488,Worli Sea Link,Minor,2025-01-11,14:00,2025-01-11 14:00:00,Fog,Bus,medium
964,18.998617,72.734364,Worli Sea Link,Severe,2022-03-05,02:00,2022-03-05 02:00:00,Clear,Bike,medium
965,19.01059,72.857945,Worli Sea Link,Severe,2022-02-02,16:00,2022-02-02 16:00:00,Clear,Bus,medium
966,19.092708,72.754245,Linking Road Bandra,Minor,2024-11-12,03:00,2024-11-12 03:00:00,Clear,Bus,low
967,19.184388,72.822402,SV Road Andheri,Minor,2024-07-13,16:00,2024-07-13 16:00:00,Clear,Auto,medium
968,18.884448,72.721281,Marine Drive,Severe,2023-12-04,22:00,2023-12-04 22:00:00,Clear,Bike,low
969,18.84478,72.884068,Marine Drive,Severe,2024-07-03,19:00,2024-07-03 19:00:00,Clear,Auto,low
970,19.055151,72.811759,Linking Road Bandra,Severe,2022-08-20,01:00,2022-08-20 01:00:00,Rain,Bus,low
971,19.261113,72.815462,SV Road Andheri,Minor,2024-02-21,13:00,2024-02-21 13:00:00,Clear,Auto,medium
972,19.084725,72.738147,Linking Road Bandra,Minor,2025-03-31,16:00,2025-03-31 16:00:00,Rain,Auto,low
973,19.068667,72.785116,Linking Road Bandra,Severe,2024-06-05,18:00,2024-06-05 18:00:00,Clear,Car,low
974,19.138477,72.954467,Jogeshwari-Vikhroli Link Road,Minor,2023-06-22,16:00,2023-06-22 16:00:00,Clear,Auto,high
975,19.029791,72.728512,Worli Sea Link,Minor,2024-05-11,00:00,2024-05-11 00:00:00,Fog,Truck,medium
976,19.053083,72.919646,Sion-Panvel Highway,Fatal,2023-03-06,17:00,2023-03-06 17:00:00,Fog,Auto,medium
977,18.947837,72.81234,Marine Drive,Fatal,2022-08-31,02:00,2022-08-31 02:00:00,Clear,Truck,low
978,18.887933,72.734909,Marine Drive,Severe,2023-04-19,23:00,2023-04-19 23:00:00,Clear,Car,low
979,19.010017,72.845977,Worli Sea Link,Severe,2023-01-03,22:00,2023-01-03 22:00:00,Fog,Car,medium
980,19.020643,72.894863,Sion-Panvel Highway,Severe,2023-09-15,07:00,2023-09-15 07:00:00,Fog,Car,medium
981,19.064717,72.858536,Linking Road Bandra,Minor,2022-02-01,11:00,2022-02-01 11:00:00,Rain,Truck,low
982,19.114333,72.840597,SV Road Andheri,Minor,2023-03-11,20:00,2023-03-11 20:00:00,Clear,Car,medium
983,19.13834,72.857542,Western Express Highway,Minor,2025-01-18,17:00,2025-01-18 17:00:00,Clear,Bus,high
984,18.921454,72.929479,Marine Drive,Minor,2022-10-28,13:00,2022-10-28 13:00:00,Fog,Bike,low
985,19.196264,72.776816,SV Road Andheri,Minor,2023-02-09,21:00,2023-02-09 21:00:00,Clear,Truck,medium
986,19.131219,72.927133,Jogeshwari-Vikhroli Link Road,Severe,2023-06-18,20:00,2023-06-18 20:00:00,Rain,Car,high
987,19.161703,72.959452,Jogeshwari-Vikhroli Link Road,Minor,2024-07-28,08:00,2024-07-28 08:00:00,Fog,Bike,high
988,18.858292,72.724679,Marine Drive,Minor,2023-04-25,03:00,2023-04-25 03:00:00,Clear,Auto,low
989,19.205152,72.807652,SV Road Andheri,Minor,2022-07-07,01:00,2022-07-07 01:00:00,Rain,Bike,medium
990,18.882265,72.840487,Marine Drive,Fatal,2022-04-10,12:00,2022-04-10 12:00:00,Rain,Auto,low
991,18.996755,72.857324,Worli Sea Link,Fatal,2025-03-14,17:00,2025-03-14 17:00:00,Rain,Car,medium
992,19.132733,72.843132,SV Road Andheri,Fatal,2024-10-24,10:00,2024-10-24 10:00:00,Clear,Car,medium
993,19.048976,72.938333,Sion-Panvel Highway,Fatal,2025-04-07,05:00,2025-04-07 05:00:00,Fog,Bike,medium
994,18.908727,72.800092,Marine Drive,Fatal,2022-07-29,07:00,2022-07-29 07:00:00,Fog,Auto,low
995,18.926941,72.920782,Marine Drive,Minor,2024-09-02,15:00,2024-09-02 15:00:00,Clear,Truck,low
996,19.208952,72.770538,SV Road Andheri,Severe,2025-01-24,23:00,2025-01-24 23:00:00,Fog,Car,medium
997,19.278411,72.895847,Ghodbunder Road,Severe,2022-06-08,04:00,2022-06-08 04:00:00,Clear,Auto,high
998,19.092857,72.944536,Jogeshwari-Vikhroli Link Road,Minor,2022-03-15,18:00,2022-03-15 18:00:00,Fog,Car,high
999,19.212379,72.817203,SV Road Andheri,Minor,2024-08-28,12:00,2024-08-28 12:00:00,Clear,Car,medium
1000,18.901593,72.918623,Marine Drive,Minor,2024-05-22,16:00,2024-05-22 16:00:00,Clear,Car,low
1001,19.145098,72.848285,SV Road Andheri,Severe,2024-12-18,18:00,2024-12-18 18:00:00,Fog,Bike,medium
1002,19.013058,72.841011,Worli Sea Link,Fatal,2022-04-19,06:00,2022-04-19 06:00:00,Rain,Bus,medium
1003,18.846597,72.860135,Marine Drive,Minor,2023-12-30,13:00,2023-12-30 13:00:00,Fog,Car,low
1004,19.27622,72.756876,SV Road Andheri,Severe,2024-07-08,14:00,2024-07-08 14:00:00,Rain,Bus,medium
1005,18.895097,72.874627,Marine Drive,Fatal,2022-04-26,18:00,2022-04-26 18:00:00,Clear,Bike,low
1006,19.250334,72.877818,Ghodbunder Road,Minor,2024-04-07,06:00,2024-04-07 06:00:00,Clear,Truck,high
1007,19.179654,72.726788,SV Road Andheri,Severe,2025-02-14,19:00,2025-02-14 19:00:00,Fog,Truck,medium
1008,19.287505,72.891429,Ghodbunder Road,Severe,2023-07-21,02:00,2023-07-21 02:00:00,Clear,Bike,high
1009,18.989238,72.796737,Worli Sea Link,Minor,2024-09-05,08:00,2024-09-05 08:00:00,Clear,Car,medium
1010,19.04766,72.755821,Worli Sea Link,Severe,2022-12-15,23:00,2022-12-15 23:00:00,Clear,Bike,medium
1011,19.228979,72.971842,Ghodbunder Road,Minor,2025-01-01,06:00,2025-01-01 06:00:00,Fog,Bus,high
1012,18.884961,72.980011,Marine Drive,Severe,2024-01-11,01:00,2024-01-11 01:00:00,Fog,Bike,low
1013,19.107892,72.97905,Jogeshwari-Vikhroli Link Road,Minor,2024-09-19,05:00,2024-09-19 05:00:00,Rain,Auto,high
1014,18.826305,72.891408,Marine Drive,Fatal,2024-06-01,17:00,2024-06-01 17:00:00,Fog,Auto,low
1015,19.223937,72.818824,SV Road Andheri,Minor,2024-02-09,00:00,2024-02-09 00:00:00,Fog,Bike,medium
1016,19.044217,72.710839,Worli Sea Link,Minor,2024-05-06,11:00,2024-05-06 11:00:00,Clear,Bus,medium
1017,19.156232,72.802438,SV Road Andheri,Severe,2023-12-22,02:00,2023-12-22 02:00:00,Rain,Truck,medium
1018,19.19992,72.844467,SV Road Andheri,Severe,2025-02-06,23:00,2025-02-06 23:00:00,Rain,Bike,medium
1019,18.823686,72.872227,Marine Drive,Severe,2025-03-19,01:00,2025-03-19 01:00:00,Clear,Car,low
1020,19.133771,72.986666,Jogeshwari-Vikhroli Link Road,Severe,2022-02-17,22:00,2022-02-17 22:00:00,Clear,Bus,high
1021,18.911046,72.748162,Marine Drive,Minor,2025-02-27,07:00,2025-02-27 07:00:00,Rain,Auto,low
1022,19.141684,72.795524,SV Road Andheri,Severe,2025-01-17,11:00,2025-01-17 11:00:00,Fog,Bike,medium
1023,19.162681,72.947252,Jogeshwari-Vikhroli Link Road,Minor,2022-12-20,19:00,2022-12-20 19:00:00,Clear,Bike,high
1024,18.98703,72.806911,Worli Sea Link,Minor,2024-06-22,03:00,2024-06-22 03:00:00,Clear,Auto,medium
1025,19.165922,72.786315,SV Road Andheri,Minor,2024-02-10,20:00,2024-02-10 20:00:00,Rain,Bike,medium
1026,19.271395,72.850213,Ghodbunder Road,Severe,2025-03-12,12:00,2025-03-12 12:00:00,Fog,Bus,high
1027,18.872139,72.795653,Marine Drive,Minor,2022-02-10,09:00,2022-02-10 09:00:00,Fog,Bus,low
1028,18.961175,72.919031,Sion-Panvel Highway,Minor,2023-09-11,19:00,2023-09-11 19:00:00,Fog,Car,medium
1029,19.082136,72.880185,LBS Marg,Fatal,2024-10-05,20:00,2024-10-05 20:00:00,Fog,Auto,medium
1030,19.107861,72.912744,Jogeshwari-Vikhroli Link Road,Severe,2023-04-01,23:00,2023-04-01 23:00:00,Fog,Bus,high
1031,19.288443,72.876214,Ghodbunder Road,Severe,2022-12-09,04:00,2022-12-09 04:00:00,Clear,Car,high
1032,18.849323,72.909813,Marine Drive,Minor,2022-11-24,13:00,2022-11-24 13:00:00,Fog,Car,low
1033,19.259819,72.748973,SV Road Andheri,Minor,2024-08-25,16:00,2024-08-25 16:00:00,Clear,Auto,medium
1034,19.011583,72.97855,Sion-Panvel Highway,Minor,2025-02-13,04:00,2025-02-13 04:00:00,Clear,Car,medium
1035,18.947817,72.992323,Sion-Panvel Highway,Minor,2022-11-01,18:00,2022-11-01 18:00:00,Fog,Truck,medium
1036,18.810134,72.767275,Marine Drive,Minor,2024-05-21,22:00,2024-05-21 22:00:00,Clear,Bike,low
1037,18.992465,72.928068,Sion-Panvel Highway,Fatal,2022-04-22,09:00,2022-04-22 09:00:00,Clear,Truck,medium
1038,19.170091,72.804644,SV Road Andheri,Minor,2023-08-13,10:00,2023-08-13 10:00:00,Fog,Auto,medium
1039,19.244382,72.728587,SV Road Andheri,Severe,2023-06-23,19:00,2023-06-23 19:00:00,Clear,Auto,medium
1040,19.192118,72.913387,Jogeshwari-Vikhroli Link Road,Minor,2024-08-29,08:00,2024-08-29 08:00:00,Clear,Car,high
1041,19.020706,72.819077,Worli Sea Link,Minor,2025-03-14,12:00,2025-03-14 12:00:00,Rain,Truck,medium
1042,18.901365,72.776479,Marine Drive,Severe,2022-07-09,04:00,2022-07-09 04:00:00,Fog,Truck,low
1043,19.084122,72.807735,Linking Road Bandra,Minor,2022-02-03,06:00,2022-02-03 06:00:00,Fog,Car,low
1044,19.270973,72.759494,SV Road Andheri,Minor,2024-06-02,18:00,2024-06-02 18:00:00,Clear,Bus,medium
1045,18.812181,72.772237,Marine Drive,Fatal,2024-04-25,12:00,2024-04-25 12:00:00,Fog,Car,low
1046,19.295558,72.755364,SV Road Andheri,Severe,2024-03-15,19:00,2024-03-15 19:00:00,Clear,Truck,medium
1047,19.107948,72.973775,Jogeshwari-Vikhroli Link Road,Severe,2024-08-28,00:00,2024-08-28 00:00:00,Fog,Bike,high
1048,18.898228,72.760117,Marine Drive,Severe,2023-11-29,05:00,2023-11-29 05:00:00,Rain,Car,low
1049,19.222013,72.763527,SV Road Andheri,Severe,2025-02-21,17:00,2025-02-21 17:00:00,Rain,Car,medium
1050,19.208631,72.952813,Ghodbunder Road,Minor,2023-06-02,03:00,2023-06-02 03:00:00,Rain,Car,high
1051,19.178402,72.810278,SV Road Andheri,Minor,2023-06-30,08:00,2023-06-30 08:00:00,Rain,Car,medium
1052,19.061038,72.78457,Linking Road Bandra,Severe,2022-07-03,18:00,2022-07-03 18:00:00,Rain,Bike,low
1053,19.19206,72.929314,Ghodbunder Road,Severe,2022-01-31,03:00,2022-01-31 03:00:00,Fog,Bus,high
1054,18.836111,72.869955,Marine Drive,Minor,2023-06-03,15:00,2023-06-03 15:00:00,Fog,Bike,low
1055,19.030947,72.902087,Sion-Panvel Highway,Minor,2024-08-19,21:00,2024-08-19 21:00:00,Rain,Bike,medium
1056,18.998762,72.997326,Sion-Panvel Highway,Minor,2024-09-07,13:00,2024-09-07 13:00:00,Rain,Bike,medium
1057,19.142055,72.761204,SV Road Andheri,Severe,2023-06-30,12:00,2023-06-30 12:00:00,Fog,Auto,medium
1058,19.276684,72.726324,SV Road Andheri,Minor,2022-05-16,13:00,2022-05-16 13:00:00,Fog,Bus,medium
1059,19.139441,72.93676,Jogeshwari-Vikhroli Link Road,Minor,2025-02-22,08:00,2025-02-22 08:00:00,Fog,Car,high
1060,19.058156,72.913512,Sion-Panvel Highway,Minor,2022-12-29,08:00,2022-12-29 08:00:00,Clear,Bike,medium
1061,19.082844,72.811474,Linking Road Bandra,Severe,2024-06-02,15:00,2024-06-02 15:00:00,Clear,Truck,low
1062,18.850668,72.916563,Marine Drive,Severe,2023-01-27,14:00,2023-01-27 14:00:00,Clear,Bike,low
1063,19.072667,72.91354,LBS Marg,Severe,2022-02-20,04:00,2022-02-20 04:00:00,Rain,Bike,medium
1064,18.853944,72.851004,Marine Drive,Minor,2024-06-25,12:00,2024-06-25 12:00:00,Rain,Bike,low
1065,19.208874,72.930473,Ghodbunder Road,Severe,2024-12-08,12:00,2024-12-08 12:00:00,Clear,Truck,high
1066,19.199088,72.897062,Jogeshwari-Vikhroli Link Road,Severe,2022-01-21,20:00,2022-01-21 20:00:00,Rain,Truck,high
1067,19.125683,72.946795,Jogeshwari-Vikhroli Link Road,Minor,2023-11-30,10:00,2023-11-30 10:00:00,Rain,Bike,high
1068,19.040198,72.796517,Worli Sea Link,Fatal,2023-12-03,00:00,2023-12-03 00:00:00,Fog,Bike,medium
1069,18.818838,72.856357,Marine Drive,Severe,2024-02-25,00:00,2024-02-25 00:00:00,Fog,Car,low
1070,19.175291,72.829534,SV Road Andheri,Fatal,2022-02-07,14:00,2022-02-07 14:00:00,Clear,Bike,medium
1071,19.095121,72.816896,SV Road Andheri,Severe,2022-05-07,20:00,2022-05-07 20:00:00,Rain,Auto,medium
1072,19.021183,72.896934,Sion-Panvel Highway,Fatal,2022-01-23,22:00,2022-01-23 22:00:00,Rain,Truck,medium
1073,19.018081,72.832756,Worli Sea Link,Minor,2023-06-05,14:00,2023-06-05 14:00:00,Fog,Truck,medium
1074,18.862349,72.914952,Marine Drive,Severe,2024-03-18,19:00,2024-03-18 19:00:00,Fog,Car,low
1075,18.860895,72.823415,Marine Drive,Severe,2024-08-19,20:00,2024-08-19 20:00:00,Fog,Car,low
1076,19.06506,72.917587,LBS Marg,Minor,2023-09-02,12:00,2023-09-02 12:00:00,Rain,Bus,medium
1077,18.975855,72.733451,Worli Sea Link,Minor,2024-11-22,09:00,2024-11-22 09:00:00,Clear,Auto,medium
1078,19.069518,72.967876,Sion-Panvel Highway,Minor,2024-10-12,17:00,2024-10-12 17:00:00,Fog,Truck,medium
1079,19.212125,72.700017,SV Road Andheri,Severe,2024-03-04,15:00,2024-03-04 15:00:00,Clear,Truck,medium
1080,18.9756,72.799271,Marine Drive,Severe,2022-08-02,12:00,2022-08-02 12:00:00,Rain,Bike,low
1081,18.94107,72.934778,Sion-Panvel Highway,Minor,2023-10-18,02:00,2023-10-18 02:00:00,Rain,Auto,medium
1082,19.049126,72.730474,Worli Sea Link,Minor,2023-10-27,17:00,2023-10-27 17:00:00,Fog,Bike,medium
1083,18.830596,72.96687,Marine Drive,Minor,2024-08-10,01:00,2024-08-10 01:00:00,Rain,Bus,low
1084,18.938018,72.712944,Marine Drive,Severe,2025-03-06,17:00,2025-03-06 17:00:00,Clear,Bus,low
1085,18.878232,72.95921,Marine Drive,Minor,2023-02-09,23:00,2023-02-09 23:00:00,Fog,Bus,low
1086,19.07242,72.812381,Linking Road Bandra,Severe,2024-10-15,01:00,2024-10-15 01:00:00,Rain,Bus,low
1087,19.293871,72.846869,Ghodbunder Road,Severe,2022-01-22,23:00,2022-01-22 23:00:00,Clear,Car,high
1088,19.271874,72.810372,SV Road Andheri,Severe,2023-09-27,07:00,2023-09-27 07:00:00,Fog,Bus,medium
1089,18.903772,72.850569,Marine Drive,Severe,2024-10-26,00:00,2024-10-26 00:00:00,Clear,Bus,low
1090,19.18105,72.835654,SV Road Andheri,Severe,2023-10-29,22:00,2023-10-29 22:00:00,Fog,Car,medium
1091,18.914655,72.924189,Marine Drive,Minor,2024-04-12,00:00,2024-04-12 00:00:00,Rain,Bus,low
1092,18.921788,72.904077,Marine Drive,Severe,2022-07-02,12:00,2022-07-02 12:00:00,Fog,Truck,low
1093,19.01909,72.971511,Sion-Panvel Highway,Severe,2024-01-29,20:00,2024-01-29 20:00:00,Rain,Bike,medium
1094,19.187171,72.844359,SV Road Andheri,Fatal,2025-01-06,00:00,2025-01-06 00:00:00,Clear,Auto,medium
1095,18.992648,72.874607,Worli Sea Link,Minor,2023-11-14,06:00,2023-11-14 06:00:00,Rain,Bus,medium
1096,18.809164,72.788471,Marine Drive,Minor,2023-11-15,14:00,2023-11-15 14:00:00,Rain,Bike,low
1097,18.870104,72.982432,Marine Drive,Fatal,2022-03-12,05:00,2022-03-12 05:00:00,Rain,Car,low
1098,19.163754,72.88243,Jogeshwari-Vikhroli Link Road,Minor,2024-09-16,21:00,2024-09-16 21:00:00,Clear,Bus,high
1099,18.82267,72.79557,Marine Drive,Severe,2025-04-10,21:00,2025-04-10 21:00:00,Rain,Car,low
1100,19.108654,72.913142,Jogeshwari-Vikhroli Link Road,Fatal,2022-10-05,19:00,2022-10-05 19:00:00,Fog,Car,high
1101,19.216488,72.882061,Ghodbunder Road,Minor,2023-12-09,05:00,2023-12-09 05:00:00,Fog,Bike,high
1102,19.159274,72.872739,Western Express Highway,Minor,2022-12-24,18:00,2022-12-24 18:00:00,Rain,Bike,high
1103,18.875526,72.755074,Marine Drive,Minor,2023-12-27,18:00,2023-12-27 18:00:00,Rain,Auto,low
1104,19.083969,72.851387,Linking Road Bandra,Minor,2022-06-21,14:00,2022-06-21 14:00:00,Clear,Bus,low
1105,19.226757,72.815232,SV Road Andheri,Minor,2024-01-27,10:00,2024-01-27 10:00:00,Rain,Auto,medium
1106,18.804474,72.809293,Marine Drive,Severe,2024-06-08,20:00,2024-06-08 20:00:00,Fog,Bike,low
1107,19.262581,72.966943,Ghodbunder Road,Minor,2024-02-15,15:00,2024-02-15 15:00:00,Rain,Bus,high
1108,19.176062,72.898319,Jogeshwari-Vikhroli Link Road,Minor,2023-10-12,17:00,2023-10-12 17:00:00,Clear,Car,high
1109,19.139357,72.737838,SV Road Andheri,Severe,2022-05-13,07:00,2022-05-13 07:00:00,Fog,Truck,medium
1110,19.296634,72.955623,Ghodbunder Road,Minor,2024-11-20,14:00,2024-11-20 14:00:00,Fog,Auto,high
1111,19.24908,72.724323,SV Road Andheri,Minor,2024-08-19,06:00,2024-08-19 06:00:00,Rain,Auto,medium
1112,18.968383,72.702532,Worli Sea Link,Minor,2023-02-13,14:00,2023-02-13 14:00:00,Fog,Car,medium
1113,18.929723,72.854028,Marine Drive,Severe,2023-08-19,15:00,2023-08-19 15:00:00,Clear,Truck,low
1114,19.023519,72.748749,Worli Sea Link,Severe,2023-02-27,06:00,2023-02-27 06:00:00,Clear,Auto,medium
1115,19.209312,72.710224,SV Road Andheri,Severe,2024-06-05,21:00,2024-06-05 21:00:00,Rain,Truck,medium
1116,18.813304,72.738625,Marine Drive,Severe,2022-10-19,15:00,2022-10-19 15:00:00,Clear,Car,low
1117,19.082985,72.857673,Western Express Highway,Severe,2022-11-18,13:00,2022-11-18 13:00:00,Clear,Car,high
1118,18.806488,72.758085,Marine Drive,Minor,2023-02-16,09:00,2023-02-16 09:00:00,Fog,Bike,low
1119,19.096314,72.998227,Jogeshwari-Vikhroli Link Road,Minor,2024-10-17,06:00,2024-10-17 06:00:00,Rain,Bus,high
1120,19.223371,72.764852,SV Road Andheri,Minor,2024-08-08,13:00,2024-08-08 13:00:00,Rain,Bike,medium
1121,19.166853,72.833401,SV Road Andheri,Minor,2023-03-21,13:00,2023-03-21 13:00:00,Fog,Truck,medium
1122,19.114888,72.894776,Eastern Express Highway,Minor,2025-01-02,05:00,2025-01-02 05:00:00,Clear,Car,high
1123,18.890192,72.718273,Marine Drive,Minor,2022-10-25,07:00,2022-10-25 07:00:00,Rain,Bus,low
1124,18.959453,72.826125,Marine Drive,Minor,2024-12-30,06:00,2024-12-30 06:00:00,Clear,Bike,low
1125,19.238566,72.737605,SV Road Andheri,Fatal,2023-05-17,10:00,2023-05-17 10:00:00,Fog,Auto,medium
1126,18.907918,72.998564,Sion-Panvel Highway,Minor,2022-10-27,16:00,2022-10-27 16:00:00,Fog,Bus,medium
1127,19.296185,72.958536,Ghodbunder Road,Minor,2024-10-03,15:00,2024-10-03 15:00:00,Rain,Truck,high
1128,19.186472,72.790038,SV Road Andheri,Minor,2022-03-06,01:00,2022-03-06 01:00:00,Rain,Bike,medium
1129,19.012665,72.904529,Sion-Panvel Highway,Severe,2022-11-16,02:00,2022-11-16 02:00:00,Rain,Truck,medium
1130,19.10197,72.896482,Eastern Express Highway,Severe,2023-09-26,16:00,2023-09-26 16:00:00,Rain,Truck,high
1131,18.892545,72.897746,Marine Drive,Fatal,2024-09-15,13:00,2024-09-15 13:00:00,Rain,Auto,low
1132,19.217875,72.726294,SV Road Andheri,Minor,2024-11-28,17:00,2024-11-28 17:00:00,Clear,Car,medium
1133,18.95519,72.902084,Marine Drive,Severe,2022-04-03,23:00,2022-04-03 23:00:00,Clear,Bus,low
1134,18.93524,72.763774,Marine Drive,Minor,2022-06-30,09:00,2022-06-30 09:00:00,Rain,Bus,low
1135,18.815391,72.873085,Marine Drive,Minor,2024-08-06,10:00,2024-08-06 10:00:00,Clear,Auto,low
1136,19.258241,72.914018,Ghodbunder Road,Severe,2023-07-06,17:00,2023-07-06 17:00:00,Rain,Car,high
1137,19.25712,72.782382,SV Road Andheri,Minor,2022-05-16,21:00,2022-05-16 21:00:00,Clear,Car,medium
1138,19.26108,72.965458,Ghodbunder Road,Minor,2022-06-05,05:00,2022-06-05 05:00:00,Rain,Truck,high
1139,19.081742,72.930886,LBS Marg,Fatal,2022-03-29,18:00,2022-03-29 18:00:00,Fog,Bike,medium
1140,19.224746,72.784148,SV Road Andheri,Severe,2023-08-10,04:00,2023-08-10 04:00:00,Clear,Auto,medium
1141,18.940186,72.937285,Sion-Panvel Highway,Minor,2025-03-02,01:00,2025-03-02 01:00:00,Clear,Auto,medium
1142,19.154905,72.725862,SV Road Andheri,Fatal,2025-02-02,20:00,2025-02-02 20:00:00,Fog,Bus,medium
1143,18.917411,72.747947,Marine Drive,Severe,2022-08-04,11:00,2022-08-04 11:00:00,Rain,Bus,low
1144,18.916419,72.77902,Marine Drive,Severe,2023-07-20,02:00,2023-07-20 02:00:00,Fog,Bus,low
1145,19.142495,72.989805,Jogeshwari-Vikhroli Link Road,Fatal,2023-07-13,08:00,2023-07-13 08:00:00,Clear,Auto,high
1146,18.98839,72.808321,Worli Sea Link,Severe,2024-11-03,03:00,2024-11-03 03:00:00,Clear,Truck,medium
1147,18.960034,72.94707,Sion-Panvel Highway,Fatal,2025-01-24,21:00,2025-01-24 21:00:00,Clear,Bike,medium
1148,19.242336,72.882293,Ghodbunder Road,Minor,2022-09-05,22:00,2022-09-05 22:00:00,Rain,Car,high
1149,19.253956,72.908249,Ghodbunder Road,Fatal,2025-01-12,13:00,2025-01-12 13:00:00,Rain,Bus,high
1150,19.240119,72.752847,SV Road Andheri,Minor,2024-02-29,01:00,2024-02-29 01:00:00,Rain,Bus,medium
1151,18.908183,72.919966,Marine Drive,Severe,2024-03-14,22:00,2024-03-14 22:00:00,Rain,Bike,low
1152,19.286524,72.799553,SV Road Andheri,Severe,2023-01-24,22:00,2023-01-24 22:00:00,Clear,Bike,medium
1153,18.903404,72.750776,Marine Drive,Minor,2023-08-29,09:00,2023-08-29 09:00:00,Rain,Auto,low
1154,19.206659,72.938459,Ghodbunder Road,Minor,2024-06-29,04:00,2024-06-29 04:00:00,Rain,Bus,high
1155,19.266489,72.750014,SV Road Andheri,Minor,2024-11-12,01:00,2024-11-12 01:00:00,Rain,Bike,medium
1156,18.931684,72.898333,Marine Drive,Minor,2024-06-22,18:00,2024-06-22 18:00:00,Clear,Bus,low
1157,19.032309,72.789002,Worli Sea Link,Minor,2023-10-03,08:00,2023-10-03 08:00:00,Clear,Auto,medium
1158,18.938008,72.850197,Marine Drive,Severe,2022-12-27,10:00,2022-12-27 10:00:00,Fog,Auto,low
1159,19.206415,72.934419,Ghodbunder Road,Minor,2024-03-01,03:00,2024-03-01 03:00:00,Fog,Auto,high
1160,19.22481,72.812369,SV Road Andheri,Minor,2023-03-13,08:00,2023-03-13 08:00:00,Clear,Bus,medium
1161,18.966169,72.722275,Marine Drive,Fatal,2023-11-20,02:00,2023-11-20 02:00:00,Fog,Car,low
1162,18.970168,72.809615,Marine Drive,Severe,2023-06-15,16:00,2023-06-15 16:00:00,Fog,Bike,low
1163,19.206858,72.750135,SV Road Andheri,Severe,2024-12-29,08:00,2024-12-29 08:00:00,Rain,Bus,medium
1164,18.895444,72.813869,Marine Drive,Severe,2024-07-31,08:00,2024-07-31 08:00:00,Rain,Auto,low
1165,19.26434,72.807461,SV Road Andheri,Minor,2023-09-20,02:00,2023-09-20 02:00:00,Clear,Bus,medium
1166,19.038833,72.762577,Worli Sea Link,Minor,2022-02-21,02:00,2022-02-21 02:00:00,Rain,Car,medium
1167,19.240357,72.908235,Ghodbunder Road,Minor,2024-08-19,16:00,2024-08-19 16:00:00,Fog,Auto,high
1168,19.287673,72.78735,SV Road Andheri,Severe,2024-06-27,17:00,2024-06-27 17:00:00,Fog,Car,medium
1169,19.040981,72.954568,Sion-Panvel Highway,Severe,2023-04-11,13:00,2023-04-11 13:00:00,Fog,Bus,medium
1170,19.263501,72.752642,SV Road Andheri,Severe,2022-01-17,20:00,2022-01-17 20:00:00,Fog,Truck,medium
1171,18.830388,72.899743,Marine Drive,Fatal,2024-03-18,21:00,2024-03-18 21:00:00,Rain,Bus,low
1172,19.032102,72.763405,Worli Sea Link,Minor,2024-05-01,08:00,2024-05-01 08:00:00,Clear,Bike,medium
1173,19.169531,72.783464,SV Road Andheri,Minor,2024-08-20,07:00,2024-08-20 07:00:00,Clear,Truck,medium
1174,19.266124,72.748205,SV Road Andheri,Minor,2024-03-27,07:00,2024-03-27 07:00:00,Fog,Bike,medium
1175,19.130301,72.926755,Jogeshwari-Vikhroli Link Road,Minor,2023-02-23,13:00,2023-02-23 13:00:00,Fog,Bike,high
1176,19.166802,72.836181,SV Road Andheri,Severe,2023-12-29,16:00,2023-12-29 16:00:00,Clear,Auto,medium
1177,18.807451,72.789565,Marine Drive,Fatal,2022-05-14,18:00,2022-05-14 18:00:00,Rain,Bus,low
1178,19.273654,72.931683,Ghodbunder Road,Minor,2023-10-09,06:00,2023-10-09 06:00:00,Fog,Bus,high
1179,19.058998,72.756002,Worli Sea Link,Severe,2022-03-07,22:00,2022-03-07 22:00:00,Clear,Car,medium
1180,19.275409,72.768204,SV Road Andheri,Minor,2024-07-07,18:00,2024-07-07 18:00:00,Fog,Bike,medium
1181,19.053266,72.96064,Sion-Panvel Highway,Minor,2022-05-28,20:00,2022-05-28 20:00:00,Fog,Bus,medium
1182,19.27023,72.787317,SV Road Andheri,Minor,2023-08-17,01:00,2023-08-17 01:00:00,Rain,Bike,medium
1183,19.022423,72.937536,Sion-Panvel Highway,Minor,2023-05-25,19:00,2023-05-25 19:00:00,Rain,Bus,medium
1184,19.067886,72.96648,Sion-Panvel Highway,Severe,2024-05-09,05:00,2024-05-09 05:00:00,Clear,Truck,medium
1185,19.274906,72.907754,Ghodbunder Road,Severe,2022-08-05,02:00,2022-08-05 02:00:00,Rain,Truck,high
1186,18.816038,72.839697,Marine Drive,Minor,2025-03-28,15:00,2025-03-28 15:00:00,Clear,Bike,low
1187,19.019708,72.750172,Worli Sea Link,Fatal,2024-02-07,12:00,2024-02-07 12:00:00,Clear,Car,medium
1188,19.055049,72.896228,LBS Marg,Fatal,2023-03-31,22:00,2023-03-31 22:00:00,Clear,Bike,medium
1189,19.295018,72.88831,Ghodbunder Road,Severe,2022-03-31,06:00,2022-03-31 06:00:00,Clear,Auto,high
1190,18.905998,72.873597,Marine Drive,Severe,2025-03-14,17:00,2025-03-14 17:00:00,Fog,Car,low
1191,19.194957,72.742008,SV Road Andheri,Fatal,2023-12-02,18:00,2023-12-02 18:00:00,Fog,Auto,medium
1192,19.284505,72.970092,Ghodbunder Road,Minor,2025-01-15,14:00,2025-01-15 14:00:00,Rain,Auto,high
1193,18.976155,72.81326,Marine Drive,Fatal,2024-03-02,16:00,2024-03-02 16:00:00,Fog,Bus,low
1194,19.085095,72.831953,Linking Road Bandra,Severe,2025-03-06,03:00,2025-03-06 03:00:00,Clear,Auto,low
1195,19.076651,72.740287,Linking Road Bandra,Minor,2022-06-25,17:00,2022-06-25 17:00:00,Rain,Car,low
1196,19.014926,72.999285,Sion-Panvel Highway,Minor,2023-02-25,15:00,2023-02-25 15:00:00,Clear,Bike,medium
1197,19.000242,72.873193,Worli Sea Link,Minor,2022-07-14,02:00,2022-07-14 02:00:00,Rain,Bike,medium
1198,19.05955,72.824667,Linking Road Bandra,Minor,2025-04-06,08:00,2025-04-06 08:00:00,Rain,Truck,low
1199,18.882457,72.794931,Marine Drive,Severe,2022-11-28,11:00,2022-11-28 11:00:00,Fog,Bike,low
1200,18.81023,72.898616,Marine Drive,Severe,2022-01-22,17:00,2022-01-22 17:00:00,Rain,Auto,low
1201,19.235034,72.800737,SV Road Andheri,Severe,2023-08-29,23:00,2023-08-29 23:00:00,Fog,Auto,medium
1202,19.153473,72.764242,SV Road Andheri,Minor,2022-03-12,13:00,2022-03-12 13:00:00,Rain,Bike,medium
1203,18.88703,72.958568,Marine Drive,Severe,2022-05-23,14:00,2022-05-23 14:00:00,Clear,Bus,low
1204,19.26752,72.869028,Ghodbunder Road,Severe,2023-07-20,13:00,2023-07-20 13:00:00,Clear,Bus,high
1205,19.269968,72.7726,SV Road Andheri,Minor,2024-03-06,20:00,2024-03-06 20:00:00,Rain,Truck,medium
1206,19.025778,72.932363,Sion-Panvel Highway,Minor,2023-11-21,20:00,2023-11-21 20:00:00,Rain,Auto,medium
1207,19.161768,72.985104,Ghodbunder Road,Severe,2025-03-29,05:00,2025-03-29 05:00:00,Clear,Bus,high
1208,18.916277,72.843772,Marine Drive,Minor,2025-02-15,16:00,2025-02-15 16:00:00,Fog,Truck,low
1209,18.904937,72.920143,Marine Drive,Minor,2025-04-03,11:00,2025-04-03 11:00:00,Clear,Bike,low
1210,18.835136,72.821608,Marine Drive,Severe,2023-07-09,18:00,2023-07-09 18:00:00,Clear,Bike,low
1211,18.926172,72.990266,Sion-Panvel Highway,Minor,2025-04-11,12:00,2025-04-11 12:00:00,Rain,Bike,medium
1212,19.161411,72.753133,SV Road Andheri,Severe,2025-01-29,01:00,2025-01-29 01:00:00,Clear,Truck,medium
1213,18.882392,72.892159,Marine Drive,Minor,2024-06-07,04:00,2024-06-07 04:00:00,Clear,Auto,low
1214,18.844428,72.964501,Marine Drive,Minor,2025-02-23,08:00,2025-02-23 08:00:00,Clear,Bus,low
1215,18.954299,72.963914,Sion-Panvel Highway,Severe,2023-09-03,02:00,2023-09-03 02:00:00,Rain,Auto,medium
1216,19.03145,72.778227,Worli Sea Link,Severe,2022-11-26,07:00,2022-11-26 07:00:00,Clear,Bike,medium
1217,19.149786,72.961837,Jogeshwari-Vikhroli Link Road,Minor,2022-05-27,13:00,2022-05-27 13:00:00,Clear,Car,high
1218,19.240419,72.738406,SV Road Andheri,Severe,2022-06-08,13:00,2022-06-08 13:00:00,Clear,Bike,medium
1219,18.858692,72.878689,Marine Drive,Minor,2024-10-19,17:00,2024-10-19 17:00:00,Fog,Car,low
1220,19.041973,72.981,Sion-Panvel Highway,Minor,2024-04-01,03:00,2024-04-01 03:00:00,Fog,Bus,medium
1221,19.103548,72.848574,SV Road Andheri,Minor,2023-01-25,03:00,2023-01-25 03:00:00,Clear,Car,medium
1222,19.221475,72.993609,Ghodbunder Road,Severe,2023-06-24,08:00,2023-06-24 08:00:00,Clear,Truck,high
1223,18.919932,72.867836,Marine Drive,Minor,2024-06-06,23:00,2024-06-06 23:00:00,Fog,Bike,low
1224,18.83438,72.988298,Marine Drive,Minor,2025-04-10,11:00,2025-04-10 11:00:00,Rain,Bike,low
1225,19.258231,72.93509,Ghodbunder Road,Minor,2022-08-13,14:00,2022-08-13 14:00:00,Fog,Car,high
1226,19.24941,72.821019,SV Road Andheri,Minor,2024-02-13,20:00,2024-02-13 20:00:00,Rain,Bike,medium
1227,19.151031,72.964445,Jogeshwari-Vikhroli Link Road,Severe,2022-06-08,18:00,2022-06-08 18:00:00,Rain,Bike,high
1228,18.954791,72.736981,Marine Drive,Minor,2022-06-24,12:00,2022-06-24 12:00:00,Fog,Car,low
1229,18.842533,72.713355,Marine Drive,Minor,2024-04-23,07:00,2024-04-23 07:00:00,Rain,Car,low
1230,18.956393,72.896668,Marine Drive,Minor,2023-10-20,11:00,2023-10-20 11:00:00,Rain,Car,low
1231,19.020858,72.893666,Sion-Panvel Highway,Severe,2022-05-30,02:00,2022-05-30 02:00:00,Fog,Bike,medium
1232,18.919511,72.926724,Marine Drive,Minor,2022-01-02,12:00,2022-01-02 12:00:00,Fog,Truck,low
1233,18.998833,72.956395,Sion-Panvel Highway,Fatal,2022-10-20,13:00,2022-10-20 13:00:00,Rain,Car,medium
1234,19.066633,72.875352,LBS Marg,Minor,2024-07-26,06:00,2024-07-26 06:00:00,Rain,Auto,medium
1235,18.90785,72.954598,Marine Drive,Severe,2022-03-07,07:00,2022-03-07 07:00:00,Rain,Bus,low
1236,18.991549,72.859646,Worli Sea Link,Severe,2023-03-10,03:00,2023-03-10 03:00:00,Clear,Bike,medium
1237,19.095004,72.949722,Jogeshwari-Vikhroli Link Road,Fatal,2023-01-16,22:00,2023-01-16 22:00:00,Rain,Bus,high
1238,18.879186,72.954325,Marine Drive,Minor,2022-04-21,08:00,2022-04-21 08:00:00,Rain,Bike,low
1239,19.178887,72.915208,Jogeshwari-Vikhroli Link Road,Severe,2022-06-07,22:00,2022-06-07 22:00:00,Rain,Truck,high
1240,19.114014,72.729528,SV Road Andheri,Minor,2022-07-10,02:00,2022-07-10 02:00:00,Clear,Car,medium
1241,18.875955,72.71801,Marine Drive,Minor,2022-08-21,16:00,2022-08-21 16:00:00,Fog,Auto,low
1242,19.041731,72.717233,Worli Sea Link,Severe,2023-09-16,18:00,2023-09-16 18:00:00,Clear,Car,medium
1243,18.9544,72.894337,Marine Drive,Severe,2022-01-12,21:00,2022-01-12 21:00:00,Rain,Bike,low
1244,19.180227,72.7324,SV Road Andheri,Severe,2022-03-16,00:00,2022-03-16 00:00:00,Fog,Bus,medium
1245,18.86941,72.888254,Marine Drive,Minor,2023-11-21,17:00,2023-11-21 17:00:00,Clear,Car,low
1246,18.808175,72.796087,Marine Drive,Fatal,2023-07-24,22:00,2023-07-24 22:00:00,Rain,Bus,low
1247,18.817358,72.897625,Marine Drive,Severe,2024-05-09,21:00,2024-05-09 21:00:00,Fog,Bike,low
1248,19.115819,72.912588,Jogeshwari-Vikhroli Link Road,Severe,2023-02-04,05:00,2023-02-04 05:00:00,Rain,Car,high
1249,19.229129,72.844103,SV Road Andheri,Minor,2025-02-01,03:00,2025-02-01 03:00:00,Rain,Car,medium
1250,18.975157,72.919611,Sion-Panvel Highway,Severe,2022-04-21,16:00,2022-04-21 16:00:00,Clear,Bike,medium
1251,19.131531,72.82523,SV Road Andheri,Minor,2022-07-08,17:00,2022-07-08 17:00:00,Clear,Auto,medium
1252,18.86681,72.875679,Marine Drive,Severe,2022-10-01,00:00,2022-10-01 00:00:00,Fog,Bus,low
1253,18.985841,72.772347,Worli Sea Link,Minor,2023-05-08,14:00,2023-05-08 14:00:00,Fog,Auto,medium
1254,19.122459,72.848337,SV Road Andheri,Severe,2022-05-31,16:00,2022-05-31 16:00:00,Fog,Auto,medium
1255,18.833118,72.944462,Marine Drive,Minor,2023-02-28,02:00,2023-02-28 02:00:00,Fog,Car,low
1256,19.170593,72.8862,Jogeshwari-Vikhroli Link Road,Minor,2022-02-01,10:00,2022-02-01 10:00:00,Rain,Bus,high
1257,19.106252,72.960447,Jogeshwari-Vikhroli Link Road,Severe,2023-09-11,12:00,2023-09-11 12:00:00,Clear,Bus,high
1258,19.218544,72.850045,SV Road Andheri,Minor,2024-11-06,19:00,2024-11-06 19:00:00,Rain,Bus,medium
1259,19.151512,72.842724,SV Road Andheri,Severe,2025-03-10,05:00,2025-03-10 05:00:00,Clear,Bus,medium
1260,18.813417,72.968551,Marine Drive,Minor,2022-10-31,10:00,2022-10-31 10:00:00,Clear,Car,low
1261,18.953458,72.708413,Marine Drive,Severe,2022-08-06,03:00,2022-08-06 03:00:00,Rain,Bus,low
1262,18.910447,72.968916,Sion-Panvel Highway,Fatal,2024-07-22,20:00,2024-07-22 20:00:00,Fog,Truck,medium
1263,18.98904,72.874637,Worli Sea Link,Minor,2024-12-14,16:00,2024-12-14 16:00:00,Clear,Bus,medium
1264,19.198309,72.741042,SV Road Andheri,Fatal,2025-04-10,14:00,2025-04-10 14:00:00,Rain,Auto,medium
1265,19.069189,72.802527,Linking Road Bandra,Minor,2022-08-08,13:00,2022-08-08 13:00:00,Clear,Auto,low
1266,19.003503,72.96569,Sion-Panvel Highway,Severe,2024-10-03,09:00,2024-10-03 09:00:00,Clear,Bus,medium
1267,18.860626,72.898751,Marine Drive,Minor,2022-09-08,19:00,2022-09-08 19:00:00,Fog,Bike,low
1268,18.883083,72.828458,Marine Drive,Minor,2022-11-09,08:00,2022-11-09 08:00:00,Rain,Bus,low
1269,19.073941,72.902433,LBS Marg,Minor,2024-11-16,03:00,2024-11-16 03:00:00,Clear,Auto,medium
1270,19.025392,72.816933,Worli Sea Link,Minor,2024-04-04,01:00,2024-04-04 01:00:00,Rain,Bike,medium
1271,19.010083,72.996742,Sion-Panvel Highway,Severe,2024-08-31,21:00,2024-08-31 21:00:00,Clear,Bike,medium
1272,19.167559,72.721448,SV Road Andheri,Severe,2023-05-20,04:00,2023-05-20 04:00:00,Rain,Car,medium
1273,19.132754,72.79529,SV Road Andheri,Minor,2024-09-15,23:00,2024-09-15 23:00:00,Rain,Truck,medium
1274,19.109021,72.979954,Jogeshwari-Vikhroli Link Road,Minor,2023-06-22,19:00,2023-06-22 19:00:00,Clear,Bus,high
1275,18.906605,72.734325,Marine Drive,Minor,2024-01-24,11:00,2024-01-24 11:00:00,Rain,Truck,low
1276,19.072452,72.846171,Linking Road Bandra,Minor,2022-02-26,17:00,2022-02-26 17:00:00,Rain,Truck,low
1277,19.120918,72.847889,SV Road Andheri,Fatal,2024-02-03,00:00,2024-02-03 00:00:00,Rain,Truck,medium
1278,19.122107,72.96127,Jogeshwari-Vikhroli Link Road,Minor,2022-04-10,04:00,2022-04-10 04:00:00,Fog,Bus,high
1279,18.857997,72.785323,Marine Drive,Minor,2022-06-28,03:00,2022-06-28 03:00:00,Fog,Car,low
1280,18.80885,72.934661,Marine Drive,Minor,2024-09-01,03:00,2024-09-01 03:00:00,Fog,Truck,low
1281,18.886262,72.817534,Marine Drive,Fatal,2024-05-24,19:00,2024-05-24 19:00:00,Rain,Car,low
1282,18.886764,72.918439,Marine Drive,Minor,2022-11-21,12:00,2022-11-21 12:00:00,Rain,Truck,low
1283,19.037458,72.902615,Sion-Panvel Highway,Severe,2023-08-07,20:00,2023-08-07 20:00:00,Clear,Car,medium
1284,18.812393,72.83209,Marine Drive,Minor,2024-01-17,00:00,2024-01-17 00:00:00,Clear,Auto,low
1285,18.95916,72.93789,Sion-Panvel Highway,Severe,2023-10-09,02:00,2023-10-09 02:00:00,Rain,Bus,medium
1286,18.972089,72.840688,Marine Drive,Fatal,2022-03-16,11:00,2022-03-16 11:00:00,Rain,Bus,low
1287,19.100187,72.81796,SV Road Andheri,Minor,2022-08-21,17:00,2022-08-21 17:00:00,Clear,Car,medium
1288,19.083179,72.89199,LBS Marg,Severe,2022-04-06,23:00,2022-04-06 23:00:00,Fog,Bus,medium
1289,19.193358,72.839725,SV Road Andheri,Severe,2022-10-02,19:00,2022-10-02 19:00:00,Clear,Bike,medium
1290,18.972965,72.786105,Marine Drive,Severe,2024-01-30,18:00,2024-01-30 18:00:00,Rain,Truck,low
1291,18.933996,72.917927,Marine Drive,Severe,2025-04-04,19:00,2025-04-04 19:00:00,Clear,Bus,low
1292,18.999007,72.842082,Worli Sea Link,Minor,2024-08-18,09:00,2024-08-18 09:00:00,Fog,Bike,medium
1293,19.022941,72.906634,Sion-Panvel Highway,Fatal,2023-01-05,17:00,2023-01-05 17:00:00,Fog,Bus,medium
1294,19.108715,72.724588,SV Road Andheri,Minor,2024-03-27,09:00,2024-03-27 09:00:00,Fog,Car,medium
1295,18.81297,72.896672,Marine Drive,Minor,2022-09-27,05:00,2022-09-27 05:00:00,Clear,Bike,low
1296,18.906617,72.709999,Marine Drive,Fatal,2023-05-30,20:00,2023-05-30 20:00:00,Fog,Bike,low
1297,19.273721,72.930088,Ghodbunder Road,Minor,2022-06-14,03:00,2022-06-14 03:00:00,Clear,Truck,high
1298,19.046434,72.811703,Linking Road Bandra,Minor,2025-02-22,16:00,2025-02-22 16:00:00,Rain,Car,low
1299,19.120322,72.899494,Jogeshwari-Vikhroli Link Road,Minor,2025-01-13,06:00,2025-01-13 06:00:00,Clear,Car,high
1300,19.296265,72.906691,Ghodbunder Road,Severe,2024-02-15,17:00,2024-02-15 17:00:00,Rain,Bike,high
1301,18.810226,72.85096,Marine Drive,Severe,2022-05-29,10:00,2022-05-29 10:00:00,Fog,Truck,low
1302,19.176134,72.912013,Jogeshwari-Vikhroli Link Road,Fatal,2023-01-29,16:00,2023-01-29 16:00:00,Rain,Truck,high
1303,19.04061,72.821103,Linking Road Bandra,Minor,2024-02-07,13:00,2024-02-07 13:00:00,Fog,Bike,low
1304,19.125391,72.827118,SV Road Andheri,Severe,2024-08-10,14:00,2024-08-10 14:00:00,Rain,Bike,medium
1305,18.822525,72.968055,Marine Drive,Severe,2022-07-25,06:00,2022-07-25 06:00:00,Rain,Truck,low
1306,19.023632,72.979839,Sion-Panvel Highway,Minor,2022-03-17,15:00,2022-03-17 15:00:00,Fog,Car,medium
1307,18.988214,72.950788,Sion-Panvel Highway,Minor,2022-01-04,15:00,2022-01-04 15:00:00,Fog,Truck,medium
1308,19.005816,72.991177,Sion-Panvel Highway,Minor,2023-05-17,16:00,2023-05-17 16:00:00,Rain,Truck,medium
1309,19.234708,72.781316,SV Road Andheri,Severe,2022-01-24,16:00,2022-01-24 16:00:00,Clear,Truck,medium
1310,19.235294,72.722582,SV Road Andheri,Fatal,2022-07-26,23:00,2022-07-26 23:00:00,Fog,Bus,medium
1311,19.057645,72.768908,Linking Road Bandra,Minor,2025-01-05,05:00,2025-01-05 05:00:00,Clear,Truck,low
1312,18.827879,72.794608,Marine Drive,Minor,2022-08-09,00:00,2022-08-09 00:00:00,Rain,Truck,low
1313,19.274761,72.83523,Ghodbunder Road,Minor,2024-08-20,07:00,2024-08-20 07:00:00,Clear,Car,high
1314,19.269581,72.904571,Ghodbunder Road,Minor,2023-10-27,17:00,2023-10-27 17:00:00,Fog,Bus,high
1315,19.050786,72.951301,Sion-Panvel Highway,Minor,2025-03-11,08:00,2025-03-11 08:00:00,Rain,Bus,medium
1316,18.937155,72.802616,Marine Drive,Severe,2023-10-17,01:00,2023-10-17 01:00:00,Clear,Truck,low
1317,19.220474,72.780046,SV Road Andheri,Severe,2023-03-20,08:00,2023-03-20 08:00:00,Clear,Truck,medium
1318,18.944896,72.809832,Marine Drive,Severe,2024-06-20,14:00,2024-06-20 14:00:00,Clear,Auto,low
1319,18.80477,72.897671,Marine Drive,Severe,2024-10-20,05:00,2024-10-20 05:00:00,Rain,Auto,low
1320,18.961727,72.879753,Marine Drive,Minor,2023-12-29,08:00,2023-12-29 08:00:00,Fog,Auto,low
1321,19.236923,72.938427,Ghodbunder Road,Severe,2022-06-29,14:00,2022-06-29 14:00:00,Fog,Car,high
1322,19.138846,72.7765,SV Road Andheri,Severe,2025-01-12,22:00,2025-01-12 22:00:00,Fog,Bike,medium
1323,19.04111,72.810522,Worli Sea Link,Minor,2024-07-30,21:00,2024-07-30 21:00:00,Fog,Car,medium
1324,19.019227,72.861951,Worli Sea Link,Minor,2022-11-08,15:00,2022-11-08 15:00:00,Clear,Car,medium
1325,19.058451,72.809819,Linking Road Bandra,Minor,2024-02-17,22:00,2024-02-17 22:00:00,Fog,Bike,low
1326,18.961508,72.916112,Sion-Panvel Highway,Severe,2022-01-02,10:00,2022-01-02 10:00:00,Rain,Car,medium
1327,18.994017,72.847385,Worli Sea Link,Minor,2023-07-28,18:00,2023-07-28 18:00:00,Clear,Truck,medium
1328,19.214183,72.876692,Ghodbunder Road,Severe,2022-12-24,04:00,2022-12-24 04:00:00,Fog,Car,high
1329,18.922016,72.758311,Marine Drive,Minor,2024-07-09,05:00,2024-07-09 05:00:00,Fog,Bus,low
1330,19.041702,72.755135,Worli Sea Link,Fatal,2023-01-08,01:00,2023-01-08 01:00:00,Fog,Auto,medium
1331,19.237377,72.981215,Ghodbunder Road,Minor,2024-06-05,03:00,2024-06-05 03:00:00,Fog,Truck,high
1332,19.218986,72.739876,SV Road Andheri,Fatal,2025-02-22,08:00,2025-02-22 08:00:00,Rain,Auto,medium
1333,19.155983,72.752529,SV Road Andheri,Minor,2022-11-28,18:00,2022-11-28 18:00:00,Fog,Auto,medium
1334,19.047483,72.857571,Linking Road Bandra,Minor,2024-12-07,09:00,2024-12-07 09:00:00,Fog,Bike,low
1335,18.987038,72.856361,Worli Sea Link,Minor,2023-10-11,11:00,2023-10-11 11:00:00,Fog,Bike,medium
1336,18.965463,72.950016,Sion-Panvel Highway,Minor,2023-04-02,21:00,2023-04-02 21:00:00,Fog,Truck,medium
1337,18.86647,72.731025,Marine Drive,Severe,2023-05-16,03:00,2023-05-16 03:00:00,Clear,Truck,low
1338,18.819015,72.996835,Marine Drive,Minor,2022-03-20,05:00,2022-03-20 05:00:00,Rain,Bus,low
1339,18.996701,72.761599,Worli Sea Link,Minor,2024-01-15,15:00,2024-01-15 15:00:00,Clear,Auto,medium
1340,18.958845,72.898124,Marine Drive,Severe,2023-01-22,23:00,2023-01-22 23:00:00,Clear,Truck,low
1341,19.186899,72.848275,SV Road Andheri,Minor,2024-03-18,12:00,2024-03-18 12:00:00,Clear,Auto,medium
1342,19.047728,72.760719,Worli Sea Link,Minor,2022-11-01,13:00,2022-11-01 13:00:00,Rain,Truck,medium
1343,18.871727,72.904854,Marine Drive,Fatal,2024-10-01,07:00,2024-10-01 07:00:00,Rain,Car,low
1344,19.289211,72.927175,Ghodbunder Road,Minor,2025-01-17,22:00,2025-01-17 22:00:00,Fog,Auto,high
1345,19.045544,72.939417,Sion-Panvel Highway,Severe,2025-02-10,19:00,2025-02-10 19:00:00,Rain,Auto,medium
1346,18.802557,72.969749,Marine Drive,Minor,2023-10-20,04:00,2023-10-20 04:00:00,Rain,Auto,low
1347,18.928376,72.958056,Sion-Panvel Highway,Minor,2025-03-13,10:00,2025-03-13 10:00:00,Fog,Bike,medium
1348,19.257301,72.881724,Ghodbunder Road,Fatal,2023-05-30,18:00,2023-05-30 18:00:00,Fog,Auto,high
1349,18.855098,72.773822,Marine Drive,Minor,2023-09-29,07:00,2023-09-29 07:00:00,Fog,Bike,low
1350,18.809966,72.929814,Marine Drive,Severe,2025-01-10,15:00,2025-01-10 15:00:00,Rain,Truck,low
1351,19.29397,72.927912,Ghodbunder Road,Fatal,2024-02-26,18:00,2024-02-26 18:00:00,Fog,Car,high
1352,18.804025,72.922153,Marine Drive,Minor,2022-05-14,03:00,2022-05-14 03:00:00,Fog,Car,low
1353,18.830684,72.724602,Marine Drive,Severe,2025-03-26,08:00,2025-03-26 08:00:00,Fog,Bus,low
1354,19.29457,72.801327,Ghodbunder Road,Minor,2022-01-16,18:00,2022-01-16 18:00:00,Rain,Car,high
1355,18.926619,72.790486,Marine Drive,Fatal,2025-04-10,15:00,2025-04-10 15:00:00,Fog,Truck,low
1356,19.17243,72.996427,Ghodbunder Road,Fatal,2024-03-12,00:00,2024-03-12 00:00:00,Fog,Bike,high
1357,18.848794,72.802408,Marine Drive,Severe,2024-10-18,19:00,2024-10-18 19:00:00,Fog,Bus,low
1358,19.150606,72.961807,Jogeshwari-Vikhroli Link Road,Fatal,2024-05-07,08:00,2024-05-07 08:00:00,Fog,Bike,high
1359,18.917234,72.755711,Marine Drive,Minor,2022-06-25,06:00,2022-06-25 06:00:00,Clear,Bike,low
1360,19.143753,72.818444,SV Road Andheri,Severe,2022-06-09,14:00,2022-06-09 14:00:00,Clear,Car,medium
1361,19.264031,72.713717,SV Road Andheri,Severe,2022-09-06,04:00,2022-09-06 04:00:00,Rain,Auto,medium
1362,19.02637,72.841852,Worli Sea Link,Minor,2024-08-19,07:00,2024-08-19 07:00:00,Fog,Bike,medium
1363,19.135161,72.851561,SV Road Andheri,Fatal,2024-11-09,04:00,2024-11-09 04:00:00,Fog,Auto,medium
1364,18.850964,72.970246,Marine Drive,Minor,2024-09-15,01:00,2024-09-15 01:00:00,Rain,Truck,low
1365,19.200246,72.805725,SV Road Andheri,Minor,2024-06-25,13:00,2024-06-25 13:00:00,Rain,Auto,medium
1366,19.152504,72.913391,Jogeshwari-Vikhroli Link Road,Minor,2024-09-16,03:00,2024-09-16 03:00:00,Rain,Bike,high
1367,18.987828,72.96626,Sion-Panvel Highway,Minor,2022-09-26,22:00,2022-09-26 22:00:00,Clear,Car,medium
1368,18.932388,72.948351,Sion-Panvel Highway,Minor,2022-09-28,16:00,2022-09-28 16:00:00,Clear,Truck,medium
1369,18.920808,72.915916,Marine Drive,Fatal,2025-02-10,15:00,2025-02-10 15:00:00,Clear,Bus,low
1370,19.212989,72.852207,Western Express Highway,Minor,2023-01-17,23:00,2023-01-17 23:00:00,Rain,Bus,high
1371,19.156045,72.79037,SV Road Andheri,Minor,2024-09-16,15:00,2024-09-16 15:00:00,Rain,Auto,medium
1372,18.943778,72.73669,Marine Drive,Severe,2025-01-07,07:00,2025-01-07 07:00:00,Clear,Bike,low
1373,19.046018,72.842496,Linking Road Bandra,Severe,2024-04-11,10:00,2024-04-11 10:00:00,Clear,Bike,low
1374,19.289652,72.795011,SV Road Andheri,Fatal,2025-01-27,19:00,2025-01-27 19:00:00,Clear,Car,medium
1375,19.277706,72.707771,SV Road Andheri,Severe,2022-03-03,11:00,2022-03-03 11:00:00,Fog,Car,medium
1376,19.104992,72.814819,SV Road Andheri,Fatal,2023-04-10,23:00,2023-04-10 23:00:00,Rain,Truck,medium
1377,18.97898,72.864516,Marine Drive,Minor,2023-01-10,01:00,2023-01-10 01:00:00,Fog,Bike,low
1378,19.134064,72.752129,SV Road Andheri,Fatal,2022-06-06,21:00,2022-06-06 21:00:00,Fog,Bus,medium
1379,19.153333,72.829821,SV Road Andheri,Fatal,2023-08-03,08:00,2023-08-03 08:00:00,Clear,Bike,medium
1380,18.893342,72.764966,Marine Drive,Minor,2025-01-12,22:00,2025-01-12 22:00:00,Clear,Bus,low
1381,19.229861,72.911531,Ghodbunder Road,Severe,2023-12-29,15:00,2023-12-29 15:00:00,Clear,Truck,high
1382,18.809871,72.717496,Marine Drive,Severe,2023-12-06,11:00,2023-12-06 11:00:00,Rain,Bus,low
1383,19.210639,72.878024,Jogeshwari-Vikhroli Link Road,Minor,2023-10-16,08:00,2023-10-16 08:00:00,Rain,Auto,high
1384,19.048892,72.896305,LBS Marg,Minor,2024-06-21,14:00,2024-06-21 14:00:00,Clear,Truck,medium
1385,18.89614,72.84605,Marine Drive,Minor,2023-09-18,17:00,2023-09-18 17:00:00,Fog,Car,low
1386,19.122561,72.738403,SV Road Andheri,Minor,2023-05-13,13:00,2023-05-13 13:00:00,Clear,Truck,medium
1387,19.216899,72.725303,SV Road Andheri,Fatal,2022-04-14,23:00,2022-04-14 23:00:00,Clear,Truck,medium
1388,18.925472,72.962057,Sion-Panvel Highway,Severe,2022-07-13,05:00,2022-07-13 05:00:00,Rain,Car,medium
1389,19.123481,72.954959,Jogeshwari-Vikhroli Link Road,Minor,2022-06-09,23:00,2022-06-09 23:00:00,Rain,Auto,high
1390,19.207565,72.991165,Ghodbunder Road,Fatal,2023-01-19,09:00,2023-01-19 09:00:00,Rain,Bike,high
1391,19.287399,72.995109,Ghodbunder Road,Minor,2024-09-25,05:00,2024-09-25 05:00:00,Fog,Bike,high
1392,18.844142,72.887698,Marine Drive,Minor,2024-03-01,15:00,2024-03-01 15:00:00,Rain,Truck,low
1393,19.187048,72.792413,SV Road Andheri,Fatal,2024-04-06,23:00,2024-04-06 23:00:00,Rain,Truck,medium
1394,19.205105,72.990101,Ghodbunder Road,Minor,2022-11-11,12:00,2022-11-11 12:00:00,Fog,Auto,high
1395,19.229705,72.732727,SV Road Andheri,Minor,2023-05-24,20:00,2023-05-24 20:00:00,Fog,Car,medium
1396,18.928886,72.758157,Marine Drive,Severe,2023-05-10,22:00,2023-05-10 22:00:00,Clear,Bike,low
1397,19.256121,72.715999,SV Road Andheri,Fatal,2024-10-25,10:00,2024-10-25 10:00:00,Fog,Truck,medium
1398,19.137239,72.862592,Western Express Highway,Minor,2022-04-25,11:00,2022-04-25 11:00:00,Rain,Car,high
1399,18.867478,72.869463,Marine Drive,Severe,2025-01-25,03:00,2025-01-25 03:00:00,Fog,Bike,low
1400,18.865177,72.888127,Marine Drive,Severe,2023-04-26,13:00,2023-04-26 13:00:00,Rain,Auto,low
1401,19.007471,72.772685,Worli Sea Link,Fatal,2025-04-11,21:00,2025-04-11 21:00:00,Fog,Truck,medium
1402,19.145351,72.872338,Western Express Highway,Severe,2023-05-30,09:00,2023-05-30 09:00:00,Rain,Bike,high
1403,18.809599,72.997181,Marine Drive,Minor,2022-08-17,05:00,2022-08-17 05:00:00,Fog,Bus,low
1404,19.126848,72.870534,Western Express Highway,Minor,2024-04-26,02:00,2024-04-26 02:00:00,Fog,Truck,high
1405,19.181313,72.700444,SV Road Andheri,Severe,2024-05-18,15:00,2024-05-18 15:00:00,Rain,Bus,medium
1406,19.066758,72.744687,Linking Road Bandra,Minor,2024-07-25,06:00,2024-07-25 06:00:00,Rain,Auto,low
1407,18.847077,72.740881,Marine Drive,Minor,2025-03-21,15:00,2025-03-21 15:00:00,Fog,Auto,low
1408,18.885345,72.708129,Marine Drive,Severe,2024-05-05,08:00,2024-05-05 08:00:00,Rain,Car,low
1409,18.954145,72.996446,Sion-Panvel Highway,Minor,2024-10-28,05:00,2024-10-28 05:00:00,Fog,Bike,medium
1410,18.85277,72.735863,Marine Drive,Minor,2023-11-02,17:00,2023-11-02 17:00:00,Rain,Truck,low
1411,19.038916,72.962987,Sion-Panvel Highway,Minor,2022-10-20,22:00,2022-10-20 22:00:00,Rain,Bus,medium
1412,19.285014,72.70978,SV Road Andheri,Minor,2023-09-28,12:00,2023-09-28 12:00:00,Rain,Auto,medium
1413,18.899854,72.971517,Marine Drive,Severe,2023-02-23,06:00,2023-02-23 06:00:00,Fog,Car,low
1414,19.091589,72.75152,Linking Road Bandra,Fatal,2024-04-17,08:00,2024-04-17 08:00:00,Clear,Auto,low
1415,19.2087,72.817645,SV Road Andheri,Minor,2022-11-09,06:00,2022-11-09 06:00:00,Rain,Truck,medium
1416,18.976369,72.71177,Worli Sea Link,Minor,2022-02-16,13:00,2022-02-16 13:00:00,Rain,Car,medium
1417,19.026667,72.766517,Worli Sea Link,Minor,2024-08-07,05:00,2024-08-07 05:00:00,Clear,Car,medium
1418,19.209267,72.827248,SV Road Andheri,Minor,2022-11-18,04:00,2022-11-18 04:00:00,Rain,Bus,medium
1419,19.005726,72.782743,Worli Sea Link,Severe,2025-01-29,08:00,2025-01-29 08:00:00,Clear,Bus,medium
1420,19.255075,72.834843,Ghodbunder Road,Severe,2025-03-04,07:00,2025-03-04 07:00:00,Clear,Car,high
1421,19.025388,72.872386,Linking Road Bandra,Severe,2023-11-15,19:00,2023-11-15 19:00:00,Clear,Bus,low
1422,19.123586,72.905126,Jogeshwari-Vikhroli Link Road,Minor,2023-09-06,15:00,2023-09-06 15:00:00,Rain,Truck,high
1423,18.830123,72.905305,Marine Drive,Severe,2024-08-01,17:00,2024-08-01 17:00:00,Fog,Bike,low
1424,18.870953,72.916253,Marine Drive,Minor,2022-10-12,21:00,2022-10-12 21:00:00,Rain,Car,low
1425,19.147796,72.718988,SV Road Andheri,Severe,2024-04-20,20:00,2024-04-20 20:00:00,Clear,Car,medium
1426,19.192536,72.800966,SV Road Andheri,Minor,2022-02-13,04:00,2022-02-13 04:00:00,Rain,Truck,medium
1427,18.888763,72.933124,Marine Drive,Fatal,2023-03-19,08:00,2023-03-19 08:00:00,Clear,Bike,low
1428,18.915273,72.894832,Marine Drive,Minor,2024-12-06,05:00,2024-12-06 05:00:00,Fog,Car,low
1429,18.926518,72.926122,Marine Drive,Severe,2024-06-05,08:00,2024-06-05 08:00:00,Clear,Truck,low
1430,18.952665,72.932017,Sion-Panvel Highway,Minor,2022-09-05,00:00,2022-09-05 00:00:00,Fog,Auto,medium
1431,18.891533,72.964052,Marine Drive,Minor,2024-04-26,02:00,2024-04-26 02:00:00,Rain,Bus,low
1432,19.097698,72.881205,Eastern Express Highway,Severe,2022-12-11,16:00,2022-12-11 16:00:00,Clear,Bus,high
1433,19.279279,72.735004,SV Road Andheri,Fatal,2023-03-27,23:00,2023-03-27 23:00:00,Fog,Bus,medium
1434,18.930604,72.975494,Sion-Panvel Highway,Minor,2023-11-24,17:00,2023-11-24 17:00:00,Fog,Auto,medium
1435,18.858966,72.809681,Marine Drive,Minor,2022-03-12,01:00,2022-03-12 01:00:00,Rain,Auto,low
1436,19.053919,72.764565,Worli Sea Link,Minor,2022-08-31,23:00,2022-08-31 23:00:00,Fog,Bus,medium
1437,19.055026,72.986276,Sion-Panvel Highway,Minor,2024-01-11,16:00,2024-01-11 16:00:00,Clear,Car,medium
1438,19.238395,72.706153,SV Road Andheri,Severe,2023-01-24,09:00,2023-01-24 09:00:00,Fog,Auto,medium
1439,18.881284,72.778278,Marine Drive,Minor,2022-04-02,06:00,2022-04-02 06:00:00,Clear,Truck,low
1440,18.998451,72.871107,Worli Sea Link,Minor,2025-02-20,05:00,2025-02-20 05:00:00,Clear,Car,medium
1441,19.025583,72.904943,Sion-Panvel Highway,Severe,2022-02-28,21:00,2022-02-28 21:00:00,Rain,Car,medium
1442,18.904483,72.715964,Marine Drive,Minor,2024-02-05,22:00,2024-02-05 22:00:00,Fog,Auto,low
1443,19.138204,72.766592,SV Road Andheri,Severe,2024-08-01,12:00,2024-08-01 12:00:00,Rain,Bike,medium
1444,19.197497,72.878967,Jogeshwari-Vikhroli Link Road,Severe,2024-10-31,17:00,2024-10-31 17:00:00,Fog,Bus,high
1445,18.890139,72.886247,Marine Drive,Severe,2024-11-07,00:00,2024-11-07 00:00:00,Fog,Bus,low
1446,18.878571,72.860749,Marine Drive,Minor,2024-12-26,06:00,2024-12-26 06:00:00,Fog,Bus,low
1447,19.126542,72.725249,SV Road Andheri,Minor,2023-01-31,01:00,2023-01-31 01:00:00,Fog,Bus,medium
1448,19.129212,72.706458,SV Road Andheri,Minor,2022-07-18,00:00,2022-07-18 00:00:00,Rain,Bus,medium
1449,19.24215,72.722819,SV Road Andheri,Minor,2025-02-27,07:00,2025-02-27 07:00:00,Clear,Bus,medium
1450,18.832194,72.776905,Marine Drive,Minor,2022-10-16,08:00,2022-10-16 08:00:00,Fog,Auto,low
1451,18.936906,72.906286,Marine Drive,Minor,2022-04-06,17:00,2022-04-06 17:00:00,Rain,Car,low
1452,19.204686,72.731328,SV Road Andheri,Minor,2024-10-14,02:00,2024-10-14 02:00:00,Fog,Car,medium
1453,19.048745,72.867349,Linking Road Bandra,Minor,2023-05-05,07:00,2023-05-05 07:00:00,Rain,Auto,low
1454,19.249171,72.88792,Ghodbunder Road,Minor,2023-01-18,06:00,2023-01-18 06:00:00,Rain,Bike,high
1455,19.037548,72.809427,Worli Sea Link,Minor,2022-08-09,13:00,2022-08-09 13:00:00,Rain,Auto,medium
1456,18.843729,72.724352,Marine Drive,Minor,2024-08-29,00:00,2024-08-29 00:00:00,Rain,Car,low
1457,19.251459,72.894035,Ghodbunder Road,Severe,2022-08-24,01:00,2022-08-24 01:00:00,Fog,Bus,high
1458,19.18846,72.802874,SV Road Andheri,Severe,2024-04-26,09:00,2024-04-26 09:00:00,Fog,Auto,medium
1459,18.957442,72.926152,Sion-Panvel Highway,Severe,2023-11-13,23:00,2023-11-13 23:00:00,Clear,Auto,medium
1460,18.849608,72.902304,Marine Drive,Severe,2024-01-28,06:00,2024-01-28 06:00:00,Clear,Auto,low
1461,18.957032,72.726379,Marine Drive,Severe,2022-06-02,23:00,2022-06-02 23:00:00,Clear,Auto,low
1462,18.811717,72.826977,Marine Drive,Fatal,2024-04-13,13:00,2024-04-13 13:00:00,Clear,Bike,low
1463,19.052943,72.969263,Sion-Panvel Highway,Minor,2024-01-19,19:00,2024-01-19 19:00:00,Fog,Bike,medium
1464,19.148383,72.900486,Jogeshwari-Vikhroli Link Road,Minor,2023-09-01,03:00,2023-09-01 03:00:00,Fog,Auto,high
1465,19.016761,72.759867,Worli Sea Link,Fatal,2022-07-13,17:00,2022-07-13 17:00:00,Rain,Bus,medium
1466,19.132246,72.803301,SV Road Andheri,Fatal,2022-08-17,01:00,2022-08-17 01:00:00,Rain,Truck,medium
1467,19.286358,72.903938,Ghodbunder Road,Severe,2025-01-22,20:00,2025-01-22 20:00:00,Fog,Auto,high
1468,19.091215,72.862839,Western Express Highway,Severe,2025-03-25,13:00,2025-03-25 13:00:00,Fog,Auto,high
1469,18.957815,72.792349,Marine Drive,Minor,2024-11-06,02:00,2024-11-06 02:00:00,Fog,Auto,low
1470,19.133634,72.755197,SV Road Andheri,Minor,2023-03-05,23:00,2023-03-05 23:00:00,Rain,Bus,medium
1471,19.272998,72.804343,SV Road Andheri,Minor,2023-09-27,04:00,2023-09-27 04:00:00,Clear,Bus,medium
1472,18.989267,72.986224,Sion-Panvel Highway,Minor,2024-07-30,17:00,2024-07-30 17:00:00,Clear,Truck,medium
1473,19.01519,72.798921,Worli Sea Link,Minor,2023-01-20,23:00,2023-01-20 23:00:00,Fog,Bus,medium
1474,19.185226,72.979278,Ghodbunder Road,Minor,2022-06-28,00:00,2022-06-28 00:00:00,Rain,Car,high
1475,19.241906,72.867266,Ghodbunder Road,Minor,2023-07-05,04:00,2023-07-05 04:00:00,Fog,Auto,high
1476,19.07088,72.748905,Linking Road Bandra,Fatal,2024-10-01,11:00,2024-10-01 11:00:00,Clear,Car,low
1477,18.853384,72.781376,Marine Drive,Severe,2022-08-04,07:00,2022-08-04 07:00:00,Fog,Bus,low
1478,18.957198,72.710633,Marine Drive,Minor,2025-02-15,03:00,2025-02-15 03:00:00,Rain,Auto,low
1479,19.08509,72.836426,Linking Road Bandra,Minor,2022-11-24,04:00,2022-11-24 04:00:00,Rain,Auto,low
1480,18.919851,72.916562,Marine Drive,Severe,2022-08-05,14:00,2022-08-05 14:00:00,Rain,Bike,low
1481,19.200669,72.940437,Ghodbunder Road,Minor,2024-07-23,16:00,2024-07-23 16:00:00,Clear,Bus,high
1482,19.249909,72.955355,Ghodbunder Road,Severe,2022-06-10,03:00,2022-06-10 03:00:00,Clear,Auto,high
1483,18.988322,72.803142,Worli Sea Link,Severe,2023-07-03,09:00,2023-07-03 09:00:00,Fog,Bike,medium
1484,19.255576,72.785811,SV Road Andheri,Minor,2024-06-16,20:00,2024-06-16 20:00:00,Clear,Auto,medium
1485,18.938481,72.72616,Marine Drive,Minor,2025-04-04,02:00,2025-04-04 02:00:00,Fog,Truck,low
1486,19.10185,72.744534,SV Road Andheri,Minor,2025-02-13,12:00,2025-02-13 12:00:00,Fog,Truck,medium
1487,19.190457,72.951637,Ghodbunder Road,Minor,2024-09-09,14:00,2024-09-09 14:00:00,Clear,Auto,high
1488,19.158742,72.942709,Jogeshwari-Vikhroli Link Road,Severe,2023-03-03,19:00,2023-03-03 19:00:00,Fog,Truck,high
1489,19.093738,72.715586,Linking Road Bandra,Minor,2022-01-05,21:00,2022-01-05 21:00:00,Rain,Bus,low
1490,19.114869,72.96965,Jogeshwari-Vikhroli Link Road,Minor,2024-10-12,03:00,2024-10-12 03:00:00,Fog,Bike,high
1491,18.909056,72.802092,Marine Drive,Minor,2024-07-06,04:00,2024-07-06 04:00:00,Rain,Auto,low
1492,18.954411,72.873368,Marine Drive,Minor,2022-08-30,05:00,2022-08-30 05:00:00,Clear,Bike,low
1493,19.233322,72.999417,Ghodbunder Road,Minor,2022-10-10,15:00,2022-10-10 15:00:00,Clear,Truck,high
1494,19.228033,72.885382,Ghodbunder Road,Severe,2023-09-21,11:00,2023-09-21 11:00:00,Clear,Bike,high
1495,18.939963,72.747371,Marine Drive,Minor,2023-08-16,17:00,2023-08-16 17:00:00,Fog,Auto,low
1496,18.969257,72.883974,Marine Drive,Minor,2022-03-02,00:00,2022-03-02 00:00:00,Clear,Bus,low
1497,19.015367,72.719017,Worli Sea Link,Severe,2022-05-01,17:00,2022-05-01 17:00:00,Clear,Car,medium
1498,18.936856,72.851748,Marine Drive,Minor,2023-07-06,17:00,2023-07-06 17:00:00,Rain,Bike,low
1499,19.180606,72.991733,Ghodbunder Road,Minor,2022-09-23,05:00,2022-09-23 05:00:00,Fog,Auto,high
1500,19.251089,72.742833,SV Road Andheri,Minor,2023-11-14,03:00,2023-11-14 03:00:00,Clear,Bike,medium
1501,18.875352,72.76487,Marine Drive,Minor,2024-06-23,06:00,2024-06-23 06:00:00,Rain,Auto,low
1502,19.209029,72.90521,Ghodbunder Road,Minor,2023-04-12,17:00,2023-04-12 17:00:00,Clear,Truck,high
1503,19.105672,72.849899,SV Road Andheri,Severe,2024-05-03,22:00,2024-05-03 22:00:00,Fog,Car,medium
1504,18.989713,72.702684,Worli Sea Link,Minor,2022-01-26,16:00,2022-01-26 16:00:00,Rain,Bus,medium
1505,18.821073,72.815852,Marine Drive,Severe,2023-08-03,06:00,2023-08-03 06:00:00,Clear,Truck,low
1506,19.148852,72.844626,SV Road Andheri,Fatal,2022-08-12,16:00,2022-08-12 16:00:00,Fog,Car,medium
1507,18.895689,72.707574,Marine Drive,Minor,2025-01-17,09:00,2025-01-17 09:00:00,Fog,Bike,low
1508,19.06799,72.990873,Sion-Panvel Highway,Severe,2022-11-14,10:00,2022-11-14 10:00:00,Rain,Bike,medium
1509,19.172391,72.96861,Ghodbunder Road,Severe,2023-02-22,11:00,2023-02-22 11:00:00,Clear,Bike,high
1510,19.221989,72.75565,SV Road Andheri,Fatal,2022-06-20,20:00,2022-06-20 20:00:00,Fog,Auto,medium
1511,19.047282,72.842887,Linking Road Bandra,Minor,2023-04-04,11:00,2023-04-04 11:00:00,Clear,Auto,low
1512,19.01126,72.865934,Worli Sea Link,Severe,2023-04-05,10:00,2023-04-05 10:00:00,Clear,Car,medium
1513,19.101199,72.884321,Eastern Express Highway,Fatal,2022-10-19,06:00,2022-10-19 06:00:00,Fog,Bus,high
1514,18.848355,72.763419,Marine Drive,Minor,2025-02-01,08:00,2025-02-01 08:00:00,Fog,Bike,low
1515,18.932894,72.886902,Marine Drive,Fatal,2024-10-30,17:00,2024-10-30 17:00:00,Rain,Bus,low
1516,19.150066,72.816818,SV Road Andheri,Severe,2024-10-14,03:00,2024-10-14 03:00:00,Rain,Truck,medium
1517,19.259252,72.884674,Ghodbunder Road,Severe,2022-10-18,02:00,2022-10-18 02:00:00,Clear,Truck,high
1518,19.148771,72.735587,SV Road Andheri,Severe,2022-08-13,22:00,2022-08-13 22:00:00,Fog,Bike,medium
1519,19.149836,72.869437,Western Express Highway,Minor,2024-09-28,16:00,2024-09-28 16:00:00,Fog,Truck,high
1520,19.100209,72.905476,Eastern Express Highway,Severe,2023-04-23,16:00,2023-04-23 16:00:00,Fog,Car,high
1521,19.197614,72.98405,Ghodbunder Road,Severe,2022-04-05,00:00,2022-04-05 00:00:00,Fog,Auto,high
1522,19.2639,72.985078,Ghodbunder Road,Severe,2022-07-16,11:00,2022-07-16 11:00:00,Fog,Car,high
1523,19.213932,72.925277,Ghodbunder Road,Minor,2022-09-01,09:00,2022-09-01 09:00:00,Clear,Truck,high
1524,18.844484,72.878125,Marine Drive,Minor,2022-04-11,03:00,2022-04-11 03:00:00,Clear,Truck,low
1525,19.22417,72.976958,Ghodbunder Road,Minor,2022-11-18,03:00,2022-11-18 03:00:00,Fog,Bus,high
1526,19.237616,72.869742,Ghodbunder Road,Severe,2022-03-20,18:00,2022-03-20 18:00:00,Clear,Bike,high
1527,19.039141,72.904535,Sion-Panvel Highway,Minor,2024-01-07,03:00,2024-01-07 03:00:00,Clear,Auto,medium
1528,18.887502,72.88621,Marine Drive,Minor,2025-01-24,11:00,2025-01-24 11:00:00,Clear,Truck,low
1529,19.136819,72.927139,Jogeshwari-Vikhroli Link Road,Minor,2023-06-22,02:00,2023-06-22 02:00:00,Fog,Car,high
1530,19.220649,72.918788,Ghodbunder Road,Minor,2025-02-06,15:00,2025-02-06 15:00:00,Rain,Bus,high
1531,19.276303,72.878062,Ghodbunder Road,Severe,2022-03-10,08:00,2022-03-10 08:00:00,Fog,Bus,high
1532,18.994618,72.974203,Sion-Panvel Highway,Minor,2024-01-07,11:00,2024-01-07 11:00:00,Clear,Truck,medium
1533,19.169197,72.857871,Western Express Highway,Minor,2025-03-02,00:00,2025-03-02 00:00:00,Rain,Auto,high
1534,18.876549,72.862898,Marine Drive,Severe,2023-03-08,08:00,2023-03-08 08:00:00,Rain,Bike,low
1535,19.205565,72.706697,SV Road Andheri,Minor,2025-02-17,00:00,2025-02-17 00:00:00,Clear,Truck,medium
1536,19.267682,72.839736,Ghodbunder Road,Severe,2024-06-03,14:00,2024-06-03 14:00:00,Rain,Car,high
1537,18.847127,72.792356,Marine Drive,Severe,2023-05-07,08:00,2023-05-07 08:00:00,Rain,Auto,low
1538,18.834518,72.919763,Marine Drive,Minor,2024-12-12,02:00,2024-12-12 02:00:00,Rain,Bus,low
1539,18.912697,72.810863,Marine Drive,Minor,2023-04-07,00:00,2023-04-07 00:00:00,Rain,Truck,low
1540,18.999897,72.858535,Worli Sea Link,Minor,2023-08-19,14:00,2023-08-19 14:00:00,Fog,Bike,medium
1541,19.188875,72.917339,Jogeshwari-Vikhroli Link Road,Minor,2023-02-04,01:00,2023-02-04 01:00:00,Clear,Car,high
1542,18.835129,72.959698,Marine Drive,Minor,2022-05-28,17:00,2022-05-28 17:00:00,Fog,Auto,low
1543,18.914113,72.95673,Marine Drive,Severe,2022-10-18,02:00,2022-10-18 02:00:00,Fog,Auto,low
1544,18.880619,72.960214,Marine Drive,Minor,2023-05-31,23:00,2023-05-31 23:00:00,Rain,Auto,low
1545,19.105097,72.931982,Jogeshwari-Vikhroli Link Road,Severe,2022-11-25,08:00,2022-11-25 08:00:00,Fog,Truck,high
1546,18.877709,72.819571,Marine Drive,Minor,2024-05-31,05:00,2024-05-31 05:00:00,Clear,Bus,low
1547,18.959423,72.736859,Marine Drive,Minor,2024-01-08,04:00,2024-01-08 04:00:00,Rain,Truck,low
1548,19.233106,72.890056,Ghodbunder Road,Severe,2023-08-09,05:00,2023-08-09 05:00:00,Fog,Truck,high
1549,18.839723,72.827832,Marine Drive,Minor,2022-03-27,15:00,2022-03-27 15:00:00,Fog,Car,low
1550,19.294297,72.833848,Ghodbunder Road,Severe,2022-06-15,13:00,2022-06-15 13:00:00,Clear,Auto,high
1551,19.223127,72.935015,Ghodbunder Road,Minor,2024-12-16,14:00,2024-12-16 14:00:00,Rain,Auto,high
1552,19.285898,72.785999,SV Road Andheri,Severe,2025-03-18,00:00,2025-03-18 00:00:00,Clear,Car,medium
1553,19.104264,72.880283,Eastern Express Highway,Minor,2025-03-31,13:00,2025-03-31 13:00:00,Rain,Bike,high
1554,19.040689,72.816632,Linking Road Bandra,Severe,2022-05-31,23:00,2022-05-31 23:00:00,Clear,Bus,low
1555,19.159443,72.908969,Jogeshwari-Vikhroli Link Road,Minor,2022-02-24,13:00,2022-02-24 13:00:00,Clear,Bus,high
1556,19.062679,72.746987,Worli Sea Link,Severe,2022-07-17,07:00,2022-07-17 07:00:00,Clear,Bus,medium
1557,18.920236,72.831897,Marine Drive,Fatal,2025-03-21,21:00,2025-03-21 21:00:00,Fog,Truck,low
1558,18.86231,72.916443,Marine Drive,Minor,2022-04-30,18:00,2022-04-30 18:00:00,Rain,Truck,low
1559,19.198818,72.744157,SV Road Andheri,Minor,2024-01-14,11:00,2024-01-14 11:00:00,Clear,Bike,medium
1560,19.09865,72.886392,Eastern Express Highway,Minor,2024-01-04,05:00,2024-01-04 05:00:00,Fog,Truck,high
1561,19.215467,72.700613,SV Road Andheri,Severe,2023-01-10,12:00,2023-01-10 12:00:00,Clear,Bike,medium
1562,18.816893,72.909634,Marine Drive,Severe,2024-04-25,14:00,2024-04-25 14:00:00,Clear,Truck,low
1563,19.152034,72.928838,Jogeshwari-Vikhroli Link Road,Minor,2023-09-26,21:00,2023-09-26 21:00:00,Fog,Bus,high
1564,19.143474,72.715303,SV Road Andheri,Minor,2022-05-27,21:00,2022-05-27 21:00:00,Rain,Bus,medium
1565,19.090342,72.849041,SV Road Andheri,Minor,2025-02-18,14:00,2025-02-18 14:00:00,Fog,Auto,medium
1566,19.032017,72.813288,Worli Sea Link,Severe,2022-06-27,01:00,2022-06-27 01:00:00,Clear,Bus,medium
1567,19.036277,72.709641,Worli Sea Link,Minor,2023-08-10,13:00,2023-08-10 13:00:00,Fog,Truck,medium
1568,18.82684,72.783474,Marine Drive,Minor,2023-07-12,21:00,2023-07-12 21:00:00,Rain,Bike,low
1569,18.95462,72.954811,Sion-Panvel Highway,Severe,2024-07-18,17:00,2024-07-18 17:00:00,Clear,Auto,medium
1570,19.034656,72.728216,Worli Sea Link,Minor,2022-04-15,04:00,2022-04-15 04:00:00,Rain,Car,medium
1571,19.050675,72.806869,Linking Road Bandra,Severe,2024-10-28,20:00,2024-10-28 20:00:00,Rain,Truck,low
1572,18.999543,72.721746,Worli Sea Link,Minor,2022-12-28,21:00,2022-12-28 21:00:00,Fog,Truck,medium
1573,18.824439,72.783979,Marine Drive,Minor,2022-07-15,10:00,2022-07-15 10:00:00,Fog,Bus,low
1574,18.891049,72.969834,Marine Drive,Severe,2025-01-27,05:00,2025-01-27 05:00:00,Fog,Bike,low
1575,19.107768,72.863458,Western Express Highway,Minor,2023-11-09,16:00,2023-11-09 16:00:00,Fog,Auto,high
1576,19.184032,72.932308,Ghodbunder Road,Minor,2022-11-02,02:00,2022-11-02 02:00:00,Rain,Bus,high
1577,19.010047,72.88061,Sion-Panvel Highway,Minor,2024-01-05,19:00,2024-01-05 19:00:00,Rain,Car,medium
1578,19.223061,72.998053,Ghodbunder Road,Fatal,2023-11-14,22:00,2023-11-14 22:00:00,Rain,Car,high
1579,18.853662,72.757199,Marine Drive,Severe,2023-05-29,08:00,2023-05-29 08:00:00,Rain,Bike,low
1580,19.0276,72.873461,LBS Marg,Severe,2022-11-14,08:00,2022-11-14 08:00:00,Rain,Bus,medium
1581,18.957474,72.862334,Marine Drive,Minor,2025-04-14,23:00,2025-04-14 23:00:00,Rain,Auto,low
1582,19.25463,72.919409,Ghodbunder Road,Severe,2022-01-28,18:00,2022-01-28 18:00:00,Clear,Truck,high
1583,19.208794,72.960019,Ghodbunder Road,Severe,2022-08-30,21:00,2022-08-30 21:00:00,Rain,Car,high
1584,19.100539,72.909524,Eastern Express Highway,Minor,2022-03-15,22:00,2022-03-15 22:00:00,Rain,Truck,high
1585,19.023652,72.765423,Worli Sea Link,Minor,2025-02-21,23:00,2025-02-21 23:00:00,Clear,Car,medium
1586,19.143427,72.743639,SV Road Andheri,Minor,2023-02-13,01:00,2023-02-13 01:00:00,Clear,Truck,medium
1587,18.811415,72.766424,Marine Drive,Severe,2022-07-25,07:00,2022-07-25 07:00:00,Rain,Car,low
1588,18.926993,72.857212,Marine Drive,Fatal,2022-09-18,12:00,2022-09-18 12:00:00,Clear,Car,low
1589,18.952908,72.863525,Marine Drive,Minor,2024-01-14,00:00,2024-01-14 00:00:00,Fog,Car,low
1590,19.241536,72.744025,SV Road Andheri,Minor,2022-04-22,09:00,2022-04-22 09:00:00,Clear,Bus,medium
1591,18.807009,72.723203,Marine Drive,Minor,2024-06-30,23:00,2024-06-30 23:00:00,Rain,Car,low
1592,19.268169,72.877139,Ghodbunder Road,Minor,2022-07-29,07:00,2022-07-29 07:00:00,Rain,Car,high
1593,18.960283,72.978132,Sion-Panvel Highway,Fatal,2024-08-02,04:00,2024-08-02 04:00:00,Rain,Truck,medium
1594,19.060412,72.845857,Linking Road Bandra,Minor,2025-04-14,16:00,2025-04-14 16:00:00,Fog,Bike,low
1595,19.058856,72.968194,Sion-Panvel Highway,Minor,2022-03-13,22:00,2022-03-13 22:00:00,Fog,Truck,medium
1596,19.210522,72.857748,Western Express Highway,Fatal,2023-10-30,04:00,2023-10-30 04:00:00,Rain,Car,high
1597,18.872763,72.700901,Marine Drive,Minor,2024-07-26,23:00,2024-07-26 23:00:00,Rain,Truck,low
1598,19.248096,72.810277,SV Road Andheri,Minor,2023-03-22,04:00,2023-03-22 04:00:00,Rain,Auto,medium
1599,19.075577,72.847308,Linking Road Bandra,Fatal,2025-01-26,09:00,2025-01-26 09:00:00,Clear,Auto,low
1600,19.15574,72.703426,SV Road Andheri,Minor,2022-01-29,04:00,2022-01-29 04:00:00,Rain,Truck,medium
1601,19.158655,72.961226,Jogeshwari-Vikhroli Link Road,Severe,2022-07-06,17:00,2022-07-06 17:00:00,Fog,Car,high
1602,19.106771,72.870152,Western Express Highway,Severe,2022-12-13,19:00,2022-12-13 19:00:00,Rain,Auto,high
1603,19.075023,72.78698,Linking Road Bandra,Fatal,2023-06-28,03:00,2023-06-28 03:00:00,Rain,Car,low
1604,19.289141,72.769435,SV Road Andheri,Fatal,2022-07-08,12:00,2022-07-08 12:00:00,Fog,Bike,medium
1605,19.254277,72.981219,Ghodbunder Road,Minor,2024-05-16,01:00,2024-05-16 01:00:00,Rain,Bike,high
1606,19.133834,72.964628,Jogeshwari-Vikhroli Link Road,Minor,2022-08-02,03:00,2022-08-02 03:00:00,Fog,Bus,high
1607,18.959934,72.888442,Marine Drive,Severe,2022-05-04,14:00,2022-05-04 14:00:00,Rain,Auto,low
1608,19.127592,72.804404,SV Road Andheri,Minor,2022-11-13,03:00,2022-11-13 03:00:00,Fog,Car,medium
1609,19.274266,72.882203,Ghodbunder Road,Severe,2024-02-16,19:00,2024-02-16 19:00:00,Clear,Bike,high
1610,18.871608,72.972876,Marine Drive,Severe,2022-01-11,06:00,2022-01-11 06:00:00,Fog,Truck,low
1611,19.239931,72.892205,Ghodbunder Road,Severe,2023-02-28,23:00,2023-02-28 23:00:00,Rain,Truck,high
1612,19.272235,72.816307,SV Road Andheri,Fatal,2024-01-11,21:00,2024-01-11 21:00:00,Clear,Bike,medium
1613,18.858559,72.945783,Marine Drive,Minor,2023-11-24,10:00,2023-11-24 10:00:00,Rain,Bike,low
1614,19.040442,72.846075,Linking Road Bandra,Minor,2022-03-31,12:00,2022-03-31 12:00:00,Rain,Car,low
1615,19.08541,72.723999,Linking Road Bandra,Fatal,2023-08-10,00:00,2023-08-10 00:00:00,Fog,Bus,low
1616,19.016608,72.700911,Worli Sea Link,Minor,2024-07-22,03:00,2024-07-22 03:00:00,Rain,Truck,medium
1617,19.281425,72.805939,SV Road Andheri,Minor,2025-01-30,23:00,2025-01-30 23:00:00,Rain,Bus,medium
1618,19.046182,72.996121,Sion-Panvel Highway,Minor,2022-03-07,06:00,2022-03-07 06:00:00,Rain,Car,medium
1619,19.137861,72.718375,SV Road Andheri,Severe,2025-03-19,09:00,2025-03-19 09:00:00,Fog,Auto,medium
1620,18.980842,72.939925,Sion-Panvel Highway,Severe,2022-09-16,13:00,2022-09-16 13:00:00,Rain,Truck,medium
1621,18.922334,72.904991,Marine Drive,Minor,2023-02-07,05:00,2023-02-07 05:00:00,Rain,Car,low
1622,19.054943,72.904033,LBS Marg,Minor,2024-04-06,13:00,2024-04-06 13:00:00,Rain,Truck,medium
1623,19.012887,72.733619,Worli Sea Link,Minor,2024-09-06,13:00,2024-09-06 13:00:00,Clear,Car,medium
1624,19.052861,72.902137,LBS Marg,Minor,2024-10-01,00:00,2024-10-01 00:00:00,Fog,Bike,medium
1625,18.946658,72.948144,Sion-Panvel Highway,Minor,2022-06-05,14:00,2022-06-05 14:00:00,Rain,Car,medium
1626,19.122902,72.731496,SV Road Andheri,Minor,2023-10-12,15:00,2023-10-12 15:00:00,Fog,Truck,medium
1627,19.121712,72.877941,Western Express Highway,Severe,2022-08-05,12:00,2022-08-05 12:00:00,Rain,Truck,high
1628,19.171503,72.758635,SV Road Andheri,Severe,2024-10-31,00:00,2024-10-31 00:00:00,Clear,Auto,medium
1629,19.295398,72.807004,Ghodbunder Road,Minor,2022-02-26,17:00,2022-02-26 17:00:00,Clear,Car,high
1630,19.289213,72.737717,SV Road Andheri,Minor,2024-07-25,01:00,2024-07-25 01:00:00,Rain,Car,medium
1631,18.990386,72.730278,Worli Sea Link,Minor,2025-01-14,10:00,2025-01-14 10:00:00,Rain,Car,medium
1632,18.889289,72.726562,Marine Drive,Minor,2025-01-21,10:00,2025-01-21 10:00:00,Fog,Car,low
1633,18.966264,72.745423,Marine Drive,Severe,2023-12-18,18:00,2023-12-18 18:00:00,Rain,Car,low
1634,19.085795,72.797253,Linking Road Bandra,Minor,2024-10-06,18:00,2024-10-06 18:00:00,Rain,Auto,low
1635,18.928859,72.845944,Marine Drive,Severe,2022-09-24,01:00,2022-09-24 01:00:00,Rain,Bike,low
1636,18.891852,72.701639,Marine Drive,Minor,2024-11-28,12:00,2024-11-28 12:00:00,Clear,Bike,low
1637,18.86381,72.873207,Marine Drive,Minor,2025-04-15,14:00,2025-04-15 14:00:00,Clear,Car,low
1638,18.882852,72.911154,Marine Drive,Fatal,2024-09-20,10:00,2024-09-20 10:00:00,Rain,Car,low
1639,19.161161,72.844085,SV Road Andheri,Fatal,2022-03-24,17:00,2022-03-24 17:00:00,Fog,Auto,medium
1640,19.064795,72.783917,Linking Road Bandra,Minor,2023-04-26,03:00,2023-04-26 03:00:00,Clear,Auto,low
1641,18.98172,72.984854,Sion-Panvel Highway,Severe,2023-03-14,11:00,2023-03-14 11:00:00,Clear,Bus,medium
1642,19.159226,72.871996,Western Express Highway,Minor,2023-03-26,16:00,2023-03-26 16:00:00,Fog,Truck,high
1643,18.980305,72.936352,Sion-Panvel Highway,Minor,2025-03-01,13:00,2025-03-01 13:00:00,Fog,Bike,medium
1644,19.274647,72.751115,SV Road Andheri,Fatal,2024-06-05,13:00,2024-06-05 13:00:00,Clear,Auto,medium
1645,19.096342,72.867169,Western Express Highway,Fatal,2022-08-26,21:00,2022-08-26 21:00:00,Fog,Auto,high
1646,18.952436,72.998742,Sion-Panvel Highway,Severe,2023-10-08,15:00,2023-10-08 15:00:00,Clear,Bike,medium
1647,18.950083,72.717972,Marine Drive,Severe,2025-01-07,04:00,2025-01-07 04:00:00,Clear,Bus,low
1648,19.040949,72.918788,Sion-Panvel Highway,Minor,2024-04-30,12:00,2024-04-30 12:00:00,Fog,Car,medium
1649,19.236727,72.920461,Ghodbunder Road,Severe,2022-09-12,07:00,2022-09-12 07:00:00,Fog,Bike,high
1650,19.23593,72.975866,Ghodbunder Road,Minor,2022-10-16,10:00,2022-10-16 10:00:00,Fog,Car,high
1651,18.974941,72.924228,Sion-Panvel Highway,Minor,2023-01-21,20:00,2023-01-21 20:00:00,Clear,Bus,medium
1652,18.900803,72.700364,Marine Drive,Severe,2022-09-08,17:00,2022-09-08 17:00:00,Rain,Auto,low
1653,18.941003,72.751101,Marine Drive,Severe,2022-06-01,07:00,2022-06-01 07:00:00,Rain,Bike,low
1654,19.067957,72.995966,Sion-Panvel Highway,Minor,2024-10-10,10:00,2024-10-10 10:00:00,Rain,Bike,medium
1655,19.128192,72.725281,SV Road Andheri,Severe,2022-03-06,03:00,2022-03-06 03:00:00,Clear,Car,medium
1656,19.119136,72.911485,Jogeshwari-Vikhroli Link Road,Minor,2024-05-26,05:00,2024-05-26 05:00:00,Fog,Bike,high
1657,18.944077,72.99222,Sion-Panvel Highway,Severe,2022-04-04,22:00,2022-04-04 22:00:00,Fog,Car,medium
1658,18.807358,72.768161,Marine Drive,Severe,2023-01-28,03:00,2023-01-28 03:00:00,Fog,Bus,low
1659,18.866707,72.718183,Marine Drive,Fatal,2023-12-18,05:00,2023-12-18 05:00:00,Clear,Truck,low
1660,18.83893,72.969857,Marine Drive,Minor,2025-03-21,02:00,2025-03-21 02:00:00,Fog,Car,low
1661,19.287514,72.709058,SV Road Andheri,Severe,2024-06-09,23:00,2024-06-09 23:00:00,Fog,Auto,medium
1662,19.11727,72.965853,Jogeshwari-Vikhroli Link Road,Minor,2024-05-28,16:00,2024-05-28 16:00:00,Clear,Car,high
1663,19.238315,72.760265,SV Road Andheri,Minor,2023-03-23,06:00,2023-03-23 06:00:00,Clear,Truck,medium
1664,19.128436,72.739063,SV Road Andheri,Minor,2024-10-10,13:00,2024-10-10 13:00:00,Rain,Bike,medium
1665,18.959162,72.91719,Sion-Panvel Highway,Fatal,2024-09-20,03:00,2024-09-20 03:00:00,Fog,Auto,medium
1666,19.004287,72.835729,Worli Sea Link,Minor,2024-12-17,08:00,2024-12-17 08:00:00,Fog,Auto,medium
1667,18.891978,72.892489,Marine Drive,Minor,2024-09-16,17:00,2024-09-16 17:00:00,Clear,Auto,low
1668,18.802276,72.845037,Marine Drive,Fatal,2024-05-31,02:00,2024-05-31 02:00:00,Rain,Truck,low
1669,19.255232,72.822173,SV Road Andheri,Severe,2022-04-05,12:00,2022-04-05 12:00:00,Clear,Truck,medium
1670,19.054864,72.769545,Worli Sea Link,Fatal,2024-05-02,07:00,2024-05-02 07:00:00,Clear,Truck,medium
1671,18.94214,72.985056,Sion-Panvel Highway,Severe,2024-10-05,00:00,2024-10-05 00:00:00,Rain,Auto,medium
1672,19.276355,72.859827,Ghodbunder Road,Minor,2024-05-23,01:00,2024-05-23 01:00:00,Clear,Car,high
1673,18.877195,72.721978,Marine Drive,Minor,2024-02-29,15:00,2024-02-29 15:00:00,Fog,Bike,low
1674,18.970456,72.768745,Marine Drive,Fatal,2024-10-20,12:00,2024-10-20 12:00:00,Fog,Truck,low
1675,19.222779,72.708516,SV Road Andheri,Severe,2022-04-09,19:00,2022-04-09 19:00:00,Rain,Car,medium
1676,19.298409,72.746243,SV Road Andheri,Severe,2023-07-27,20:00,2023-07-27 20:00:00,Fog,Truck,medium
1677,19.09905,72.986923,Jogeshwari-Vikhroli Link Road,Severe,2023-12-07,07:00,2023-12-07 07:00:00,Clear,Auto,high
1678,19.258098,72.990446,Ghodbunder Road,Minor,2025-03-26,12:00,2025-03-26 12:00:00,Fog,Bus,high
1679,19.242429,72.803996,SV Road Andheri,Severe,2024-12-08,19:00,2024-12-08 19:00:00,Clear,Bike,medium
1680,19.167225,72.933596,Jogeshwari-Vikhroli Link Road,Minor,2023-03-18,18:00,2023-03-18 18:00:00,Clear,Car,high
1681,19.128123,72.796911,SV Road Andheri,Fatal,2024-05-22,19:00,2024-05-22 19:00:00,Fog,Bike,medium
1682,19.021739,72.763649,Worli Sea Link,Severe,2024-07-19,01:00,2024-07-19 01:00:00,Clear,Bike,medium
1683,19.010531,72.834823,Worli Sea Link,Minor,2025-04-10,11:00,2025-04-10 11:00:00,Clear,Bike,medium
1684,18.824178,72.740388,Marine Drive,Severe,2022-12-28,08:00,2022-12-28 08:00:00,Clear,Bus,low
1685,18.928704,72.841711,Marine Drive,Minor,2024-01-13,18:00,2024-01-13 18:00:00,Fog,Bike,low
1686,19.249351,72.814526,SV Road Andheri,Minor,2024-03-27,07:00,2024-03-27 07:00:00,Fog,Bus,medium
1687,19.29365,72.889846,Ghodbunder Road,Fatal,2025-01-14,04:00,2025-01-14 04:00:00,Fog,Car,high
1688,19.235729,72.951098,Ghodbunder Road,Minor,2022-11-05,17:00,2022-11-05 17:00:00,Clear,Car,high
1689,18.92896,72.867818,Marine Drive,Minor,2024-12-04,02:00,2024-12-04 02:00:00,Fog,Bike,low
1690,19.257705,72.904127,Ghodbunder Road,Minor,2024-01-15,13:00,2024-01-15 13:00:00,Clear,Car,high
1691,19.127952,72.88604,Eastern Express Highway,Fatal,2024-01-10,11:00,2024-01-10 11:00:00,Clear,Bus,high
1692,19.292952,72.822273,Ghodbunder Road,Fatal,2023-02-20,20:00,2023-02-20 20:00:00,Fog,Bus,high
1693,18.982099,72.803561,Worli Sea Link,Severe,2024-10-26,23:00,2024-10-26 23:00:00,Clear,Auto,medium
1694,19.121843,72.709509,SV Road Andheri,Severe,2024-09-06,19:00,2024-09-06 19:00:00,Rain,Bus,medium
1695,19.014002,72.821403,Worli Sea Link,Minor,2023-02-09,07:00,2023-02-09 07:00:00,Rain,Car,medium
1696,18.999516,72.999248,Sion-Panvel Highway,Minor,2022-09-04,00:00,2022-09-04 00:00:00,Clear,Bus,medium
1697,19.288748,72.902301,Ghodbunder Road,Minor,2024-11-02,03:00,2024-11-02 03:00:00,Fog,Bike,high
1698,19.068805,72.904734,LBS Marg,Minor,2024-01-25,15:00,2024-01-25 15:00:00,Fog,Auto,medium
1699,19.042368,72.943337,Sion-Panvel Highway,Severe,2023-03-26,03:00,2023-03-26 03:00:00,Fog,Truck,medium
1700,18.894966,72.965677,Marine Drive,Severe,2023-02-21,23:00,2023-02-21 23:00:00,Clear,Bus,low
1701,19.121101,72.759244,SV Road Andheri,Severe,2024-09-13,18:00,2024-09-13 18:00:00,Fog,Car,medium
1702,19.15589,72.902933,Jogeshwari-Vikhroli Link Road,Minor,2024-11-12,01:00,2024-11-12 01:00:00,Fog,Auto,high
1703,19.074105,72.908916,LBS Marg,Severe,2022-08-28,05:00,2022-08-28 05:00:00,Fog,Bike,medium
1704,18.845187,72.994243,Marine Drive,Minor,2022-06-18,12:00,2022-06-18 12:00:00,Rain,Car,low
1705,18.959554,72.802993,Marine Drive,Minor,2024-07-04,20:00,2024-07-04 20:00:00,Fog,Auto,low
1706,19.101168,72.765209,SV Road Andheri,Severe,2022-01-06,02:00,2022-01-06 02:00:00,Clear,Auto,medium
1707,19.159579,72.883274,Jogeshwari-Vikhroli Link Road,Severe,2024-11-06,09:00,2024-11-06 09:00:00,Clear,Bike,high
1708,19.29956,72.754093,SV Road Andheri,Minor,2022-04-12,00:00,2022-04-12 00:00:00,Clear,Car,medium
1709,18.809891,72.744464,Marine Drive,Minor,2024-01-12,06:00,2024-01-12 06:00:00,Clear,Car,low
1710,19.092356,72.759578,Linking Road Bandra,Minor,2022-12-14,02:00,2022-12-14 02:00:00,Rain,Car,low
1711,18.991833,72.813291,Worli Sea Link,Minor,2022-10-19,09:00,2022-10-19 09:00:00,Fog,Bus,medium
1712,18.897521,72.874385,Marine Drive,Minor,2023-05-19,06:00,2023-05-19 06:00:00,Clear,Truck,low
1713,19.018849,72.856349,Worli Sea Link,Minor,2023-03-24,02:00,2023-03-24 02:00:00,Rain,Truck,medium
1714,18.864587,72.933218,Marine Drive,Minor,2023-11-27,19:00,2023-11-27 19:00:00,Fog,Bus,low
1715,18.820832,72.998788,Marine Drive,Minor,2024-05-11,14:00,2024-05-11 14:00:00,Rain,Bike,low
1716,19.166684,72.912766,Jogeshwari-Vikhroli Link Road,Severe,2022-01-23,12:00,2022-01-23 12:00:00,Clear,Bus,high
1717,19.186351,72.997583,Ghodbunder Road,Minor,2022-09-04,10:00,2022-09-04 10:00:00,Rain,Truck,high
1718,19.159986,72.701703,SV Road Andheri,Minor,2024-10-27,17:00,2024-10-27 17:00:00,Clear,Bike,medium
1719,19.182932,72.77532,SV Road Andheri,Severe,2022-05-26,22:00,2022-05-26 22:00:00,Clear,Bus,medium
1720,19.212249,72.740184,SV Road Andheri,Severe,2022-04-27,02:00,2022-04-27 02:00:00,Clear,Auto,medium
1721,19.191169,72.932331,Ghodbunder Road,Minor,2023-01-20,19:00,2023-01-20 19:00:00,Fog,Bus,high
1722,18.912478,72.916279,Marine Drive,Minor,2023-12-12,11:00,2023-12-12 11:00:00,Rain,Bike,low
1723,18.832481,72.884977,Marine Drive,Minor,2022-09-24,23:00,2022-09-24 23:00:00,Fog,Auto,low
1724,19.096576,72.854168,Western Express Highway,Severe,2024-06-22,19:00,2024-06-22 19:00:00,Clear,Bike,high
1725,18.933892,72.776566,Marine Drive,Fatal,2023-12-18,12:00,2023-12-18 12:00:00,Rain,Bike,low
1726,19.172533,72.773931,SV Road Andheri,Minor,2022-10-16,23:00,2022-10-16 23:00:00,Rain,Bus,medium
1727,19.064766,72.873877,LBS Marg,Minor,2024-03-31,09:00,2024-03-31 09:00:00,Clear,Truck,medium
1728,19.231665,72.998546,Ghodbunder Road,Severe,2024-08-07,05:00,2024-08-07 05:00:00,Rain,Bus,high
1729,18.937231,72.995171,Sion-Panvel Highway,Fatal,2023-02-18,21:00,2023-02-18 21:00:00,Clear,Car,medium
1730,19.105779,72.895388,Eastern Express Highway,Severe,2023-10-20,03:00,2023-10-20 03:00:00,Fog,Bike,high
1731,19.235807,72.839606,SV Road Andheri,Severe,2023-05-03,14:00,2023-05-03 14:00:00,Fog,Car,medium
1732,18.870528,72.763514,Marine Drive,Minor,2023-10-11,23:00,2023-10-11 23:00:00,Clear,Bike,low
1733,18.822619,72.834401,Marine Drive,Severe,2022-08-09,00:00,2022-08-09 00:00:00,Rain,Car,low
1734,19.273735,72.746829,SV Road Andheri,Fatal,2022-10-01,19:00,2022-10-01 19:00:00,Rain,Bus,medium
1735,18.837483,72.978685,Marine Drive,Minor,2024-02-08,09:00,2024-02-08 09:00:00,Rain,Truck,low
1736,19.159077,72.860338,Western Express Highway,Severe,2022-06-15,01:00,2022-06-15 01:00:00,Rain,Bike,high
1737,19.105878,72.994485,Jogeshwari-Vikhroli Link Road,Fatal,2022-09-08,20:00,2022-09-08 20:00:00,Clear,Truck,high
1738,18.875816,72.83425,Marine Drive,Minor,2023-05-30,08:00,2023-05-30 08:00:00,Clear,Car,low
1739,18.978715,72.836699,Marine Drive,Minor,2024-07-29,20:00,2024-07-29 20:00:00,Clear,Bus,low
1740,19.203022,72.916572,Ghodbunder Road,Minor,2022-05-08,13:00,2022-05-08 13:00:00,Rain,Truck,high
1741,18.948898,72.78365,Marine Drive,Minor,2024-04-24,23:00,2024-04-24 23:00:00,Fog,Auto,low
1742,19.099931,72.872583,Western Express Highway,Minor,2024-04-18,00:00,2024-04-18 00:00:00,Fog,Auto,high
1743,19.152023,72.724926,SV Road Andheri,Minor,2022-11-21,14:00,2022-11-21 14:00:00,Fog,Bike,medium
1744,19.197671,72.874925,Jogeshwari-Vikhroli Link Road,Fatal,2024-10-13,19:00,2024-10-13 19:00:00,Clear,Car,high
1745,18.84887,72.88844,Marine Drive,Minor,2022-01-02,08:00,2022-01-02 08:00:00,Clear,Truck,low
1746,18.972,72.840013,Marine Drive,Minor,2024-04-23,18:00,2024-04-23 18:00:00,Clear,Auto,low
1747,19.219688,72.711827,SV Road Andheri,Severe,2023-11-04,21:00,2023-11-04 21:00:00,Clear,Bus,medium
1748,18.825835,72.712305,Marine Drive,Severe,2023-05-18,18:00,2023-05-18 18:00:00,Rain,Truck,low
1749,19.090684,72.710661,Linking Road Bandra,Severe,2022-08-11,21:00,2022-08-11 21:00:00,Rain,Bus,low
1750,19.003089,72.824011,Worli Sea Link,Minor,2024-04-10,16:00,2024-04-10 16:00:00,Rain,Bus,medium
1751,19.149918,72.898846,Jogeshwari-Vikhroli Link Road,Severe,2023-01-28,21:00,2023-01-28 21:00:00,Clear,Truck,high
1752,19.280405,72.986852,Ghodbunder Road,Severe,2022-04-11,14:00,2022-04-11 14:00:00,Fog,Car,high
1753,18.916339,72.994529,Sion-Panvel Highway,Fatal,2022-06-19,14:00,2022-06-19 14:00:00,Fog,Car,medium
1754,19.157532,72.943445,Jogeshwari-Vikhroli Link Road,Severe,2023-11-22,05:00,2023-11-22 05:00:00,Clear,Car,high
1755,19.186892,72.923086,Ghodbunder Road,Severe,2022-12-31,13:00,2022-12-31 13:00:00,Fog,Car,high
1756,18.938538,72.850227,Marine Drive,Minor,2024-06-13,10:00,2024-06-13 10:00:00,Fog,Bus,low
1757,19.022249,72.95459,Sion-Panvel Highway,Severe,2025-03-28,18:00,2025-03-28 18:00:00,Clear,Bike,medium
1758,19.138076,72.967179,Jogeshwari-Vikhroli Link Road,Minor,2024-04-13,21:00,2024-04-13 21:00:00,Rain,Truck,high
1759,18.863343,72.868283,Marine Drive,Minor,2022-08-25,13:00,2022-08-25 13:00:00,Rain,Bus,low
1760,19.299809,72.786992,SV Road Andheri,Severe,2024-07-26,11:00,2024-07-26 11:00:00,Clear,Bike,medium
1761,19.134686,72.914979,Jogeshwari-Vikhroli Link Road,Minor,2023-01-11,23:00,2023-01-11 23:00:00,Fog,Truck,high
1762,19.02562,72.74614,Worli Sea Link,Minor,2023-12-04,11:00,2023-12-04 11:00:00,Fog,Bus,medium
1763,19.005381,72.916744,Sion-Panvel Highway,Minor,2023-07-25,04:00,2023-07-25 04:00:00,Clear,Truck,medium
1764,19.176904,72.963751,Ghodbunder Road,Severe,2022-01-06,20:00,2022-01-06 20:00:00,Clear,Car,high
1765,19.29767,72.868053,Ghodbunder Road,Minor,2024-11-10,19:00,2024-11-10 19:00:00,Rain,Truck,high
1766,19.095159,72.889724,Eastern Express Highway,Minor,2022-11-15,11:00,2022-11-15 11:00:00,Clear,Auto,high
1767,19.181665,72.900078,Jogeshwari-Vikhroli Link Road,Severe,2024-06-29,07:00,2024-06-29 07:00:00,Fog,Truck,high
1768,19.007013,72.950835,Sion-Panvel Highway,Severe,2022-09-19,11:00,2022-09-19 11:00:00,Fog,Truck,medium
1769,19.027526,72.885389,Sion-Panvel Highway,Minor,2023-11-24,09:00,2023-11-24 09:00:00,Rain,Auto,medium
1770,19.23363,72.989907,Ghodbunder Road,Minor,2024-07-07,22:00,2024-07-07 22:00:00,Fog,Truck,high
1771,18.824056,72.755405,Marine Drive,Minor,2025-03-26,10:00,2025-03-26 10:00:00,Fog,Bus,low
1772,19.265253,72.969321,Ghodbunder Road,Minor,2023-02-20,10:00,2023-02-20 10:00:00,Fog,Bus,high
1773,19.271982,72.851081,Ghodbunder Road,Minor,2023-01-04,06:00,2023-01-04 06:00:00,Clear,Auto,high
1774,19.098926,72.814281,SV Road Andheri,Severe,2022-07-21,15:00,2022-07-21 15:00:00,Fog,Bus,medium
1775,19.08887,72.952682,Jogeshwari-Vikhroli Link Road,Minor,2023-10-02,09:00,2023-10-02 09:00:00,Fog,Truck,high
1776,18.818031,72.844912,Marine Drive,Severe,2024-11-17,21:00,2024-11-17 21:00:00,Rain,Bike,low
1777,19.167274,72.747214,SV Road Andheri,Minor,2024-08-13,09:00,2024-08-13 09:00:00,Clear,Car,medium
1778,18.893902,72.753248,Marine Drive,Severe,2022-05-01,11:00,2022-05-01 11:00:00,Clear,Bike,low
1779,18.956225,72.75495,Marine Drive,Minor,2022-04-16,04:00,2022-04-16 04:00:00,Rain,Auto,low
1780,19.255376,72.7535,SV Road Andheri,Minor,2023-07-13,15:00,2023-07-13 15:00:00,Rain,Bus,medium
1781,18.869886,72.752567,Marine Drive,Minor,2025-03-11,11:00,2025-03-11 11:00:00,Rain,Truck,low
1782,18.978772,72.723506,Worli Sea Link,Fatal,2024-04-21,00:00,2024-04-21 00:00:00,Rain,Car,medium
1783,19.181631,72.742699,SV Road Andheri,Minor,2024-05-11,03:00,2024-05-11 03:00:00,Fog,Truck,medium
1784,18.932385,72.919104,Marine Drive,Minor,2025-01-21,21:00,2025-01-21 21:00:00,Clear,Auto,low
1785,19.124062,72.945039,Jogeshwari-Vikhroli Link Road,Fatal,2024-11-05,19:00,2024-11-05 19:00:00,Clear,Bike,high
1786,19.075139,72.805137,Linking Road Bandra,Minor,2024-04-19,09:00,2024-04-19 09:00:00,Clear,Car,low
1787,18.843654,72.978735,Marine Drive,Minor,2022-04-29,01:00,2022-04-29 01:00:00,Rain,Car,low
1788,18.865736,72.724429,Marine Drive,Severe,2023-01-31,15:00,2023-01-31 15:00:00,Rain,Auto,low
1789,19.026956,72.923117,Sion-Panvel Highway,Severe,2023-05-11,17:00,2023-05-11 17:00:00,Clear,Bus,medium
1790,19.268213,72.766043,SV Road Andheri,Severe,2023-09-07,03:00,2023-09-07 03:00:00,Rain,Car,medium
1791,19.199002,72.706032,SV Road Andheri,Minor,2022-06-24,13:00,2022-06-24 13:00:00,Clear,Truck,medium
1792,19.225929,72.792215,SV Road Andheri,Severe,2024-01-06,06:00,2024-01-06 06:00:00,Clear,Truck,medium
1793,18.810421,72.827649,Marine Drive,Minor,2022-06-05,06:00,2022-06-05 06:00:00,Rain,Car,low
1794,19.084237,72.708962,Linking Road Bandra,Minor,2024-11-04,14:00,2024-11-04 14:00:00,Clear,Bus,low
1795,19.195287,72.892621,Jogeshwari-Vikhroli Link Road,Minor,2024-03-28,12:00,2024-03-28 12:00:00,Clear,Bike,high
1796,19.190656,72.884786,Jogeshwari-Vikhroli Link Road,Minor,2022-01-12,15:00,2022-01-12 15:00:00,Rain,Car,high
1797,19.123108,72.927202,Jogeshwari-Vikhroli Link Road,Severe,2024-09-02,19:00,2024-09-02 19:00:00,Rain,Car,high
1798,19.055433,72.867202,LBS Marg,Minor,2023-06-20,04:00,2023-06-20 04:00:00,Clear,Bus,medium
1799,18.88295,72.789606,Marine Drive,Severe,2024-07-12,14:00,2024-07-12 14:00:00,Clear,Bike,low
1800,19.167791,72.869978,Western Express Highway,Minor,2024-06-04,08:00,2024-06-04 08:00:00,Fog,Car,high
1801,18.841725,72.805883,Marine Drive,Minor,2022-06-03,12:00,2022-06-03 12:00:00,Clear,Car,low
1802,18.873832,72.813055,Marine Drive,Severe,2024-06-17,05:00,2024-06-17 05:00:00,Clear,Truck,low
1803,19.04514,72.752048,Worli Sea Link,Fatal,2022-08-20,23:00,2022-08-20 23:00:00,Clear,Car,medium
1804,18.820943,72.929109,Marine Drive,Minor,2022-12-23,21:00,2022-12-23 21:00:00,Fog,Bike,low
1805,19.174096,72.78629,SV Road Andheri,Minor,2024-11-29,04:00,2024-11-29 04:00:00,Fog,Truck,medium
1806,19.252984,72.818251,SV Road Andheri,Minor,2025-03-28,05:00,2025-03-28 05:00:00,Clear,Bus,medium
1807,19.111741,72.788622,SV Road Andheri,Minor,2022-11-22,12:00,2022-11-22 12:00:00,Fog,Auto,medium
1808,19.071292,72.978573,Sion-Panvel Highway,Minor,2022-07-08,15:00,2022-07-08 15:00:00,Rain,Car,medium
1809,18.938257,72.882144,Marine Drive,Minor,2022-03-15,00:00,2022-03-15 00:00:00,Fog,Truck,low
1810,19.014242,72.949734,Sion-Panvel Highway,Severe,2022-10-24,03:00,2022-10-24 03:00:00,Clear,Bus,medium
1811,18.890519,72.821562,Marine Drive,Severe,2023-01-23,00:00,2023-01-23 00:00:00,Clear,Bus,low
1812,18.842698,72.922003,Marine Drive,Minor,2023-01-23,02:00,2023-01-23 02:00:00,Clear,Auto,low
1813,18.841951,72.910339,Marine Drive,Minor,2024-05-17,22:00,2024-05-17 22:00:00,Clear,Bike,low
1814,18.941912,72.782857,Marine Drive,Severe,2025-02-16,14:00,2025-02-16 14:00:00,Fog,Truck,low
1815,18.888405,72.917023,Marine Drive,Minor,2024-06-16,09:00,2024-06-16 09:00:00,Clear,Bike,low
1816,19.171469,72.786251,SV Road Andheri,Fatal,2022-07-26,10:00,2022-07-26 10:00:00,Rain,Bike,medium
1817,19.132366,72.867251,Western Express Highway,Minor,2024-12-01,03:00,2024-12-01 03:00:00,Fog,Truck,high
1818,19.025393,72.861728,Linking Road Bandra,Severe,2023-11-10,23:00,2023-11-10 23:00:00,Rain,Truck,low
1819,19.079597,72.848139,Linking Road Bandra,Severe,2025-02-06,03:00,2025-02-06 03:00:00,Clear,Auto,low
1820,19.111683,72.877409,Western Express Highway,Minor,2025-02-04,23:00,2025-02-04 23:00:00,Fog,Bus,high
1821,19.001946,72.887391,Sion-Panvel Highway,Severe,2025-02-17,07:00,2025-02-17 07:00:00,Fog,Truck,medium
1822,19.140905,72.944946,Jogeshwari-Vikhroli Link Road,Severe,2022-05-16,01:00,2022-05-16 01:00:00,Fog,Truck,high
1823,19.053628,72.716862,Worli Sea Link,Minor,2024-10-13,06:00,2024-10-13 06:00:00,Fog,Car,medium
1824,18.850385,72.878573,Marine Drive,Minor,2024-03-19,02:00,2024-03-19 02:00:00,Clear,Auto,low
1825,19.054104,72.861045,Linking Road Bandra,Minor,2023-11-25,09:00,2023-11-25 09:00:00,Clear,Bus,low
1826,19.205855,72.721695,SV Road Andheri,Minor,2024-02-04,19:00,2024-02-04 19:00:00,Clear,Bus,medium
1827,18.831115,72.813334,Marine Drive,Minor,2023-12-02,17:00,2023-12-02 17:00:00,Fog,Truck,low
1828,19.237197,72.945096,Ghodbunder Road,Minor,2022-11-26,00:00,2022-11-26 00:00:00,Clear,Bus,high
1829,19.113197,72.854654,Western Express Highway,Fatal,2022-11-30,20:00,2022-11-30 20:00:00,Rain,Bike,high
1830,18.868661,72.773037,Marine Drive,Minor,2024-01-30,20:00,2024-01-30 20:00:00,Clear,Car,low
1831,18.959399,72.765338,Marine Drive,Minor,2023-06-14,23:00,2023-06-14 23:00:00,Fog,Car,low
1832,18.811351,72.943534,Marine Drive,Minor,2024-11-29,03:00,2024-11-29 03:00:00,Rain,Car,low
1833,18.959786,72.98075,Sion-Panvel Highway,Fatal,2025-02-23,08:00,2025-02-23 08:00:00,Clear,Auto,medium
1834,18.859077,72.768922,Marine Drive,Minor,2023-10-09,17:00,2023-10-09 17:00:00,Fog,Car,low
1835,19.084846,72.900856,LBS Marg,Minor,2024-05-29,17:00,2024-05-29 17:00:00,Fog,Auto,medium
1836,19.069025,72.80658,Linking Road Bandra,Fatal,2024-03-12,18:00,2024-03-12 18:00:00,Rain,Bus,low
1837,19.29509,72.952886,Ghodbunder Road,Minor,2023-04-22,14:00,2023-04-22 14:00:00,Clear,Auto,high
1838,19.101975,72.857048,Western Express Highway,Fatal,2022-12-17,22:00,2022-12-17 22:00:00,Rain,Bus,high
1839,19.111769,72.941436,Jogeshwari-Vikhroli Link Road,Severe,2022-05-09,20:00,2022-05-09 20:00:00,Rain,Bus,high
1840,18.970017,72.950242,Sion-Panvel Highway,Minor,2023-07-16,00:00,2023-07-16 00:00:00,Rain,Auto,medium
1841,19.237221,72.897617,Ghodbunder Road,Severe,2024-03-14,08:00,2024-03-14 08:00:00,Clear,Truck,high
1842,18.92161,72.784857,Marine Drive,Fatal,2024-08-05,05:00,2024-08-05 05:00:00,Clear,Auto,low
1843,19.009449,72.824256,Worli Sea Link,Fatal,2022-12-03,10:00,2022-12-03 10:00:00,Fog,Bus,medium
1844,19.154003,72.990093,Ghodbunder Road,Minor,2024-07-02,15:00,2024-07-02 15:00:00,Rain,Truck,high
1845,18.911461,72.912737,Marine Drive,Minor,2023-11-26,03:00,2023-11-26 03:00:00,Clear,Bus,low
1846,18.800049,72.737905,Marine Drive,Severe,2024-03-30,03:00,2024-03-30 03:00:00,Clear,Truck,low
1847,18.898437,72.995198,Sion-Panvel Highway,Severe,2022-11-23,10:00,2022-11-23 10:00:00,Rain,Bike,medium
1848,19.026331,72.792342,Worli Sea Link,Minor,2022-11-14,22:00,2022-11-14 22:00:00,Clear,Car,medium
1849,19.045608,72.772401,Worli Sea Link,Fatal,2023-12-10,14:00,2023-12-10 14:00:00,Rain,Truck,medium
1850,19.253383,72.761699,SV Road Andheri,Minor,2025-03-08,19:00,2025-03-08 19:00:00,Fog,Truck,medium
1851,19.11473,72.802569,SV Road Andheri,Minor,2023-02-17,15:00,2023-02-17 15:00:00,Rain,Car,medium
1852,19.001953,72.983033,Sion-Panvel Highway,Severe,2022-04-25,06:00,2022-04-25 06:00:00,Rain,Truck,medium
1853,18.833042,72.78305,Marine Drive,Minor,2022-08-22,12:00,2022-08-22 12:00:00,Fog,Truck,low
1854,18.881986,72.869101,Marine Drive,Minor,2025-02-02,19:00,2025-02-02 19:00:00,Clear,Car,low
1855,19.032498,72.825365,Worli Sea Link,Fatal,2023-05-05,06:00,2023-05-05 06:00:00,Fog,Bus,medium
1856,19.115464,72.981583,Jogeshwari-Vikhroli Link Road,Fatal,2024-05-04,16:00,2024-05-04 16:00:00,Clear,Car,high
1857,18.968694,72.91192,Sion-Panvel Highway,Minor,2025-01-14,18:00,2025-01-14 18:00:00,Fog,Auto,medium
1858,19.124691,72.871169,Western Express Highway,Minor,2025-03-17,01:00,2025-03-17 01:00:00,Fog,Car,high
1859,18.863126,72.757525,Marine Drive,Fatal,2022-04-05,21:00,2022-04-05 21:00:00,Fog,Truck,low
1860,19.252079,72.855958,Ghodbunder Road,Minor,2022-08-14,18:00,2022-08-14 18:00:00,Fog,Bike,high
1861,19.234203,72.993073,Ghodbunder Road,Minor,2023-10-01,20:00,2023-10-01 20:00:00,Rain,Bus,high
1862,18.907045,72.90432,Marine Drive,Severe,2022-11-25,11:00,2022-11-25 11:00:00,Rain,Bike,low
1863,18.929845,72.78748,Marine Drive,Severe,2024-04-15,06:00,2024-04-15 06:00:00,Clear,Bike,low
1864,19.095646,72.919324,LBS Marg,Minor,2024-12-15,14:00,2024-12-15 14:00:00,Fog,Truck,medium
1865,18.931505,72.905386,Marine Drive,Severe,2024-10-12,19:00,2024-10-12 19:00:00,Clear,Truck,low
1866,18.834321,72.922573,Marine Drive,Minor,2023-03-20,01:00,2023-03-20 01:00:00,Fog,Car,low
1867,19.165522,72.99411,Ghodbunder Road,Minor,2022-10-15,04:00,2022-10-15 04:00:00,Fog,Car,high
1868,19.21876,72.865374,Jogeshwari-Vikhroli Link Road,Severe,2023-12-31,04:00,2023-12-31 04:00:00,Clear,Car,high
1869,19.183703,72.789464,SV Road Andheri,Minor,2023-02-20,02:00,2023-02-20 02:00:00,Fog,Auto,medium
1870,18.831928,72.881817,Marine Drive,Severe,2022-05-26,04:00,2022-05-26 04:00:00,Clear,Car,low
1871,19.199088,72.932352,Ghodbunder Road,Minor,2024-07-17,01:00,2024-07-17 01:00:00,Rain,Auto,high
1872,18.862776,72.815453,Marine Drive,Minor,2022-11-28,08:00,2022-11-28 08:00:00,Clear,Bus,low
1873,18.997186,72.920022,Sion-Panvel Highway,Minor,2022-01-15,00:00,2022-01-15 00:00:00,Rain,Bike,medium
1874,18.900408,72.762346,Marine Drive,Minor,2024-05-31,20:00,2024-05-31 20:00:00,Rain,Car,low
1875,19.236581,72.795263,SV Road Andheri,Severe,2023-12-29,12:00,2023-12-29 12:00:00,Rain,Bus,medium
1876,19.22295,72.763673,SV Road Andheri,Severe,2025-01-22,11:00,2025-01-22 11:00:00,Clear,Auto,medium
1877,19.031839,72.846529,Linking Road Bandra,Minor,2024-12-22,02:00,2024-12-22 02:00:00,Clear,Bus,low
1878,19.096916,72.837606,SV Road Andheri,Minor,2023-06-22,00:00,2023-06-22 00:00:00,Fog,Bike,medium
1879,18.952531,72.972986,Sion-Panvel Highway,Minor,2022-09-15,01:00,2022-09-15 01:00:00,Rain,Car,medium
1880,19.084048,72.944595,Sion-Panvel Highway,Minor,2023-05-13,03:00,2023-05-13 03:00:00,Clear,Bike,medium
1881,19.138072,72.734598,SV Road Andheri,Minor,2024-03-05,13:00,2024-03-05 13:00:00,Clear,Bus,medium
1882,19.18557,72.900891,Jogeshwari-Vikhroli Link Road,Minor,2023-04-09,23:00,2023-04-09 23:00:00,Fog,Car,high
1883,19.146776,72.971948,Jogeshwari-Vikhroli Link Road,Severe,2025-02-11,15:00,2025-02-11 15:00:00,Fog,Truck,high
1884,18.870028,72.926468,Marine Drive,Minor,2022-08-01,16:00,2022-08-01 16:00:00,Rain,Car,low
1885,18.974368,72.840405,Marine Drive,Minor,2024-04-14,12:00,2024-04-14 12:00:00,Fog,Bike,low
1886,19.148494,72.99599,Ghodbunder Road,Minor,2022-06-22,20:00,2022-06-22 20:00:00,Fog,Truck,high
1887,18.923948,72.897362,Marine Drive,Minor,2023-10-13,13:00,2023-10-13 13:00:00,Clear,Car,low
1888,18.926321,72.898119,Marine Drive,Severe,2023-07-29,13:00,2023-07-29 13:00:00,Fog,Car,low
1889,18.999533,72.782926,Worli Sea Link,Minor,2022-05-11,21:00,2022-05-11 21:00:00,Fog,Auto,medium
1890,19.085711,72.985273,Sion-Panvel Highway,Fatal,2023-06-11,03:00,2023-06-11 03:00:00,Rain,Bus,medium
1891,19.043527,72.876895,LBS Marg,Minor,2025-01-05,08:00,2025-01-05 08:00:00,Fog,Car,medium
1892,18.960444,72.79387,Marine Drive,Fatal,2022-09-05,07:00,2022-09-05 07:00:00,Fog,Car,low
1893,19.03864,72.991916,Sion-Panvel Highway,Minor,2025-01-17,05:00,2025-01-17 05:00:00,Fog,Bike,medium
1894,19.286902,72.878563,Ghodbunder Road,Minor,2024-04-21,14:00,2024-04-21 14:00:00,Fog,Bike,high
1895,19.031315,72.852622,Linking Road Bandra,Severe,2023-07-08,01:00,2023-07-08 01:00:00,Clear,Auto,low
1896,18.90567,72.842087,Marine Drive,Severe,2024-11-29,18:00,2024-11-29 18:00:00,Rain,Auto,low
1897,18.955791,72.830928,Marine Drive,Minor,2023-11-11,11:00,2023-11-11 11:00:00,Fog,Truck,low
1898,19.238705,72.957714,Ghodbunder Road,Minor,2024-07-01,11:00,2024-07-01 11:00:00,Rain,Car,high
1899,19.109979,72.753235,SV Road Andheri,Minor,2024-04-12,04:00,2024-04-12 04:00:00,Fog,Bike,medium
1900,19.274523,72.906129,Ghodbunder Road,Minor,2023-10-23,05:00,2023-10-23 05:00:00,Clear,Auto,high
1901,19.028307,72.857249,Linking Road Bandra,Minor,2022-08-06,20:00,2022-08-06 20:00:00,Rain,Bus,low
1902,18.859821,72.859816,Marine Drive,Minor,2022-10-08,21:00,2022-10-08 21:00:00,Clear,Bike,low
1903,19.102206,72.851905,SV Road Andheri,Fatal,2024-10-07,02:00,2024-10-07 02:00:00,Rain,Auto,medium
1904,18.936184,72.864281,Marine Drive,Severe,2024-08-02,20:00,2024-08-02 20:00:00,Clear,Car,low
1905,18.869717,72.917628,Marine Drive,Minor,2022-09-25,13:00,2022-09-25 13:00:00,Clear,Bus,low
1906,19.266576,72.901723,Ghodbunder Road,Severe,2025-03-13,19:00,2025-03-13 19:00:00,Fog,Bike,high
1907,18.902806,72.932328,Marine Drive,Fatal,2024-06-10,06:00,2024-06-10 06:00:00,Fog,Bike,low
1908,19.229758,72.991276,Ghodbunder Road,Severe,2022-02-06,02:00,2022-02-06 02:00:00,Fog,Truck,high
1909,18.916141,72.957456,Marine Drive,Severe,2024-04-06,03:00,2024-04-06 03:00:00,Fog,Bike,low
1910,19.259871,72.960115,Ghodbunder Road,Minor,2024-08-11,05:00,2024-08-11 05:00:00,Fog,Bus,high
1911,19.17212,72.860083,Western Express Highway,Minor,2022-08-14,01:00,2022-08-14 01:00:00,Fog,Auto,high
1912,19.188609,72.864737,Western Express Highway,Severe,2023-11-02,21:00,2023-11-02 21:00:00,Clear,Car,high
1913,19.24297,72.790163,SV Road Andheri,Fatal,2025-03-16,03:00,2025-03-16 03:00:00,Rain,Auto,medium
1914,19.03575,72.936248,Sion-Panvel Highway,Severe,2023-06-11,15:00,2023-06-11 15:00:00,Clear,Bus,medium
1915,19.168734,72.933938,Jogeshwari-Vikhroli Link Road,Minor,2022-12-04,14:00,2022-12-04 14:00:00,Rain,Bus,high
1916,19.040528,72.801718,Worli Sea Link,Fatal,2024-08-10,04:00,2024-08-10 04:00:00,Clear,Truck,medium
1917,18.960732,72.967228,Sion-Panvel Highway,Severe,2022-09-01,03:00,2022-09-01 03:00:00,Clear,Bus,medium
1918,18.909173,72.960124,Marine Drive,Minor,2022-08-23,23:00,2022-08-23 23:00:00,Rain,Auto,low
1919,19.218229,72.984354,Ghodbunder Road,Severe,2022-09-20,00:00,2022-09-20 00:00:00,Rain,Auto,high
1920,18.840213,72.833236,Marine Drive,Minor,2023-10-11,08:00,2023-10-11 08:00:00,Clear,Truck,low
1921,19.047617,72.848085,Linking Road Bandra,Minor,2023-11-04,11:00,2023-11-04 11:00:00,Fog,Bike,low
1922,19.2403,72.798392,SV Road Andheri,Minor,2023-02-20,15:00,2023-02-20 15:00:00,Rain,Bus,medium
1923,19.136358,72.807212,SV Road Andheri,Minor,2024-04-04,00:00,2024-04-04 00:00:00,Clear,Car,medium
1924,19.226491,72.944559,Ghodbunder Road,Minor,2022-02-16,16:00,2022-02-16 16:00:00,Clear,Truck,high
1925,19.108709,72.848282,SV Road Andheri,Severe,2024-05-09,18:00,2024-05-09 18:00:00,Clear,Truck,medium
1926,19.019592,72.92553,Sion-Panvel Highway,Minor,2023-09-23,15:00,2023-09-23 15:00:00,Rain,Bus,medium
1927,19.267828,72.759985,SV Road Andheri,Minor,2024-12-03,19:00,2024-12-03 19:00:00,Clear,Car,medium
1928,19.153419,72.80886,SV Road Andheri,Minor,2024-01-26,13:00,2024-01-26 13:00:00,Clear,Bike,medium
1929,18.842984,72.894628,Marine Drive,Minor,2024-01-09,22:00,2024-01-09 22:00:00,Clear,Car,low
1930,19.161339,72.854846,Western Express Highway,Minor,2024-12-04,05:00,2024-12-04 05:00:00,Fog,Bus,high
1931,19.226407,72.700972,SV Road Andheri,Minor,2023-03-29,05:00,2023-03-29 05:00:00,Fog,Truck,medium
1932,18.814503,72.955842,Marine Drive,Minor,2024-09-20,07:00,2024-09-20 07:00:00,Fog,Truck,low
1933,19.094755,72.704071,Linking Road Bandra,Severe,2025-04-14,23:00,2025-04-14 23:00:00,Rain,Truck,low
1934,18.811139,72.966504,Marine Drive,Severe,2022-08-13,17:00,2022-08-13 17:00:00,Fog,Truck,low
1935,18.936936,72.744066,Marine Drive,Minor,2023-03-25,11:00,2023-03-25 11:00:00,Fog,Car,low
1936,18.905826,72.939777,Marine Drive,Severe,2023-12-21,03:00,2023-12-21 03:00:00,Clear,Auto,low
1937,19.110906,72.753623,SV Road Andheri,Severe,2023-01-31,23:00,2023-01-31 23:00:00,Fog,Bike,medium
1938,18.913088,72.923167,Marine Drive,Fatal,2022-03-02,16:00,2022-03-02 16:00:00,Rain,Truck,low
1939,18.814462,72.71495,Marine Drive,Minor,2024-11-04,00:00,2024-11-04 00:00:00,Clear,Truck,low
1940,19.050849,72.742237,Worli Sea Link,Severe,2022-02-11,08:00,2022-02-11 08:00:00,Clear,Bus,medium
1941,19.262268,72.878294,Ghodbunder Road,Severe,2022-03-14,19:00,2022-03-14 19:00:00,Rain,Auto,high
1942,18.809469,72.820226,Marine Drive,Severe,2022-01-17,00:00,2022-01-17 00:00:00,Fog,Bike,low
1943,19.010382,72.776401,Worli Sea Link,Minor,2023-01-08,14:00,2023-01-08 14:00:00,Fog,Auto,medium
1944,18.93649,72.768839,Marine Drive,Fatal,2024-01-15,06:00,2024-01-15 06:00:00,Rain,Bike,low
1945,19.100967,72.775303,SV Road Andheri,Severe,2023-07-28,06:00,2023-07-28 06:00:00,Clear,Bike,medium
1946,19.122926,72.773305,SV Road Andheri,Severe,2022-09-19,02:00,2022-09-19 02:00:00,Clear,Bike,medium
1947,19.024096,72.915548,Sion-Panvel Highway,Minor,2024-06-16,15:00,2024-06-16 15:00:00,Rain,Car,medium
1948,19.267593,72.869052,Ghodbunder Road,Minor,2024-09-24,19:00,2024-09-24 19:00:00,Clear,Bike,high
1949,19.018311,72.930837,Sion-Panvel Highway,Severe,2023-02-27,07:00,2023-02-27 07:00:00,Rain,Car,medium
1950,19.239761,72.776708,SV Road Andheri,Minor,2023-10-22,21:00,2023-10-22 21:00:00,Clear,Truck,medium
1951,19.154335,72.759581,SV Road Andheri,Minor,2023-12-29,19:00,2023-12-29 19:00:00,Fog,Auto,medium
1952,19.261375,72.95935,Ghodbunder Road,Minor,2022-02-17,20:00,2022-02-17 20:00:00,Rain,Auto,high
1953,18.966877,72.834683,Marine Drive,Severe,2024-12-10,11:00,2024-12-10 11:00:00,Fog,Auto,low
1954,18.875878,72.91135,Marine Drive,Minor,2024-08-28,07:00,2024-08-28 07:00:00,Rain,Car,low
1955,19.08252,72.853215,Linking Road Bandra,Severe,2022-10-29,07:00,2022-10-29 07:00:00,Rain,Auto,low
1956,19.29245,72.865484,Ghodbunder Road,Severe,2022-05-03,11:00,2022-05-03 11:00:00,Clear,Bus,high
1957,18.879148,72.993986,Marine Drive,Fatal,2022-11-08,04:00,2022-11-08 04:00:00,Clear,Bus,low
1958,18.945195,72.756368,Marine Drive,Minor,2023-06-02,00:00,2023-06-02 00:00:00,Clear,Bike,low
1959,18.820661,72.919548,Marine Drive,Minor,2024-01-13,12:00,2024-01-13 12:00:00,Clear,Car,low
1960,19.079327,72.981398,Sion-Panvel Highway,Severe,2024-09-01,13:00,2024-09-01 13:00:00,Clear,Auto,medium
1961,18.904168,72.935647,Marine Drive,Fatal,2023-09-14,06:00,2023-09-14 06:00:00,Clear,Bus,low
1962,19.024881,72.766103,Worli Sea Link,Minor,2023-07-26,02:00,2023-07-26 02:00:00,Rain,Truck,medium
1963,19.016895,72.752232,Worli Sea Link,Minor,2022-08-25,14:00,2022-08-25 14:00:00,Rain,Bike,medium
1964,19.089762,72.825363,SV Road Andheri,Fatal,2025-01-28,13:00,2025-01-28 13:00:00,Fog,Truck,medium
1965,18.924339,72.99766,Sion-Panvel Highway,Severe,2024-03-29,21:00,2024-03-29 21:00:00,Clear,Auto,medium
1966,19.05271,72.871576,LBS Marg,Severe,2025-02-04,06:00,2025-02-04 06:00:00,Clear,Truck,medium
1967,19.242158,72.903313,Ghodbunder Road,Minor,2022-05-30,13:00,2022-05-30 13:00:00,Rain,Car,high
1968,19.11872,72.743624,SV Road Andheri,Minor,2022-03-17,15:00,2022-03-17 15:00:00,Rain,Bus,medium
1969,18.918413,72.784002,Marine Drive,Minor,2024-05-26,18:00,2024-05-26 18:00:00,Rain,Bus,low
1970,19.149272,72.863668,Western Express Highway,Severe,2024-04-21,13:00,2024-04-21 13:00:00,Rain,Bus,high
1971,18.995824,72.811426,Worli Sea Link,Severe,2024-05-25,09:00,2024-05-25 09:00:00,Rain,Bike,medium
1972,19.09735,72.763099,SV Road Andheri,Minor,2025-03-08,18:00,2025-03-08 18:00:00,Rain,Bike,medium
1973,19.242333,72.799622,SV Road Andheri,Severe,2022-08-26,05:00,2022-08-26 05:00:00,Fog,Bus,medium
1974,18.90931,72.952301,Marine Drive,Fatal,2023-07-09,23:00,2023-07-09 23:00:00,Clear,Bus,low
1975,19.129541,72.858285,Western Express Highway,Fatal,2024-09-16,13:00,2024-09-16 13:00:00,Fog,Car,high
1976,18.913731,72.80501,Marine Drive,Minor,2024-10-18,03:00,2024-10-18 03:00:00,Clear,Auto,low
1977,19.037878,72.864422,Linking Road Bandra,Severe,2023-04-04,20:00,2023-04-04 20:00:00,Rain,Truck,low
1978,19.239263,72.794906,SV Road Andheri,Minor,2024-07-11,23:00,2024-07-11 23:00:00,Rain,Car,medium
1979,18.885412,72.93077,Marine Drive,Minor,2024-05-04,18:00,2024-05-04 18:00:00,Rain,Truck,low
1980,19.17356,72.866177,Western Express Highway,Minor,2025-03-30,04:00,2025-03-30 04:00:00,Clear,Truck,high
1981,19.28312,72.886084,Ghodbunder Road,Severe,2022-04-27,23:00,2022-04-27 23:00:00,Clear,Bike,high
1982,18.858989,72.746108,Marine Drive,Fatal,2025-04-03,07:00,2025-04-03 07:00:00,Fog,Bike,low
1983,18.995288,72.777826,Worli Sea Link,Severe,2022-11-30,08:00,2022-11-30 08:00:00,Clear,Car,medium
1984,19.121885,72.868234,Western Express Highway,Minor,2025-02-22,18:00,2025-02-22 18:00:00,Rain,Car,high
1985,19.161449,72.70666,SV Road Andheri,Fatal,2023-01-18,13:00,2023-01-18 13:00:00,Rain,Car,medium
1986,19.195272,72.864794,Western Express Highway,Minor,2024-11-05,10:00,2024-11-05 10:00:00,Fog,Car,high
1987,18.919461,72.839199,Marine Drive,Fatal,2022-02-17,02:00,2022-02-17 02:00:00,Fog,Car,low
1988,19.153325,72.884485,Jogeshwari-Vikhroli Link Road,Minor,2023-10-06,16:00,2023-10-06 16:00:00,Fog,Auto,high
1989,18.903079,72.745573,Marine Drive,Minor,2024-06-18,02:00,2024-06-18 02:00:00,Fog,Auto,low
1990,19.196897,72.776346,SV Road Andheri,Severe,2022-06-24,16:00,2022-06-24 16:00:00,Rain,Truck,medium
1991,19.006811,72.756261,Worli Sea Link,Severe,2023-10-20,00:00,2023-10-20 00:00:00,Rain,Auto,medium
1992,18.912807,72.720008,Marine Drive,Minor,2023-05-13,00:00,2023-05-13 00:00:00,Rain,Auto,low
1993,18.990481,72.90505,Sion-Panvel Highway,Minor,2022-11-29,12:00,2022-11-29 12:00:00,Fog,Bus,medium
1994,18.933226,72.72007,Marine Drive,Severe,2024-03-01,22:00,2024-03-01 22:00:00,Clear,Bike,low
1995,19.039253,72.863216,Linking Road Bandra,Minor,2024-01-03,11:00,2024-01-03 11:00:00,Rain,Bus,low
1996,18.964352,72.768418,Marine Drive,Minor,2023-03-24,12:00,2023-03-24 12:00:00,Rain,Bus,low
1997,19.083124,72.758528,Linking Road Bandra,Fatal,2025-01-18,06:00,2025-01-18 06:00:00,Rain,Auto,low
1998,19.156504,72.957661,Jogeshwari-Vikhroli Link Road,Severe,2023-12-17,18:00,2023-12-17 18:00:00,Clear,Car,high
1999,18.826981,72.739388,Marine Drive,Minor,2024-02-17,00:00,2024-02-17 00:00:00,Clear,Auto,low
2000,19.014154,72.921643,Sion-Panvel Highway,Minor,2024-01-11,16:00,2024-01-11 16:00:00,Rain,Car,medium
2001,19.106573,72.966378,Jogeshwari-Vikhroli Link Road,Fatal,2024-06-07,02:00,2024-06-07 02:00:00,Fog,Bike,high
2002,18.859393,72.879839,Marine Drive,Fatal,2024-10-24,05:00,2024-10-24 05:00:00,Clear,Bike,low
2003,19.22431,72.858889,Western Express Highway,Minor,2022-10-07,05:00,2022-10-07 05:00:00,Fog,Bike,high
2004,18.9697,72.757157,Marine Drive,Severe,2024-12-02,11:00,2024-12-02 11:00:00,Rain,Bus,low
2005,18.935494,72.919524,Marine Drive,Minor,2024-01-07,10:00,2024-01-07 10:00:00,Clear,Auto,low
2006,18.87569,72.778765,Marine Drive,Fatal,2022-11-06,05:00,2022-11-06 05:00:00,Clear,Bus,low
2007,19.042478,72.786306,Worli Sea Link,Fatal,2023-02-17,06:00,2023-02-17 06:00:00,Clear,Bike,medium
2008,18.865338,72.996071,Marine Drive,Severe,2024-02-10,12:00,2024-02-10 12:00:00,Fog,Bus,low
2009,19.280204,72.746208,SV Road Andheri,Severe,2024-06-20,10:00,2024-06-20 10:00:00,Rain,Car,medium
2010,19.081965,72.827635,Linking Road Bandra,Fatal,2025-01-30,04:00,2025-01-30 04:00:00,Rain,Truck,low
2011,19.264038,72.989467,Ghodbunder Road,Minor,2023-02-18,04:00,2023-02-18 04:00:00,Fog,Auto,high
2012,18.925774,72.9406,Marine Drive,Minor,2022-06-26,19:00,2022-06-26 19:00:00,Clear,Bike,low
2013,18.990376,72.895363,Sion-Panvel Highway,Minor,2022-06-12,22:00,2022-06-12 22:00:00,Clear,Truck,medium
2014,18.851606,72.706528,Marine Drive,Minor,2023-03-10,11:00,2023-03-10 11:00:00,Fog,Car,low
2015,19.128883,72.794532,SV Road Andheri,Severe,2025-01-03,23:00,2025-01-03 23:00:00,Fog,Truck,medium
2016,18.931513,72.875354,Marine Drive,Severe,2022-11-20,08:00,2022-11-20 08:00:00,Clear,Bus,low
2017,18.962914,72.904521,Marine Drive,Minor,2024-04-20,10:00,2024-04-20 10:00:00,Rain,Bike,low
2018,18.818403,72.735127,Marine Drive,Minor,2024-11-05,19:00,2024-11-05 19:00:00,Rain,Truck,low
2019,18.97905,72.724324,Worli Sea Link,Minor,2024-07-04,02:00,2024-07-04 02:00:00,Fog,Car,medium
2020,19.156717,72.764474,SV Road Andheri,Severe,2024-11-15,05:00,2024-11-15 05:00:00,Clear,Bus,medium
2021,19.071429,72.907369,LBS Marg,Minor,2023-08-10,06:00,2023-08-10 06:00:00,Clear,Car,medium
2022,18.940162,72.750155,Marine Drive,Severe,2022-12-03,22:00,2022-12-03 22:00:00,Rain,Truck,low
2023,18.87924,72.995071,Marine Drive,Severe,2022-09-30,02:00,2022-09-30 02:00:00,Rain,Car,low
2024,19.036915,72.937999,Sion-Panvel Highway,Fatal,2023-02-10,11:00,2023-02-10 11:00:00,Rain,Truck,medium
2025,18.819986,72.754042,Marine Drive,Minor,2022-03-28,21:00,2022-03-28 21:00:00,Clear,Truck,low
2026,18.962152,72.974686,Sion-Panvel Highway,Fatal,2024-08-12,05:00,2024-08-12 05:00:00,Fog,Truck,medium
2027,19.06796,72.841058,Linking Road Bandra,Minor,2022-05-24,06:00,2022-05-24 06:00:00,Fog,Auto,low
2028,19.132367,72.849072,SV Road Andheri,Fatal,2024-09-30,22:00,2024-09-30 22:00:00,Rain,Car,medium
2029,19.061351,72.930859,Sion-Panvel Highway,Minor,2022-05-20,05:00,2022-05-20 05:00:00,Fog,Auto,medium
2030,19.103412,72.715625,SV Road Andheri,Minor,2024-03-28,08:00,2024-03-28 08:00:00,Rain,Bus,medium
2031,18.831531,72.799248,Marine Drive,Fatal,2024-10-28,09:00,2024-10-28 09:00:00,Clear,Truck,low
2032,19.291514,72.732154,SV Road Andheri,Fatal,2022-12-31,22:00,2022-12-31 22:00:00,Fog,Auto,medium
2033,18.862879,72.985815,Marine Drive,Minor,2023-07-28,13:00,2023-07-28 13:00:00,Rain,Truck,low
2034,19.220621,72.733023,SV Road Andheri,Minor,2023-10-30,22:00,2023-10-30 22:00:00,Rain,Auto,medium
2035,19.17602,72.904558,Jogeshwari-Vikhroli Link Road,Minor,2025-01-11,17:00,2025-01-11 17:00:00,Rain,Auto,high
2036,19.03839,72.707725,Worli Sea Link,Minor,2023-09-03,06:00,2023-09-03 06:00:00,Rain,Bus,medium
2037,19.214662,72.923453,Ghodbunder Road,Severe,2023-03-16,08:00,2023-03-16 08:00:00,Fog,Bus,high
2038,19.23042,72.758312,SV Road Andheri,Minor,2024-06-20,03:00,2024-06-20 03:00:00,Fog,Auto,medium
2039,18.957351,72.860543,Marine Drive,Minor,2022-04-14,06:00,2022-04-14 06:00:00,Rain,Truck,low
2040,19.204264,72.899277,Ghodbunder Road,Minor,2022-10-15,01:00,2022-10-15 01:00:00,Fog,Truck,high
2041,19.183144,72.866981,Western Express Highway,Minor,2023-12-08,03:00,2023-12-08 03:00:00,Fog,Bus,high
2042,18.947463,72.724367,Marine Drive,Severe,2025-02-16,05:00,2025-02-16 05:00:00,Rain,Truck,low
2043,18.811339,72.79566,Marine Drive,Severe,2024-09-05,07:00,2024-09-05 07:00:00,Rain,Bike,low
2044,19.231543,72.868683,Ghodbunder Road,Severe,2022-04-03,10:00,2022-04-03 10:00:00,Rain,Truck,high
2045,18.956861,72.995395,Sion-Panvel Highway,Minor,2022-09-04,04:00,2022-09-04 04:00:00,Clear,Truck,medium
2046,19.100611,72.865561,Western Express Highway,Severe,2022-02-23,16:00,2022-02-23 16:00:00,Clear,Auto,high
2047,19.012795,72.911216,Sion-Panvel Highway,Minor,2023-03-20,19:00,2023-03-20 19:00:00,Fog,Bus,medium
2048,19.075418,72.833011,Linking Road Bandra,Minor,2024-07-31,17:00,2024-07-31 17:00:00,Clear,Bus,low
2049,18.936295,72.812001,Marine Drive,Fatal,2024-12-07,10:00,2024-12-07 10:00:00,Fog,Truck,low
2050,18.898502,72.785388,Marine Drive,Fatal,2023-11-09,05:00,2023-11-09 05:00:00,Fog,Auto,low
2051,19.192929,72.876171,Jogeshwari-Vikhroli Link Road,Severe,2023-07-15,18:00,2023-07-15 18:00:00,Rain,Auto,high
2052,18.803488,72.842552,Marine Drive,Minor,2023-07-27,23:00,2023-07-27 23:00:00,Clear,Bike,low
2053,18.845849,72.913766,Marine Drive,Severe,2025-02-26,08:00,2025-02-26 08:00:00,Clear,Car,low
2054,18.962129,72.985808,Sion-Panvel Highway,Minor,2022-10-27,10:00,2022-10-27 10:00:00,Fog,Auto,medium
2055,19.102724,72.925338,Jogeshwari-Vikhroli Link Road,Minor,2022-06-07,04:00,2022-06-07 04:00:00,Rain,Car,high
2056,18.913013,72.75928,Marine Drive,Minor,2024-06-17,08:00,2024-06-17 08:00:00,Rain,Auto,low
2057,19.107068,72.856399,Western Express Highway,Minor,2023-01-01,10:00,2023-01-01 10:00:00,Rain,Bike,high
2058,18.871054,72.719416,Marine Drive,Severe,2024-06-09,00:00,2024-06-09 00:00:00,Clear,Car,low
2059,18.986279,72.87929,Marine Drive,Fatal,2024-04-26,11:00,2024-04-26 11:00:00,Rain,Car,low
2060,19.038636,72.78646,Worli Sea Link,Severe,2024-02-27,11:00,2024-02-27 11:00:00,Fog,Bike,medium
2061,19.027121,72.818246,Worli Sea Link,Minor,2025-02-12,07:00,2025-02-12 07:00:00,Fog,Auto,medium
2062,19.092975,72.908737,LBS Marg,Severe,2024-02-29,23:00,2024-02-29 23:00:00,Clear,Truck,medium
2063,19.140947,72.761072,SV Road Andheri,Minor,2023-01-16,07:00,2023-01-16 07:00:00,Clear,Truck,medium
2064,18.842138,72.736805,Marine Drive,Severe,2023-08-06,04:00,2023-08-06 04:00:00,Fog,Bike,low
2065,19.192819,72.775437,SV Road Andheri,Fatal,2024-02-18,13:00,2024-02-18 13:00:00,Clear,Truck,medium
2066,18.934148,72.987805,Sion-Panvel Highway,Minor,2023-02-17,06:00,2023-02-17 06:00:00,Fog,Auto,medium
2067,19.194595,72.772008,SV Road Andheri,Fatal,2022-02-10,06:00,2022-02-10 06:00:00,Fog,Auto,medium
2068,18.991656,72.798386,Worli Sea Link,Minor,2024-11-09,21:00,2024-11-09 21:00:00,Rain,Bus,medium
2069,19.291647,72.924887,Ghodbunder Road,Minor,2024-04-15,23:00,2024-04-15 23:00:00,Clear,Auto,high
2070,18.979116,72.803607,Worli Sea Link,Minor,2023-11-07,06:00,2023-11-07 06:00:00,Fog,Auto,medium
2071,18.868263,72.931162,Marine Drive,Fatal,2023-03-04,23:00,2023-03-04 23:00:00,Rain,Bus,low
2072,19.255095,72.74855,SV Road Andheri,Minor,2022-12-17,18:00,2022-12-17 18:00:00,Clear,Bus,medium
2073,19.225173,72.772343,SV Road Andheri,Minor,2022-05-07,07:00,2022-05-07 07:00:00,Clear,Bike,medium
2074,19.198631,72.815034,SV Road Andheri,Fatal,2022-10-20,20:00,2022-10-20 20:00:00,Fog,Truck,medium
2075,19.026262,72.722672,Worli Sea Link,Minor,2024-10-24,17:00,2024-10-24 17:00:00,Rain,Auto,medium
2076,19.124506,72.779981,SV Road Andheri,Fatal,2023-09-04,12:00,2023-09-04 12:00:00,Fog,Bus,medium
2077,19.094687,72.881803,Eastern Express Highway,Minor,2023-06-15,07:00,2023-06-15 07:00:00,Clear,Bus,high
2078,19.020318,72.757212,Worli Sea Link,Minor,2023-05-05,19:00,2023-05-05 19:00:00,Fog,Bike,medium
2079,19.241074,72.913893,Ghodbunder Road,Minor,2023-09-01,10:00,2023-09-01 10:00:00,Clear,Bus,high
2080,18.915999,72.719174,Marine Drive,Minor,2022-08-18,07:00,2022-08-18 07:00:00,Fog,Truck,low
2081,19.193839,72.932316,Ghodbunder Road,Minor,2025-02-14,02:00,2025-02-14 02:00:00,Fog,Auto,high
2082,19.244836,72.807371,SV Road Andheri,Minor,2022-07-07,20:00,2022-07-07 20:00:00,Clear,Bus,medium
2083,18.802624,72.707507,Marine Drive,Minor,2024-12-21,02:00,2024-12-21 02:00:00,Rain,Bike,low
2084,19.203213,72.733627,SV Road Andheri,Severe,2024-07-08,07:00,2024-07-08 07:00:00,Rain,Truck,medium
2085,18.826742,72.949178,Marine Drive,Minor,2023-01-11,02:00,2023-01-11 02:00:00,Clear,Truck,low
2086,18.801729,72.785262,Marine Drive,Severe,2023-07-08,16:00,2023-07-08 16:00:00,Clear,Bus,low
2087,18.823915,72.783248,Marine Drive,Minor,2023-03-19,05:00,2023-03-19 05:00:00,Clear,Car,low
2088,19.081035,72.799006,Linking Road Bandra,Minor,2024-01-06,12:00,2024-01-06 12:00:00,Clear,Bus,low
2089,18.833246,72.844366,Marine Drive,Severe,2024-05-13,15:00,2024-05-13 15:00:00,Rain,Auto,low
2090,19.268263,72.749163,SV Road Andheri,Severe,2023-08-01,22:00,2023-08-01 22:00:00,Fog,Car,medium
2091,19.211689,72.940576,Ghodbunder Road,Severe,2024-12-06,16:00,2024-12-06 16:00:00,Fog,Bus,high
2092,19.190014,72.885814,Jogeshwari-Vikhroli Link Road,Minor,2022-01-21,12:00,2022-01-21 12:00:00,Clear,Car,high
2093,19.257147,72.873458,Ghodbunder Road,Minor,2023-01-22,20:00,2023-01-22 20:00:00,Fog,Bike,high
2094,18.815294,72.729391,Marine Drive,Severe,2022-05-24,21:00,2022-05-24 21:00:00,Fog,Bus,low
2095,18.959734,72.960829,Sion-Panvel Highway,Minor,2024-04-07,00:00,2024-04-07 00:00:00,Fog,Car,medium
2096,19.106425,72.869578,Western Express Highway,Severe,2022-08-24,07:00,2022-08-24 07:00:00,Rain,Bike,high
2097,19.138136,72.823851,SV Road Andheri,Severe,2023-09-10,22:00,2023-09-10 22:00:00,Rain,Bus,medium
2098,19.220602,72.962964,Ghodbunder Road,Minor,2024-04-29,21:00,2024-04-29 21:00:00,Clear,Truck,high
2099,18.972716,72.745452,Worli Sea Link,Fatal,2022-05-24,02:00,2022-05-24 02:00:00,Rain,Car,medium
2100,18.9825,72.877789,Marine Drive,Minor,2023-11-06,08:00,2023-11-06 08:00:00,Clear,Truck,low
2101,19.082534,72.93269,LBS Marg,Minor,2023-12-17,10:00,2023-12-17 10:00:00,Fog,Car,medium
2102,18.938254,72.905508,Marine Drive,Minor,2024-06-18,11:00,2024-06-18 11:00:00,Rain,Bus,low
2103,18.930761,72.889701,Marine Drive,Fatal,2022-05-01,11:00,2022-05-01 11:00:00,Rain,Car,low
2104,18.909394,72.92629,Marine Drive,Minor,2023-05-24,00:00,2023-05-24 00:00:00,Fog,Car,low
2105,19.283796,72.818746,Ghodbunder Road,Minor,2025-02-07,08:00,2025-02-07 08:00:00,Clear,Bike,high
2106,19.211705,72.986405,Ghodbunder Road,Fatal,2023-09-17,03:00,2023-09-17 03:00:00,Fog,Truck,high
2107,19.180268,72.750644,SV Road Andheri,Severe,2022-07-18,13:00,2022-07-18 13:00:00,Rain,Bike,medium
2108,19.018565,72.77753,Worli Sea Link,Severe,2024-11-23,10:00,2024-11-23 10:00:00,Clear,Car,medium
2109,19.03815,72.991386,Sion-Panvel Highway,Minor,2025-03-09,23:00,2025-03-09 23:00:00,Clear,Car,medium
2110,19.267742,72.854786,Ghodbunder Road,Minor,2023-04-14,03:00,2023-04-14 03:00:00,Rain,Truck,high
2111,19.209653,72.743268,SV Road Andheri,Minor,2022-10-11,21:00,2022-10-11 21:00:00,Rain,Auto,medium
2112,18.8066,72.845374,Marine Drive,Minor,2023-01-13,15:00,2023-01-13 15:00:00,Rain,Auto,low
2113,19.096992,72.86308,Western Express Highway,Minor,2024-11-30,02:00,2024-11-30 02:00:00,Fog,Bus,high
2114,18.897635,72.86143,Marine Drive,Severe,2023-10-21,08:00,2023-10-21 08:00:00,Fog,Bike,low
2115,18.910269,72.796861,Marine Drive,Minor,2022-09-04,04:00,2022-09-04 04:00:00,Rain,Bus,low
2116,19.047136,72.90316,Sion-Panvel Highway,Severe,2023-05-08,05:00,2023-05-08 05:00:00,Rain,Auto,medium
2117,19.230875,72.787687,SV Road Andheri,Severe,2025-03-21,23:00,2025-03-21 23:00:00,Clear,Bus,medium
2118,19.21401,72.779693,SV Road Andheri,Minor,2022-07-06,00:00,2022-07-06 00:00:00,Fog,Bus,medium
2119,19.145826,72.708466,SV Road Andheri,Minor,2023-11-08,08:00,2023-11-08 08:00:00,Rain,Bus,medium
2120,19.106257,72.836848,SV Road Andheri,Severe,2023-09-20,07:00,2023-09-20 07:00:00,Clear,Bus,medium
2121,19.146865,72.945672,Jogeshwari-Vikhroli Link Road,Fatal,2024-10-18,21:00,2024-10-18 21:00:00,Fog,Auto,high
2122,19.148027,72.979845,Jogeshwari-Vikhroli Link Road,Severe,2023-11-28,17:00,2023-11-28 17:00:00,Clear,Auto,high
2123,19.027147,72.875451,LBS Marg,Minor,2024-07-11,10:00,2024-07-11 10:00:00,Clear,Auto,medium
2124,18.984837,72.795284,Worli Sea Link,Severe,2022-03-13,02:00,2022-03-13 02:00:00,Rain,Car,medium
2125,19.034962,72.814048,Worli Sea Link,Minor,2023-01-24,18:00,2023-01-24 18:00:00,Fog,Car,medium
2126,19.109,72.985374,Jogeshwari-Vikhroli Link Road,Minor,2022-09-21,14:00,2022-09-21 14:00:00,Fog,Truck,high
2127,18.86629,72.957916,Marine Drive,Minor,2023-03-19,18:00,2023-03-19 18:00:00,Clear,Bike,low
2128,19.13753,72.896883,Jogeshwari-Vikhroli Link Road,Minor,2023-12-30,19:00,2023-12-30 19:00:00,Rain,Bus,high
2129,18.86606,72.927495,Marine Drive,Severe,2022-01-07,04:00,2022-01-07 04:00:00,Fog,Car,low
2130,19.017784,72.72639,Worli Sea Link,Minor,2022-12-01,19:00,2022-12-01 19:00:00,Fog,Bus,medium
2131,19.006212,72.99929,Sion-Panvel Highway,Severe,2022-03-11,21:00,2022-03-11 21:00:00,Rain,Truck,medium
2132,19.091758,72.740294,Linking Road Bandra,Minor,2023-08-06,04:00,2023-08-06 04:00:00,Clear,Car,low
2133,18.931195,72.841438,Marine Drive,Minor,2024-12-20,12:00,2024-12-20 12:00:00,Clear,Car,low
2134,19.032293,72.791802,Worli Sea Link,Fatal,2023-03-20,07:00,2023-03-20 07:00:00,Clear,Auto,medium
2135,18.975584,72.791512,Marine Drive,Fatal,2024-01-25,01:00,2024-01-25 01:00:00,Clear,Car,low
2136,19.237376,72.74929,SV Road Andheri,Minor,2023-02-19,21:00,2023-02-19 21:00:00,Rain,Truck,medium
2137,19.241647,72.87771,Ghodbunder Road,Minor,2023-12-16,08:00,2023-12-16 08:00:00,Clear,Truck,high
2138,18.937194,72.865844,Marine Drive,Fatal,2023-05-12,00:00,2023-05-12 00:00:00,Clear,Car,low
2139,18.855666,72.897485,Marine Drive,Fatal,2024-08-25,15:00,2024-08-25 15:00:00,Rain,Truck,low
2140,18.872402,72.782926,Marine Drive,Minor,2024-10-15,21:00,2024-10-15 21:00:00,Clear,Truck,low
2141,19.063151,72.793067,Linking Road Bandra,Severe,2022-12-04,13:00,2022-12-04 13:00:00,Fog,Auto,low
2142,19.201415,72.999573,Ghodbunder Road,Minor,2023-03-20,00:00,2023-03-20 00:00:00,Rain,Bike,high
2143,18.880172,72.945382,Marine Drive,Minor,2023-03-03,21:00,2023-03-03 21:00:00,Fog,Bike,low
2144,19.028957,72.703978,Worli Sea Link,Minor,2023-09-15,03:00,2023-09-15 03:00:00,Clear,Car,medium
2145,18.992196,72.931933,Sion-Panvel Highway,Minor,2022-03-29,19:00,2022-03-29 19:00:00,Fog,Car,medium
2146,18.865708,72.885619,Marine Drive,Minor,2022-06-14,11:00,2022-06-14 11:00:00,Clear,Truck,low
2147,18.828487,72.793695,Marine Drive,Minor,2024-03-21,19:00,2024-03-21 19:00:00,Clear,Car,low
2148,19.029253,72.803981,Worli Sea Link,Severe,2024-12-13,05:00,2024-12-13 05:00:00,Fog,Car,medium
2149,18.993426,72.772787,Worli Sea Link,Fatal,2024-03-03,10:00,2024-03-03 10:00:00,Fog,Bus,medium
2150,18.831125,72.973102,Marine Drive,Severe,2024-09-20,19:00,2024-09-20 19:00:00,Clear,Truck,low
2151,18.96031,72.814913,Marine Drive,Fatal,2025-01-23,21:00,2025-01-23 21:00:00,Fog,Car,low
2152,19.082012,72.832995,Linking Road Bandra,Minor,2024-02-04,01:00,2024-02-04 01:00:00,Rain,Bus,low
2153,19.138462,72.866609,Western Express Highway,Severe,2023-02-26,02:00,2023-02-26 02:00:00,Fog,Truck,high
2154,18.917906,72.823128,Marine Drive,Severe,2022-06-18,12:00,2022-06-18 12:00:00,Rain,Bike,low
2155,18.803615,72.771064,Marine Drive,Severe,2023-06-18,10:00,2023-06-18 10:00:00,Clear,Truck,low
2156,19.026883,72.817648,Worli Sea Link,Severe,2024-03-03,23:00,2024-03-03 23:00:00,Rain,Car,medium
2157,19.273277,72.742202,SV Road Andheri,Minor,2023-09-09,02:00,2023-09-09 02:00:00,Rain,Auto,medium
2158,19.135326,72.744903,SV Road Andheri,Severe,2022-10-29,06:00,2022-10-29 06:00:00,Fog,Car,medium
2159,18.922332,72.770574,Marine Drive,Minor,2023-05-16,00:00,2023-05-16 00:00:00,Clear,Auto,low
2160,18.829623,72.856468,Marine Drive,Fatal,2024-02-01,05:00,2024-02-01 05:00:00,Fog,Bus,low
2161,19.244314,72.966039,Ghodbunder Road,Minor,2022-01-28,10:00,2022-01-28 10:00:00,Rain,Bus,high
2162,19.174189,72.996949,Ghodbunder Road,Severe,2023-12-18,19:00,2023-12-18 19:00:00,Clear,Bus,high
2163,19.205683,72.790855,SV Road Andheri,Minor,2022-06-24,01:00,2022-06-24 01:00:00,Fog,Car,medium
2164,18.879311,72.961266,Marine Drive,Minor,2024-11-22,07:00,2024-11-22 07:00:00,Fog,Truck,low
2165,18.828159,72.736408,Marine Drive,Minor,2024-09-12,02:00,2024-09-12 02:00:00,Fog,Bus,low
2166,19.201738,72.789424,SV Road Andheri,Minor,2023-06-08,10:00,2023-06-08 10:00:00,Fog,Bike,medium
2167,19.154978,72.761274,SV Road Andheri,Minor,2025-03-17,08:00,2025-03-17 08:00:00,Fog,Truck,medium
2168,19.163243,72.749867,SV Road Andheri,Severe,2024-05-05,21:00,2024-05-05 21:00:00,Rain,Auto,medium
2169,18.95788,72.710309,Marine Drive,Minor,2023-08-10,01:00,2023-08-10 01:00:00,Fog,Truck,low
2170,18.856002,72.830645,Marine Drive,Severe,2024-01-03,15:00,2024-01-03 15:00:00,Rain,Car,low
2171,19.068005,72.755073,Linking Road Bandra,Minor,2022-12-02,00:00,2022-12-02 00:00:00,Fog,Bus,low
2172,18.897889,72.855952,Marine Drive,Minor,2022-10-07,00:00,2022-10-07 00:00:00,Fog,Truck,low
2173,19.280817,72.980562,Ghodbunder Road,Minor,2024-08-26,18:00,2024-08-26 18:00:00,Fog,Truck,high
2174,19.223801,72.813681,SV Road Andheri,Fatal,2023-12-16,08:00,2023-12-16 08:00:00,Rain,Bike,medium
2175,19.152167,72.999907,Ghodbunder Road,Minor,2022-02-10,23:00,2022-02-10 23:00:00,Fog,Bike,high
2176,18.969414,72.740371,Marine Drive,Minor,2023-07-30,23:00,2023-07-30 23:00:00,Rain,Truck,low
2177,18.984922,72.784382,Worli Sea Link,Severe,2024-11-20,02:00,2024-11-20 02:00:00,Fog,Bus,medium
2178,19.224445,72.813412,SV Road Andheri,Minor,2022-09-22,23:00,2022-09-22 23:00:00,Rain,Bus,medium
2179,19.099743,72.926286,Jogeshwari-Vikhroli Link Road,Severe,2023-10-07,04:00,2023-10-07 04:00:00,Clear,Car,high
2180,18.93574,72.792299,Marine Drive,Minor,2023-01-02,10:00,2023-01-02 10:00:00,Fog,Bike,low
2181,19.221906,72.797988,SV Road Andheri,Minor,2025-01-17,14:00,2025-01-17 14:00:00,Clear,Bus,medium
2182,19.163207,72.835259,SV Road Andheri,Minor,2022-06-07,20:00,2022-06-07 20:00:00,Fog,Bike,medium
2183,18.880511,72.715743,Marine Drive,Minor,2023-12-13,18:00,2023-12-13 18:00:00,Rain,Bus,low
2184,18.946303,72.767815,Marine Drive,Severe,2025-01-13,00:00,2025-01-13 00:00:00,Rain,Auto,low
2185,18.875589,72.76666,Marine Drive,Minor,2022-09-05,19:00,2022-09-05 19:00:00,Rain,Truck,low
2186,19.102304,72.755855,SV Road Andheri,Minor,2024-10-11,07:00,2024-10-11 07:00:00,Rain,Bus,medium
2187,18.896698,72.979461,Marine Drive,Minor,2023-10-25,08:00,2023-10-25 08:00:00,Clear,Auto,low
2188,18.810048,72.858275,Marine Drive,Minor,2024-02-08,19:00,2024-02-08 19:00:00,Fog,Auto,low
2189,19.055547,72.774096,Worli Sea Link,Minor,2022-06-17,23:00,2022-06-17 23:00:00,Clear,Bike,medium
2190,18.977106,72.740867,Worli Sea Link,Minor,2024-05-04,09:00,2024-05-04 09:00:00,Clear,Car,medium
2191,18.845802,72.920055,Marine Drive,Fatal,2024-09-18,14:00,2024-09-18 14:00:00,Fog,Bus,low
2192,18.923608,72.783337,Marine Drive,Fatal,2023-06-08,02:00,2023-06-08 02:00:00,Fog,Bike,low
2193,19.158762,72.714715,SV Road Andheri,Minor,2022-02-11,15:00,2022-02-11 15:00:00,Clear,Auto,medium
2194,19.296984,72.99075,Ghodbunder Road,Minor,2023-04-15,22:00,2023-04-15 22:00:00,Rain,Truck,high
2195,19.178028,72.75479,SV Road Andheri,Severe,2022-01-06,18:00,2022-01-06 18:00:00,Clear,Bike,medium
2196,18.890082,72.981003,Marine Drive,Severe,2022-07-22,17:00,2022-07-22 17:00:00,Fog,Bike,low
2197,18.992757,72.871534,Worli Sea Link,Fatal,2022-05-27,21:00,2022-05-27 21:00:00,Rain,Truck,medium
2198,19.133537,72.976219,Jogeshwari-Vikhroli Link Road,Minor,2022-09-16,04:00,2022-09-16 04:00:00,Fog,Auto,high
2199,18.878992,72.765132,Marine Drive,Minor,2022-06-04,20:00,2022-06-04 20:00:00,Clear,Truck,low
2200,18.936259,72.893283,Marine Drive,Minor,2024-01-08,19:00,2024-01-08 19:00:00,Fog,Auto,low
2201,19.049824,72.752753,Worli Sea Link,Minor,2023-11-27,12:00,2023-11-27 12:00:00,Rain,Car,medium
2202,18.94374,72.944774,Sion-Panvel Highway,Minor,2022-12-25,11:00,2022-12-25 11:00:00,Rain,Bus,medium
2203,19.274045,72.990053,Ghodbunder Road,Minor,2023-04-10,02:00,2023-04-10 02:00:00,Fog,Truck,high
2204,18.949249,72.788391,Marine Drive,Minor,2023-11-15,02:00,2023-11-15 02:00:00,Fog,Bus,low
2205,19.146587,72.772045,SV Road Andheri,Fatal,2024-04-22,21:00,2024-04-22 21:00:00,Rain,Auto,medium
2206,18.934101,72.977864,Sion-Panvel Highway,Minor,2022-09-27,11:00,2022-09-27 11:00:00,Fog,Bus,medium
2207,19.146577,72.89873,Jogeshwari-Vikhroli Link Road,Minor,2024-05-23,22:00,2024-05-23 22:00:00,Fog,Car,high
2208,19.295963,72.802154,Ghodbunder Road,Minor,2023-02-11,10:00,2023-02-11 10:00:00,Rain,Auto,high
2209,19.281466,72.968418,Ghodbunder Road,Minor,2022-04-06,02:00,2022-04-06 02:00:00,Rain,Auto,high
2210,18.842794,72.875109,Marine Drive,Severe,2024-01-29,00:00,2024-01-29 00:00:00,Rain,Auto,low
2211,18.826124,72.865004,Marine Drive,Severe,2023-05-26,01:00,2023-05-26 01:00:00,Clear,Bike,low
2212,19.078575,72.809897,Linking Road Bandra,Minor,2023-11-25,14:00,2023-11-25 14:00:00,Clear,Car,low
2213,18.929118,72.966617,Sion-Panvel Highway,Minor,2022-04-01,14:00,2022-04-01 14:00:00,Fog,Truck,medium
2214,19.29549,72.958519,Ghodbunder Road,Severe,2024-08-03,05:00,2024-08-03 05:00:00,Clear,Bike,high
2215,19.268204,72.800651,SV Road Andheri,Severe,2023-05-05,09:00,2023-05-05 09:00:00,Fog,Auto,medium
2216,19.067967,72.934113,Sion-Panvel Highway,Severe,2024-08-22,20:00,2024-08-22 20:00:00,Clear,Auto,medium
2217,18.814584,72.764166,Marine Drive,Minor,2025-02-26,00:00,2025-02-26 00:00:00,Rain,Truck,low
2218,19.258137,72.87617,Ghodbunder Road,Minor,2024-09-16,14:00,2024-09-16 14:00:00,Fog,Auto,high
2219,19.11433,72.931812,Jogeshwari-Vikhroli Link Road,Minor,2022-09-25,15:00,2022-09-25 15:00:00,Rain,Truck,high
2220,19.287757,72.759896,SV Road Andheri,Severe,2023-05-19,14:00,2023-05-19 14:00:00,Clear,Truck,medium
2221,19.133473,72.763528,SV Road Andheri,Severe,2023-01-23,01:00,2023-01-23 01:00:00,Rain,Truck,medium
2222,18.840977,72.942109,Marine Drive,Fatal,2022-10-03,05:00,2022-10-03 05:00:00,Fog,Bike,low
2223,19.257667,72.720503,SV Road Andheri,Minor,2023-05-25,05:00,2023-05-25 05:00:00,Rain,Bus,medium
2224,19.190806,72.724402,SV Road Andheri,Minor,2022-02-28,09:00,2022-02-28 09:00:00,Clear,Car,medium
2225,19.191217,72.923831,Ghodbunder Road,Minor,2023-10-03,12:00,2023-10-03 12:00:00,Clear,Bus,high
2226,18.870669,72.8587,Marine Drive,Minor,2024-10-28,08:00,2024-10-28 08:00:00,Clear,Truck,low
2227,18.909986,72.831998,Marine Drive,Minor,2024-06-10,07:00,2024-06-10 07:00:00,Clear,Bike,low
2228,18.990495,72.912665,Sion-Panvel Highway,Minor,2024-01-27,16:00,2024-01-27 16:00:00,Fog,Bike,medium
2229,18.897819,72.747459,Marine Drive,Minor,2024-09-27,09:00,2024-09-27 09:00:00,Fog,Bike,low
2230,18.859129,72.898806,Marine Drive,Severe,2022-08-14,11:00,2022-08-14 11:00:00,Fog,Bus,low
2231,19.286255,72.984526,Ghodbunder Road,Fatal,2023-02-21,18:00,2023-02-21 18:00:00,Fog,Car,high
2232,19.279427,72.763094,SV Road Andheri,Severe,2022-10-29,17:00,2022-10-29 17:00:00,Rain,Car,medium
2233,19.185323,72.945901,Ghodbunder Road,Fatal,2023-10-08,00:00,2023-10-08 00:00:00,Clear,Truck,high
2234,18.950815,72.949622,Sion-Panvel Highway,Minor,2023-09-18,22:00,2023-09-18 22:00:00,Rain,Bike,medium
2235,19.149379,72.843407,SV Road Andheri,Minor,2022-05-08,11:00,2022-05-08 11:00:00,Fog,Bike,medium
2236,18.836097,72.99721,Marine Drive,Fatal,2022-11-23,18:00,2022-11-23 18:00:00,Fog,Truck,low
2237,19.221069,72.793198,SV Road Andheri,Minor,2023-03-15,15:00,2023-03-15 15:00:00,Fog,Bike,medium
2238,19.128012,72.813268,SV Road Andheri,Fatal,2023-02-18,04:00,2023-02-18 04:00:00,Rain,Truck,medium
2239,19.017307,72.837193,Worli Sea Link,Severe,2024-12-28,00:00,2024-12-28 00:00:00,Rain,Bus,medium
2240,19.021164,72.946145,Sion-Panvel Highway,Minor,2025-04-11,11:00,2025-04-11 11:00:00,Rain,Truck,medium
2241,19.003647,72.748013,Worli Sea Link,Severe,2022-05-28,10:00,2022-05-28 10:00:00,Rain,Car,medium
2242,18.866075,72.881205,Marine Drive,Fatal,2022-07-09,09:00,2022-07-09 09:00:00,Clear,Car,low
2243,18.903656,72.75656,Marine Drive,Minor,2024-09-03,04:00,2024-09-03 04:00:00,Fog,Truck,low
2244,18.902269,72.910057,Marine Drive,Fatal,2024-11-18,02:00,2024-11-18 02:00:00,Clear,Bike,low
2245,19.07968,72.80535,Linking Road Bandra,Minor,2024-11-14,14:00,2024-11-14 14:00:00,Clear,Bike,low
2246,19.024627,72.944172,Sion-Panvel Highway,Severe,2024-12-16,12:00,2024-12-16 12:00:00,Fog,Auto,medium
2247,19.002317,72.986499,Sion-Panvel Highway,Fatal,2025-03-05,12:00,2025-03-05 12:00:00,Clear,Truck,medium
2248,18.809737,72.94903,Marine Drive,Severe,2024-01-07,00:00,2024-01-07 00:00:00,Clear,Auto,low
2249,18.875603,72.997066,Marine Drive,Severe,2023-09-22,18:00,2023-09-22 18:00:00,Clear,Car,low
2250,18.982267,72.941305,Sion-Panvel Highway,Severe,2024-06-30,09:00,2024-06-30 09:00:00,Clear,Auto,medium
2251,18.845465,72.983279,Marine Drive,Fatal,2022-10-20,02:00,2022-10-20 02:00:00,Rain,Truck,low
2252,19.041137,72.820638,Linking Road Bandra,Minor,2023-07-01,01:00,2023-07-01 01:00:00,Clear,Bus,low
2253,19.106658,72.730907,SV Road Andheri,Severe,2025-04-04,00:00,2025-04-04 00:00:00,Clear,Bus,medium
2254,18.906372,72.701013,Marine Drive,Minor,2023-10-05,03:00,2023-10-05 03:00:00,Fog,Bus,low
2255,19.291862,72.986822,Ghodbunder Road,Fatal,2023-10-13,15:00,2023-10-13 15:00:00,Rain,Auto,high
2256,19.095734,72.734209,SV Road Andheri,Severe,2023-01-26,11:00,2023-01-26 11:00:00,Fog,Bus,medium
2257,18.82086,72.840845,Marine Drive,Minor,2023-02-27,05:00,2023-02-27 05:00:00,Fog,Bus,low
2258,19.258745,72.933552,Ghodbunder Road,Minor,2023-08-13,20:00,2023-08-13 20:00:00,Clear,Bus,high
2259,19.244181,72.71942,SV Road Andheri,Minor,2024-02-21,07:00,2024-02-21 07:00:00,Clear,Bus,medium
2260,18.86208,72.906311,Marine Drive,Minor,2023-10-04,12:00,2023-10-04 12:00:00,Rain,Bus,low
2261,18.96186,72.917413,Sion-Panvel Highway,Minor,2023-12-02,18:00,2023-12-02 18:00:00,Rain,Car,medium
2262,18.998574,72.759101,Worli Sea Link,Fatal,2022-03-03,06:00,2022-03-03 06:00:00,Fog,Auto,medium
2263,19.192327,72.927085,Ghodbunder Road,Severe,2024-12-04,10:00,2024-12-04 10:00:00,Fog,Car,high
2264,19.003784,72.821255,Worli Sea Link,Minor,2022-04-14,23:00,2022-04-14 23:00:00,Clear,Bike,medium
2265,19.239533,72.923318,Ghodbunder Road,Fatal,2022-07-01,18:00,2022-07-01 18:00:00,Clear,Auto,high
2266,19.22268,72.8838,Ghodbunder Road,Minor,2022-08-06,04:00,2022-08-06 04:00:00,Clear,Truck,high
2267,18.907997,72.940307,Marine Drive,Severe,2024-10-30,06:00,2024-10-30 06:00:00,Clear,Bike,low
2268,19.080687,72.83719,Linking Road Bandra,Minor,2023-04-06,05:00,2023-04-06 05:00:00,Fog,Bike,low
2269,18.965891,72.994151,Sion-Panvel Highway,Minor,2022-08-10,03:00,2022-08-10 03:00:00,Fog,Truck,medium
2270,18.883698,72.723829,Marine Drive,Minor,2023-11-29,01:00,2023-11-29 01:00:00,Fog,Bus,low
2271,19.179501,72.907086,Jogeshwari-Vikhroli Link Road,Fatal,2023-05-30,16:00,2023-05-30 16:00:00,Clear,Bus,high
2272,19.172507,72.753977,SV Road Andheri,Severe,2023-05-08,16:00,2023-05-08 16:00:00,Rain,Auto,medium
2273,19.191825,72.725724,SV Road Andheri,Severe,2022-06-20,12:00,2022-06-20 12:00:00,Rain,Auto,medium
2274,19.232645,72.998933,Ghodbunder Road,Fatal,2024-09-02,06:00,2024-09-02 06:00:00,Clear,Bus,high
2275,18.984,72.976145,Sion-Panvel Highway,Minor,2022-03-04,05:00,2022-03-04 05:00:00,Rain,Truck,medium
2276,18.938569,72.741466,Marine Drive,Minor,2022-11-09,05:00,2022-11-09 05:00:00,Rain,Bus,low
2277,19.151949,72.885393,Jogeshwari-Vikhroli Link Road,Fatal,2023-08-21,06:00,2023-08-21 06:00:00,Fog,Truck,high
2278,19.132883,72.983324,Jogeshwari-Vikhroli Link Road,Minor,2024-12-01,09:00,2024-12-01 09:00:00,Fog,Auto,high
2279,18.935426,72.801071,Marine Drive,Severe,2025-04-10,20:00,2025-04-10 20:00:00,Clear,Auto,low
2280,19.247499,72.809813,SV Road Andheri,Minor,2025-01-10,01:00,2025-01-10 01:00:00,Rain,Auto,medium
2281,19.069575,72.886758,LBS Marg,Fatal,2022-01-28,01:00,2022-01-28 01:00:00,Clear,Auto,medium
2282,19.136497,72.943837,Jogeshwari-Vikhroli Link Road,Minor,2023-02-08,02:00,2023-02-08 02:00:00,Rain,Truck,high
2283,19.056374,72.902067,LBS Marg,Severe,2024-03-14,15:00,2024-03-14 15:00:00,Fog,Auto,medium
2284,19.056062,72.98077,Sion-Panvel Highway,Minor,2025-01-20,08:00,2025-01-20 08:00:00,Clear,Auto,medium
2285,19.10018,72.786137,SV Road Andheri,Severe,2022-09-21,01:00,2022-09-21 01:00:00,Clear,Bus,medium
2286,19.199221,72.978646,Ghodbunder Road,Minor,2022-08-13,05:00,2022-08-13 05:00:00,Rain,Bus,high
2287,19.236246,72.990631,Ghodbunder Road,Severe,2024-09-01,11:00,2024-09-01 11:00:00,Fog,Bike,high
2288,19.176499,72.978492,Ghodbunder Road,Minor,2022-03-14,18:00,2022-03-14 18:00:00,Fog,Bike,high
2289,19.113822,72.995182,Jogeshwari-Vikhroli Link Road,Minor,2023-05-21,15:00,2023-05-21 15:00:00,Clear,Bike,high
2290,18.963744,72.878527,Marine Drive,Minor,2023-06-14,19:00,2023-06-14 19:00:00,Rain,Truck,low
2291,19.042897,72.968717,Sion-Panvel Highway,Fatal,2024-10-12,10:00,2024-10-12 10:00:00,Clear,Car,medium
2292,19.013791,72.975763,Sion-Panvel Highway,Fatal,2024-02-19,08:00,2024-02-19 08:00:00,Clear,Truck,medium
2293,19.274734,72.939647,Ghodbunder Road,Severe,2022-11-23,19:00,2022-11-23 19:00:00,Rain,Truck,high
2294,19.108699,72.800964,SV Road Andheri,Severe,2024-04-26,02:00,2024-04-26 02:00:00,Rain,Bus,medium
2295,19.108308,72.967444,Jogeshwari-Vikhroli Link Road,Minor,2024-06-15,12:00,2024-06-15 12:00:00,Rain,Bike,high
2296,19.255799,72.8849,Ghodbunder Road,Minor,2023-07-10,04:00,2023-07-10 04:00:00,Fog,Truck,high
2297,19.036843,72.821479,Worli Sea Link,Minor,2023-01-01,14:00,2023-01-01 14:00:00,Clear,Car,medium
2298,19.205915,72.951338,Ghodbunder Road,Minor,2023-03-11,07:00,2023-03-11 07:00:00,Clear,Bike,high
2299,19.28669,72.873811,Ghodbunder Road,Fatal,2025-03-15,06:00,2025-03-15 06:00:00,Fog,Car,high
2300,19.29597,72.704705,SV Road Andheri,Minor,2022-01-21,07:00,2022-01-21 07:00:00,Fog,Bus,medium
2301,19.135919,72.858888,Western Express Highway,Minor,2025-02-21,06:00,2025-02-21 06:00:00,Clear,Bus,high
2302,19.092444,72.808108,SV Road Andheri,Minor,2022-09-15,15:00,2022-09-15 15:00:00,Rain,Truck,medium
2303,19.041635,72.940268,Sion-Panvel Highway,Severe,2024-06-19,14:00,2024-06-19 14:00:00,Fog,Car,medium
2304,19.009623,72.986874,Sion-Panvel Highway,Severe,2022-10-31,04:00,2022-10-31 04:00:00,Rain,Truck,medium
2305,18.822165,72.732388,Marine Drive,Minor,2024-09-27,04:00,2024-09-27 04:00:00,Rain,Bus,low
2306,18.813628,72.897944,Marine Drive,Severe,2022-12-16,02:00,2022-12-16 02:00:00,Clear,Truck,low
2307,18.953336,72.727636,Marine Drive,Minor,2022-04-19,22:00,2022-04-19 22:00:00,Clear,Bike,low
2308,18.928611,72.829002,Marine Drive,Minor,2023-05-18,12:00,2023-05-18 12:00:00,Fog,Bus,low
2309,19.272863,72.864204,Ghodbunder Road,Minor,2024-10-22,12:00,2024-10-22 12:00:00,Rain,Auto,high
2310,18.842878,72.714193,Marine Drive,Fatal,2022-09-17,20:00,2022-09-17 20:00:00,Fog,Bus,low
2311,19.139141,72.706194,SV Road Andheri,Minor,2024-11-11,07:00,2024-11-11 07:00:00,Rain,Car,medium
2312,19.163816,72.812174,SV Road Andheri,Minor,2024-11-18,13:00,2024-11-18 13:00:00,Clear,Bike,medium
2313,19.235322,72.805515,SV Road Andheri,Severe,2024-10-17,07:00,2024-10-17 07:00:00,Fog,Truck,medium
2314,18.80256,72.731899,Marine Drive,Minor,2023-12-17,18:00,2023-12-17 18:00:00,Fog,Car,low
2315,19.192534,72.977822,Ghodbunder Road,Severe,2023-06-11,00:00,2023-06-11 00:00:00,Rain,Car,high
2316,18.990543,72.760616,Worli Sea Link,Minor,2023-10-07,19:00,2023-10-07 19:00:00,Clear,Bike,medium
2317,18.944835,72.889747,Marine Drive,Minor,2024-09-21,06:00,2024-09-21 06:00:00,Fog,Bike,low
2318,19.06344,72.978991,Sion-Panvel Highway,Minor,2024-11-22,09:00,2024-11-22 09:00:00,Rain,Car,medium
2319,18.865428,72.989246,Marine Drive,Minor,2023-10-30,09:00,2023-10-30 09:00:00,Rain,Truck,low
2320,19.039057,72.887576,LBS Marg,Severe,2023-11-07,21:00,2023-11-07 21:00:00,Rain,Bike,medium
2321,18.86128,72.790171,Marine Drive,Fatal,2024-02-05,01:00,2024-02-05 01:00:00,Clear,Truck,low
2322,19.065066,72.861067,Linking Road Bandra,Fatal,2024-09-03,12:00,2024-09-03 12:00:00,Rain,Bus,low
2323,18.869925,72.968312,Marine Drive,Minor,2024-05-22,00:00,2024-05-22 00:00:00,Clear,Truck,low
2324,19.186533,72.831529,SV Road Andheri,Minor,2022-07-09,00:00,2022-07-09 00:00:00,Fog,Truck,medium
2325,18.986604,72.928717,Sion-Panvel Highway,Severe,2023-12-13,10:00,2023-12-13 10:00:00,Clear,Auto,medium
2326,18.820673,72.815502,Marine Drive,Fatal,2022-08-19,08:00,2022-08-19 08:00:00,Fog,Truck,low
2327,18.922767,72.880579,Marine Drive,Minor,2022-12-03,07:00,2022-12-03 07:00:00,Clear,Car,low
2328,18.811633,72.805533,Marine Drive,Minor,2024-01-25,21:00,2024-01-25 21:00:00,Clear,Truck,low
2329,19.245915,72.708961,SV Road Andheri,Fatal,2024-12-26,04:00,2024-12-26 04:00:00,Fog,Bus,medium
2330,19.191949,72.872549,Jogeshwari-Vikhroli Link Road,Minor,2023-06-25,15:00,2023-06-25 15:00:00,Clear,Bike,high
2331,18.869325,72.771189,Marine Drive,Minor,2022-10-02,00:00,2022-10-02 00:00:00,Rain,Auto,low
2332,19.243017,72.74894,SV Road Andheri,Fatal,2022-11-27,18:00,2022-11-27 18:00:00,Clear,Truck,medium
2333,19.261525,72.807527,SV Road Andheri,Minor,2023-10-06,15:00,2023-10-06 15:00:00,Fog,Truck,medium
2334,19.073368,72.983543,Sion-Panvel Highway,Minor,2025-03-28,09:00,2025-03-28 09:00:00,Clear,Bike,medium
2335,18.9009,72.924289,Marine Drive,Severe,2022-05-20,20:00,2022-05-20 20:00:00,Fog,Bike,low
2336,18.854714,72.932615,Marine Drive,Severe,2022-08-13,20:00,2022-08-13 20:00:00,Rain,Truck,low
2337,19.000863,72.845148,Worli Sea Link,Fatal,2022-11-16,10:00,2022-11-16 10:00:00,Clear,Bus,medium
2338,19.088538,72.964713,Sion-Panvel Highway,Severe,2024-11-25,20:00,2024-11-25 20:00:00,Fog,Truck,medium
2339,19.142325,72.948043,Jogeshwari-Vikhroli Link Road,Severe,2024-07-22,04:00,2024-07-22 04:00:00,Rain,Car,high
2340,19.004432,72.748703,Worli Sea Link,Minor,2023-09-27,11:00,2023-09-27 11:00:00,Clear,Truck,medium
2341,19.183502,72.992101,Ghodbunder Road,Severe,2023-02-22,14:00,2023-02-22 14:00:00,Clear,Car,high
2342,19.080712,72.984742,Sion-Panvel Highway,Severe,2023-03-15,18:00,2023-03-15 18:00:00,Clear,Bike,medium
2343,19.224643,72.711919,SV Road Andheri,Minor,2022-01-05,09:00,2022-01-05 09:00:00,Clear,Car,medium
2344,18.989834,72.841875,Worli Sea Link,Minor,2023-12-17,15:00,2023-12-17 15:00:00,Fog,Auto,medium
2345,19.230722,72.975531,Ghodbunder Road,Minor,2023-02-12,16:00,2023-02-12 16:00:00,Rain,Bike,high
2346,18.83982,72.804344,Marine Drive,Severe,2024-05-17,16:00,2024-05-17 16:00:00,Clear,Car,low
2347,18.823634,72.782313,Marine Drive,Severe,2023-04-17,23:00,2023-04-17 23:00:00,Fog,Truck,low
2348,18.937195,72.90204,Marine Drive,Minor,2022-02-26,08:00,2022-02-26 08:00:00,Fog,Bike,low
2349,19.218544,72.972518,Ghodbunder Road,Severe,2024-01-21,20:00,2024-01-21 20:00:00,Clear,Auto,high
2350,19.26545,72.77543,SV Road Andheri,Minor,2023-03-22,00:00,2023-03-22 00:00:00,Rain,Bike,medium
2351,19.014363,72.872774,Worli Sea Link,Minor,2022-10-21,08:00,2022-10-21 08:00:00,Rain,Bike,medium
2352,18.808619,72.841847,Marine Drive,Minor,2024-12-04,01:00,2024-12-04 01:00:00,Fog,Bike,low
2353,18.97107,72.77915,Marine Drive,Minor,2023-07-17,13:00,2023-07-17 13:00:00,Fog,Bike,low
2354,19.164986,72.939729,Jogeshwari-Vikhroli Link Road,Minor,2023-02-04,12:00,2023-02-04 12:00:00,Fog,Truck,high
2355,19.185485,72.911342,Jogeshwari-Vikhroli Link Road,Minor,2022-06-26,13:00,2022-06-26 13:00:00,Fog,Bus,high
2356,19.107671,72.878958,Eastern Express Highway,Minor,2023-09-24,07:00,2023-09-24 07:00:00,Fog,Bus,high
2357,19.154868,72.867363,Western Express Highway,Minor,2025-02-20,19:00,2025-02-20 19:00:00,Clear,Car,high
2358,18.875879,72.963292,Marine Drive,Minor,2022-11-11,17:00,2022-11-11 17:00:00,Rain,Bus,low
2359,19.083793,72.899706,LBS Marg,Minor,2023-06-13,03:00,2023-06-13 03:00:00,Rain,Bus,medium
2360,18.850958,72.762781,Marine Drive,Severe,2025-02-27,10:00,2025-02-27 10:00:00,Fog,Bike,low
2361,18.923447,72.718345,Marine Drive,Fatal,2022-01-08,18:00,2022-01-08 18:00:00,Fog,Auto,low
2362,18.916987,72.801306,Marine Drive,Minor,2023-04-07,12:00,2023-04-07 12:00:00,Clear,Truck,low
2363,18.966379,72.832932,Marine Drive,Fatal,2022-06-24,23:00,2022-06-24 23:00:00,Fog,Bus,low
2364,19.214128,72.925063,Ghodbunder Road,Severe,2023-11-05,16:00,2023-11-05 16:00:00,Clear,Truck,high
2365,19.173099,72.711795,SV Road Andheri,Fatal,2023-12-02,05:00,2023-12-02 05:00:00,Fog,Auto,medium
2366,19.131938,72.812285,SV Road Andheri,Severe,2023-07-27,15:00,2023-07-27 15:00:00,Rain,Auto,medium
2367,18.997561,72.797836,Worli Sea Link,Minor,2024-09-27,17:00,2024-09-27 17:00:00,Fog,Truck,medium
2368,18.968059,72.735274,Marine Drive,Minor,2022-08-27,15:00,2022-08-27 15:00:00,Rain,Truck,low
2369,19.241876,72.843767,SV Road Andheri,Minor,2023-04-07,04:00,2023-04-07 04:00:00,Fog,Bus,medium
2370,19.220688,72.844575,SV Road Andheri,Minor,2022-12-25,15:00,2022-12-25 15:00:00,Fog,Bus,medium
2371,19.196995,72.89747,Jogeshwari-Vikhroli Link Road,Fatal,2022-08-12,06:00,2022-08-12 06:00:00,Clear,Car,high
2372,18.865881,72.877347,Marine Drive,Minor,2023-07-11,03:00,2023-07-11 03:00:00,Clear,Bus,low
2373,19.275638,72.891237,Ghodbunder Road,Minor,2024-10-22,22:00,2024-10-22 22:00:00,Rain,Bus,high
2374,19.216968,72.831414,SV Road Andheri,Minor,2022-04-29,07:00,2022-04-29 07:00:00,Clear,Bike,medium
2375,19.186663,72.969054,Ghodbunder Road,Severe,2022-09-05,05:00,2022-09-05 05:00:00,Rain,Truck,high
2376,19.210454,72.804204,SV Road Andheri,Minor,2024-06-12,15:00,2024-06-12 15:00:00,Fog,Car,medium
2377,19.018008,72.800721,Worli Sea Link,Minor,2022-06-29,21:00,2022-06-29 21:00:00,Fog,Truck,medium
2378,18.808048,72.813317,Marine Drive,Severe,2022-12-08,02:00,2022-12-08 02:00:00,Rain,Bike,low
2379,19.239199,72.919374,Ghodbunder Road,Minor,2023-08-24,02:00,2023-08-24 02:00:00,Fog,Bike,high
2380,18.9687,72.806469,Marine Drive,Fatal,2023-07-24,16:00,2023-07-24 16:00:00,Clear,Bike,low
2381,19.113645,72.743736,SV Road Andheri,Severe,2024-10-03,13:00,2024-10-03 13:00:00,Rain,Bus,medium
2382,19.235517,72.885739,Ghodbunder Road,Minor,2022-09-10,22:00,2022-09-10 22:00:00,Rain,Bus,high
2383,18.939876,72.831914,Marine Drive,Severe,2022-07-04,02:00,2022-07-04 02:00:00,Fog,Truck,low
2384,18.927811,72.840356,Marine Drive,Fatal,2024-02-25,16:00,2024-02-25 16:00:00,Rain,Truck,low
2385,19.132499,72.810179,SV Road Andheri,Severe,2024-02-19,15:00,2024-02-19 15:00:00,Fog,Car,medium
2386,18.890308,72.947163,Marine Drive,Minor,2024-04-04,19:00,2024-04-04 19:00:00,Rain,Bus,low
2387,19.267449,72.947063,Ghodbunder Road,Minor,2023-02-27,20:00,2023-02-27 20:00:00,Clear,Truck,high
2388,18.952252,72.761541,Marine Drive,Severe,2022-06-30,08:00,2022-06-30 08:00:00,Clear,Bus,low
2389,19.222507,72.822088,SV Road Andheri,Minor,2024-06-13,03:00,2024-06-13 03:00:00,Clear,Auto,medium
2390,18.946883,72.889724,Marine Drive,Minor,2024-02-02,02:00,2024-02-02 02:00:00,Rain,Car,low
2391,18.935997,72.917885,Marine Drive,Severe,2022-02-19,12:00,2022-02-19 12:00:00,Fog,Bus,low
2392,19.084596,72.778462,Linking Road Bandra,Minor,2024-12-09,20:00,2024-12-09 20:00:00,Fog,Bike,low
2393,19.182716,72.947175,Ghodbunder Road,Minor,2024-12-31,18:00,2024-12-31 18:00:00,Rain,Bus,high
2394,18.851304,72.982496,Marine Drive,Minor,2022-06-24,10:00,2022-06-24 10:00:00,Rain,Truck,low
2395,19.026197,72.775691,Worli Sea Link,Minor,2024-02-07,13:00,2024-02-07 13:00:00,Clear,Truck,medium
2396,19.283308,72.961996,Ghodbunder Road,Minor,2022-02-08,18:00,2022-02-08 18:00:00,Clear,Auto,high
2397,19.079344,72.728785,Linking Road Bandra,Minor,2022-07-24,18:00,2022-07-24 18:00:00,Rain,Auto,low
2398,18.896498,72.934256,Marine Drive,Minor,2023-10-15,22:00,2023-10-15 22:00:00,Fog,Bus,low
2399,18.910316,72.720448,Marine Drive,Fatal,2023-07-06,19:00,2023-07-06 19:00:00,Clear,Bike,low
2400,19.107407,72.729246,SV Road Andheri,Severe,2025-03-03,18:00,2025-03-03 18:00:00,Rain,Bike,medium
2401,18.996357,72.759844,Worli Sea Link,Minor,2023-03-25,06:00,2023-03-25 06:00:00,Clear,Bus,medium
2402,19.168585,72.70508,SV Road Andheri,Severe,2024-02-28,11:00,2024-02-28 11:00:00,Clear,Truck,medium
2403,19.292945,72.799675,SV Road Andheri,Fatal,2022-06-03,16:00,2022-06-03 16:00:00,Rain,Bike,medium
2404,18.824191,72.921548,Marine Drive,Minor,2024-11-12,10:00,2024-11-12 10:00:00,Rain,Auto,low
2405,18.944115,72.746483,Marine Drive,Minor,2024-04-22,22:00,2024-04-22 22:00:00,Rain,Truck,low
2406,18.972125,72.852216,Marine Drive,Fatal,2022-05-12,19:00,2022-05-12 19:00:00,Clear,Car,low
2407,18.833723,72.983805,Marine Drive,Minor,2023-01-17,01:00,2023-01-17 01:00:00,Rain,Bike,low
2408,18.861644,72.745886,Marine Drive,Minor,2022-12-19,09:00,2022-12-19 09:00:00,Fog,Auto,low
2409,19.030598,72.830936,Worli Sea Link,Severe,2023-10-02,02:00,2023-10-02 02:00:00,Fog,Car,medium
2410,19.071934,72.775392,Linking Road Bandra,Severe,2024-08-18,13:00,2024-08-18 13:00:00,Rain,Bus,low
2411,19.095166,72.774951,SV Road Andheri,Fatal,2025-03-09,19:00,2025-03-09 19:00:00,Fog,Truck,medium
2412,19.167507,72.745965,SV Road Andheri,Minor,2023-03-30,19:00,2023-03-30 19:00:00,Fog,Bus,medium
2413,18.853906,72.990744,Marine Drive,Minor,2024-10-30,01:00,2024-10-30 01:00:00,Fog,Auto,low
2414,18.818373,72.988788,Marine Drive,Minor,2025-02-18,00:00,2025-02-18 00:00:00,Rain,Bus,low
2415,19.296533,72.934834,Ghodbunder Road,Severe,2024-08-14,03:00,2024-08-14 03:00:00,Clear,Bus,high
2416,18.944957,72.882433,Marine Drive,Severe,2025-03-19,20:00,2025-03-19 20:00:00,Clear,Bike,low
2417,18.951131,72.897644,Marine Drive,Minor,2022-11-21,03:00,2022-11-21 03:00:00,Clear,Bike,low
2418,19.093477,72.927437,Jogeshwari-Vikhroli Link Road,Minor,2023-03-18,03:00,2023-03-18 03:00:00,Clear,Bike,high
2419,19.059346,72.87247,LBS Marg,Severe,2024-04-30,18:00,2024-04-30 18:00:00,Rain,Auto,medium
2420,19.185393,72.838426,SV Road Andheri,Fatal,2023-07-08,07:00,2023-07-08 07:00:00,Rain,Bike,medium
2421,18.966312,72.992335,Sion-Panvel Highway,Severe,2023-11-19,13:00,2023-11-19 13:00:00,Clear,Bike,medium
2422,18.968541,72.837545,Marine Drive,Minor,2023-02-02,10:00,2023-02-02 10:00:00,Fog,Auto,low
2423,18.896705,72.85385,Marine Drive,Severe,2025-03-31,10:00,2025-03-31 10:00:00,Rain,Bike,low
2424,19.258339,72.788183,SV Road Andheri,Minor,2023-06-15,19:00,2023-06-15 19:00:00,Clear,Bike,medium
2425,19.12704,72.859174,Western Express Highway,Fatal,2022-07-04,20:00,2022-07-04 20:00:00,Clear,Auto,high
2426,19.184502,72.743982,SV Road Andheri,Minor,2024-05-22,06:00,2024-05-22 06:00:00,Clear,Bike,medium
2427,19.171242,72.849377,SV Road Andheri,Severe,2024-02-12,21:00,2024-02-12 21:00:00,Fog,Bus,medium
2428,19.094598,72.733887,Linking Road Bandra,Severe,2022-04-27,07:00,2022-04-27 07:00:00,Rain,Auto,low
2429,18.916193,72.804797,Marine Drive,Severe,2023-02-09,06:00,2023-02-09 06:00:00,Clear,Truck,low
2430,18.943435,72.841934,Marine Drive,Severe,2023-03-09,02:00,2023-03-09 02:00:00,Rain,Car,low
2431,19.090816,72.807535,SV Road Andheri,Minor,2023-01-27,07:00,2023-01-27 07:00:00,Fog,Truck,medium
2432,18.843537,72.941468,Marine Drive,Minor,2023-04-17,14:00,2023-04-17 14:00:00,Fog,Bike,low
2433,18.866934,72.848235,Marine Drive,Severe,2024-11-13,16:00,2024-11-13 16:00:00,Clear,Auto,low
2434,19.18094,72.868377,Western Express Highway,Minor,2023-11-20,04:00,2023-11-20 04:00:00,Clear,Bike,high
2435,19.066627,72.809637,Linking Road Bandra,Fatal,2024-11-28,15:00,2024-11-28 15:00:00,Rain,Bus,low
2436,18.864019,72.920943,Marine Drive,Minor,2022-11-03,21:00,2022-11-03 21:00:00,Fog,Auto,low
2437,19.026593,72.792578,Worli Sea Link,Severe,2023-02-07,13:00,2023-02-07 13:00:00,Fog,Auto,medium
2438,18.957215,72.763054,Marine Drive,Fatal,2024-04-26,12:00,2024-04-26 12:00:00,Fog,Truck,low
2439,19.103366,72.722967,SV Road Andheri,Minor,2024-01-29,05:00,2024-01-29 05:00:00,Fog,Bus,medium
2440,19.175453,72.764581,SV Road Andheri,Minor,2023-03-29,22:00,2023-03-29 22:00:00,Fog,Bike,medium
2441,19.240374,72.906546,Ghodbunder Road,Fatal,2022-02-19,08:00,2022-02-19 08:00:00,Clear,Car,high
2442,18.97264,72.964479,Sion-Panvel Highway,Fatal,2022-05-27,09:00,2022-05-27 09:00:00,Clear,Bus,medium
2443,18.851724,72.808857,Marine Drive,Severe,2024-07-01,06:00,2024-07-01 06:00:00,Fog,Car,low
2444,19.20955,72.866198,Western Express Highway,Severe,2024-10-06,23:00,2024-10-06 23:00:00,Rain,Truck,high
2445,19.279712,72.8372,Ghodbunder Road,Minor,2023-06-13,06:00,2023-06-13 06:00:00,Clear,Truck,high
2446,19.014402,72.821999,Worli Sea Link,Fatal,2023-02-28,15:00,2023-02-28 15:00:00,Fog,Auto,medium
2447,19.239267,72.817797,SV Road Andheri,Severe,2022-12-25,20:00,2022-12-25 20:00:00,Clear,Auto,medium
2448,19.131513,72.910279,Jogeshwari-Vikhroli Link Road,Severe,2025-02-28,14:00,2025-02-28 14:00:00,Clear,Bus,high
2449,19.181274,72.796893,SV Road Andheri,Minor,2022-12-10,12:00,2022-12-10 12:00:00,Clear,Auto,medium
2450,18.971263,72.992735,Sion-Panvel Highway,Minor,2024-06-18,07:00,2024-06-18 07:00:00,Rain,Bike,medium
2451,18.836459,72.899218,Marine Drive,Minor,2022-03-07,23:00,2022-03-07 23:00:00,Rain,Car,low
2452,19.098571,72.922191,Jogeshwari-Vikhroli Link Road,Minor,2023-10-29,11:00,2023-10-29 11:00:00,Fog,Car,high
2453,19.140865,72.796042,SV Road Andheri,Severe,2025-03-06,18:00,2025-03-06 18:00:00,Rain,Bus,medium
2454,19.171429,72.997942,Ghodbunder Road,Minor,2023-03-31,01:00,2023-03-31 01:00:00,Clear,Truck,high
2455,19.294033,72.88774,Ghodbunder Road,Minor,2023-08-30,18:00,2023-08-30 18:00:00,Rain,Bike,high
2456,19.123224,72.772005,SV Road Andheri,Severe,2023-02-28,14:00,2023-02-28 14:00:00,Rain,Auto,medium
2457,18.817469,72.830447,Marine Drive,Severe,2025-03-01,12:00,2025-03-01 12:00:00,Clear,Auto,low
2458,18.917778,72.748428,Marine Drive,Fatal,2024-11-26,05:00,2024-11-26 05:00:00,Clear,Bus,low
2459,19.278444,72.830768,Ghodbunder Road,Severe,2023-11-13,01:00,2023-11-13 01:00:00,Fog,Auto,high
2460,19.103427,72.903334,Eastern Express Highway,Fatal,2023-01-05,10:00,2023-01-05 10:00:00,Rain,Bus,high
2461,19.069231,72.747838,Linking Road Bandra,Fatal,2022-03-31,07:00,2022-03-31 07:00:00,Clear,Bus,low
2462,18.879635,72.72064,Marine Drive,Severe,2025-02-19,11:00,2025-02-19 11:00:00,Fog,Truck,low
2463,19.18182,72.794044,SV Road Andheri,Fatal,2022-03-08,03:00,2022-03-08 03:00:00,Rain,Bike,medium
2464,19.066536,72.949573,Sion-Panvel Highway,Severe,2023-04-02,12:00,2023-04-02 12:00:00,Fog,Auto,medium
2465,19.059478,72.742639,Worli Sea Link,Minor,2023-01-24,01:00,2023-01-24 01:00:00,Clear,Auto,medium
2466,19.143706,72.850904,SV Road Andheri,Minor,2024-05-20,14:00,2024-05-20 14:00:00,Fog,Truck,medium
2467,19.071496,72.779263,Linking Road Bandra,Fatal,2022-04-11,16:00,2022-04-11 16:00:00,Fog,Bus,low
2468,19.296425,72.868698,Ghodbunder Road,Minor,2023-05-22,20:00,2023-05-22 20:00:00,Fog,Truck,high
2469,19.246931,72.725793,SV Road Andheri,Severe,2022-04-17,01:00,2022-04-17 01:00:00,Fog,Truck,medium
2470,18.84224,72.805043,Marine Drive,Severe,2023-07-07,19:00,2023-07-07 19:00:00,Clear,Auto,low
2471,19.269936,72.749315,SV Road Andheri,Minor,2024-09-30,23:00,2024-09-30 23:00:00,Clear,Bike,medium
2472,19.287773,72.76853,SV Road Andheri,Minor,2024-02-21,23:00,2024-02-21 23:00:00,Rain,Auto,medium
2473,18.903372,72.701092,Marine Drive,Minor,2024-02-28,05:00,2024-02-28 05:00:00,Rain,Auto,low
2474,18.986785,72.797887,Worli Sea Link,Minor,2023-03-27,20:00,2023-03-27 20:00:00,Fog,Truck,medium
2475,18.84795,72.89635,Marine Drive,Severe,2024-03-13,19:00,2024-03-13 19:00:00,Fog,Auto,low
2476,18.939377,72.983705,Sion-Panvel Highway,Severe,2024-05-14,10:00,2024-05-14 10:00:00,Clear,Bus,medium
2477,19.006443,72.843395,Worli Sea Link,Severe,2023-03-24,08:00,2023-03-24 08:00:00,Clear,Truck,medium
2478,18.869184,72.923827,Marine Drive,Minor,2022-05-01,15:00,2022-05-01 15:00:00,Rain,Bus,low
2479,19.062576,72.721836,Worli Sea Link,Fatal,2023-10-16,05:00,2023-10-16 05:00:00,Fog,Car,medium
2480,19.000171,72.926686,Sion-Panvel Highway,Minor,2022-01-13,03:00,2022-01-13 03:00:00,Clear,Bike,medium
2481,19.155145,72.985,Ghodbunder Road,Minor,2024-12-30,03:00,2024-12-30 03:00:00,Fog,Car,high
2482,19.267441,72.913419,Ghodbunder Road,Severe,2023-05-21,21:00,2023-05-21 21:00:00,Rain,Truck,high
2483,18.902575,72.739426,Marine Drive,Minor,2022-05-08,09:00,2022-05-08 09:00:00,Rain,Auto,low
2484,19.276444,72.977625,Ghodbunder Road,Fatal,2024-04-22,19:00,2024-04-22 19:00:00,Rain,Auto,high
2485,18.834751,72.950202,Marine Drive,Severe,2023-06-03,07:00,2023-06-03 07:00:00,Clear,Auto,low
2486,18.934635,72.953368,Sion-Panvel Highway,Minor,2023-03-31,02:00,2023-03-31 02:00:00,Clear,Auto,medium
2487,19.015283,72.718842,Worli Sea Link,Minor,2025-03-06,13:00,2025-03-06 13:00:00,Clear,Bus,medium
2488,19.006861,72.893428,Sion-Panvel Highway,Minor,2022-08-19,05:00,2022-08-19 05:00:00,Rain,Bus,medium
2489,18.88596,72.995757,Sion-Panvel Highway,Minor,2025-02-14,03:00,2025-02-14 03:00:00,Clear,Car,medium
2490,18.84749,72.765326,Marine Drive,Severe,2023-01-01,05:00,2023-01-01 05:00:00,Rain,Truck,low
2491,18.836401,72.834555,Marine Drive,Severe,2023-05-07,23:00,2023-05-07 23:00:00,Fog,Truck,low
2492,18.968212,72.764615,Marine Drive,Severe,2024-05-05,20:00,2024-05-05 20:00:00,Rain,Car,low
2493,19.076,72.8777,LBS Marg,Severe,2026-03-26,13:36,2026-03-26 13:36:42,Clear,Auto,medium
2494,19.0596,72.8295,Linking Road Bandra,High,2026-03-26,14:23,2026-03-26 14:23:43,Rain,Car,low
