id,latitude,longitude,road_name,severity,date,time,datetime,weather,vehicle_type,road_risk_level
1,17.422447,78.464881,Necklace Road,Minor,2022-02-25,03:00,2022-02-25 03:00:00,Rain,Truck,low
2,17.382285,78.551704,Necklace Road,Severe,2023-08-03,11:00,2023-08-03 11:00:00,Rain,Bike,low
3,17.570411,78.310647,ORR,Fatal,2024-08-14,18:00,2024-08-14 18:00:00,Fog,Car,high
4,17.36441,78.442288,Banjara Hills Rd 1,Severe,2022-03-01,22:00,2022-03-01 22:00:00,Rain,Car,medium
5,17.384544,78.420669,Banjara Hills Rd 1,Severe,2022-05-23,14:00,2022-05-23 14:00:00,Rain,Car,medium
6,17.217784,78.280672,ORR,Severe,2024-12-23,13:00,2024-12-23 13:00:00,Fog,Truck,high
7,17.224481,78.470636,Necklace Road,Severe,2023-02-23,07:00,2023-02-23 07:00:00,Fog,Car,low
8,17.530898,78.305176,ORR,Minor,2024-11-26,19:00,2024-11-26 19:00:00,Fog,Auto,high
9,17.386509,78.48781,Necklace Road,Severe,2022-04-11,00:00,2022-04-11 00:00:00,Rain,Bus,low
10,17.335804,78.271751,ORR,Severe,2023-04-21,03:00,2023-04-21 03:00:00,Fog,Car,high
11,17.512138,78.471549,Necklace Road,Minor,2024-04-24,06:00,2024-04-24 06:00:00,Rain,Car,low
12,17.470165,78.472552,Necklace Road,Severe,2022-09-24,02:00,2022-09-24 02:00:00,Rain,Car,low
13,17.44697,78.449607,Banjara Hills Rd 1,Minor,2023-09-19,18:00,2023-09-19 18:00:00,Fog,Auto,medium
14,17.426893,78.488724,Necklace Road,Minor,2024-03-01,13:00,2024-03-01 13:00:00,Fog,Truck,low
15,17.49119,78.27063,ORR,Minor,2025-02-15,08:00,2025-02-15 08:00:00,Rain,Auto,high
16,17.416162,78.471995,Necklace Road,Minor,2022-02-12,11:00,2022-02-12 11:00:00,Rain,Car,low
17,17.469395,78.426902,Banjara Hills Rd 1,Severe,2022-06-12,23:00,2022-06-12 23:00:00,Rain,Bike,medium
18,17.57514,78.484234,Necklace Road,Severe,2023-07-23,00:00,2023-07-23 00:00:00,Rain,Truck,low
19,17.253718,78.264759,ORR,Minor,2023-12-03,21:00,2023-12-03 21:00:00,Fog,Bus,high
20,17.492197,78.20001,ORR,Minor,2022-01-13,19:00,2022-01-13 19:00:00,Rain,Bike,high
21,17.563446,78.232019,ORR,Minor,2023-10-10,13:00,2023-10-10 13:00:00,Rain,Car,high
22,17.262441,78.332996,ORR,Severe,2022-03-21,19:00,2022-03-21 19:00:00,Clear,Auto,high
23,17.432325,78.449923,Banjara Hills Rd 1,Severe,2022-09-08,00:00,2022-09-08 00:00:00,Clear,Truck,medium
24,17.453887,78.418717,Banjara Hills Rd 1,Minor,2023-01-25,07:00,2023-01-25 07:00:00,Clear,Auto,medium
25,17.310034,78.367309,Banjara Hills Rd 1,Severe,2024-07-13,18:00,2024-07-13 18:00:00,Rain,Bus,medium
26,17.22001,78.311087,ORR,Minor,2024-07-07,10:00,2024-07-07 10:00:00,Fog,Car,high
27,17.227437,78.332683,ORR,Severe,2024-10-12,13:00,2024-10-12 13:00:00,Clear,Bike,high
28,17.230262,78.253208,ORR,Fatal,2022-07-11,00:00,2022-07-11 00:00:00,Clear,Auto,high
29,17.453228,78.354267,ORR,Severe,2023-03-18,09:00,2023-03-18 09:00:00,Rain,Auto,high
30,17.474242,78.535552,Necklace Road,Severe,2023-05-16,12:00,2023-05-16 12:00:00,Rain,Truck,low
31,17.510543,78.427133,Banjara Hills Rd 1,Minor,2022-08-24,03:00,2022-08-24 03:00:00,Fog,Auto,medium
32,17.269165,78.502459,Necklace Road,Severe,2023-09-04,20:00,2023-09-04 20:00:00,Fog,Bus,low
33,17.527114,78.530469,Necklace Road,Minor,2022-01-02,21:00,2022-01-02 21:00:00,Clear,Bike,low
34,17.441486,78.243836,ORR,Minor,2023-03-01,15:00,2023-03-01 15:00:00,Rain,Auto,high
35,17.462352,78.560305,Necklace Road,Severe,2022-09-14,10:00,2022-09-14 10:00:00,Clear,Bike,low
36,17.465522,78.468433,Necklace Road,Severe,2024-01-25,11:00,2024-01-25 11:00:00,Fog,Truck,low
37,17.429285,78.462174,Necklace Road,Severe,2024-11-21,14:00,2024-11-21 14:00:00,Clear,Bus,low
38,17.51022,78.320229,ORR,Minor,2023-09-05,10:00,2023-09-05 10:00:00,Clear,Truck,high
39,17.469867,78.205519,ORR,Minor,2022-03-25,04:00,2022-03-25 04:00:00,Clear,Bike,high
40,17.266396,78.569623,Necklace Road,Severe,2024-05-15,06:00,2024-05-15 06:00:00,Fog,Bike,low
41,17.380814,78.527045,Necklace Road,Minor,2022-08-22,10:00,2022-08-22 10:00:00,Fog,Car,low
42,17.218976,78.371587,Banjara Hills Rd 1,Minor,2023-07-01,01:00,2023-07-01 01:00:00,Clear,Bus,medium
43,17.271903,78.256815,ORR,Fatal,2022-03-15,03:00,2022-03-15 03:00:00,Clear,Car,high
44,17.501854,78.288515,ORR,Minor,2022-03-02,18:00,2022-03-02 18:00:00,Fog,Bus,high
45,17.28964,78.564883,Necklace Road,Fatal,2022-07-24,00:00,2022-07-24 00:00:00,Rain,Auto,low
46,17.434443,78.569551,Necklace Road,Minor,2024-03-15,00:00,2024-03-15 00:00:00,Rain,Car,low
47,17.257354,78.220547,ORR,Minor,2022-07-08,10:00,2022-07-08 10:00:00,Rain,Car,high
48,17.264223,78.582497,Necklace Road,Severe,2024-02-24,23:00,2024-02-24 23:00:00,Fog,Car,low
49,17.581124,78.474942,Necklace Road,Minor,2022-10-13,17:00,2022-10-13 17:00:00,Rain,Auto,low
50,17.457398,78.207636,ORR,Minor,2023-12-26,03:00,2023-12-26 03:00:00,Clear,Truck,high
51,17.487653,78.541296,Necklace Road,Minor,2023-08-16,01:00,2023-08-16 01:00:00,Rain,Car,low
52,17.539404,78.221201,ORR,Minor,2023-04-04,12:00,2023-04-04 12:00:00,Fog,Auto,high
53,17.361712,78.279241,ORR,Severe,2022-08-26,22:00,2022-08-26 22:00:00,Rain,Bus,high
54,17.310556,78.405671,Banjara Hills Rd 1,Minor,2022-03-02,22:00,2022-03-02 22:00:00,Clear,Auto,medium
55,17.318148,78.55434,Necklace Road,Fatal,2022-05-16,12:00,2022-05-16 12:00:00,Rain,Car,low
56,17.557086,78.478082,Necklace Road,Severe,2022-06-23,13:00,2022-06-23 13:00:00,Rain,Bike,low
57,17.399051,78.324222,ORR,Severe,2023-04-25,16:00,2023-04-25 16:00:00,Clear,Bus,high
58,17.579808,78.226828,ORR,Minor,2024-02-24,04:00,2024-02-24 04:00:00,Rain,Car,high
59,17.358432,78.200209,ORR,Minor,2025-02-16,18:00,2025-02-16 18:00:00,Clear,Auto,high
60,17.206802,78.509494,Necklace Road,Minor,2022-12-28,04:00,2022-12-28 04:00:00,Fog,Auto,low
61,17.366319,78.398514,Banjara Hills Rd 1,Minor,2024-03-26,03:00,2024-03-26 03:00:00,Rain,Bus,medium
62,17.446934,78.400292,Banjara Hills Rd 1,Minor,2022-02-07,03:00,2022-02-07 03:00:00,Rain,Bus,medium
63,17.401452,78.312458,ORR,Fatal,2023-11-10,02:00,2023-11-10 02:00:00,Fog,Auto,high
64,17.382132,78.299907,ORR,Severe,2023-06-07,00:00,2023-06-07 00:00:00,Rain,Car,high
65,17.379493,78.584961,Necklace Road,Fatal,2024-10-21,07:00,2024-10-21 07:00:00,Clear,Auto,low
66,17.346346,78.357747,ORR,Fatal,2025-01-25,11:00,2025-01-25 11:00:00,Fog,Truck,high
67,17.41493,78.293052,ORR,Fatal,2022-03-26,23:00,2022-03-26 23:00:00,Rain,Bus,high
68,17.507673,78.390292,ORR,Minor,2024-06-04,12:00,2024-06-04 12:00:00,Fog,Auto,high
69,17.547401,78.484011,Necklace Road,Severe,2024-03-23,22:00,2024-03-23 22:00:00,Clear,Car,low
70,17.360349,78.597545,Necklace Road,Minor,2024-09-17,01:00,2024-09-17 01:00:00,Clear,Bike,low
71,17.276563,78.481667,Necklace Road,Minor,2024-03-31,12:00,2024-03-31 12:00:00,Clear,Bus,low
72,17.422966,78.344913,ORR,Fatal,2023-10-07,15:00,2023-10-07 15:00:00,Clear,Bike,high
73,17.294177,78.238318,ORR,Fatal,2024-03-09,06:00,2024-03-09 06:00:00,Fog,Truck,high
74,17.313992,78.268967,ORR,Minor,2022-08-03,13:00,2022-08-03 13:00:00,Rain,Bus,high
75,17.421082,78.258105,ORR,Minor,2022-03-21,12:00,2022-03-21 12:00:00,Rain,Truck,high
76,17.402649,78.246267,ORR,Severe,2024-09-17,04:00,2024-09-17 04:00:00,Fog,Bus,high
77,17.388875,78.214956,ORR,Minor,2022-10-28,23:00,2022-10-28 23:00:00,Rain,Car,high
78,17.402371,78.297586,ORR,Minor,2022-05-04,22:00,2022-05-04 22:00:00,Fog,Car,high
79,17.447765,78.504138,Necklace Road,Minor,2023-02-10,08:00,2023-02-10 08:00:00,Rain,Truck,low
80,17.423218,78.590405,Necklace Road,Fatal,2023-10-24,16:00,2023-10-24 16:00:00,Fog,Auto,low
81,17.210242,78.36299,Banjara Hills Rd 1,Minor,2023-01-28,00:00,2023-01-28 00:00:00,Fog,Auto,medium
82,17.490835,78.269914,ORR,Fatal,2023-01-25,10:00,2023-01-25 10:00:00,Clear,Bus,high
83,17.476431,78.581214,Necklace Road,Minor,2023-03-16,19:00,2023-03-16 19:00:00,Rain,Truck,low
84,17.534797,78.483255,Necklace Road,Minor,2022-12-20,11:00,2022-12-20 11:00:00,Clear,Bus,low
85,17.419559,78.596814,Necklace Road,Minor,2022-03-09,19:00,2022-03-09 19:00:00,Rain,Car,low
86,17.38426,78.38528,Banjara Hills Rd 1,Minor,2024-03-18,04:00,2024-03-18 04:00:00,Fog,Truck,medium
87,17.472554,78.423214,Banjara Hills Rd 1,Fatal,2024-02-19,16:00,2024-02-19 16:00:00,Clear,Auto,medium
88,17.507989,78.437451,Banjara Hills Rd 1,Severe,2024-04-26,15:00,2024-04-26 15:00:00,Rain,Truck,medium
89,17.380219,78.398458,Banjara Hills Rd 1,Minor,2023-12-30,23:00,2023-12-30 23:00:00,Clear,Auto,medium
90,17.236273,78.511632,Necklace Road,Severe,2022-09-20,14:00,2022-09-20 14:00:00,Clear,Truck,low
91,17.298444,78.366816,Banjara Hills Rd 1,Minor,2024-09-08,10:00,2024-09-08 10:00:00,Clear,Truck,medium
92,17.377913,78.569037,Necklace Road,Severe,2022-11-24,12:00,2022-11-24 12:00:00,Clear,Bus,low
93,17.554942,78.379746,ORR,Minor,2023-08-30,15:00,2023-08-30 15:00:00,Clear,Bus,high
94,17.465114,78.377401,ORR,Minor,2024-02-13,13:00,2024-02-13 13:00:00,Clear,Truck,high
95,17.541807,78.242917,ORR,Minor,2024-05-11,02:00,2024-05-11 02:00:00,Rain,Auto,high
96,17.420922,78.55609,Necklace Road,Minor,2024-01-01,05:00,2024-01-01 05:00:00,Fog,Bike,low
97,17.250518,78.372381,Banjara Hills Rd 1,Minor,2024-04-30,01:00,2024-04-30 01:00:00,Rain,Bike,medium
98,17.484176,78.390922,ORR,Minor,2023-07-31,14:00,2023-07-31 14:00:00,Fog,Auto,high
99,17.569075,78.436332,Banjara Hills Rd 1,Fatal,2022-10-16,11:00,2022-10-16 11:00:00,Fog,Car,medium
100,17.579739,78.492782,Necklace Road,Fatal,2025-02-06,18:00,2025-02-06 18:00:00,Fog,Bus,low
101,17.381949,78.334216,ORR,Minor,2023-07-09,12:00,2023-07-09 12:00:00,Clear,Bike,high
102,17.384569,78.572456,Necklace Road,Minor,2024-11-27,05:00,2024-11-27 05:00:00,Rain,Car,low
103,17.378495,78.392462,Banjara Hills Rd 1,Minor,2023-01-19,23:00,2023-01-19 23:00:00,Fog,Bike,medium
104,17.43829,78.481445,Necklace Road,Minor,2022-06-05,14:00,2022-06-05 14:00:00,Clear,Truck,low
105,17.232257,78.285047,ORR,Minor,2024-08-22,22:00,2024-08-22 22:00:00,Fog,Bus,high
106,17.336894,78.312399,ORR,Severe,2024-06-22,22:00,2024-06-22 22:00:00,Clear,Truck,high
107,17.504956,78.498686,Necklace Road,Fatal,2024-02-27,12:00,2024-02-27 12:00:00,Fog,Bus,low
108,17.432268,78.289799,ORR,Severe,2023-05-27,04:00,2023-05-27 04:00:00,Fog,Car,high
109,17.369128,78.24037,ORR,Severe,2023-12-16,06:00,2023-12-16 06:00:00,Clear,Bus,high
110,17.318315,78.230168,ORR,Severe,2024-06-23,08:00,2024-06-23 08:00:00,Rain,Truck,high
111,17.489211,78.299442,ORR,Minor,2025-03-21,12:00,2025-03-21 12:00:00,Clear,Auto,high
112,17.525246,78.416394,Banjara Hills Rd 1,Minor,2024-03-09,02:00,2024-03-09 02:00:00,Rain,Bike,medium
113,17.563599,78.31402,ORR,Fatal,2023-03-24,01:00,2023-03-24 01:00:00,Fog,Truck,high
114,17.241102,78.508804,Necklace Road,Minor,2023-06-05,09:00,2023-06-05 09:00:00,Fog,Bus,low
115,17.275563,78.58059,Necklace Road,Severe,2023-06-07,07:00,2023-06-07 07:00:00,Fog,Car,low
116,17.363859,78.291421,ORR,Severe,2023-02-26,11:00,2023-02-26 11:00:00,Clear,Bus,high
117,17.452014,78.433527,Banjara Hills Rd 1,Minor,2023-04-24,11:00,2023-04-24 11:00:00,Clear,Bike,medium
118,17.357542,78.526322,Necklace Road,Minor,2024-02-29,06:00,2024-02-29 06:00:00,Clear,Bus,low
119,17.47703,78.56826,Necklace Road,Severe,2022-10-15,02:00,2022-10-15 02:00:00,Clear,Bike,low
120,17.561688,78.240787,ORR,Minor,2022-05-02,00:00,2022-05-02 00:00:00,Fog,Bike,high
121,17.388497,78.373591,ORR,Minor,2024-07-18,14:00,2024-07-18 14:00:00,Clear,Bus,high
122,17.514752,78.387556,ORR,Severe,2024-09-13,12:00,2024-09-13 12:00:00,Clear,Car,high
123,17.312277,78.479504,Necklace Road,Minor,2025-03-20,11:00,2025-03-20 11:00:00,Clear,Car,low
124,17.412991,78.396097,Banjara Hills Rd 1,Severe,2023-05-30,18:00,2023-05-30 18:00:00,Fog,Truck,medium
125,17.223967,78.53245,Necklace Road,Fatal,2024-01-24,06:00,2024-01-24 06:00:00,Fog,Bike,low
126,17.304729,78.256467,ORR,Minor,2024-09-29,19:00,2024-09-29 19:00:00,Clear,Bus,high
127,17.544509,78.543743,Necklace Road,Minor,2022-06-21,12:00,2022-06-21 12:00:00,Rain,Bus,low
128,17.452966,78.344772,ORR,Fatal,2024-07-29,13:00,2024-07-29 13:00:00,Clear,Truck,high
129,17.355601,78.289833,ORR,Fatal,2023-12-08,09:00,2023-12-08 09:00:00,Fog,Bike,high
130,17.485871,78.325206,ORR,Minor,2025-04-01,03:00,2025-04-01 03:00:00,Rain,Bike,high
131,17.260695,78.39314,Banjara Hills Rd 1,Severe,2024-01-07,00:00,2024-01-07 00:00:00,Clear,Auto,medium
132,17.53703,78.541082,Necklace Road,Severe,2024-07-26,06:00,2024-07-26 06:00:00,Fog,Car,low
133,17.548779,78.565817,Necklace Road,Severe,2025-02-13,10:00,2025-02-13 10:00:00,Rain,Bike,low
134,17.229615,78.530172,Necklace Road,Minor,2024-10-12,04:00,2024-10-12 04:00:00,Clear,Bike,low
135,17.39392,78.2745,ORR,Minor,2023-08-24,15:00,2023-08-24 15:00:00,Rain,Bike,high
136,17.599488,78.439608,Banjara Hills Rd 1,Minor,2024-08-28,18:00,2024-08-28 18:00:00,Rain,Car,medium
137,17.383833,78.51441,Necklace Road,Fatal,2022-05-14,01:00,2022-05-14 01:00:00,Rain,Bus,low
138,17.409863,78.566816,Necklace Road,Minor,2023-02-10,15:00,2023-02-10 15:00:00,Clear,Car,low
139,17.231167,78.434158,Banjara Hills Rd 1,Severe,2022-07-10,05:00,2022-07-10 05:00:00,Clear,Bus,medium
140,17.544024,78.275685,ORR,Minor,2023-10-02,11:00,2023-10-02 11:00:00,Clear,Bus,high
141,17.516163,78.210218,ORR,Severe,2022-04-13,01:00,2022-04-13 01:00:00,Clear,Auto,high
142,17.258691,78.251113,ORR,Severe,2024-06-23,08:00,2024-06-23 08:00:00,Rain,Bus,high
143,17.493273,78.312219,ORR,Severe,2024-05-23,05:00,2024-05-23 05:00:00,Fog,Bus,high
144,17.398233,78.283402,ORR,Severe,2024-03-12,20:00,2024-03-12 20:00:00,Rain,Car,high
145,17.403884,78.573596,Necklace Road,Severe,2022-05-12,00:00,2022-05-12 00:00:00,Clear,Bus,low
146,17.310355,78.361452,ORR,Severe,2024-06-01,19:00,2024-06-01 19:00:00,Clear,Car,high
147,17.41325,78.524265,Necklace Road,Minor,2024-05-06,07:00,2024-05-06 07:00:00,Fog,Car,low
148,17.529057,78.454022,Necklace Road,Fatal,2023-08-23,22:00,2023-08-23 22:00:00,Rain,Bike,low
149,17.331046,78.352564,ORR,Severe,2024-09-07,10:00,2024-09-07 10:00:00,Clear,Car,high
150,17.494501,78.236971,ORR,Minor,2022-11-18,13:00,2022-11-18 13:00:00,Fog,Bike,high
151,17.373833,78.459695,Necklace Road,Severe,2025-04-03,11:00,2025-04-03 11:00:00,Rain,Bus,low
152,17.418886,78.362018,ORR,Minor,2022-08-15,07:00,2022-08-15 07:00:00,Fog,Auto,high
153,17.507684,78.327103,ORR,Minor,2024-07-06,01:00,2024-07-06 01:00:00,Rain,Bus,high
154,17.252002,78.462556,Necklace Road,Severe,2022-09-12,20:00,2022-09-12 20:00:00,Rain,Truck,low
155,17.218279,78.564934,Necklace Road,Minor,2022-07-17,17:00,2022-07-17 17:00:00,Fog,Truck,low
156,17.465683,78.451955,Banjara Hills Rd 1,Severe,2023-08-07,22:00,2023-08-07 22:00:00,Rain,Bus,medium
157,17.460004,78.545962,Necklace Road,Minor,2024-06-14,04:00,2024-06-14 04:00:00,Fog,Auto,low
158,17.354502,78.365204,ORR,Minor,2022-07-22,00:00,2022-07-22 00:00:00,Clear,Bus,high
159,17.250229,78.524502,Necklace Road,Minor,2024-06-23,14:00,2024-06-23 14:00:00,Fog,Truck,low
160,17.521543,78.354057,ORR,Severe,2022-09-24,21:00,2022-09-24 21:00:00,Fog,Truck,high
161,17.453383,78.46643,Necklace Road,Severe,2024-06-11,01:00,2024-06-11 01:00:00,Fog,Bike,low
162,17.477902,78.588939,Necklace Road,Minor,2023-03-17,03:00,2023-03-17 03:00:00,Clear,Auto,low
163,17.214265,78.38621,Banjara Hills Rd 1,Severe,2024-04-19,19:00,2024-04-19 19:00:00,Rain,Truck,medium
164,17.5646,78.213262,ORR,Minor,2023-07-21,00:00,2023-07-21 00:00:00,Fog,Truck,high
165,17.495218,78.31752,ORR,Minor,2022-06-12,00:00,2022-06-12 00:00:00,Fog,Car,high
166,17.519525,78.51201,Necklace Road,Minor,2024-08-02,11:00,2024-08-02 11:00:00,Rain,Auto,low
167,17.57512,78.581852,Necklace Road,Severe,2024-03-30,00:00,2024-03-30 00:00:00,Fog,Auto,low
168,17.314317,78.587643,Necklace Road,Severe,2024-10-08,01:00,2024-10-08 01:00:00,Clear,Car,low
169,17.332434,78.262293,ORR,Minor,2024-03-24,11:00,2024-03-24 11:00:00,Rain,Truck,high
170,17.588868,78.42171,Banjara Hills Rd 1,Severe,2024-06-27,04:00,2024-06-27 04:00:00,Fog,Car,medium
171,17.291783,78.256868,ORR,Minor,2022-03-11,17:00,2022-03-11 17:00:00,Fog,Truck,high
172,17.200849,78.27995,ORR,Minor,2024-08-04,00:00,2024-08-04 00:00:00,Rain,Bike,high
173,17.367822,78.457928,Necklace Road,Minor,2024-01-24,16:00,2024-01-24 16:00:00,Fog,Bike,low
174,17.493142,78.343176,ORR,Minor,2023-09-25,03:00,2023-09-25 03:00:00,Fog,Bike,high
175,17.295968,78.586785,Necklace Road,Minor,2025-02-26,05:00,2025-02-26 05:00:00,Fog,Car,low
176,17.226699,78.322648,ORR,Minor,2025-01-05,12:00,2025-01-05 12:00:00,Fog,Auto,high
177,17.461286,78.396104,Banjara Hills Rd 1,Severe,2024-02-27,11:00,2024-02-27 11:00:00,Rain,Auto,medium
178,17.38961,78.218594,ORR,Minor,2023-01-10,22:00,2023-01-10 22:00:00,Fog,Bus,high
179,17.552027,78.391659,ORR,Minor,2023-01-07,00:00,2023-01-07 00:00:00,Rain,Bike,high
180,17.491002,78.560282,Necklace Road,Severe,2022-06-20,17:00,2022-06-20 17:00:00,Fog,Bus,low
181,17.32638,78.283506,ORR,Minor,2023-03-03,18:00,2023-03-03 18:00:00,Clear,Bus,high
182,17.349434,78.38855,Banjara Hills Rd 1,Severe,2023-05-07,14:00,2023-05-07 14:00:00,Clear,Truck,medium
183,17.356943,78.235826,ORR,Minor,2023-12-22,16:00,2023-12-22 16:00:00,Fog,Auto,high
184,17.446414,78.563611,Necklace Road,Minor,2022-05-29,17:00,2022-05-29 17:00:00,Clear,Bus,low
185,17.220096,78.220805,ORR,Fatal,2023-09-20,07:00,2023-09-20 07:00:00,Clear,Truck,high
186,17.264663,78.279257,ORR,Minor,2024-03-31,15:00,2024-03-31 15:00:00,Fog,Truck,high
187,17.339917,78.551202,Necklace Road,Minor,2022-04-07,20:00,2022-04-07 20:00:00,Rain,Truck,low
188,17.285406,78.464666,Necklace Road,Minor,2023-03-12,16:00,2023-03-12 16:00:00,Fog,Auto,low
189,17.522397,78.241765,ORR,Fatal,2022-01-19,14:00,2022-01-19 14:00:00,Clear,Bus,high
190,17.582094,78.521626,Necklace Road,Minor,2023-03-02,15:00,2023-03-02 15:00:00,Rain,Bus,low
191,17.470385,78.347363,ORR,Minor,2024-03-21,16:00,2024-03-21 16:00:00,Rain,Auto,high
192,17.567145,78.390048,ORR,Severe,2025-01-17,08:00,2025-01-17 08:00:00,Clear,Auto,high
193,17.383759,78.529388,Necklace Road,Fatal,2024-11-28,00:00,2024-11-28 00:00:00,Clear,Car,low
194,17.572311,78.344838,ORR,Fatal,2025-02-15,05:00,2025-02-15 05:00:00,Clear,Car,high
195,17.388858,78.463954,Necklace Road,Severe,2023-10-20,04:00,2023-10-20 04:00:00,Rain,Bus,low
196,17.257025,78.542296,Necklace Road,Minor,2024-03-20,11:00,2024-03-20 11:00:00,Clear,Car,low
197,17.223113,78.273871,ORR,Severe,2023-10-28,22:00,2023-10-28 22:00:00,Clear,Bus,high
198,17.369694,78.453881,Banjara Hills Rd 1,Severe,2023-05-20,00:00,2023-05-20 00:00:00,Fog,Auto,medium
199,17.3084,78.511654,Necklace Road,Severe,2025-03-31,05:00,2025-03-31 05:00:00,Clear,Truck,low
200,17.311249,78.269692,ORR,Minor,2023-05-15,05:00,2023-05-15 05:00:00,Rain,Bus,high
201,17.326923,78.300909,ORR,Minor,2022-09-06,17:00,2022-09-06 17:00:00,Fog,Truck,high
202,17.237878,78.449815,Banjara Hills Rd 1,Minor,2022-10-30,14:00,2022-10-30 14:00:00,Rain,Auto,medium
203,17.534741,78.529134,Necklace Road,Minor,2024-09-16,09:00,2024-09-16 09:00:00,Fog,Truck,low
204,17.218143,78.493347,Necklace Road,Fatal,2024-10-16,23:00,2024-10-16 23:00:00,Clear,Bike,low
205,17.591672,78.594937,Necklace Road,Minor,2024-12-16,21:00,2024-12-16 21:00:00,Rain,Bike,low
206,17.446664,78.207622,ORR,Minor,2024-10-06,15:00,2024-10-06 15:00:00,Rain,Bus,high
207,17.422882,78.384674,ORR,Fatal,2024-05-14,03:00,2024-05-14 03:00:00,Rain,Car,high
208,17.250616,78.213099,ORR,Severe,2023-10-13,22:00,2023-10-13 22:00:00,Rain,Auto,high
209,17.55983,78.244373,ORR,Minor,2024-11-15,06:00,2024-11-15 06:00:00,Clear,Auto,high
210,17.306119,78.405365,Banjara Hills Rd 1,Minor,2024-05-26,18:00,2024-05-26 18:00:00,Clear,Truck,medium
211,17.409177,78.354617,ORR,Minor,2024-06-21,22:00,2024-06-21 22:00:00,Fog,Truck,high
212,17.597187,78.54281,Necklace Road,Fatal,2022-02-24,10:00,2022-02-24 10:00:00,Rain,Bike,low
213,17.314196,78.468336,Necklace Road,Minor,2023-03-25,15:00,2023-03-25 15:00:00,Clear,Car,low
214,17.484214,78.401646,Banjara Hills Rd 1,Minor,2024-04-07,18:00,2024-04-07 18:00:00,Clear,Bus,medium
215,17.235342,78.506584,Necklace Road,Severe,2024-01-22,21:00,2024-01-22 21:00:00,Rain,Bike,low
216,17.34352,78.442515,Banjara Hills Rd 1,Minor,2022-04-05,16:00,2022-04-05 16:00:00,Rain,Truck,medium
217,17.42112,78.591713,Necklace Road,Severe,2022-04-10,21:00,2022-04-10 21:00:00,Fog,Car,low
218,17.275883,78.253443,ORR,Minor,2023-05-29,23:00,2023-05-29 23:00:00,Fog,Truck,high
219,17.490986,78.387323,ORR,Severe,2023-05-23,03:00,2023-05-23 03:00:00,Rain,Bus,high
220,17.536715,78.445376,Banjara Hills Rd 1,Severe,2024-02-04,23:00,2024-02-04 23:00:00,Fog,Car,medium
221,17.585938,78.382128,ORR,Severe,2024-03-18,00:00,2024-03-18 00:00:00,Clear,Bike,high
222,17.245916,78.457443,Necklace Road,Severe,2022-03-18,02:00,2022-03-18 02:00:00,Rain,Auto,low
223,17.483446,78.375371,ORR,Severe,2025-02-13,11:00,2025-02-13 11:00:00,Fog,Auto,high
224,17.305846,78.236043,ORR,Fatal,2024-07-27,17:00,2024-07-27 17:00:00,Clear,Bike,high
225,17.551162,78.441074,Banjara Hills Rd 1,Minor,2022-09-29,15:00,2022-09-29 15:00:00,Fog,Car,medium
226,17.513301,78.501359,Necklace Road,Severe,2022-11-22,10:00,2022-11-22 10:00:00,Fog,Truck,low
227,17.49804,78.437039,Banjara Hills Rd 1,Minor,2023-04-06,09:00,2023-04-06 09:00:00,Rain,Truck,medium
228,17.233663,78.285784,ORR,Fatal,2023-01-02,17:00,2023-01-02 17:00:00,Fog,Truck,high
229,17.370544,78.551773,Necklace Road,Minor,2024-07-01,18:00,2024-07-01 18:00:00,Fog,Bus,low
230,17.471899,78.367469,ORR,Severe,2023-03-30,13:00,2023-03-30 13:00:00,Rain,Bus,high
231,17.566375,78.445457,Banjara Hills Rd 1,Minor,2024-12-27,19:00,2024-12-27 19:00:00,Rain,Car,medium
232,17.532825,78.205245,ORR,Minor,2023-04-04,22:00,2023-04-04 22:00:00,Rain,Bike,high
233,17.534085,78.349686,ORR,Severe,2024-09-26,20:00,2024-09-26 20:00:00,Rain,Bus,high
234,17.276958,78.241256,ORR,Severe,2023-04-03,09:00,2023-04-03 09:00:00,Fog,Auto,high
235,17.4677,78.248911,ORR,Minor,2022-01-20,10:00,2022-01-20 10:00:00,Fog,Bike,high
236,17.383219,78.219605,ORR,Minor,2023-06-06,01:00,2023-06-06 01:00:00,Fog,Car,high
237,17.431019,78.570902,Necklace Road,Severe,2024-04-12,16:00,2024-04-12 16:00:00,Clear,Car,low
238,17.331418,78.348077,ORR,Minor,2023-06-26,17:00,2023-06-26 17:00:00,Clear,Auto,high
239,17.349993,78.460942,Necklace Road,Severe,2022-09-30,18:00,2022-09-30 18:00:00,Clear,Bike,low
240,17.590734,78.427152,Banjara Hills Rd 1,Minor,2022-10-29,14:00,2022-10-29 14:00:00,Fog,Car,medium
241,17.331625,78.220966,ORR,Minor,2023-11-15,06:00,2023-11-15 06:00:00,Fog,Truck,high
242,17.450511,78.260333,ORR,Severe,2022-07-30,18:00,2022-07-30 18:00:00,Fog,Bike,high
243,17.250701,78.598972,Necklace Road,Minor,2024-04-02,20:00,2024-04-02 20:00:00,Fog,Bike,low
244,17.527315,78.252921,ORR,Severe,2024-11-01,05:00,2024-11-01 05:00:00,Fog,Bus,high
245,17.440539,78.522668,Necklace Road,Minor,2022-12-10,01:00,2022-12-10 01:00:00,Clear,Bike,low
246,17.547672,78.371542,ORR,Minor,2024-07-02,15:00,2024-07-02 15:00:00,Rain,Auto,high
247,17.590067,78.3253,ORR,Severe,2022-08-20,16:00,2022-08-20 16:00:00,Rain,Bus,high
248,17.205265,78.205591,ORR,Minor,2024-07-28,09:00,2024-07-28 09:00:00,Fog,Auto,high
249,17.260388,78.241323,ORR,Fatal,2024-04-07,18:00,2024-04-07 18:00:00,Clear,Bus,high
250,17.542536,78.203795,ORR,Fatal,2023-03-19,23:00,2023-03-19 23:00:00,Clear,Bus,high
251,17.345878,78.532886,Necklace Road,Severe,2022-08-09,08:00,2022-08-09 08:00:00,Rain,Auto,low
252,17.372703,78.316622,ORR,Minor,2024-09-30,22:00,2024-09-30 22:00:00,Fog,Bike,high
253,17.457623,78.27115,ORR,Severe,2023-12-28,19:00,2023-12-28 19:00:00,Rain,Truck,high
254,17.469778,78.5524,Necklace Road,Minor,2024-04-23,23:00,2024-04-23 23:00:00,Fog,Auto,low
255,17.588522,78.357945,ORR,Minor,2023-07-14,11:00,2023-07-14 11:00:00,Rain,Car,high
256,17.562597,78.405574,ORR,Severe,2024-10-19,10:00,2024-10-19 10:00:00,Rain,Truck,high
257,17.284539,78.218457,ORR,Minor,2025-02-16,08:00,2025-02-16 08:00:00,Fog,Car,high
258,17.291815,78.21831,ORR,Severe,2024-05-14,23:00,2024-05-14 23:00:00,Fog,Car,high
259,17.376535,78.291273,ORR,Minor,2022-08-29,18:00,2022-08-29 18:00:00,Fog,Truck,high
260,17.417205,78.224696,ORR,Minor,2024-06-05,12:00,2024-06-05 12:00:00,Fog,Bike,high
261,17.467272,78.40731,Banjara Hills Rd 1,Minor,2023-09-24,03:00,2023-09-24 03:00:00,Rain,Truck,medium
262,17.561506,78.534058,Necklace Road,Minor,2024-06-01,22:00,2024-06-01 22:00:00,Fog,Bike,low
263,17.231276,78.522514,Necklace Road,Minor,2024-09-05,09:00,2024-09-05 09:00:00,Clear,Bus,low
264,17.210351,78.223259,ORR,Severe,2022-09-03,22:00,2022-09-03 22:00:00,Clear,Truck,high
265,17.21566,78.452147,Banjara Hills Rd 1,Severe,2024-05-31,16:00,2024-05-31 16:00:00,Rain,Bike,medium
266,17.438826,78.34886,ORR,Minor,2024-09-21,21:00,2024-09-21 21:00:00,Rain,Bus,high
267,17.36432,78.455524,Necklace Road,Minor,2024-02-28,00:00,2024-02-28 00:00:00,Clear,Truck,low
268,17.323533,78.341243,ORR,Severe,2022-04-09,04:00,2022-04-09 04:00:00,Clear,Car,high
269,17.542034,78.326039,ORR,Minor,2022-07-07,16:00,2022-07-07 16:00:00,Clear,Bus,high
270,17.301663,78.268383,ORR,Minor,2024-08-18,07:00,2024-08-18 07:00:00,Clear,Auto,high
271,17.369212,78.590924,Necklace Road,Severe,2024-10-17,17:00,2024-10-17 17:00:00,Clear,Bike,low
272,17.296782,78.503281,Necklace Road,Fatal,2023-05-30,06:00,2023-05-30 06:00:00,Clear,Auto,low
273,17.294228,78.489277,Necklace Road,Minor,2024-11-08,08:00,2024-11-08 08:00:00,Rain,Truck,low
274,17.494284,78.277374,ORR,Fatal,2023-02-07,00:00,2023-02-07 00:00:00,Rain,Bus,high
275,17.585817,78.532297,Necklace Road,Minor,2022-09-29,00:00,2022-09-29 00:00:00,Clear,Bus,low
276,17.282347,78.504729,Necklace Road,Severe,2023-02-26,05:00,2023-02-26 05:00:00,Clear,Truck,low
277,17.336941,78.428351,Banjara Hills Rd 1,Minor,2024-10-03,11:00,2024-10-03 11:00:00,Rain,Truck,medium
278,17.48479,78.519477,Necklace Road,Severe,2022-04-26,11:00,2022-04-26 11:00:00,Fog,Car,low
279,17.329631,78.249885,ORR,Minor,2024-11-26,15:00,2024-11-26 15:00:00,Clear,Truck,high
280,17.378081,78.450677,Banjara Hills Rd 1,Minor,2024-05-04,08:00,2024-05-04 08:00:00,Clear,Car,medium
281,17.511956,78.425661,Banjara Hills Rd 1,Minor,2022-04-06,14:00,2022-04-06 14:00:00,Fog,Bus,medium
282,17.585084,78.389047,ORR,Minor,2025-02-28,11:00,2025-02-28 11:00:00,Clear,Bike,high
283,17.513235,78.549235,Necklace Road,Minor,2023-06-27,11:00,2023-06-27 11:00:00,Clear,Bus,low
284,17.520205,78.200851,ORR,Minor,2022-02-20,13:00,2022-02-20 13:00:00,Rain,Bus,high
285,17.445724,78.509425,Necklace Road,Minor,2024-06-20,08:00,2024-06-20 08:00:00,Clear,Auto,low
286,17.508078,78.274812,ORR,Severe,2024-08-28,11:00,2024-08-28 11:00:00,Rain,Bike,high
287,17.211876,78.513591,Necklace Road,Minor,2023-05-08,21:00,2023-05-08 21:00:00,Clear,Auto,low
288,17.424049,78.284145,ORR,Severe,2023-03-10,06:00,2023-03-10 06:00:00,Rain,Bus,high
289,17.26564,78.263372,ORR,Severe,2023-05-03,17:00,2023-05-03 17:00:00,Fog,Auto,high
290,17.400104,78.561624,Necklace Road,Severe,2022-03-07,05:00,2022-03-07 05:00:00,Clear,Bus,low
291,17.501165,78.29562,ORR,Minor,2022-09-25,08:00,2022-09-25 08:00:00,Rain,Car,high
292,17.26553,78.242176,ORR,Severe,2023-05-12,00:00,2023-05-12 00:00:00,Rain,Auto,high
293,17.543435,78.261832,ORR,Severe,2023-05-06,22:00,2023-05-06 22:00:00,Fog,Auto,high
294,17.331153,78.43049,Banjara Hills Rd 1,Severe,2022-10-14,17:00,2022-10-14 17:00:00,Fog,Car,medium
295,17.470228,78.430008,Banjara Hills Rd 1,Severe,2022-01-31,16:00,2022-01-31 16:00:00,Fog,Truck,medium
296,17.226897,78.311474,ORR,Severe,2023-08-19,23:00,2023-08-19 23:00:00,Fog,Truck,high
297,17.289645,78.320063,ORR,Fatal,2025-04-01,20:00,2025-04-01 20:00:00,Rain,Auto,high
298,17.293426,78.551405,Necklace Road,Minor,2024-08-04,09:00,2024-08-04 09:00:00,Rain,Bike,low
299,17.29632,78.446653,Banjara Hills Rd 1,Severe,2022-11-28,20:00,2022-11-28 20:00:00,Fog,Auto,medium
300,17.267717,78.378009,Banjara Hills Rd 1,Severe,2022-03-04,00:00,2022-03-04 00:00:00,Clear,Auto,medium
301,17.248182,78.45857,Necklace Road,Severe,2024-12-26,00:00,2024-12-26 00:00:00,Rain,Auto,low
302,17.264637,78.469977,Necklace Road,Minor,2022-11-06,13:00,2022-11-06 13:00:00,Fog,Bus,low
303,17.353364,78.516885,Necklace Road,Severe,2024-07-29,22:00,2024-07-29 22:00:00,Fog,Auto,low
304,17.453015,78.365094,ORR,Severe,2023-03-19,17:00,2023-03-19 17:00:00,Fog,Bike,high
305,17.565218,78.53627,Necklace Road,Minor,2022-03-25,20:00,2022-03-25 20:00:00,Rain,Auto,low
306,17.257948,78.535631,Necklace Road,Severe,2024-06-16,13:00,2024-06-16 13:00:00,Fog,Car,low
307,17.499379,78.482943,Necklace Road,Minor,2023-01-25,13:00,2023-01-25 13:00:00,Clear,Auto,low
308,17.348487,78.49375,Necklace Road,Minor,2022-07-16,14:00,2022-07-16 14:00:00,Rain,Truck,low
309,17.385348,78.276768,ORR,Minor,2022-06-17,22:00,2022-06-17 22:00:00,Fog,Truck,high
310,17.578062,78.308597,ORR,Severe,2025-03-20,08:00,2025-03-20 08:00:00,Fog,Bus,high
311,17.466853,78.290711,ORR,Minor,2023-04-21,11:00,2023-04-21 11:00:00,Rain,Truck,high
312,17.362645,78.288703,ORR,Severe,2023-07-21,23:00,2023-07-21 23:00:00,Fog,Truck,high
313,17.532383,78.364507,ORR,Minor,2025-03-21,18:00,2025-03-21 18:00:00,Rain,Car,high
314,17.531869,78.264704,ORR,Minor,2023-02-19,00:00,2023-02-19 00:00:00,Clear,Bike,high
315,17.556891,78.282418,ORR,Minor,2024-05-25,05:00,2024-05-25 05:00:00,Fog,Bus,high
316,17.258107,78.399881,Banjara Hills Rd 1,Minor,2023-06-27,08:00,2023-06-27 08:00:00,Rain,Car,medium
317,17.341647,78.230557,ORR,Minor,2023-06-25,01:00,2023-06-25 01:00:00,Fog,Auto,high
318,17.414746,78.273849,ORR,Severe,2022-11-19,07:00,2022-11-19 07:00:00,Fog,Car,high
319,17.380322,78.528201,Necklace Road,Minor,2022-07-30,02:00,2022-07-30 02:00:00,Clear,Bike,low
320,17.217604,78.59406,Necklace Road,Severe,2023-07-22,00:00,2023-07-22 00:00:00,Fog,Bike,low
321,17.495413,78.20684,ORR,Severe,2022-07-07,09:00,2022-07-07 09:00:00,Fog,Auto,high
322,17.532563,78.21924,ORR,Severe,2022-11-08,01:00,2022-11-08 01:00:00,Clear,Car,high
323,17.595356,78.565683,Necklace Road,Fatal,2023-09-19,15:00,2023-09-19 15:00:00,Clear,Truck,low
324,17.582409,78.206942,ORR,Minor,2023-09-11,20:00,2023-09-11 20:00:00,Rain,Truck,high
325,17.523486,78.231642,ORR,Fatal,2022-11-21,17:00,2022-11-21 17:00:00,Rain,Car,high
326,17.420249,78.377715,ORR,Minor,2024-10-20,08:00,2024-10-20 08:00:00,Fog,Bike,high
327,17.577882,78.401235,ORR,Severe,2024-10-09,18:00,2024-10-09 18:00:00,Fog,Bus,high
328,17.314883,78.321001,ORR,Minor,2023-04-22,13:00,2023-04-22 13:00:00,Clear,Auto,high
329,17.473317,78.480885,Necklace Road,Severe,2022-01-04,22:00,2022-01-04 22:00:00,Fog,Car,low
330,17.460465,78.595366,Necklace Road,Fatal,2023-08-09,04:00,2023-08-09 04:00:00,Fog,Bus,low
331,17.38199,78.39509,Banjara Hills Rd 1,Minor,2023-08-06,03:00,2023-08-06 03:00:00,Clear,Truck,medium
332,17.599025,78.359137,ORR,Minor,2024-02-14,14:00,2024-02-14 14:00:00,Fog,Truck,high
333,17.299756,78.514934,Necklace Road,Minor,2024-07-17,19:00,2024-07-17 19:00:00,Clear,Truck,low
334,17.578322,78.353681,ORR,Minor,2024-01-08,21:00,2024-01-08 21:00:00,Clear,Car,high
335,17.596134,78.556514,Necklace Road,Minor,2024-06-01,14:00,2024-06-01 14:00:00,Fog,Bus,low
336,17.562247,78.25323,ORR,Severe,2024-03-23,08:00,2024-03-23 08:00:00,Fog,Auto,high
337,17.322822,78.448536,Banjara Hills Rd 1,Minor,2024-02-27,04:00,2024-02-27 04:00:00,Rain,Bike,medium
338,17.546251,78.491679,Necklace Road,Minor,2022-07-03,06:00,2022-07-03 06:00:00,Rain,Bus,low
339,17.431204,78.555192,Necklace Road,Severe,2022-11-10,23:00,2022-11-10 23:00:00,Fog,Bike,low
340,17.242337,78.30103,ORR,Minor,2023-08-01,10:00,2023-08-01 10:00:00,Rain,Truck,high
341,17.268691,78.227205,ORR,Minor,2022-06-23,14:00,2022-06-23 14:00:00,Clear,Car,high
342,17.252289,78.560786,Necklace Road,Severe,2025-02-03,02:00,2025-02-03 02:00:00,Clear,Truck,low
343,17.317165,78.565663,Necklace Road,Minor,2022-07-18,22:00,2022-07-18 22:00:00,Rain,Car,low
344,17.528803,78.392526,ORR,Minor,2022-06-27,10:00,2022-06-27 10:00:00,Fog,Truck,high
345,17.414397,78.33921,ORR,Severe,2022-01-08,12:00,2022-01-08 12:00:00,Fog,Auto,high
346,17.579535,78.372566,ORR,Minor,2022-08-30,23:00,2022-08-30 23:00:00,Clear,Bus,high
347,17.370364,78.57585,Necklace Road,Minor,2023-02-26,05:00,2023-02-26 05:00:00,Clear,Bike,low
348,17.41318,78.213698,ORR,Severe,2025-01-08,06:00,2025-01-08 06:00:00,Clear,Bike,high
349,17.555037,78.246786,ORR,Fatal,2025-02-13,05:00,2025-02-13 05:00:00,Fog,Bike,high
350,17.359919,78.374112,ORR,Severe,2024-07-10,10:00,2024-07-10 10:00:00,Rain,Auto,high
351,17.529684,78.591825,Necklace Road,Severe,2022-09-29,12:00,2022-09-29 12:00:00,Fog,Bike,low
352,17.428797,78.534143,Necklace Road,Minor,2023-11-27,09:00,2023-11-27 09:00:00,Clear,Bike,low
353,17.384226,78.308626,ORR,Severe,2023-12-11,14:00,2023-12-11 14:00:00,Rain,Truck,high
354,17.501428,78.265754,ORR,Minor,2025-04-01,10:00,2025-04-01 10:00:00,Clear,Truck,high
355,17.235569,78.54962,Necklace Road,Severe,2024-08-03,08:00,2024-08-03 08:00:00,Fog,Bus,low
356,17.512279,78.556227,Necklace Road,Severe,2023-02-03,07:00,2023-02-03 07:00:00,Rain,Bus,low
357,17.561798,78.573502,Necklace Road,Minor,2022-05-15,07:00,2022-05-15 07:00:00,Clear,Bus,low
358,17.255386,78.561343,Necklace Road,Minor,2022-05-06,23:00,2022-05-06 23:00:00,Rain,Truck,low
359,17.388412,78.239875,ORR,Severe,2022-08-13,02:00,2022-08-13 02:00:00,Fog,Car,high
360,17.367822,78.458864,Necklace Road,Minor,2023-10-21,21:00,2023-10-21 21:00:00,Clear,Bus,low
361,17.299612,78.258639,ORR,Minor,2023-01-17,03:00,2023-01-17 03:00:00,Fog,Bus,high
362,17.546664,78.574372,Necklace Road,Severe,2022-01-01,10:00,2022-01-01 10:00:00,Clear,Bus,low
363,17.33177,78.424212,Banjara Hills Rd 1,Minor,2024-11-17,11:00,2024-11-17 11:00:00,Fog,Truck,medium
364,17.245842,78.511381,Necklace Road,Fatal,2022-10-15,13:00,2022-10-15 13:00:00,Clear,Auto,low
365,17.375047,78.557483,Necklace Road,Severe,2023-07-13,22:00,2023-07-13 22:00:00,Clear,Bus,low
366,17.598986,78.456241,Necklace Road,Fatal,2022-10-20,19:00,2022-10-20 19:00:00,Fog,Auto,low
367,17.349573,78.294425,ORR,Severe,2023-01-25,23:00,2023-01-25 23:00:00,Clear,Bike,high
368,17.357627,78.250485,ORR,Minor,2024-08-04,19:00,2024-08-04 19:00:00,Rain,Bus,high
369,17.318041,78.34042,ORR,Minor,2023-02-09,16:00,2023-02-09 16:00:00,Clear,Car,high
370,17.53109,78.257899,ORR,Minor,2023-10-13,03:00,2023-10-13 03:00:00,Fog,Auto,high
371,17.22254,78.507302,Necklace Road,Fatal,2022-05-03,17:00,2022-05-03 17:00:00,Rain,Bike,low
372,17.339792,78.514162,Necklace Road,Severe,2024-06-10,18:00,2024-06-10 18:00:00,Rain,Car,low
373,17.223697,78.371944,Banjara Hills Rd 1,Minor,2023-10-08,13:00,2023-10-08 13:00:00,Fog,Car,medium
374,17.401385,78.371138,ORR,Minor,2022-10-10,11:00,2022-10-10 11:00:00,Rain,Car,high
375,17.219491,78.212077,ORR,Fatal,2024-12-11,16:00,2024-12-11 16:00:00,Fog,Bus,high
376,17.595352,78.232994,ORR,Minor,2024-10-11,18:00,2024-10-11 18:00:00,Rain,Bike,high
377,17.503493,78.353479,ORR,Minor,2024-12-03,05:00,2024-12-03 05:00:00,Rain,Truck,high
378,17.422122,78.562862,Necklace Road,Minor,2022-02-10,02:00,2022-02-10 02:00:00,Fog,Bus,low
379,17.330545,78.446373,Banjara Hills Rd 1,Minor,2024-04-25,18:00,2024-04-25 18:00:00,Fog,Bike,medium
380,17.295085,78.313734,ORR,Severe,2024-06-29,05:00,2024-06-29 05:00:00,Clear,Auto,high
381,17.254276,78.29346,ORR,Minor,2023-02-24,19:00,2023-02-24 19:00:00,Clear,Bike,high
382,17.530215,78.38607,ORR,Minor,2023-01-07,10:00,2023-01-07 10:00:00,Fog,Bike,high
383,17.539541,78.258541,ORR,Fatal,2022-12-09,09:00,2022-12-09 09:00:00,Rain,Bike,high
384,17.487776,78.585688,Necklace Road,Minor,2023-04-15,10:00,2023-04-15 10:00:00,Fog,Car,low
385,17.51267,78.202762,ORR,Fatal,2023-12-08,11:00,2023-12-08 11:00:00,Fog,Car,high
386,17.364885,78.471209,Necklace Road,Minor,2023-10-26,23:00,2023-10-26 23:00:00,Rain,Truck,low
387,17.402223,78.429363,Banjara Hills Rd 1,Minor,2022-05-05,22:00,2022-05-05 22:00:00,Rain,Truck,medium
388,17.460755,78.272009,ORR,Minor,2025-03-22,10:00,2025-03-22 10:00:00,Fog,Car,high
389,17.560824,78.559731,Necklace Road,Severe,2023-01-28,16:00,2023-01-28 16:00:00,Rain,Bike,low
390,17.207462,78.410607,Banjara Hills Rd 1,Minor,2024-02-01,21:00,2024-02-01 21:00:00,Clear,Auto,medium
391,17.449479,78.522806,Necklace Road,Severe,2024-12-23,20:00,2024-12-23 20:00:00,Rain,Truck,low
392,17.257429,78.454562,Banjara Hills Rd 1,Fatal,2024-03-19,22:00,2024-03-19 22:00:00,Rain,Truck,medium
393,17.57304,78.355472,ORR,Fatal,2022-08-11,22:00,2022-08-11 22:00:00,Rain,Bus,high
394,17.38498,78.581289,Necklace Road,Minor,2024-06-04,15:00,2024-06-04 15:00:00,Fog,Bus,low
395,17.547179,78.34201,ORR,Minor,2022-09-03,10:00,2022-09-03 10:00:00,Rain,Auto,high
396,17.314136,78.466393,Necklace Road,Minor,2024-12-01,20:00,2024-12-01 20:00:00,Fog,Truck,low
397,17.457252,78.365525,ORR,Minor,2022-03-06,12:00,2022-03-06 12:00:00,Rain,Bike,high
398,17.406926,78.467584,Necklace Road,Minor,2022-08-25,22:00,2022-08-25 22:00:00,Fog,Auto,low
399,17.265103,78.524324,Necklace Road,Minor,2024-06-09,07:00,2024-06-09 07:00:00,Fog,Truck,low
400,17.381276,78.597817,Necklace Road,Severe,2022-08-19,02:00,2022-08-19 02:00:00,Rain,Car,low
401,17.554561,78.211941,ORR,Minor,2024-06-19,10:00,2024-06-19 10:00:00,Clear,Bike,high
402,17.491172,78.511474,Necklace Road,Minor,2023-12-18,02:00,2023-12-18 02:00:00,Rain,Bike,low
403,17.374164,78.294758,ORR,Severe,2022-09-05,13:00,2022-09-05 13:00:00,Rain,Car,high
404,17.422421,78.497238,Necklace Road,Minor,2024-12-17,02:00,2024-12-17 02:00:00,Clear,Truck,low
405,17.575634,78.325377,ORR,Minor,2023-12-17,17:00,2023-12-17 17:00:00,Fog,Bike,high
406,17.311877,78.355133,ORR,Minor,2022-08-17,21:00,2022-08-17 21:00:00,Fog,Bike,high
407,17.561467,78.479711,Necklace Road,Minor,2022-02-25,07:00,2022-02-25 07:00:00,Fog,Bike,low
408,17.511772,78.546416,Necklace Road,Severe,2022-05-19,14:00,2022-05-19 14:00:00,Fog,Auto,low
409,17.430221,78.534779,Necklace Road,Minor,2023-01-12,14:00,2023-01-12 14:00:00,Rain,Bike,low
410,17.486736,78.457677,Necklace Road,Minor,2023-06-15,06:00,2023-06-15 06:00:00,Fog,Bus,low
411,17.521885,78.275772,ORR,Minor,2022-05-12,11:00,2022-05-12 11:00:00,Clear,Car,high
412,17.224877,78.351094,ORR,Minor,2023-09-23,04:00,2023-09-23 04:00:00,Clear,Auto,high
413,17.398365,78.354305,ORR,Minor,2025-01-08,14:00,2025-01-08 14:00:00,Clear,Bus,high
414,17.384025,78.435246,Banjara Hills Rd 1,Severe,2022-09-16,14:00,2022-09-16 14:00:00,Fog,Truck,medium
415,17.232546,78.552832,Necklace Road,Severe,2022-04-27,22:00,2022-04-27 22:00:00,Rain,Truck,low
416,17.55307,78.53722,Necklace Road,Severe,2024-07-25,20:00,2024-07-25 20:00:00,Fog,Auto,low
417,17.416165,78.27272,ORR,Minor,2024-04-10,08:00,2024-04-10 08:00:00,Clear,Bus,high
418,17.430763,78.222406,ORR,Minor,2022-06-16,22:00,2022-06-16 22:00:00,Fog,Bus,high
419,17.308902,78.384133,Banjara Hills Rd 1,Minor,2023-03-09,10:00,2023-03-09 10:00:00,Clear,Bike,medium
420,17.298164,78.33815,ORR,Fatal,2024-08-11,23:00,2024-08-11 23:00:00,Fog,Bus,high
421,17.322244,78.277578,ORR,Severe,2023-07-25,00:00,2023-07-25 00:00:00,Rain,Auto,high
422,17.599974,78.515241,Necklace Road,Minor,2024-03-07,14:00,2024-03-07 14:00:00,Fog,Car,low
423,17.271495,78.455918,Banjara Hills Rd 1,Minor,2022-03-10,13:00,2022-03-10 13:00:00,Clear,Auto,medium
424,17.26195,78.419938,Banjara Hills Rd 1,Minor,2023-05-17,14:00,2023-05-17 14:00:00,Clear,Bike,medium
425,17.448009,78.36357,ORR,Minor,2023-02-11,06:00,2023-02-11 06:00:00,Rain,Truck,high
426,17.460799,78.408092,Banjara Hills Rd 1,Fatal,2023-11-22,16:00,2023-11-22 16:00:00,Clear,Car,medium
427,17.260201,78.207433,ORR,Minor,2023-05-12,12:00,2023-05-12 12:00:00,Clear,Bike,high
428,17.317991,78.429456,Banjara Hills Rd 1,Severe,2022-08-27,06:00,2022-08-27 06:00:00,Fog,Truck,medium
429,17.230705,78.451682,Banjara Hills Rd 1,Minor,2024-11-10,06:00,2024-11-10 06:00:00,Rain,Bike,medium
430,17.248474,78.312867,ORR,Minor,2022-01-08,21:00,2022-01-08 21:00:00,Fog,Truck,high
431,17.249519,78.216994,ORR,Severe,2024-12-30,11:00,2024-12-30 11:00:00,Fog,Auto,high
432,17.340821,78.205302,ORR,Minor,2024-05-20,08:00,2024-05-20 08:00:00,Fog,Bus,high
433,17.574569,78.452641,Necklace Road,Severe,2022-12-13,12:00,2022-12-13 12:00:00,Fog,Bus,low
434,17.507862,78.297163,ORR,Minor,2022-01-18,01:00,2022-01-18 01:00:00,Fog,Car,high
435,17.218825,78.536656,Necklace Road,Severe,2022-10-30,01:00,2022-10-30 01:00:00,Fog,Bus,low
436,17.586986,78.580102,Necklace Road,Minor,2024-12-05,05:00,2024-12-05 05:00:00,Clear,Auto,low
437,17.521668,78.528311,Necklace Road,Fatal,2024-10-26,07:00,2024-10-26 07:00:00,Rain,Bike,low
438,17.3347,78.235032,ORR,Severe,2022-06-19,04:00,2022-06-19 04:00:00,Clear,Bike,high
439,17.237474,78.582719,Necklace Road,Minor,2025-04-07,03:00,2025-04-07 03:00:00,Rain,Car,low
440,17.245612,78.559802,Necklace Road,Severe,2022-07-24,02:00,2022-07-24 02:00:00,Rain,Bus,low
441,17.538672,78.479289,Necklace Road,Minor,2023-09-23,06:00,2023-09-23 06:00:00,Clear,Car,low
442,17.266851,78.408665,Banjara Hills Rd 1,Minor,2025-01-20,12:00,2025-01-20 12:00:00,Clear,Car,medium
443,17.387336,78.449104,Banjara Hills Rd 1,Severe,2022-03-17,22:00,2022-03-17 22:00:00,Rain,Truck,medium
444,17.48849,78.421117,Banjara Hills Rd 1,Severe,2025-01-17,02:00,2025-01-17 02:00:00,Rain,Car,medium
445,17.361668,78.312302,ORR,Minor,2025-01-23,08:00,2025-01-23 08:00:00,Clear,Truck,high
446,17.578442,78.434269,Banjara Hills Rd 1,Minor,2022-10-23,14:00,2022-10-23 14:00:00,Fog,Bus,medium
447,17.453482,78.558327,Necklace Road,Minor,2023-04-14,22:00,2023-04-14 22:00:00,Fog,Bike,low
448,17.481354,78.437272,Banjara Hills Rd 1,Minor,2023-08-30,18:00,2023-08-30 18:00:00,Fog,Auto,medium
449,17.590682,78.521931,Necklace Road,Minor,2024-01-11,15:00,2024-01-11 15:00:00,Rain,Car,low
450,17.258662,78.418192,Banjara Hills Rd 1,Minor,2022-04-01,05:00,2022-04-01 05:00:00,Rain,Car,medium
451,17.314893,78.431894,Banjara Hills Rd 1,Minor,2022-01-30,01:00,2022-01-30 01:00:00,Fog,Bus,medium
452,17.453259,78.263504,ORR,Minor,2024-11-15,02:00,2024-11-15 02:00:00,Clear,Car,high
453,17.353179,78.302745,ORR,Minor,2022-01-14,23:00,2022-01-14 23:00:00,Clear,Bus,high
454,17.203684,78.45712,Banjara Hills Rd 1,Minor,2022-05-10,19:00,2022-05-10 19:00:00,Fog,Truck,medium
455,17.359034,78.389396,Banjara Hills Rd 1,Minor,2023-05-01,18:00,2023-05-01 18:00:00,Clear,Car,medium
456,17.357121,78.596257,Necklace Road,Severe,2022-05-05,17:00,2022-05-05 17:00:00,Fog,Bus,low
457,17.233796,78.35208,ORR,Minor,2023-01-04,11:00,2023-01-04 11:00:00,Fog,Car,high
458,17.491291,78.290041,ORR,Severe,2023-09-25,13:00,2023-09-25 13:00:00,Rain,Bus,high
459,17.522078,78.214066,ORR,Minor,2024-09-15,06:00,2024-09-15 06:00:00,Rain,Bike,high
460,17.522209,78.414399,Banjara Hills Rd 1,Minor,2024-11-26,05:00,2024-11-26 05:00:00,Clear,Bus,medium
461,17.429415,78.464141,Necklace Road,Minor,2024-11-28,00:00,2024-11-28 00:00:00,Fog,Auto,low
462,17.249429,78.250044,ORR,Minor,2022-04-13,12:00,2022-04-13 12:00:00,Rain,Auto,high
463,17.463338,78.259243,ORR,Fatal,2024-11-24,13:00,2024-11-24 13:00:00,Fog,Bus,high
464,17.563929,78.300823,ORR,Minor,2024-01-06,15:00,2024-01-06 15:00:00,Rain,Bike,high
465,17.255407,78.360952,Banjara Hills Rd 1,Severe,2022-06-25,17:00,2022-06-25 17:00:00,Clear,Bike,medium
466,17.545104,78.205288,ORR,Minor,2024-08-05,22:00,2024-08-05 22:00:00,Fog,Auto,high
467,17.506034,78.481521,Necklace Road,Severe,2022-12-13,17:00,2022-12-13 17:00:00,Fog,Truck,low
468,17.483987,78.368033,ORR,Fatal,2024-07-10,11:00,2024-07-10 11:00:00,Rain,Car,high
469,17.496451,78.474621,Necklace Road,Minor,2023-04-28,22:00,2023-04-28 22:00:00,Clear,Auto,low
470,17.587026,78.28925,ORR,Minor,2022-01-01,19:00,2022-01-01 19:00:00,Fog,Car,high
471,17.277226,78.242653,ORR,Minor,2024-07-02,00:00,2024-07-02 00:00:00,Rain,Auto,high
472,17.274747,78.42179,Banjara Hills Rd 1,Severe,2024-06-28,10:00,2024-06-28 10:00:00,Rain,Bus,medium
473,17.553495,78.324392,ORR,Severe,2022-09-22,05:00,2022-09-22 05:00:00,Rain,Truck,high
474,17.522718,78.344418,ORR,Minor,2023-12-01,09:00,2023-12-01 09:00:00,Rain,Truck,high
475,17.462688,78.255074,ORR,Minor,2022-12-22,04:00,2022-12-22 04:00:00,Fog,Car,high
476,17.535258,78.589962,Necklace Road,Minor,2024-03-04,17:00,2024-03-04 17:00:00,Rain,Bike,low
477,17.510848,78.597159,Necklace Road,Minor,2024-04-22,06:00,2024-04-22 06:00:00,Rain,Bus,low
478,17.461729,78.418996,Banjara Hills Rd 1,Severe,2024-01-30,01:00,2024-01-30 01:00:00,Rain,Auto,medium
479,17.423768,78.396817,Banjara Hills Rd 1,Severe,2024-12-18,13:00,2024-12-18 13:00:00,Fog,Bike,medium
480,17.58677,78.354857,ORR,Severe,2024-08-09,16:00,2024-08-09 16:00:00,Fog,Truck,high
481,17.465679,78.485942,Necklace Road,Minor,2024-05-07,16:00,2024-05-07 16:00:00,Fog,Bus,low
482,17.371711,78.378765,Banjara Hills Rd 1,Severe,2022-12-19,18:00,2022-12-19 18:00:00,Fog,Auto,medium
483,17.380717,78.411664,Banjara Hills Rd 1,Fatal,2023-09-06,22:00,2023-09-06 22:00:00,Rain,Bike,medium
484,17.535926,78.493659,Necklace Road,Severe,2023-12-31,20:00,2023-12-31 20:00:00,Fog,Bus,low
485,17.303836,78.429652,Banjara Hills Rd 1,Severe,2024-10-02,23:00,2024-10-02 23:00:00,Clear,Bus,medium
486,17.580913,78.546764,Necklace Road,Fatal,2025-03-11,11:00,2025-03-11 11:00:00,Rain,Car,low
487,17.474328,78.242956,ORR,Minor,2025-01-05,10:00,2025-01-05 10:00:00,Clear,Bus,high
488,17.491502,78.273382,ORR,Severe,2022-01-10,06:00,2022-01-10 06:00:00,Clear,Truck,high
489,17.409247,78.388581,Banjara Hills Rd 1,Minor,2023-01-16,18:00,2023-01-16 18:00:00,Clear,Car,medium
490,17.244204,78.546737,Necklace Road,Minor,2022-02-12,04:00,2022-02-12 04:00:00,Clear,Car,low
491,17.476281,78.539204,Necklace Road,Fatal,2022-04-22,00:00,2022-04-22 00:00:00,Fog,Bike,low
492,17.405892,78.326768,ORR,Fatal,2024-05-19,15:00,2024-05-19 15:00:00,Rain,Bus,high
493,17.386254,78.288198,ORR,Minor,2023-09-27,20:00,2023-09-27 20:00:00,Rain,Bus,high
494,17.527008,78.406387,Banjara Hills Rd 1,Minor,2024-03-29,07:00,2024-03-29 07:00:00,Clear,Car,medium
495,17.518348,78.57837,Necklace Road,Fatal,2023-10-06,23:00,2023-10-06 23:00:00,Clear,Car,low
496,17.301122,78.57677,Necklace Road,Severe,2024-06-29,10:00,2024-06-29 10:00:00,Fog,Truck,low
497,17.284258,78.394417,Banjara Hills Rd 1,Minor,2022-04-07,18:00,2022-04-07 18:00:00,Fog,Bus,medium
498,17.386802,78.275272,ORR,Severe,2022-02-25,23:00,2022-02-25 23:00:00,Clear,Truck,high
499,17.272451,78.292539,ORR,Minor,2022-06-16,09:00,2022-06-16 09:00:00,Rain,Car,high
500,17.487796,78.323948,ORR,Minor,2022-09-03,13:00,2022-09-03 13:00:00,Clear,Auto,high
501,17.205972,78.43225,Banjara Hills Rd 1,Minor,2024-07-31,18:00,2024-07-31 18:00:00,Fog,Bike,medium
502,17.376293,78.360213,ORR,Minor,2024-08-07,20:00,2024-08-07 20:00:00,Rain,Bus,high
503,17.256636,78.305601,ORR,Severe,2022-03-28,19:00,2022-03-28 19:00:00,Rain,Bike,high
504,17.364855,78.571735,Necklace Road,Fatal,2022-10-30,20:00,2022-10-30 20:00:00,Fog,Bus,low
505,17.437742,78.388752,Banjara Hills Rd 1,Minor,2024-01-16,02:00,2024-01-16 02:00:00,Clear,Car,medium
506,17.244508,78.295453,ORR,Minor,2023-05-15,01:00,2023-05-15 01:00:00,Fog,Car,high
507,17.401834,78.551952,Necklace Road,Fatal,2022-03-16,04:00,2022-03-16 04:00:00,Rain,Bus,low
508,17.351336,78.376085,Banjara Hills Rd 1,Fatal,2024-08-05,04:00,2024-08-05 04:00:00,Fog,Car,medium
509,17.219148,78.47322,Necklace Road,Minor,2024-11-07,20:00,2024-11-07 20:00:00,Fog,Truck,low
510,17.278781,78.530942,Necklace Road,Severe,2022-05-13,07:00,2022-05-13 07:00:00,Clear,Bike,low
511,17.570574,78.390671,ORR,Severe,2022-01-03,05:00,2022-01-03 05:00:00,Rain,Auto,high
512,17.289839,78.439565,Banjara Hills Rd 1,Minor,2024-09-17,02:00,2024-09-17 02:00:00,Clear,Car,medium
513,17.45173,78.240115,ORR,Minor,2022-08-24,19:00,2022-08-24 19:00:00,Rain,Truck,high
514,17.488674,78.540898,Necklace Road,Minor,2024-04-25,10:00,2024-04-25 10:00:00,Rain,Truck,low
515,17.52255,78.351,ORR,Severe,2023-07-25,00:00,2023-07-25 00:00:00,Rain,Car,high
516,17.343322,78.568625,Necklace Road,Fatal,2022-02-10,05:00,2022-02-10 05:00:00,Clear,Auto,low
517,17.528766,78.365109,ORR,Minor,2024-05-07,06:00,2024-05-07 06:00:00,Clear,Auto,high
518,17.276262,78.366652,Banjara Hills Rd 1,Minor,2024-04-07,15:00,2024-04-07 15:00:00,Fog,Car,medium
519,17.475397,78.424485,Banjara Hills Rd 1,Minor,2022-10-21,15:00,2022-10-21 15:00:00,Fog,Car,medium
520,17.504143,78.470952,Necklace Road,Minor,2024-09-19,02:00,2024-09-19 02:00:00,Rain,Auto,low
521,17.244005,78.279281,ORR,Minor,2022-12-25,09:00,2022-12-25 09:00:00,Fog,Auto,high
522,17.50729,78.299964,ORR,Minor,2025-01-02,08:00,2025-01-02 08:00:00,Fog,Bike,high
523,17.385459,78.493166,Necklace Road,Severe,2024-10-17,14:00,2024-10-17 14:00:00,Fog,Car,low
524,17.357187,78.327288,ORR,Minor,2022-01-16,11:00,2022-01-16 11:00:00,Rain,Bike,high
525,17.394866,78.23151,ORR,Severe,2024-03-11,12:00,2024-03-11 12:00:00,Rain,Bus,high
526,17.469484,78.300646,ORR,Minor,2024-01-21,02:00,2024-01-21 02:00:00,Clear,Bike,high
527,17.590847,78.358126,ORR,Severe,2023-04-18,13:00,2023-04-18 13:00:00,Clear,Bus,high
528,17.501508,78.273743,ORR,Severe,2023-05-05,04:00,2023-05-05 04:00:00,Clear,Bus,high
529,17.304685,78.210442,ORR,Severe,2022-07-09,23:00,2022-07-09 23:00:00,Rain,Bike,high
530,17.498558,78.492714,Necklace Road,Severe,2022-02-07,06:00,2022-02-07 06:00:00,Fog,Car,low
531,17.321536,78.260119,ORR,Minor,2022-07-23,20:00,2022-07-23 20:00:00,Clear,Truck,high
532,17.305811,78.599387,Necklace Road,Minor,2025-04-13,08:00,2025-04-13 08:00:00,Fog,Bike,low
533,17.55298,78.531314,Necklace Road,Severe,2023-07-23,08:00,2023-07-23 08:00:00,Fog,Auto,low
534,17.420558,78.429659,Banjara Hills Rd 1,Minor,2025-03-11,00:00,2025-03-11 00:00:00,Fog,Truck,medium
535,17.245729,78.328619,ORR,Severe,2025-03-25,09:00,2025-03-25 09:00:00,Clear,Car,high
536,17.597693,78.318752,ORR,Minor,2022-03-14,12:00,2022-03-14 12:00:00,Rain,Car,high
537,17.275406,78.510962,Necklace Road,Fatal,2023-05-05,17:00,2023-05-05 17:00:00,Fog,Bus,low
538,17.245265,78.397868,Banjara Hills Rd 1,Minor,2022-10-01,20:00,2022-10-01 20:00:00,Fog,Truck,medium
539,17.417618,78.206329,ORR,Severe,2022-06-24,21:00,2022-06-24 21:00:00,Rain,Auto,high
540,17.377911,78.555892,Necklace Road,Minor,2023-12-29,14:00,2023-12-29 14:00:00,Rain,Bike,low
541,17.428173,78.294547,ORR,Fatal,2023-09-11,09:00,2023-09-11 09:00:00,Rain,Truck,high
542,17.212154,78.283495,ORR,Minor,2022-08-02,21:00,2022-08-02 21:00:00,Fog,Truck,high
543,17.375468,78.38041,Banjara Hills Rd 1,Severe,2024-09-12,21:00,2024-09-12 21:00:00,Clear,Bus,medium
544,17.543521,78.536568,Necklace Road,Minor,2023-02-07,09:00,2023-02-07 09:00:00,Fog,Bike,low
545,17.36824,78.426755,Banjara Hills Rd 1,Severe,2024-02-25,06:00,2024-02-25 06:00:00,Fog,Bike,medium
546,17.32274,78.33206,ORR,Minor,2025-03-15,11:00,2025-03-15 11:00:00,Fog,Car,high
547,17.203185,78.578082,Necklace Road,Fatal,2023-12-15,04:00,2023-12-15 04:00:00,Fog,Truck,low
548,17.374274,78.558378,Necklace Road,Minor,2025-02-17,07:00,2025-02-17 07:00:00,Rain,Bike,low
549,17.257754,78.55377,Necklace Road,Minor,2022-09-16,03:00,2022-09-16 03:00:00,Clear,Bus,low
550,17.309359,78.349395,ORR,Minor,2023-08-21,13:00,2023-08-21 13:00:00,Fog,Bus,high
551,17.242716,78.344306,ORR,Minor,2025-01-10,22:00,2025-01-10 22:00:00,Clear,Auto,high
552,17.509419,78.411485,Banjara Hills Rd 1,Minor,2022-07-27,11:00,2022-07-27 11:00:00,Rain,Car,medium
553,17.253782,78.543989,Necklace Road,Minor,2024-12-23,20:00,2024-12-23 20:00:00,Fog,Bus,low
554,17.275189,78.539621,Necklace Road,Minor,2022-08-07,16:00,2022-08-07 16:00:00,Clear,Bus,low
555,17.450142,78.455387,Necklace Road,Severe,2024-11-04,17:00,2024-11-04 17:00:00,Clear,Bike,low
556,17.335297,78.244201,ORR,Minor,2024-11-09,14:00,2024-11-09 14:00:00,Rain,Bus,high
557,17.227352,78.40681,Banjara Hills Rd 1,Minor,2022-03-25,18:00,2022-03-25 18:00:00,Clear,Auto,medium
558,17.311455,78.258218,ORR,Minor,2022-10-22,19:00,2022-10-22 19:00:00,Fog,Car,high
559,17.43403,78.282815,ORR,Severe,2022-07-01,19:00,2022-07-01 19:00:00,Rain,Truck,high
560,17.525946,78.589368,Necklace Road,Minor,2024-12-31,01:00,2024-12-31 01:00:00,Clear,Bike,low
561,17.505932,78.290689,ORR,Minor,2024-07-21,21:00,2024-07-21 21:00:00,Rain,Bus,high
562,17.493194,78.579553,Necklace Road,Minor,2024-12-19,09:00,2024-12-19 09:00:00,Clear,Truck,low
563,17.494228,78.396156,ORR,Fatal,2023-04-03,07:00,2023-04-03 07:00:00,Fog,Bike,high
564,17.405125,78.425182,Banjara Hills Rd 1,Minor,2023-02-12,05:00,2023-02-12 05:00:00,Clear,Auto,medium
565,17.249264,78.276263,ORR,Severe,2022-10-20,18:00,2022-10-20 18:00:00,Fog,Auto,high
566,17.340579,78.254167,ORR,Minor,2025-03-17,17:00,2025-03-17 17:00:00,Rain,Bike,high
567,17.480724,78.27823,ORR,Minor,2023-09-17,12:00,2023-09-17 12:00:00,Fog,Truck,high
568,17.460198,78.484863,Necklace Road,Minor,2024-09-29,21:00,2024-09-29 21:00:00,Rain,Car,low
569,17.52391,78.2431,ORR,Severe,2024-05-02,22:00,2024-05-02 22:00:00,Clear,Truck,high
570,17.228427,78.451054,Banjara Hills Rd 1,Minor,2022-08-26,13:00,2022-08-26 13:00:00,Fog,Auto,medium
571,17.224909,78.208479,ORR,Severe,2022-10-20,10:00,2022-10-20 10:00:00,Rain,Bike,high
572,17.591782,78.396402,ORR,Severe,2024-10-30,02:00,2024-10-30 02:00:00,Clear,Auto,high
573,17.40916,78.345063,ORR,Minor,2022-12-20,18:00,2022-12-20 18:00:00,Rain,Bike,high
574,17.37227,78.523587,Necklace Road,Severe,2023-12-31,08:00,2023-12-31 08:00:00,Fog,Auto,low
575,17.464038,78.594158,Necklace Road,Minor,2022-05-04,22:00,2022-05-04 22:00:00,Rain,Car,low
576,17.22025,78.569151,Necklace Road,Severe,2023-03-15,22:00,2023-03-15 22:00:00,Rain,Truck,low
577,17.336308,78.336432,ORR,Severe,2023-08-12,13:00,2023-08-12 13:00:00,Fog,Truck,high
578,17.506789,78.329718,ORR,Severe,2023-06-06,17:00,2023-06-06 17:00:00,Rain,Auto,high
579,17.474954,78.3208,ORR,Severe,2024-11-13,12:00,2024-11-13 12:00:00,Clear,Bike,high
580,17.339778,78.27209,ORR,Severe,2024-03-21,16:00,2024-03-21 16:00:00,Fog,Auto,high
581,17.303117,78.477142,Necklace Road,Fatal,2022-01-20,16:00,2022-01-20 16:00:00,Fog,Auto,low
582,17.318033,78.297533,ORR,Minor,2024-11-29,12:00,2024-11-29 12:00:00,Clear,Bike,high
583,17.286148,78.556633,Necklace Road,Severe,2023-04-30,23:00,2023-04-30 23:00:00,Fog,Truck,low
584,17.301119,78.295866,ORR,Severe,2025-01-13,14:00,2025-01-13 14:00:00,Fog,Truck,high
585,17.572759,78.213046,ORR,Minor,2022-12-30,12:00,2022-12-30 12:00:00,Clear,Bike,high
586,17.407514,78.529431,Necklace Road,Severe,2025-02-08,15:00,2025-02-08 15:00:00,Clear,Bus,low
587,17.455241,78.259998,ORR,Minor,2022-09-21,17:00,2022-09-21 17:00:00,Rain,Car,high
588,17.538045,78.371117,ORR,Minor,2023-11-27,09:00,2023-11-27 09:00:00,Clear,Truck,high
589,17.558828,78.312811,ORR,Minor,2023-04-30,11:00,2023-04-30 11:00:00,Rain,Truck,high
590,17.527719,78.247477,ORR,Severe,2022-08-04,15:00,2022-08-04 15:00:00,Fog,Bike,high
591,17.573457,78.322671,ORR,Minor,2022-07-11,00:00,2022-07-11 00:00:00,Clear,Bike,high
592,17.223025,78.396878,Banjara Hills Rd 1,Minor,2022-03-05,03:00,2022-03-05 03:00:00,Fog,Auto,medium
593,17.548971,78.586621,Necklace Road,Fatal,2022-01-21,15:00,2022-01-21 15:00:00,Fog,Bike,low
594,17.322795,78.471584,Necklace Road,Minor,2022-05-14,11:00,2022-05-14 11:00:00,Fog,Auto,low
595,17.279548,78.471951,Necklace Road,Minor,2022-08-09,20:00,2022-08-09 20:00:00,Rain,Truck,low
596,17.232974,78.317892,ORR,Minor,2022-01-02,09:00,2022-01-02 09:00:00,Clear,Car,high
597,17.347389,78.387111,Banjara Hills Rd 1,Minor,2023-08-18,04:00,2023-08-18 04:00:00,Fog,Car,medium
598,17.54231,78.24671,ORR,Severe,2022-10-04,14:00,2022-10-04 14:00:00,Clear,Bus,high
599,17.201747,78.384422,Banjara Hills Rd 1,Minor,2022-07-17,06:00,2022-07-17 06:00:00,Fog,Auto,medium
600,17.464119,78.310973,ORR,Fatal,2024-01-26,12:00,2024-01-26 12:00:00,Fog,Bike,high
601,17.313463,78.455072,Banjara Hills Rd 1,Severe,2024-05-17,19:00,2024-05-17 19:00:00,Rain,Truck,medium
602,17.538354,78.264366,ORR,Minor,2024-06-14,13:00,2024-06-14 13:00:00,Clear,Car,high
603,17.442857,78.527174,Necklace Road,Minor,2022-01-29,14:00,2022-01-29 14:00:00,Fog,Car,low
604,17.341704,78.526132,Necklace Road,Severe,2024-12-07,04:00,2024-12-07 04:00:00,Clear,Auto,low
605,17.242348,78.49191,Necklace Road,Severe,2024-05-28,19:00,2024-05-28 19:00:00,Fog,Auto,low
606,17.520012,78.535237,Necklace Road,Minor,2022-11-23,20:00,2022-11-23 20:00:00,Rain,Auto,low
607,17.280746,78.371887,Banjara Hills Rd 1,Minor,2022-05-15,17:00,2022-05-15 17:00:00,Fog,Bike,medium
608,17.238292,78.235938,ORR,Fatal,2025-03-04,06:00,2025-03-04 06:00:00,Rain,Bike,high
609,17.423455,78.271777,ORR,Fatal,2023-06-04,00:00,2023-06-04 00:00:00,Rain,Bus,high
610,17.297909,78.520012,Necklace Road,Minor,2023-11-13,02:00,2023-11-13 02:00:00,Rain,Car,low
611,17.591587,78.294535,ORR,Minor,2023-01-25,00:00,2023-01-25 00:00:00,Clear,Car,high
612,17.528452,78.544423,Necklace Road,Severe,2024-12-29,21:00,2024-12-29 21:00:00,Fog,Bike,low
613,17.497351,78.331998,ORR,Minor,2023-04-19,15:00,2023-04-19 15:00:00,Rain,Bus,high
614,17.535524,78.313607,ORR,Severe,2022-04-12,21:00,2022-04-12 21:00:00,Rain,Auto,high
615,17.562304,78.231508,ORR,Minor,2022-10-24,22:00,2022-10-24 22:00:00,Fog,Bus,high
616,17.401208,78.441411,Banjara Hills Rd 1,Severe,2023-03-22,14:00,2023-03-22 14:00:00,Rain,Bus,medium
617,17.455759,78.492223,Necklace Road,Minor,2022-03-04,19:00,2022-03-04 19:00:00,Rain,Auto,low
618,17.4558,78.465365,Necklace Road,Minor,2025-02-21,12:00,2025-02-21 12:00:00,Rain,Auto,low
619,17.456162,78.457648,Necklace Road,Severe,2024-02-21,10:00,2024-02-21 10:00:00,Clear,Truck,low
620,17.284166,78.466785,Necklace Road,Fatal,2022-03-26,23:00,2022-03-26 23:00:00,Clear,Bus,low
621,17.487027,78.391675,ORR,Minor,2022-03-09,14:00,2022-03-09 14:00:00,Fog,Bus,high
622,17.267088,78.504065,Necklace Road,Minor,2022-08-07,04:00,2022-08-07 04:00:00,Clear,Bike,low
623,17.359658,78.346398,ORR,Minor,2022-07-04,11:00,2022-07-04 11:00:00,Fog,Truck,high
624,17.446206,78.359153,ORR,Severe,2022-08-28,07:00,2022-08-28 07:00:00,Fog,Bike,high
625,17.431268,78.391081,Banjara Hills Rd 1,Severe,2023-08-18,04:00,2023-08-18 04:00:00,Fog,Bus,medium
626,17.522448,78.327312,ORR,Severe,2023-04-26,14:00,2023-04-26 14:00:00,Fog,Car,high
627,17.308984,78.554004,Necklace Road,Minor,2022-04-17,22:00,2022-04-17 22:00:00,Fog,Auto,low
628,17.221255,78.327104,ORR,Severe,2022-03-27,17:00,2022-03-27 17:00:00,Clear,Bike,high
629,17.288519,78.541259,Necklace Road,Minor,2023-08-17,23:00,2023-08-17 23:00:00,Rain,Car,low
630,17.371275,78.306735,ORR,Minor,2023-06-04,20:00,2023-06-04 20:00:00,Rain,Bus,high
631,17.33632,78.495993,Necklace Road,Fatal,2023-11-21,04:00,2023-11-21 04:00:00,Fog,Bike,low
632,17.290146,78.596056,Necklace Road,Severe,2023-03-16,15:00,2023-03-16 15:00:00,Rain,Bus,low
633,17.333965,78.396699,Banjara Hills Rd 1,Minor,2023-05-10,17:00,2023-05-10 17:00:00,Fog,Auto,medium
634,17.236065,78.306941,ORR,Fatal,2024-06-19,06:00,2024-06-19 06:00:00,Fog,Bus,high
635,17.247064,78.272216,ORR,Severe,2022-05-19,21:00,2022-05-19 21:00:00,Fog,Truck,high
636,17.525655,78.53635,Necklace Road,Minor,2022-06-23,21:00,2022-06-23 21:00:00,Fog,Car,low
637,17.311839,78.529839,Necklace Road,Minor,2025-02-04,22:00,2025-02-04 22:00:00,Clear,Bus,low
638,17.484044,78.489467,Necklace Road,Minor,2024-06-22,06:00,2024-06-22 06:00:00,Fog,Car,low
639,17.506495,78.350651,ORR,Fatal,2022-04-23,09:00,2022-04-23 09:00:00,Fog,Auto,high
640,17.220691,78.5396,Necklace Road,Minor,2022-10-14,00:00,2022-10-14 00:00:00,Clear,Auto,low
641,17.38315,78.537405,Necklace Road,Severe,2022-07-18,17:00,2022-07-18 17:00:00,Rain,Bus,low
642,17.408809,78.40215,Banjara Hills Rd 1,Severe,2024-08-28,00:00,2024-08-28 00:00:00,Rain,Truck,medium
643,17.523204,78.54836,Necklace Road,Minor,2022-01-01,00:00,2022-01-01 00:00:00,Fog,Auto,low
644,17.310842,78.389258,Banjara Hills Rd 1,Severe,2023-02-18,22:00,2023-02-18 22:00:00,Clear,Auto,medium
645,17.518663,78.445447,Banjara Hills Rd 1,Minor,2023-11-28,05:00,2023-11-28 05:00:00,Fog,Truck,medium
646,17.213537,78.271401,ORR,Severe,2022-12-08,23:00,2022-12-08 23:00:00,Rain,Car,high
647,17.575746,78.456017,Necklace Road,Minor,2022-01-24,09:00,2022-01-24 09:00:00,Fog,Truck,low
648,17.594801,78.438036,Banjara Hills Rd 1,Severe,2024-05-27,14:00,2024-05-27 14:00:00,Fog,Bike,medium
649,17.321026,78.401068,Banjara Hills Rd 1,Severe,2024-04-01,05:00,2024-04-01 05:00:00,Rain,Auto,medium
650,17.200809,78.569117,Necklace Road,Minor,2024-12-18,02:00,2024-12-18 02:00:00,Rain,Car,low
651,17.551794,78.270017,ORR,Minor,2023-07-16,05:00,2023-07-16 05:00:00,Rain,Truck,high
652,17.422981,78.277939,ORR,Minor,2025-02-18,02:00,2025-02-18 02:00:00,Rain,Truck,high
653,17.476665,78.421245,Banjara Hills Rd 1,Minor,2025-01-02,11:00,2025-01-02 11:00:00,Fog,Bike,medium
654,17.268045,78.397765,Banjara Hills Rd 1,Minor,2022-01-14,18:00,2022-01-14 18:00:00,Rain,Auto,medium
655,17.595542,78.420493,Banjara Hills Rd 1,Minor,2023-12-03,22:00,2023-12-03 22:00:00,Rain,Car,medium
656,17.47607,78.422615,Banjara Hills Rd 1,Fatal,2023-09-04,21:00,2023-09-04 21:00:00,Clear,Car,medium
657,17.327115,78.514503,Necklace Road,Minor,2022-10-03,13:00,2022-10-03 13:00:00,Fog,Car,low
658,17.427575,78.342284,ORR,Minor,2024-05-12,14:00,2024-05-12 14:00:00,Fog,Car,high
659,17.544894,78.329222,ORR,Minor,2024-10-09,01:00,2024-10-09 01:00:00,Fog,Bike,high
660,17.281099,78.502817,Necklace Road,Minor,2024-08-05,09:00,2024-08-05 09:00:00,Clear,Truck,low
661,17.447574,78.365019,ORR,Minor,2024-02-15,05:00,2024-02-15 05:00:00,Clear,Bus,high
662,17.333778,78.421411,Banjara Hills Rd 1,Severe,2025-03-22,11:00,2025-03-22 11:00:00,Fog,Bus,medium
663,17.408176,78.235835,ORR,Minor,2025-01-21,15:00,2025-01-21 15:00:00,Fog,Bike,high
664,17.443617,78.512249,Necklace Road,Minor,2024-03-22,03:00,2024-03-22 03:00:00,Clear,Car,low
665,17.201386,78.36044,Banjara Hills Rd 1,Minor,2024-03-02,15:00,2024-03-02 15:00:00,Fog,Bus,medium
666,17.597339,78.50008,Necklace Road,Minor,2024-01-23,12:00,2024-01-23 12:00:00,Clear,Bike,low
667,17.473132,78.338087,ORR,Minor,2025-02-01,15:00,2025-02-01 15:00:00,Clear,Truck,high
668,17.217684,78.410101,Banjara Hills Rd 1,Severe,2023-04-09,12:00,2023-04-09 12:00:00,Rain,Bike,medium
669,17.555493,78.51075,Necklace Road,Severe,2023-12-21,02:00,2023-12-21 02:00:00,Rain,Truck,low
670,17.57823,78.484979,Necklace Road,Severe,2022-09-30,22:00,2022-09-30 22:00:00,Clear,Bus,low
671,17.303313,78.467345,Necklace Road,Severe,2023-07-18,22:00,2023-07-18 22:00:00,Rain,Car,low
672,17.340151,78.302936,ORR,Minor,2024-05-30,16:00,2024-05-30 16:00:00,Fog,Auto,high
673,17.477966,78.408439,Banjara Hills Rd 1,Minor,2022-03-22,19:00,2022-03-22 19:00:00,Clear,Bus,medium
674,17.509662,78.537405,Necklace Road,Minor,2024-12-05,12:00,2024-12-05 12:00:00,Fog,Car,low
675,17.276745,78.571503,Necklace Road,Severe,2022-04-19,17:00,2022-04-19 17:00:00,Clear,Bike,low
676,17.326074,78.409639,Banjara Hills Rd 1,Minor,2022-03-10,03:00,2022-03-10 03:00:00,Fog,Auto,medium
677,17.444402,78.469904,Necklace Road,Minor,2024-11-07,11:00,2024-11-07 11:00:00,Fog,Auto,low
678,17.382738,78.575089,Necklace Road,Severe,2022-06-06,16:00,2022-06-06 16:00:00,Rain,Car,low
679,17.370202,78.59312,Necklace Road,Fatal,2024-07-30,06:00,2024-07-30 06:00:00,Fog,Auto,low
680,17.305511,78.332954,ORR,Minor,2024-12-26,14:00,2024-12-26 14:00:00,Rain,Car,high
681,17.589861,78.543371,Necklace Road,Severe,2025-01-02,00:00,2025-01-02 00:00:00,Fog,Car,low
682,17.250419,78.448275,Banjara Hills Rd 1,Minor,2024-09-22,14:00,2024-09-22 14:00:00,Clear,Truck,medium
683,17.364862,78.443892,Banjara Hills Rd 1,Minor,2022-10-31,10:00,2022-10-31 10:00:00,Fog,Truck,medium
684,17.237812,78.234861,ORR,Minor,2022-11-01,18:00,2022-11-01 18:00:00,Clear,Auto,high
685,17.292394,78.576674,Necklace Road,Fatal,2023-04-28,15:00,2023-04-28 15:00:00,Clear,Truck,low
686,17.438314,78.396207,Banjara Hills Rd 1,Fatal,2022-09-26,01:00,2022-09-26 01:00:00,Rain,Bike,medium
687,17.261519,78.31884,ORR,Severe,2022-04-27,16:00,2022-04-27 16:00:00,Clear,Car,high
688,17.384007,78.489993,Necklace Road,Minor,2022-09-16,03:00,2022-09-16 03:00:00,Rain,Bike,low
689,17.443283,78.453184,Necklace Road,Minor,2023-05-08,14:00,2023-05-08 14:00:00,Fog,Bus,low
690,17.587154,78.333984,ORR,Minor,2023-01-05,01:00,2023-01-05 01:00:00,Rain,Bus,high
691,17.207332,78.407734,Banjara Hills Rd 1,Minor,2023-04-05,09:00,2023-04-05 09:00:00,Fog,Truck,medium
692,17.419932,78.23239,ORR,Fatal,2023-11-07,16:00,2023-11-07 16:00:00,Rain,Car,high
693,17.558945,78.504425,Necklace Road,Minor,2024-03-31,18:00,2024-03-31 18:00:00,Rain,Truck,low
694,17.552291,78.41485,Banjara Hills Rd 1,Severe,2024-08-03,18:00,2024-08-03 18:00:00,Rain,Bus,medium
695,17.471752,78.466118,Necklace Road,Minor,2024-12-30,12:00,2024-12-30 12:00:00,Fog,Bike,low
696,17.491643,78.22625,ORR,Fatal,2024-01-13,15:00,2024-01-13 15:00:00,Clear,Car,high
697,17.352094,78.231996,ORR,Minor,2023-09-16,17:00,2023-09-16 17:00:00,Clear,Bike,high
698,17.424977,78.343551,ORR,Minor,2023-06-03,07:00,2023-06-03 07:00:00,Rain,Bike,high
699,17.213628,78.336888,ORR,Minor,2024-09-22,19:00,2024-09-22 19:00:00,Fog,Auto,high
700,17.269366,78.315142,ORR,Fatal,2022-09-21,06:00,2022-09-21 06:00:00,Clear,Truck,high
701,17.201342,78.397009,Banjara Hills Rd 1,Fatal,2023-10-13,21:00,2023-10-13 21:00:00,Rain,Truck,medium
702,17.479383,78.521287,Necklace Road,Severe,2022-01-25,09:00,2022-01-25 09:00:00,Rain,Bike,low
703,17.232546,78.39282,Banjara Hills Rd 1,Minor,2022-10-05,20:00,2022-10-05 20:00:00,Clear,Car,medium
704,17.376361,78.458799,Necklace Road,Minor,2024-05-24,08:00,2024-05-24 08:00:00,Rain,Bike,low
705,17.319996,78.509551,Necklace Road,Minor,2023-05-12,10:00,2023-05-12 10:00:00,Rain,Bus,low
706,17.203626,78.29944,ORR,Minor,2023-05-27,05:00,2023-05-27 05:00:00,Fog,Bike,high
707,17.46584,78.276181,ORR,Minor,2023-01-05,21:00,2023-01-05 21:00:00,Fog,Truck,high
708,17.237179,78.319022,ORR,Minor,2022-03-21,19:00,2022-03-21 19:00:00,Fog,Bus,high
709,17.208887,78.495695,Necklace Road,Severe,2024-07-04,15:00,2024-07-04 15:00:00,Rain,Bus,low
710,17.490471,78.263521,ORR,Fatal,2024-12-30,03:00,2024-12-30 03:00:00,Fog,Truck,high
711,17.279091,78.555969,Necklace Road,Minor,2023-07-04,22:00,2023-07-04 22:00:00,Rain,Bike,low
712,17.460172,78.258777,ORR,Minor,2023-01-24,02:00,2023-01-24 02:00:00,Fog,Car,high
713,17.568716,78.237995,ORR,Fatal,2024-06-06,02:00,2024-06-06 02:00:00,Rain,Truck,high
714,17.475746,78.303559,ORR,Severe,2023-08-06,08:00,2023-08-06 08:00:00,Clear,Truck,high
715,17.541344,78.467803,Necklace Road,Minor,2023-03-28,17:00,2023-03-28 17:00:00,Rain,Truck,low
716,17.372361,78.385768,Banjara Hills Rd 1,Minor,2024-12-07,05:00,2024-12-07 05:00:00,Fog,Auto,medium
717,17.565341,78.59761,Necklace Road,Minor,2023-10-25,23:00,2023-10-25 23:00:00,Clear,Bus,low
718,17.584829,78.48026,Necklace Road,Minor,2022-11-15,19:00,2022-11-15 19:00:00,Rain,Car,low
719,17.511487,78.586204,Necklace Road,Severe,2024-11-01,22:00,2024-11-01 22:00:00,Clear,Truck,low
720,17.267014,78.537072,Necklace Road,Severe,2024-07-17,20:00,2024-07-17 20:00:00,Rain,Car,low
721,17.576415,78.411742,ORR,Fatal,2024-08-10,00:00,2024-08-10 00:00:00,Rain,Truck,high
722,17.591127,78.220333,ORR,Severe,2023-02-05,06:00,2023-02-05 06:00:00,Rain,Auto,high
723,17.546505,78.514556,Necklace Road,Severe,2023-04-11,02:00,2023-04-11 02:00:00,Clear,Truck,low
724,17.311048,78.254536,ORR,Minor,2022-03-07,02:00,2022-03-07 02:00:00,Clear,Auto,high
725,17.517798,78.330478,ORR,Minor,2022-11-27,05:00,2022-11-27 05:00:00,Rain,Auto,high
726,17.355362,78.558379,Necklace Road,Severe,2024-03-08,18:00,2024-03-08 18:00:00,Clear,Bike,low
727,17.207793,78.237498,ORR,Minor,2022-05-17,19:00,2022-05-17 19:00:00,Clear,Bike,high
728,17.431307,78.238386,ORR,Minor,2022-11-22,16:00,2022-11-22 16:00:00,Rain,Car,high
729,17.246292,78.435377,Banjara Hills Rd 1,Fatal,2023-07-25,10:00,2023-07-25 10:00:00,Fog,Truck,medium
730,17.592968,78.466518,Necklace Road,Severe,2024-01-24,14:00,2024-01-24 14:00:00,Clear,Bus,low
731,17.466741,78.382129,ORR,Minor,2024-09-07,09:00,2024-09-07 09:00:00,Clear,Bus,high
732,17.338159,78.485987,Necklace Road,Severe,2023-05-30,15:00,2023-05-30 15:00:00,Rain,Bike,low
733,17.558917,78.3449,ORR,Severe,2024-07-16,01:00,2024-07-16 01:00:00,Rain,Auto,high
734,17.592537,78.466412,Necklace Road,Minor,2022-08-12,11:00,2022-08-12 11:00:00,Fog,Bike,low
735,17.423371,78.553118,Necklace Road,Severe,2023-02-23,11:00,2023-02-23 11:00:00,Clear,Truck,low
736,17.503651,78.218792,ORR,Minor,2025-01-23,05:00,2025-01-23 05:00:00,Rain,Truck,high
737,17.217352,78.421025,Banjara Hills Rd 1,Severe,2024-03-03,05:00,2024-03-03 05:00:00,Rain,Bike,medium
738,17.422592,78.278085,ORR,Minor,2024-12-21,14:00,2024-12-21 14:00:00,Clear,Bus,high
739,17.499783,78.271484,ORR,Fatal,2024-11-13,10:00,2024-11-13 10:00:00,Rain,Bike,high
740,17.272833,78.480174,Necklace Road,Minor,2023-05-01,19:00,2023-05-01 19:00:00,Rain,Truck,low
741,17.263948,78.409828,Banjara Hills Rd 1,Severe,2025-01-02,01:00,2025-01-02 01:00:00,Rain,Bus,medium
742,17.480788,78.428469,Banjara Hills Rd 1,Minor,2023-06-08,23:00,2023-06-08 23:00:00,Rain,Auto,medium
743,17.292942,78.534854,Necklace Road,Severe,2024-03-14,01:00,2024-03-14 01:00:00,Clear,Bus,low
744,17.448765,78.319703,ORR,Minor,2022-10-09,19:00,2022-10-09 19:00:00,Clear,Truck,high
745,17.331834,78.545178,Necklace Road,Minor,2024-08-09,14:00,2024-08-09 14:00:00,Fog,Bike,low
746,17.220169,78.283114,ORR,Minor,2024-06-22,22:00,2024-06-22 22:00:00,Rain,Bus,high
747,17.266421,78.478479,Necklace Road,Minor,2024-12-29,23:00,2024-12-29 23:00:00,Rain,Bike,low
748,17.434176,78.34679,ORR,Minor,2022-11-12,08:00,2022-11-12 08:00:00,Fog,Bike,high
749,17.226186,78.254877,ORR,Fatal,2024-02-11,07:00,2024-02-11 07:00:00,Fog,Auto,high
750,17.457723,78.279207,ORR,Minor,2023-01-20,11:00,2023-01-20 11:00:00,Fog,Auto,high
751,17.204302,78.253286,ORR,Severe,2023-01-13,13:00,2023-01-13 13:00:00,Rain,Auto,high
752,17.292241,78.271902,ORR,Severe,2022-05-25,07:00,2022-05-25 07:00:00,Clear,Bike,high
753,17.364472,78.444999,Banjara Hills Rd 1,Minor,2023-05-16,22:00,2023-05-16 22:00:00,Rain,Auto,medium
754,17.265642,78.361172,Banjara Hills Rd 1,Minor,2024-05-06,20:00,2024-05-06 20:00:00,Fog,Auto,medium
755,17.597185,78.572778,Necklace Road,Severe,2022-04-13,07:00,2022-04-13 07:00:00,Rain,Car,low
756,17.494139,78.501401,Necklace Road,Severe,2024-11-16,17:00,2024-11-16 17:00:00,Fog,Truck,low
757,17.215287,78.394841,Banjara Hills Rd 1,Severe,2022-12-18,01:00,2022-12-18 01:00:00,Rain,Car,medium
758,17.471023,78.378002,ORR,Minor,2022-06-21,21:00,2022-06-21 21:00:00,Fog,Bike,high
759,17.548006,78.408407,Banjara Hills Rd 1,Fatal,2023-01-27,04:00,2023-01-27 04:00:00,Fog,Auto,medium
760,17.389079,78.321205,ORR,Minor,2022-02-22,23:00,2022-02-22 23:00:00,Rain,Bike,high
761,17.241768,78.27579,ORR,Minor,2023-01-11,01:00,2023-01-11 01:00:00,Fog,Auto,high
762,17.337401,78.382209,Banjara Hills Rd 1,Minor,2025-03-20,12:00,2025-03-20 12:00:00,Rain,Truck,medium
763,17.420582,78.477079,Necklace Road,Severe,2025-01-20,08:00,2025-01-20 08:00:00,Rain,Auto,low
764,17.326063,78.488202,Necklace Road,Severe,2025-03-27,20:00,2025-03-27 20:00:00,Fog,Car,low
765,17.592058,78.311494,ORR,Severe,2025-04-06,10:00,2025-04-06 10:00:00,Fog,Auto,high
766,17.286487,78.218687,ORR,Minor,2023-01-06,01:00,2023-01-06 01:00:00,Clear,Car,high
767,17.457692,78.222022,ORR,Minor,2024-10-01,15:00,2024-10-01 15:00:00,Fog,Bus,high
768,17.237585,78.440594,Banjara Hills Rd 1,Minor,2022-06-09,01:00,2022-06-09 01:00:00,Rain,Bike,medium
769,17.260915,78.344682,ORR,Minor,2022-04-20,14:00,2022-04-20 14:00:00,Fog,Auto,high
770,17.417102,78.432091,Banjara Hills Rd 1,Severe,2023-04-03,17:00,2023-04-03 17:00:00,Fog,Car,medium
771,17.266053,78.417752,Banjara Hills Rd 1,Minor,2024-09-12,14:00,2024-09-12 14:00:00,Clear,Auto,medium
772,17.392955,78.476858,Necklace Road,Severe,2025-03-18,12:00,2025-03-18 12:00:00,Clear,Auto,low
773,17.404098,78.211797,ORR,Fatal,2024-12-09,16:00,2024-12-09 16:00:00,Rain,Bike,high
774,17.334714,78.581054,Necklace Road,Severe,2024-04-28,16:00,2024-04-28 16:00:00,Fog,Car,low
775,17.44269,78.371595,ORR,Minor,2025-01-05,02:00,2025-01-05 02:00:00,Fog,Auto,high
776,17.586306,78.490206,Necklace Road,Minor,2024-10-19,02:00,2024-10-19 02:00:00,Rain,Car,low
777,17.261768,78.500682,Necklace Road,Severe,2024-05-29,18:00,2024-05-29 18:00:00,Clear,Truck,low
778,17.586507,78.494385,Necklace Road,Minor,2023-10-03,16:00,2023-10-03 16:00:00,Clear,Auto,low
779,17.250075,78.299439,ORR,Severe,2023-12-13,05:00,2023-12-13 05:00:00,Rain,Truck,high
780,17.336202,78.571989,Necklace Road,Minor,2022-11-28,10:00,2022-11-28 10:00:00,Fog,Car,low
781,17.309806,78.282976,ORR,Severe,2022-07-27,06:00,2022-07-27 06:00:00,Fog,Car,high
782,17.521534,78.549722,Necklace Road,Minor,2022-05-05,23:00,2022-05-05 23:00:00,Rain,Car,low
783,17.525886,78.261545,ORR,Minor,2022-09-14,03:00,2022-09-14 03:00:00,Rain,Truck,high
784,17.398807,78.3771,ORR,Minor,2022-01-20,08:00,2022-01-20 08:00:00,Rain,Bike,high
785,17.418909,78.572851,Necklace Road,Severe,2024-03-10,05:00,2024-03-10 05:00:00,Rain,Bike,low
786,17.464874,78.56833,Necklace Road,Fatal,2022-02-21,13:00,2022-02-21 13:00:00,Fog,Auto,low
787,17.530014,78.584235,Necklace Road,Minor,2023-12-17,23:00,2023-12-17 23:00:00,Rain,Auto,low
788,17.527341,78.491237,Necklace Road,Minor,2023-06-14,08:00,2023-06-14 08:00:00,Fog,Auto,low
789,17.47986,78.550684,Necklace Road,Minor,2023-01-05,02:00,2023-01-05 02:00:00,Fog,Car,low
790,17.361475,78.514909,Necklace Road,Minor,2024-01-30,22:00,2024-01-30 22:00:00,Rain,Auto,low
791,17.2708,78.295971,ORR,Severe,2023-03-26,02:00,2023-03-26 02:00:00,Clear,Auto,high
792,17.579238,78.5628,Necklace Road,Fatal,2023-06-13,12:00,2023-06-13 12:00:00,Fog,Car,low
793,17.265141,78.505089,Necklace Road,Minor,2023-08-18,04:00,2023-08-18 04:00:00,Rain,Car,low
794,17.422396,78.283327,ORR,Severe,2023-11-25,06:00,2023-11-25 06:00:00,Rain,Car,high
795,17.24676,78.56194,Necklace Road,Severe,2022-11-11,13:00,2022-11-11 13:00:00,Fog,Bus,low
796,17.316475,78.561718,Necklace Road,Fatal,2024-07-07,18:00,2024-07-07 18:00:00,Fog,Auto,low
797,17.566547,78.205412,ORR,Severe,2024-02-27,00:00,2024-02-27 00:00:00,Rain,Car,high
798,17.333671,78.509819,Necklace Road,Minor,2023-06-07,07:00,2023-06-07 07:00:00,Fog,Bike,low
799,17.309157,78.315574,ORR,Fatal,2023-12-05,07:00,2023-12-05 07:00:00,Rain,Bike,high
800,17.242609,78.397434,Banjara Hills Rd 1,Minor,2024-02-05,08:00,2024-02-05 08:00:00,Rain,Auto,medium
801,17.465008,78.485913,Necklace Road,Severe,2024-05-29,21:00,2024-05-29 21:00:00,Rain,Bike,low
802,17.57802,78.319913,ORR,Minor,2024-10-24,07:00,2024-10-24 07:00:00,Clear,Auto,high
803,17.345156,78.420068,Banjara Hills Rd 1,Severe,2022-04-11,12:00,2022-04-11 12:00:00,Clear,Car,medium
804,17.257892,78.213694,ORR,Minor,2022-12-02,11:00,2022-12-02 11:00:00,Fog,Auto,high
805,17.426351,78.562514,Necklace Road,Minor,2023-12-05,20:00,2023-12-05 20:00:00,Fog,Bus,low
806,17.502344,78.258964,ORR,Minor,2024-12-13,20:00,2024-12-13 20:00:00,Fog,Bus,high
807,17.299305,78.555773,Necklace Road,Minor,2024-04-25,11:00,2024-04-25 11:00:00,Fog,Auto,low
808,17.461143,78.401637,Banjara Hills Rd 1,Severe,2022-05-04,08:00,2022-05-04 08:00:00,Clear,Car,medium
809,17.588165,78.574266,Necklace Road,Minor,2022-02-17,04:00,2022-02-17 04:00:00,Rain,Truck,low
810,17.426841,78.571103,Necklace Road,Fatal,2024-05-06,22:00,2024-05-06 22:00:00,Rain,Car,low
811,17.460331,78.560294,Necklace Road,Minor,2022-08-03,11:00,2022-08-03 11:00:00,Fog,Car,low
812,17.290998,78.581997,Necklace Road,Fatal,2022-10-31,18:00,2022-10-31 18:00:00,Rain,Auto,low
813,17.478806,78.328997,ORR,Severe,2023-04-13,18:00,2023-04-13 18:00:00,Rain,Car,high
814,17.553023,78.590348,Necklace Road,Severe,2023-02-04,22:00,2023-02-04 22:00:00,Rain,Truck,low
815,17.231979,78.212702,ORR,Minor,2025-01-23,19:00,2025-01-23 19:00:00,Clear,Car,high
816,17.324069,78.390909,Banjara Hills Rd 1,Minor,2022-07-07,03:00,2022-07-07 03:00:00,Rain,Bus,medium
817,17.358988,78.462704,Necklace Road,Minor,2023-12-25,03:00,2023-12-25 03:00:00,Fog,Truck,low
818,17.56185,78.559858,Necklace Road,Fatal,2022-05-15,01:00,2022-05-15 01:00:00,Clear,Truck,low
819,17.369519,78.33898,ORR,Minor,2025-02-23,03:00,2025-02-23 03:00:00,Fog,Car,high
820,17.463534,78.493594,Necklace Road,Fatal,2024-01-15,05:00,2024-01-15 05:00:00,Clear,Bike,low
821,17.273551,78.367456,Banjara Hills Rd 1,Severe,2023-12-06,23:00,2023-12-06 23:00:00,Fog,Auto,medium
822,17.353305,78.572857,Necklace Road,Minor,2022-08-22,14:00,2022-08-22 14:00:00,Clear,Auto,low
823,17.250675,78.42456,Banjara Hills Rd 1,Minor,2022-12-27,21:00,2022-12-27 21:00:00,Fog,Bike,medium
824,17.504095,78.541689,Necklace Road,Minor,2025-02-03,08:00,2025-02-03 08:00:00,Rain,Auto,low
825,17.569557,78.442043,Banjara Hills Rd 1,Fatal,2022-10-06,22:00,2022-10-06 22:00:00,Clear,Auto,medium
826,17.4406,78.410144,Banjara Hills Rd 1,Minor,2024-04-02,04:00,2024-04-02 04:00:00,Fog,Bike,medium
827,17.544885,78.535197,Necklace Road,Minor,2023-06-06,05:00,2023-06-06 05:00:00,Rain,Bike,low
828,17.527188,78.204682,ORR,Fatal,2022-10-10,00:00,2022-10-10 00:00:00,Fog,Auto,high
829,17.204344,78.430702,Banjara Hills Rd 1,Minor,2024-02-01,12:00,2024-02-01 12:00:00,Clear,Car,medium
830,17.573013,78.574823,Necklace Road,Minor,2024-12-21,06:00,2024-12-21 06:00:00,Fog,Truck,low
831,17.48776,78.464298,Necklace Road,Minor,2023-05-08,15:00,2023-05-08 15:00:00,Clear,Bus,low
832,17.355737,78.395037,Banjara Hills Rd 1,Fatal,2024-01-31,03:00,2024-01-31 03:00:00,Fog,Car,medium
833,17.275663,78.556748,Necklace Road,Severe,2022-10-06,21:00,2022-10-06 21:00:00,Fog,Truck,low
834,17.55442,78.539616,Necklace Road,Fatal,2022-01-12,05:00,2022-01-12 05:00:00,Rain,Truck,low
835,17.38365,78.264457,ORR,Minor,2022-11-27,07:00,2022-11-27 07:00:00,Rain,Auto,high
836,17.481248,78.54815,Necklace Road,Minor,2022-09-23,11:00,2022-09-23 11:00:00,Fog,Bus,low
837,17.29888,78.396655,Banjara Hills Rd 1,Severe,2023-10-10,20:00,2023-10-10 20:00:00,Clear,Bike,medium
838,17.381325,78.411577,Banjara Hills Rd 1,Severe,2023-05-22,00:00,2023-05-22 00:00:00,Fog,Bike,medium
839,17.528611,78.440033,Banjara Hills Rd 1,Severe,2022-05-07,15:00,2022-05-07 15:00:00,Clear,Car,medium
840,17.384304,78.3913,Banjara Hills Rd 1,Minor,2025-01-22,21:00,2025-01-22 21:00:00,Fog,Bike,medium
841,17.243806,78.562941,Necklace Road,Fatal,2024-05-16,07:00,2024-05-16 07:00:00,Fog,Car,low
842,17.418394,78.497831,Necklace Road,Severe,2024-11-01,10:00,2024-11-01 10:00:00,Fog,Bike,low
843,17.471979,78.435497,Banjara Hills Rd 1,Minor,2024-11-16,15:00,2024-11-16 15:00:00,Rain,Truck,medium
844,17.38745,78.556491,Necklace Road,Minor,2022-12-26,19:00,2022-12-26 19:00:00,Rain,Auto,low
845,17.492856,78.440411,Banjara Hills Rd 1,Minor,2024-04-09,23:00,2024-04-09 23:00:00,Clear,Truck,medium
846,17.373112,78.564236,Necklace Road,Minor,2022-10-14,22:00,2022-10-14 22:00:00,Clear,Car,low
847,17.520066,78.50762,Necklace Road,Minor,2024-10-15,17:00,2024-10-15 17:00:00,Rain,Car,low
848,17.25813,78.298615,ORR,Severe,2024-11-25,04:00,2024-11-25 04:00:00,Fog,Car,high
849,17.343188,78.590813,Necklace Road,Severe,2024-09-17,02:00,2024-09-17 02:00:00,Fog,Car,low
850,17.551168,78.258452,ORR,Minor,2024-03-29,19:00,2024-03-29 19:00:00,Clear,Bike,high
851,17.533471,78.377961,ORR,Severe,2024-11-06,19:00,2024-11-06 19:00:00,Clear,Bus,high
852,17.447577,78.430222,Banjara Hills Rd 1,Minor,2024-09-15,17:00,2024-09-15 17:00:00,Fog,Car,medium
853,17.561567,78.526387,Necklace Road,Minor,2022-12-27,15:00,2022-12-27 15:00:00,Clear,Bike,low
854,17.591275,78.491888,Necklace Road,Fatal,2024-03-17,08:00,2024-03-17 08:00:00,Fog,Auto,low
855,17.313276,78.546658,Necklace Road,Minor,2025-01-07,21:00,2025-01-07 21:00:00,Clear,Auto,low
856,17.344525,78.547906,Necklace Road,Severe,2024-06-23,16:00,2024-06-23 16:00:00,Rain,Auto,low
857,17.368392,78.346019,ORR,Minor,2022-06-14,08:00,2022-06-14 08:00:00,Fog,Auto,high
858,17.408635,78.326395,ORR,Minor,2023-12-05,09:00,2023-12-05 09:00:00,Fog,Car,high
859,17.317787,78.42517,Banjara Hills Rd 1,Severe,2024-05-18,08:00,2024-05-18 08:00:00,Rain,Bike,medium
860,17.294799,78.401016,Banjara Hills Rd 1,Minor,2023-09-23,14:00,2023-09-23 14:00:00,Rain,Bike,medium
861,17.403733,78.570248,Necklace Road,Minor,2024-05-24,00:00,2024-05-24 00:00:00,Fog,Truck,low
862,17.340249,78.492737,Necklace Road,Minor,2023-08-24,17:00,2023-08-24 17:00:00,Fog,Bike,low
863,17.317386,78.555496,Necklace Road,Severe,2022-12-26,15:00,2022-12-26 15:00:00,Clear,Bus,low
864,17.517977,78.343823,ORR,Minor,2025-04-14,23:00,2025-04-14 23:00:00,Rain,Auto,high
865,17.234852,78.269687,ORR,Severe,2024-08-11,00:00,2024-08-11 00:00:00,Rain,Bike,high
866,17.408228,78.415162,Banjara Hills Rd 1,Minor,2025-02-02,00:00,2025-02-02 00:00:00,Fog,Bike,medium
867,17.495227,78.260536,ORR,Minor,2023-03-22,03:00,2023-03-22 03:00:00,Clear,Car,high
868,17.226711,78.312852,ORR,Minor,2022-09-07,16:00,2022-09-07 16:00:00,Clear,Bus,high
869,17.540737,78.437014,Banjara Hills Rd 1,Minor,2024-08-08,11:00,2024-08-08 11:00:00,Clear,Car,medium
870,17.5011,78.455451,Necklace Road,Minor,2022-03-26,06:00,2022-03-26 06:00:00,Clear,Bike,low
871,17.264592,78.306798,ORR,Minor,2024-02-18,14:00,2024-02-18 14:00:00,Fog,Truck,high
872,17.569571,78.567603,Necklace Road,Minor,2023-01-06,18:00,2023-01-06 18:00:00,Clear,Truck,low
873,17.301125,78.321263,ORR,Minor,2023-08-01,20:00,2023-08-01 20:00:00,Rain,Auto,high
874,17.281872,78.578391,Necklace Road,Fatal,2025-02-15,12:00,2025-02-15 12:00:00,Fog,Truck,low
875,17.513626,78.517006,Necklace Road,Minor,2024-06-01,21:00,2024-06-01 21:00:00,Fog,Truck,low
876,17.579129,78.216194,ORR,Minor,2025-03-16,17:00,2025-03-16 17:00:00,Rain,Auto,high
877,17.402127,78.334588,ORR,Minor,2025-01-04,07:00,2025-01-04 07:00:00,Fog,Auto,high
878,17.471186,78.547025,Necklace Road,Severe,2023-09-09,06:00,2023-09-09 06:00:00,Rain,Bike,low
879,17.489866,78.506462,Necklace Road,Fatal,2023-02-03,01:00,2023-02-03 01:00:00,Fog,Car,low
880,17.393693,78.437823,Banjara Hills Rd 1,Minor,2024-08-07,02:00,2024-08-07 02:00:00,Clear,Bus,medium
881,17.581454,78.35452,ORR,Minor,2022-06-05,13:00,2022-06-05 13:00:00,Fog,Bike,high
882,17.430957,78.210989,ORR,Minor,2025-01-30,06:00,2025-01-30 06:00:00,Rain,Bike,high
883,17.523635,78.248915,ORR,Minor,2023-02-14,07:00,2023-02-14 07:00:00,Clear,Car,high
884,17.370297,78.309377,ORR,Minor,2024-12-25,13:00,2024-12-25 13:00:00,Rain,Truck,high
885,17.405467,78.5508,Necklace Road,Severe,2023-11-22,01:00,2023-11-22 01:00:00,Clear,Bus,low
886,17.492868,78.464619,Necklace Road,Minor,2023-01-05,03:00,2023-01-05 03:00:00,Fog,Auto,low
887,17.380416,78.490542,Necklace Road,Fatal,2024-03-25,15:00,2024-03-25 15:00:00,Clear,Bike,low
888,17.443229,78.441236,Banjara Hills Rd 1,Minor,2023-07-31,14:00,2023-07-31 14:00:00,Rain,Auto,medium
889,17.360522,78.321705,ORR,Severe,2023-04-08,02:00,2023-04-08 02:00:00,Rain,Bus,high
890,17.311189,78.598687,Necklace Road,Severe,2022-09-08,19:00,2022-09-08 19:00:00,Fog,Bike,low
891,17.277182,78.547645,Necklace Road,Severe,2024-01-07,05:00,2024-01-07 05:00:00,Clear,Truck,low
892,17.235049,78.53175,Necklace Road,Minor,2022-07-05,16:00,2022-07-05 16:00:00,Clear,Bike,low
893,17.54789,78.433356,Banjara Hills Rd 1,Minor,2023-08-08,08:00,2023-08-08 08:00:00,Fog,Bike,medium
894,17.303425,78.424149,Banjara Hills Rd 1,Minor,2024-04-29,10:00,2024-04-29 10:00:00,Rain,Truck,medium
895,17.210322,78.228558,ORR,Minor,2022-10-17,16:00,2022-10-17 16:00:00,Fog,Bus,high
896,17.23542,78.331397,ORR,Minor,2022-11-18,20:00,2022-11-18 20:00:00,Clear,Car,high
897,17.589679,78.379023,ORR,Severe,2022-04-27,08:00,2022-04-27 08:00:00,Clear,Auto,high
898,17.315432,78.318607,ORR,Severe,2023-07-31,07:00,2023-07-31 07:00:00,Rain,Bus,high
899,17.549911,78.364933,ORR,Minor,2022-01-17,07:00,2022-01-17 07:00:00,Rain,Bus,high
900,17.590681,78.4677,Necklace Road,Minor,2024-03-06,02:00,2024-03-06 02:00:00,Clear,Truck,low
901,17.446485,78.34705,ORR,Fatal,2023-12-18,10:00,2023-12-18 10:00:00,Fog,Truck,high
902,17.466589,78.499305,Necklace Road,Severe,2023-09-01,21:00,2023-09-01 21:00:00,Rain,Bike,low
903,17.552202,78.443223,Banjara Hills Rd 1,Minor,2023-01-26,14:00,2023-01-26 14:00:00,Fog,Bus,medium
904,17.556464,78.224563,ORR,Minor,2022-09-01,11:00,2022-09-01 11:00:00,Fog,Truck,high
905,17.592992,78.509361,Necklace Road,Fatal,2022-07-19,22:00,2022-07-19 22:00:00,Rain,Car,low
906,17.245783,78.206909,ORR,Minor,2022-05-01,10:00,2022-05-01 10:00:00,Clear,Bike,high
907,17.291733,78.34419,ORR,Minor,2023-09-16,09:00,2023-09-16 09:00:00,Fog,Truck,high
908,17.397899,78.557317,Necklace Road,Minor,2023-12-14,05:00,2023-12-14 05:00:00,Fog,Truck,low
909,17.539046,78.384112,ORR,Severe,2023-03-02,20:00,2023-03-02 20:00:00,Clear,Bike,high
910,17.316584,78.593906,Necklace Road,Minor,2023-12-29,17:00,2023-12-29 17:00:00,Fog,Auto,low
911,17.274669,78.507669,Necklace Road,Minor,2023-07-31,19:00,2023-07-31 19:00:00,Fog,Car,low
912,17.382933,78.562081,Necklace Road,Minor,2025-02-17,06:00,2025-02-17 06:00:00,Clear,Bike,low
913,17.298836,78.201779,ORR,Minor,2023-07-08,12:00,2023-07-08 12:00:00,Fog,Bus,high
914,17.339863,78.214627,ORR,Fatal,2023-11-16,01:00,2023-11-16 01:00:00,Clear,Car,high
915,17.39042,78.389054,Banjara Hills Rd 1,Fatal,2023-10-24,18:00,2023-10-24 18:00:00,Clear,Auto,medium
916,17.57748,78.397802,ORR,Fatal,2022-07-11,22:00,2022-07-11 22:00:00,Rain,Bus,high
917,17.275036,78.528787,Necklace Road,Minor,2022-01-31,18:00,2022-01-31 18:00:00,Fog,Bike,low
918,17.595024,78.277004,ORR,Minor,2025-04-04,06:00,2025-04-04 06:00:00,Fog,Bike,high
919,17.289869,78.255846,ORR,Severe,2023-04-05,12:00,2023-04-05 12:00:00,Clear,Bike,high
920,17.35102,78.519528,Necklace Road,Minor,2023-04-22,20:00,2023-04-22 20:00:00,Clear,Truck,low
921,17.219577,78.312056,ORR,Minor,2022-08-03,18:00,2022-08-03 18:00:00,Clear,Bus,high
922,17.352004,78.317898,ORR,Minor,2024-08-28,05:00,2024-08-28 05:00:00,Rain,Bus,high
923,17.55131,78.538059,Necklace Road,Minor,2024-01-07,03:00,2024-01-07 03:00:00,Clear,Auto,low
924,17.335736,78.599411,Necklace Road,Severe,2024-03-20,21:00,2024-03-20 21:00:00,Fog,Bus,low
925,17.272746,78.562085,Necklace Road,Minor,2025-04-13,15:00,2025-04-13 15:00:00,Fog,Bus,low
926,17.366103,78.246925,ORR,Minor,2023-05-13,03:00,2023-05-13 03:00:00,Rain,Bike,high
927,17.48415,78.264687,ORR,Minor,2023-02-12,22:00,2023-02-12 22:00:00,Fog,Car,high
928,17.396881,78.330335,ORR,Minor,2023-05-08,20:00,2023-05-08 20:00:00,Fog,Car,high
929,17.251047,78.390652,Banjara Hills Rd 1,Minor,2022-08-05,13:00,2022-08-05 13:00:00,Fog,Bus,medium
930,17.472869,78.596765,Necklace Road,Minor,2023-12-25,20:00,2023-12-25 20:00:00,Rain,Truck,low
931,17.483285,78.443848,Banjara Hills Rd 1,Severe,2024-11-19,12:00,2024-11-19 12:00:00,Clear,Bus,medium
932,17.435682,78.352791,ORR,Minor,2023-01-31,15:00,2023-01-31 15:00:00,Clear,Truck,high
933,17.565507,78.342713,ORR,Minor,2023-08-29,14:00,2023-08-29 14:00:00,Clear,Bus,high
934,17.289202,78.207599,ORR,Severe,2023-03-24,18:00,2023-03-24 18:00:00,Clear,Car,high
935,17.526756,78.531004,Necklace Road,Severe,2022-12-19,00:00,2022-12-19 00:00:00,Clear,Truck,low
936,17.568485,78.451503,Necklace Road,Minor,2024-05-19,21:00,2024-05-19 21:00:00,Rain,Bike,low
937,17.493326,78.389578,ORR,Severe,2023-12-26,02:00,2023-12-26 02:00:00,Clear,Bike,high
938,17.385234,78.595114,Necklace Road,Minor,2022-12-08,02:00,2022-12-08 02:00:00,Rain,Bike,low
939,17.564881,78.219803,ORR,Severe,2023-03-21,12:00,2023-03-21 12:00:00,Clear,Auto,high
940,17.381827,78.212677,ORR,Minor,2024-11-03,21:00,2024-11-03 21:00:00,Fog,Auto,high
941,17.490651,78.28087,ORR,Fatal,2025-01-21,12:00,2025-01-21 12:00:00,Clear,Car,high
942,17.339,78.313393,ORR,Severe,2023-08-05,13:00,2023-08-05 13:00:00,Fog,Bus,high
943,17.281478,78.249485,ORR,Fatal,2023-06-30,13:00,2023-06-30 13:00:00,Rain,Bus,high
944,17.507982,78.57688,Necklace Road,Fatal,2024-07-05,04:00,2024-07-05 04:00:00,Rain,Bus,low
945,17.530734,78.596699,Necklace Road,Severe,2025-02-07,23:00,2025-02-07 23:00:00,Fog,Car,low
946,17.43842,78.5624,Necklace Road,Severe,2023-05-23,03:00,2023-05-23 03:00:00,Fog,Auto,low
947,17.499574,78.356679,ORR,Fatal,2023-02-23,22:00,2023-02-23 22:00:00,Rain,Bike,high
948,17.336584,78.411214,Banjara Hills Rd 1,Minor,2022-02-11,23:00,2022-02-11 23:00:00,Rain,Bus,medium
949,17.285285,78.359758,ORR,Severe,2024-06-18,16:00,2024-06-18 16:00:00,Rain,Truck,high
950,17.279077,78.588673,Necklace Road,Minor,2023-07-13,01:00,2023-07-13 01:00:00,Rain,Truck,low
951,17.361121,78.212184,ORR,Minor,2024-05-29,16:00,2024-05-29 16:00:00,Clear,Bus,high
952,17.336604,78.35024,ORR,Minor,2023-12-25,14:00,2023-12-25 14:00:00,Rain,Car,high
953,17.435853,78.564867,Necklace Road,Minor,2022-06-30,01:00,2022-06-30 01:00:00,Rain,Bus,low
954,17.297599,78.237545,ORR,Severe,2022-10-11,21:00,2022-10-11 21:00:00,Rain,Bus,high
955,17.462014,78.386699,ORR,Severe,2025-01-31,19:00,2025-01-31 19:00:00,Clear,Bike,high
956,17.496988,78.497493,Necklace Road,Severe,2022-08-17,05:00,2022-08-17 05:00:00,Rain,Truck,low
957,17.2021,78.451924,Banjara Hills Rd 1,Severe,2024-11-25,21:00,2024-11-25 21:00:00,Clear,Bus,medium
958,17.401655,78.588767,Necklace Road,Minor,2023-04-01,07:00,2023-04-01 07:00:00,Clear,Bus,low
959,17.408813,78.476253,Necklace Road,Fatal,2024-02-13,06:00,2024-02-13 06:00:00,Clear,Truck,low
960,17.418215,78.541872,Necklace Road,Minor,2024-09-30,16:00,2024-09-30 16:00:00,Rain,Truck,low
961,17.403457,78.340601,ORR,Minor,2023-03-26,21:00,2023-03-26 21:00:00,Fog,Bike,high
962,17.48822,78.374451,ORR,Minor,2022-02-22,13:00,2022-02-22 13:00:00,Clear,Truck,high
963,17.395094,78.517694,Necklace Road,Severe,2023-09-21,05:00,2023-09-21 05:00:00,Clear,Auto,low
964,17.415112,78.390666,Banjara Hills Rd 1,Fatal,2022-04-09,06:00,2022-04-09 06:00:00,Clear,Truck,medium
965,17.55425,78.365128,ORR,Minor,2022-10-10,14:00,2022-10-10 14:00:00,Fog,Bus,high
966,17.339829,78.373385,Banjara Hills Rd 1,Minor,2025-03-03,03:00,2025-03-03 03:00:00,Rain,Car,medium
967,17.20649,78.313778,ORR,Severe,2025-01-22,03:00,2025-01-22 03:00:00,Clear,Car,high
968,17.392836,78.54288,Necklace Road,Minor,2025-04-11,16:00,2025-04-11 16:00:00,Fog,Truck,low
969,17.566864,78.465182,Necklace Road,Minor,2024-01-23,17:00,2024-01-23 17:00:00,Clear,Bus,low
970,17.50238,78.237323,ORR,Severe,2022-03-27,11:00,2022-03-27 11:00:00,Clear,Bike,high
971,17.580263,78.373688,ORR,Fatal,2023-09-01,04:00,2023-09-01 04:00:00,Rain,Auto,high
972,17.319374,78.451864,Banjara Hills Rd 1,Severe,2024-08-23,20:00,2024-08-23 20:00:00,Rain,Auto,medium
973,17.217279,78.518074,Necklace Road,Severe,2023-02-01,13:00,2023-02-01 13:00:00,Fog,Bike,low
974,17.374818,78.23939,ORR,Severe,2023-07-15,17:00,2023-07-15 17:00:00,Fog,Auto,high
975,17.419341,78.315047,ORR,Severe,2024-08-20,11:00,2024-08-20 11:00:00,Fog,Bus,high
976,17.576294,78.445542,Banjara Hills Rd 1,Minor,2023-07-17,07:00,2023-07-17 07:00:00,Fog,Car,medium
977,17.369209,78.527745,Necklace Road,Fatal,2024-07-12,20:00,2024-07-12 20:00:00,Rain,Bike,low
978,17.237979,78.24139,ORR,Severe,2023-05-06,14:00,2023-05-06 14:00:00,Fog,Truck,high
979,17.380852,78.203426,ORR,Severe,2022-12-15,14:00,2022-12-15 14:00:00,Fog,Bike,high
980,17.392915,78.30541,ORR,Minor,2023-03-09,14:00,2023-03-09 14:00:00,Clear,Truck,high
981,17.22494,78.427889,Banjara Hills Rd 1,Minor,2022-02-27,23:00,2022-02-27 23:00:00,Clear,Car,medium
982,17.514353,78.57539,Necklace Road,Minor,2024-06-22,20:00,2024-06-22 20:00:00,Clear,Truck,low
983,17.258574,78.537715,Necklace Road,Severe,2024-01-01,10:00,2024-01-01 10:00:00,Rain,Car,low
984,17.234164,78.532825,Necklace Road,Minor,2022-06-25,07:00,2022-06-25 07:00:00,Fog,Bike,low
985,17.352374,78.539456,Necklace Road,Minor,2025-04-14,11:00,2025-04-14 11:00:00,Fog,Bus,low
986,17.540306,78.449058,Banjara Hills Rd 1,Fatal,2023-06-02,14:00,2023-06-02 14:00:00,Clear,Bike,medium
987,17.306867,78.296138,ORR,Minor,2023-12-28,04:00,2023-12-28 04:00:00,Clear,Truck,high
988,17.470316,78.597978,Necklace Road,Minor,2022-05-09,03:00,2022-05-09 03:00:00,Rain,Bike,low
989,17.250005,78.4483,Banjara Hills Rd 1,Minor,2024-07-10,13:00,2024-07-10 13:00:00,Rain,Truck,medium
990,17.290673,78.515228,Necklace Road,Minor,2023-08-23,06:00,2023-08-23 06:00:00,Clear,Car,low
991,17.427903,78.375413,ORR,Severe,2024-07-03,20:00,2024-07-03 20:00:00,Rain,Auto,high
992,17.588541,78.522466,Necklace Road,Severe,2024-02-19,15:00,2024-02-19 15:00:00,Clear,Auto,low
993,17.520783,78.512168,Necklace Road,Minor,2023-12-11,12:00,2023-12-11 12:00:00,Clear,Auto,low
994,17.299669,78.288479,ORR,Minor,2022-10-16,05:00,2022-10-16 05:00:00,Fog,Truck,high
995,17.418733,78.448587,Banjara Hills Rd 1,Fatal,2022-06-24,22:00,2022-06-24 22:00:00,Clear,Bike,medium
996,17.592482,78.301367,ORR,Minor,2022-07-31,14:00,2022-07-31 14:00:00,Fog,Bike,high
997,17.331385,78.407869,Banjara Hills Rd 1,Minor,2023-06-22,15:00,2023-06-22 15:00:00,Fog,Bike,medium
998,17.375498,78.285508,ORR,Minor,2025-03-24,08:00,2025-03-24 08:00:00,Clear,Truck,high
999,17.445302,78.443384,Banjara Hills Rd 1,Minor,2023-07-28,15:00,2023-07-28 15:00:00,Fog,Auto,medium
1000,17.598025,78.547706,Necklace Road,Minor,2022-04-08,08:00,2022-04-08 08:00:00,Fog,Bike,low
1001,17.576227,78.351279,ORR,Severe,2024-11-23,12:00,2024-11-23 12:00:00,Rain,Truck,high
1002,17.470009,78.534784,Necklace Road,Minor,2023-09-05,21:00,2023-09-05 21:00:00,Fog,Bike,low
1003,17.205931,78.210467,ORR,Severe,2024-07-04,09:00,2024-07-04 09:00:00,Clear,Bus,high
1004,17.437752,78.4969,Necklace Road,Minor,2022-09-22,21:00,2022-09-22 21:00:00,Clear,Car,low
1005,17.389199,78.460651,Necklace Road,Severe,2022-12-08,21:00,2022-12-08 21:00:00,Rain,Bike,low
1006,17.219345,78.464295,Necklace Road,Severe,2022-08-18,09:00,2022-08-18 09:00:00,Rain,Truck,low
1007,17.415423,78.588638,Necklace Road,Severe,2024-01-06,15:00,2024-01-06 15:00:00,Fog,Bus,low
1008,17.224494,78.504962,Necklace Road,Fatal,2023-09-08,10:00,2023-09-08 10:00:00,Rain,Truck,low
1009,17.471449,78.303556,ORR,Minor,2024-03-18,09:00,2024-03-18 09:00:00,Rain,Car,high
1010,17.267312,78.593456,Necklace Road,Minor,2024-10-07,03:00,2024-10-07 03:00:00,Fog,Bus,low
1011,17.215378,78.472083,Necklace Road,Minor,2022-11-01,18:00,2022-11-01 18:00:00,Fog,Car,low
1012,17.459079,78.222005,ORR,Minor,2025-04-15,15:00,2025-04-15 15:00:00,Fog,Bus,high
1013,17.567695,78.330078,ORR,Minor,2022-06-05,04:00,2022-06-05 04:00:00,Rain,Bike,high
1014,17.47393,78.533686,Necklace Road,Fatal,2022-10-24,15:00,2022-10-24 15:00:00,Clear,Bus,low
1015,17.375373,78.562469,Necklace Road,Fatal,2023-06-25,21:00,2023-06-25 21:00:00,Fog,Bike,low
1016,17.295197,78.478154,Necklace Road,Minor,2024-02-29,20:00,2024-02-29 20:00:00,Rain,Bus,low
1017,17.283067,78.560535,Necklace Road,Fatal,2022-07-22,08:00,2022-07-22 08:00:00,Rain,Car,low
1018,17.236155,78.358527,Banjara Hills Rd 1,Minor,2025-04-04,05:00,2025-04-04 05:00:00,Fog,Auto,medium
1019,17.387349,78.489005,Necklace Road,Fatal,2023-09-06,09:00,2023-09-06 09:00:00,Fog,Auto,low
1020,17.301263,78.509088,Necklace Road,Severe,2024-11-07,08:00,2024-11-07 08:00:00,Clear,Auto,low
1021,17.418996,78.207429,ORR,Minor,2022-03-01,01:00,2022-03-01 01:00:00,Rain,Bike,high
1022,17.557068,78.244863,ORR,Minor,2023-10-22,17:00,2023-10-22 17:00:00,Fog,Car,high
1023,17.38491,78.563423,Necklace Road,Severe,2022-06-08,10:00,2022-06-08 10:00:00,Rain,Car,low
1024,17.320337,78.471947,Necklace Road,Minor,2024-03-21,15:00,2024-03-21 15:00:00,Rain,Auto,low
1025,17.558652,78.571009,Necklace Road,Minor,2024-06-13,17:00,2024-06-13 17:00:00,Clear,Bike,low
1026,17.374341,78.396479,Banjara Hills Rd 1,Minor,2023-08-22,23:00,2023-08-22 23:00:00,Clear,Bike,medium
1027,17.33464,78.30533,ORR,Fatal,2024-03-01,14:00,2024-03-01 14:00:00,Clear,Bus,high
1028,17.326077,78.293563,ORR,Severe,2023-04-20,19:00,2023-04-20 19:00:00,Rain,Bike,high
1029,17.260679,78.350383,ORR,Minor,2023-11-26,21:00,2023-11-26 21:00:00,Fog,Bike,high
1030,17.493523,78.214407,ORR,Minor,2022-08-08,19:00,2022-08-08 19:00:00,Clear,Car,high
1031,17.396312,78.303911,ORR,Severe,2023-09-27,13:00,2023-09-27 13:00:00,Rain,Truck,high
1032,17.327836,78.563303,Necklace Road,Fatal,2023-03-30,18:00,2023-03-30 18:00:00,Rain,Auto,low
1033,17.500797,78.234881,ORR,Minor,2022-10-03,05:00,2022-10-03 05:00:00,Clear,Truck,high
1034,17.541478,78.386282,ORR,Minor,2022-11-28,00:00,2022-11-28 00:00:00,Fog,Car,high
1035,17.442956,78.576801,Necklace Road,Minor,2024-03-17,00:00,2024-03-17 00:00:00,Rain,Truck,low
1036,17.472839,78.416371,Banjara Hills Rd 1,Fatal,2024-04-17,07:00,2024-04-17 07:00:00,Rain,Bus,medium
1037,17.261006,78.5682,Necklace Road,Fatal,2024-11-01,22:00,2024-11-01 22:00:00,Rain,Auto,low
1038,17.302239,78.547888,Necklace Road,Fatal,2023-01-12,12:00,2023-01-12 12:00:00,Fog,Bus,low
1039,17.376269,78.284526,ORR,Severe,2022-07-24,07:00,2022-07-24 07:00:00,Rain,Bus,high
1040,17.568738,78.361784,ORR,Severe,2023-03-06,18:00,2023-03-06 18:00:00,Rain,Bike,high
1041,17.538435,78.399444,ORR,Severe,2022-05-22,08:00,2022-05-22 08:00:00,Clear,Truck,high
1042,17.365493,78.430938,Banjara Hills Rd 1,Severe,2024-10-30,13:00,2024-10-30 13:00:00,Rain,Truck,medium
1043,17.352671,78.442218,Banjara Hills Rd 1,Minor,2023-06-16,07:00,2023-06-16 07:00:00,Clear,Car,medium
1044,17.483045,78.388376,ORR,Minor,2024-11-21,15:00,2024-11-21 15:00:00,Rain,Car,high
1045,17.292361,78.495412,Necklace Road,Minor,2022-07-28,12:00,2022-07-28 12:00:00,Clear,Bus,low
1046,17.443708,78.537471,Necklace Road,Fatal,2022-03-27,04:00,2022-03-27 04:00:00,Fog,Bike,low
1047,17.401957,78.391615,Banjara Hills Rd 1,Minor,2024-06-08,23:00,2024-06-08 23:00:00,Rain,Auto,medium
1048,17.363716,78.574272,Necklace Road,Minor,2022-07-22,08:00,2022-07-22 08:00:00,Clear,Auto,low
1049,17.412093,78.343141,ORR,Fatal,2022-05-14,00:00,2022-05-14 00:00:00,Rain,Auto,high
1050,17.5834,78.577584,Necklace Road,Fatal,2024-08-28,08:00,2024-08-28 08:00:00,Fog,Bike,low
1051,17.229718,78.302132,ORR,Severe,2022-09-30,11:00,2022-09-30 11:00:00,Clear,Car,high
1052,17.303512,78.362139,ORR,Severe,2023-08-10,16:00,2023-08-10 16:00:00,Rain,Auto,high
1053,17.58521,78.250208,ORR,Severe,2024-08-19,02:00,2024-08-19 02:00:00,Rain,Bus,high
1054,17.334103,78.218917,ORR,Severe,2025-03-07,14:00,2025-03-07 14:00:00,Clear,Bus,high
1055,17.402924,78.478867,Necklace Road,Minor,2023-10-21,23:00,2023-10-21 23:00:00,Rain,Auto,low
1056,17.210857,78.372457,Banjara Hills Rd 1,Severe,2023-11-01,16:00,2023-11-01 16:00:00,Rain,Bus,medium
1057,17.537927,78.356697,ORR,Minor,2022-11-12,05:00,2022-11-12 05:00:00,Rain,Auto,high
1058,17.332175,78.320541,ORR,Severe,2023-02-24,21:00,2023-02-24 21:00:00,Fog,Car,high
1059,17.384939,78.451053,Banjara Hills Rd 1,Severe,2024-02-17,16:00,2024-02-17 16:00:00,Fog,Truck,medium
1060,17.513576,78.543379,Necklace Road,Fatal,2024-02-08,09:00,2024-02-08 09:00:00,Clear,Car,low
1061,17.383858,78.555525,Necklace Road,Severe,2022-06-05,10:00,2022-06-05 10:00:00,Clear,Car,low
1062,17.35506,78.478427,Necklace Road,Fatal,2022-10-24,02:00,2022-10-24 02:00:00,Rain,Truck,low
1063,17.375398,78.240124,ORR,Minor,2024-11-07,18:00,2024-11-07 18:00:00,Fog,Bike,high
1064,17.408965,78.505894,Necklace Road,Severe,2023-08-09,05:00,2023-08-09 05:00:00,Rain,Bus,low
1065,17.301216,78.452127,Banjara Hills Rd 1,Severe,2024-04-25,12:00,2024-04-25 12:00:00,Clear,Car,medium
1066,17.391334,78.248217,ORR,Fatal,2024-06-11,03:00,2024-06-11 03:00:00,Rain,Auto,high
1067,17.3765,78.527965,Necklace Road,Minor,2022-01-21,07:00,2022-01-21 07:00:00,Clear,Bike,low
1068,17.497278,78.411558,Banjara Hills Rd 1,Severe,2023-02-27,10:00,2023-02-27 10:00:00,Rain,Bike,medium
1069,17.32113,78.302845,ORR,Minor,2022-09-20,03:00,2022-09-20 03:00:00,Rain,Truck,high
1070,17.362865,78.301308,ORR,Minor,2022-04-09,22:00,2022-04-09 22:00:00,Clear,Truck,high
1071,17.524076,78.244825,ORR,Fatal,2025-03-22,01:00,2025-03-22 01:00:00,Fog,Bus,high
1072,17.368209,78.346118,ORR,Minor,2022-01-19,09:00,2022-01-19 09:00:00,Clear,Auto,high
1073,17.344667,78.343164,ORR,Severe,2022-01-21,13:00,2022-01-21 13:00:00,Rain,Bike,high
1074,17.265599,78.35267,ORR,Fatal,2024-10-26,14:00,2024-10-26 14:00:00,Fog,Bus,high
1075,17.340335,78.342912,ORR,Severe,2022-07-26,17:00,2022-07-26 17:00:00,Fog,Truck,high
1076,17.576493,78.412079,ORR,Minor,2023-02-26,10:00,2023-02-26 10:00:00,Rain,Bike,high
1077,17.369164,78.314015,ORR,Minor,2023-12-13,13:00,2023-12-13 13:00:00,Rain,Bus,high
1078,17.410723,78.506691,Necklace Road,Minor,2024-11-26,21:00,2024-11-26 21:00:00,Fog,Bus,low
1079,17.294683,78.31199,ORR,Severe,2024-02-25,14:00,2024-02-25 14:00:00,Rain,Bike,high
1080,17.508126,78.200514,ORR,Minor,2022-07-10,08:00,2022-07-10 08:00:00,Clear,Truck,high
1081,17.232556,78.532429,Necklace Road,Severe,2024-12-22,19:00,2024-12-22 19:00:00,Fog,Bus,low
1082,17.485755,78.458232,Necklace Road,Minor,2022-06-06,20:00,2022-06-06 20:00:00,Clear,Auto,low
1083,17.534877,78.230213,ORR,Fatal,2022-08-03,07:00,2022-08-03 07:00:00,Rain,Car,high
1084,17.597675,78.392953,ORR,Severe,2022-05-08,04:00,2022-05-08 04:00:00,Fog,Bike,high
1085,17.405114,78.367793,ORR,Minor,2022-07-31,00:00,2022-07-31 00:00:00,Fog,Car,high
1086,17.394616,78.587164,Necklace Road,Severe,2022-12-20,22:00,2022-12-20 22:00:00,Fog,Auto,low
1087,17.245107,78.589944,Necklace Road,Minor,2022-05-17,03:00,2022-05-17 03:00:00,Rain,Car,low
1088,17.333762,78.516475,Necklace Road,Minor,2024-11-19,04:00,2024-11-19 04:00:00,Fog,Auto,low
1089,17.422471,78.323693,ORR,Severe,2022-10-14,19:00,2022-10-14 19:00:00,Clear,Truck,high
1090,17.432498,78.219906,ORR,Minor,2023-03-12,05:00,2023-03-12 05:00:00,Clear,Truck,high
1091,17.486457,78.471485,Necklace Road,Minor,2022-10-07,07:00,2022-10-07 07:00:00,Clear,Truck,low
1092,17.22138,78.452345,Banjara Hills Rd 1,Minor,2022-04-23,04:00,2022-04-23 04:00:00,Clear,Bus,medium
1093,17.258115,78.264461,ORR,Severe,2023-02-03,09:00,2023-02-03 09:00:00,Rain,Auto,high
1094,17.538349,78.319177,ORR,Minor,2023-02-09,11:00,2023-02-09 11:00:00,Fog,Car,high
1095,17.300536,78.319595,ORR,Minor,2022-04-11,08:00,2022-04-11 08:00:00,Rain,Bus,high
1096,17.209133,78.506175,Necklace Road,Minor,2024-07-29,12:00,2024-07-29 12:00:00,Clear,Bike,low
1097,17.280662,78.456593,Necklace Road,Minor,2024-07-05,20:00,2024-07-05 20:00:00,Fog,Bus,low
1098,17.364009,78.535324,Necklace Road,Severe,2022-11-24,02:00,2022-11-24 02:00:00,Clear,Truck,low
1099,17.521618,78.416386,Banjara Hills Rd 1,Minor,2024-09-06,11:00,2024-09-06 11:00:00,Rain,Car,medium
1100,17.459956,78.503469,Necklace Road,Minor,2024-09-05,21:00,2024-09-05 21:00:00,Rain,Bus,low
1101,17.20888,78.243567,ORR,Minor,2022-07-24,05:00,2022-07-24 05:00:00,Clear,Auto,high
1102,17.211265,78.462,Necklace Road,Minor,2024-07-07,09:00,2024-07-07 09:00:00,Clear,Auto,low
1103,17.485067,78.459308,Necklace Road,Minor,2022-11-05,02:00,2022-11-05 02:00:00,Fog,Truck,low
1104,17.427051,78.489355,Necklace Road,Minor,2022-06-22,11:00,2022-06-22 11:00:00,Fog,Truck,low
1105,17.317993,78.281148,ORR,Minor,2024-12-29,12:00,2024-12-29 12:00:00,Clear,Truck,high
1106,17.266184,78.534564,Necklace Road,Severe,2022-06-24,06:00,2022-06-24 06:00:00,Clear,Auto,low
1107,17.583129,78.210281,ORR,Minor,2023-07-06,17:00,2023-07-06 17:00:00,Fog,Bus,high
1108,17.35395,78.281737,ORR,Minor,2024-07-11,23:00,2024-07-11 23:00:00,Rain,Bike,high
1109,17.550794,78.528874,Necklace Road,Severe,2022-04-09,02:00,2022-04-09 02:00:00,Clear,Car,low
1110,17.584107,78.591142,Necklace Road,Minor,2023-04-09,21:00,2023-04-09 21:00:00,Clear,Auto,low
1111,17.496186,78.541419,Necklace Road,Minor,2024-01-06,22:00,2024-01-06 22:00:00,Clear,Auto,low
1112,17.242568,78.274206,ORR,Severe,2025-01-18,02:00,2025-01-18 02:00:00,Fog,Auto,high
1113,17.578218,78.536836,Necklace Road,Minor,2023-07-06,14:00,2023-07-06 14:00:00,Rain,Truck,low
1114,17.276705,78.425393,Banjara Hills Rd 1,Minor,2022-07-06,17:00,2022-07-06 17:00:00,Fog,Truck,medium
1115,17.300658,78.2665,ORR,Minor,2023-07-13,05:00,2023-07-13 05:00:00,Rain,Truck,high
1116,17.218541,78.436107,Banjara Hills Rd 1,Severe,2024-07-23,18:00,2024-07-23 18:00:00,Rain,Bike,medium
1117,17.393098,78.570639,Necklace Road,Severe,2024-05-27,22:00,2024-05-27 22:00:00,Clear,Auto,low
1118,17.280084,78.422313,Banjara Hills Rd 1,Minor,2025-02-03,23:00,2025-02-03 23:00:00,Clear,Truck,medium
1119,17.276123,78.357756,ORR,Severe,2024-04-13,23:00,2024-04-13 23:00:00,Clear,Auto,high
1120,17.224114,78.235773,ORR,Minor,2024-04-04,19:00,2024-04-04 19:00:00,Fog,Truck,high
1121,17.547295,78.40132,ORR,Minor,2025-02-18,13:00,2025-02-18 13:00:00,Clear,Auto,high
1122,17.51795,78.401154,ORR,Severe,2022-12-14,19:00,2022-12-14 19:00:00,Rain,Bike,high
1123,17.237912,78.591476,Necklace Road,Fatal,2024-12-21,23:00,2024-12-21 23:00:00,Clear,Bus,low
1124,17.273701,78.578449,Necklace Road,Minor,2023-04-29,07:00,2023-04-29 07:00:00,Clear,Car,low
1125,17.530451,78.488434,Necklace Road,Minor,2024-03-18,17:00,2024-03-18 17:00:00,Rain,Bus,low
1126,17.577271,78.212556,ORR,Severe,2023-04-08,03:00,2023-04-08 03:00:00,Fog,Bus,high
1127,17.343505,78.309555,ORR,Severe,2024-08-29,03:00,2024-08-29 03:00:00,Rain,Bike,high
1128,17.281224,78.464346,Necklace Road,Minor,2023-02-22,22:00,2023-02-22 22:00:00,Clear,Auto,low
1129,17.50974,78.352231,ORR,Minor,2023-11-23,10:00,2023-11-23 10:00:00,Clear,Bus,high
1130,17.569621,78.577388,Necklace Road,Severe,2022-10-06,22:00,2022-10-06 22:00:00,Fog,Truck,low
1131,17.361093,78.537282,Necklace Road,Severe,2022-05-13,11:00,2022-05-13 11:00:00,Fog,Car,low
1132,17.52363,78.363287,ORR,Fatal,2025-03-27,07:00,2025-03-27 07:00:00,Fog,Car,high
1133,17.272041,78.431334,Banjara Hills Rd 1,Minor,2022-02-15,00:00,2022-02-15 00:00:00,Clear,Auto,medium
1134,17.307914,78.415281,Banjara Hills Rd 1,Severe,2022-02-07,13:00,2022-02-07 13:00:00,Rain,Bike,medium
1135,17.227104,78.55015,Necklace Road,Minor,2023-08-14,12:00,2023-08-14 12:00:00,Rain,Truck,low
1136,17.429317,78.420151,Banjara Hills Rd 1,Severe,2022-08-11,09:00,2022-08-11 09:00:00,Fog,Auto,medium
1137,17.330371,78.33462,ORR,Minor,2022-09-05,12:00,2022-09-05 12:00:00,Fog,Auto,high
1138,17.350975,78.282446,ORR,Fatal,2025-03-27,10:00,2025-03-27 10:00:00,Rain,Auto,high
1139,17.414381,78.325169,ORR,Minor,2022-01-18,19:00,2022-01-18 19:00:00,Fog,Truck,high
1140,17.315938,78.326535,ORR,Fatal,2024-10-21,01:00,2024-10-21 01:00:00,Clear,Auto,high
1141,17.41739,78.376181,ORR,Minor,2024-06-13,22:00,2024-06-13 22:00:00,Rain,Car,high
1142,17.497092,78.444354,Banjara Hills Rd 1,Minor,2025-03-03,13:00,2025-03-03 13:00:00,Fog,Bus,medium
1143,17.217494,78.207601,ORR,Minor,2023-10-09,11:00,2023-10-09 11:00:00,Rain,Bus,high
1144,17.415969,78.359286,ORR,Minor,2023-09-03,07:00,2023-09-03 07:00:00,Rain,Car,high
1145,17.5937,78.497989,Necklace Road,Minor,2022-03-01,00:00,2022-03-01 00:00:00,Clear,Auto,low
1146,17.270371,78.240842,ORR,Minor,2023-10-10,01:00,2023-10-10 01:00:00,Fog,Bus,high
1147,17.579385,78.417847,Banjara Hills Rd 1,Minor,2022-12-29,11:00,2022-12-29 11:00:00,Rain,Truck,medium
1148,17.257086,78.455399,Banjara Hills Rd 1,Severe,2022-03-23,05:00,2022-03-23 05:00:00,Clear,Auto,medium
1149,17.373962,78.207498,ORR,Minor,2023-02-28,05:00,2023-02-28 05:00:00,Fog,Bus,high
1150,17.529321,78.301988,ORR,Minor,2025-04-07,04:00,2025-04-07 04:00:00,Clear,Bus,high
1151,17.211341,78.524981,Necklace Road,Severe,2024-01-28,22:00,2024-01-28 22:00:00,Fog,Bus,low
1152,17.260032,78.532381,Necklace Road,Minor,2023-03-24,00:00,2023-03-24 00:00:00,Fog,Auto,low
1153,17.325339,78.338622,ORR,Fatal,2024-08-18,15:00,2024-08-18 15:00:00,Clear,Car,high
1154,17.535504,78.514117,Necklace Road,Minor,2024-12-21,19:00,2024-12-21 19:00:00,Rain,Bike,low
1155,17.45715,78.50036,Necklace Road,Minor,2024-06-01,13:00,2024-06-01 13:00:00,Clear,Truck,low
1156,17.460018,78.482311,Necklace Road,Minor,2024-10-15,10:00,2024-10-15 10:00:00,Fog,Car,low
1157,17.20208,78.405821,Banjara Hills Rd 1,Minor,2024-08-28,22:00,2024-08-28 22:00:00,Rain,Truck,medium
1158,17.443102,78.240087,ORR,Fatal,2024-05-10,20:00,2024-05-10 20:00:00,Fog,Truck,high
1159,17.462481,78.300551,ORR,Minor,2022-12-31,02:00,2022-12-31 02:00:00,Rain,Bike,high
1160,17.311585,78.385298,Banjara Hills Rd 1,Minor,2022-02-14,09:00,2022-02-14 09:00:00,Rain,Auto,medium
1161,17.328014,78.483947,Necklace Road,Minor,2022-02-11,03:00,2022-02-11 03:00:00,Fog,Auto,low
1162,17.538169,78.374461,ORR,Severe,2022-07-01,05:00,2022-07-01 05:00:00,Clear,Auto,high
1163,17.248228,78.419058,Banjara Hills Rd 1,Severe,2022-12-13,12:00,2022-12-13 12:00:00,Clear,Bike,medium
1164,17.328625,78.518127,Necklace Road,Severe,2023-06-30,08:00,2023-06-30 08:00:00,Fog,Truck,low
1165,17.320887,78.231883,ORR,Minor,2024-06-04,22:00,2024-06-04 22:00:00,Rain,Truck,high
1166,17.587855,78.522699,Necklace Road,Severe,2023-08-29,05:00,2023-08-29 05:00:00,Clear,Bus,low
1167,17.342746,78.443359,Banjara Hills Rd 1,Minor,2022-05-03,00:00,2022-05-03 00:00:00,Rain,Car,medium
1168,17.22041,78.291323,ORR,Minor,2022-09-13,22:00,2022-09-13 22:00:00,Rain,Bus,high
1169,17.46774,78.395569,Banjara Hills Rd 1,Severe,2023-02-04,18:00,2023-02-04 18:00:00,Rain,Bike,medium
1170,17.359386,78.489341,Necklace Road,Minor,2023-05-28,10:00,2023-05-28 10:00:00,Fog,Car,low
1171,17.218299,78.3003,ORR,Severe,2022-06-01,14:00,2022-06-01 14:00:00,Rain,Bus,high
1172,17.373905,78.266351,ORR,Fatal,2023-11-22,03:00,2023-11-22 03:00:00,Fog,Car,high
1173,17.526335,78.396122,ORR,Severe,2022-07-18,04:00,2022-07-18 04:00:00,Fog,Bus,high
1174,17.56657,78.587635,Necklace Road,Minor,2023-06-17,22:00,2023-06-17 22:00:00,Clear,Truck,low
1175,17.45807,78.335968,ORR,Minor,2022-06-04,19:00,2022-06-04 19:00:00,Fog,Auto,high
1176,17.424281,78.259679,ORR,Minor,2024-07-04,10:00,2024-07-04 10:00:00,Fog,Auto,high
1177,17.241098,78.21021,ORR,Minor,2022-06-04,04:00,2022-06-04 04:00:00,Rain,Bike,high
1178,17.452004,78.320201,ORR,Severe,2023-05-12,23:00,2023-05-12 23:00:00,Rain,Bike,high
1179,17.2679,78.323344,ORR,Severe,2024-06-27,10:00,2024-06-27 10:00:00,Clear,Bus,high
1180,17.314323,78.446069,Banjara Hills Rd 1,Minor,2022-03-14,15:00,2022-03-14 15:00:00,Clear,Car,medium
1181,17.284859,78.401075,Banjara Hills Rd 1,Minor,2023-01-15,10:00,2023-01-15 10:00:00,Clear,Truck,medium
1182,17.462019,78.584238,Necklace Road,Severe,2022-07-02,19:00,2022-07-02 19:00:00,Fog,Bus,low
1183,17.304863,78.402967,Banjara Hills Rd 1,Minor,2023-11-12,17:00,2023-11-12 17:00:00,Rain,Auto,medium
1184,17.540292,78.288919,ORR,Minor,2022-11-17,23:00,2022-11-17 23:00:00,Fog,Truck,high
1185,17.391791,78.413527,Banjara Hills Rd 1,Minor,2022-08-09,03:00,2022-08-09 03:00:00,Rain,Auto,medium
1186,17.498318,78.278091,ORR,Minor,2023-01-09,11:00,2023-01-09 11:00:00,Rain,Car,high
1187,17.462627,78.550832,Necklace Road,Minor,2024-04-18,01:00,2024-04-18 01:00:00,Rain,Bus,low
1188,17.39742,78.265968,ORR,Fatal,2024-01-13,03:00,2024-01-13 03:00:00,Clear,Bus,high
1189,17.470106,78.316796,ORR,Fatal,2023-09-11,17:00,2023-09-11 17:00:00,Rain,Bike,high
1190,17.540993,78.467029,Necklace Road,Severe,2022-09-22,12:00,2022-09-22 12:00:00,Clear,Bike,low
1191,17.430781,78.284281,ORR,Severe,2022-07-25,17:00,2022-07-25 17:00:00,Clear,Truck,high
1192,17.207813,78.296031,ORR,Minor,2024-08-03,05:00,2024-08-03 05:00:00,Fog,Bus,high
1193,17.49013,78.499783,Necklace Road,Minor,2023-04-20,07:00,2023-04-20 07:00:00,Rain,Auto,low
1194,17.3113,78.368443,Banjara Hills Rd 1,Minor,2023-01-29,09:00,2023-01-29 09:00:00,Clear,Car,medium
1195,17.525398,78.478542,Necklace Road,Fatal,2024-02-18,16:00,2024-02-18 16:00:00,Clear,Auto,low
1196,17.489453,78.27652,ORR,Minor,2022-12-04,23:00,2022-12-04 23:00:00,Rain,Auto,high
1197,17.436957,78.493744,Necklace Road,Minor,2025-01-23,00:00,2025-01-23 00:00:00,Fog,Bus,low
1198,17.374661,78.475156,Necklace Road,Severe,2024-02-02,11:00,2024-02-02 11:00:00,Rain,Car,low
1199,17.516553,78.251566,ORR,Minor,2022-01-11,21:00,2022-01-11 21:00:00,Fog,Car,high
1200,17.246118,78.3959,Banjara Hills Rd 1,Severe,2022-07-20,15:00,2022-07-20 15:00:00,Rain,Bike,medium
1201,17.414567,78.310449,ORR,Fatal,2023-10-21,13:00,2023-10-21 13:00:00,Clear,Auto,high
1202,17.295184,78.435488,Banjara Hills Rd 1,Severe,2024-11-26,09:00,2024-11-26 09:00:00,Fog,Car,medium
1203,17.209675,78.516146,Necklace Road,Minor,2022-04-20,09:00,2022-04-20 09:00:00,Clear,Auto,low
1204,17.448991,78.559481,Necklace Road,Severe,2024-04-02,14:00,2024-04-02 14:00:00,Fog,Truck,low
1205,17.26626,78.358319,ORR,Minor,2022-02-28,18:00,2022-02-28 18:00:00,Fog,Bike,high
1206,17.542145,78.570785,Necklace Road,Severe,2024-01-02,09:00,2024-01-02 09:00:00,Fog,Car,low
1207,17.312432,78.509928,Necklace Road,Severe,2023-07-27,13:00,2023-07-27 13:00:00,Rain,Car,low
1208,17.473817,78.403256,Banjara Hills Rd 1,Minor,2022-11-22,12:00,2022-11-22 12:00:00,Rain,Bus,medium
1209,17.429453,78.480724,Necklace Road,Severe,2023-08-25,11:00,2023-08-25 11:00:00,Rain,Car,low
1210,17.41373,78.442536,Banjara Hills Rd 1,Fatal,2022-01-15,04:00,2022-01-15 04:00:00,Clear,Bike,medium
1211,17.465249,78.231235,ORR,Severe,2024-12-01,21:00,2024-12-01 21:00:00,Clear,Bike,high
1212,17.220953,78.584437,Necklace Road,Fatal,2022-03-20,16:00,2022-03-20 16:00:00,Clear,Car,low
1213,17.234191,78.374234,Banjara Hills Rd 1,Fatal,2024-11-02,02:00,2024-11-02 02:00:00,Fog,Bus,medium
1214,17.31884,78.422132,Banjara Hills Rd 1,Severe,2024-08-27,15:00,2024-08-27 15:00:00,Fog,Auto,medium
1215,17.421393,78.404884,Banjara Hills Rd 1,Minor,2024-12-07,21:00,2024-12-07 21:00:00,Clear,Auto,medium
1216,17.355288,78.377279,Banjara Hills Rd 1,Severe,2024-05-24,11:00,2024-05-24 11:00:00,Clear,Car,medium
1217,17.327222,78.383895,Banjara Hills Rd 1,Minor,2024-01-17,04:00,2024-01-17 04:00:00,Rain,Car,medium
1218,17.459367,78.267395,ORR,Severe,2024-01-19,02:00,2024-01-19 02:00:00,Rain,Auto,high
1219,17.530827,78.444875,Banjara Hills Rd 1,Severe,2024-06-05,13:00,2024-06-05 13:00:00,Rain,Bike,medium
1220,17.442089,78.335172,ORR,Minor,2023-05-02,21:00,2023-05-02 21:00:00,Fog,Bus,high
1221,17.471798,78.366309,ORR,Minor,2023-02-17,10:00,2023-02-17 10:00:00,Rain,Auto,high
1222,17.276976,78.512616,Necklace Road,Fatal,2024-09-16,11:00,2024-09-16 11:00:00,Fog,Truck,low
1223,17.560969,78.395853,ORR,Minor,2024-05-17,06:00,2024-05-17 06:00:00,Fog,Bus,high
1224,17.213127,78.548439,Necklace Road,Minor,2023-04-03,00:00,2023-04-03 00:00:00,Rain,Bike,low
1225,17.208884,78.595016,Necklace Road,Minor,2022-04-27,02:00,2022-04-27 02:00:00,Fog,Bus,low
1226,17.379054,78.246186,ORR,Severe,2022-02-10,02:00,2022-02-10 02:00:00,Fog,Bike,high
1227,17.479855,78.529156,Necklace Road,Fatal,2023-03-04,12:00,2023-03-04 12:00:00,Rain,Bus,low
1228,17.365289,78.415145,Banjara Hills Rd 1,Fatal,2024-07-05,05:00,2024-07-05 05:00:00,Rain,Truck,medium
1229,17.478026,78.250402,ORR,Minor,2022-10-26,07:00,2022-10-26 07:00:00,Rain,Bike,high
1230,17.444388,78.279946,ORR,Minor,2023-04-02,21:00,2023-04-02 21:00:00,Clear,Car,high
1231,17.23937,78.567888,Necklace Road,Severe,2023-03-13,13:00,2023-03-13 13:00:00,Clear,Car,low
1232,17.581097,78.313917,ORR,Severe,2023-05-28,23:00,2023-05-28 23:00:00,Clear,Bike,high
1233,17.236377,78.585822,Necklace Road,Minor,2023-11-29,11:00,2023-11-29 11:00:00,Clear,Truck,low
1234,17.366376,78.520974,Necklace Road,Minor,2023-11-13,06:00,2023-11-13 06:00:00,Fog,Car,low
1235,17.534738,78.496759,Necklace Road,Severe,2023-06-26,04:00,2023-06-26 04:00:00,Rain,Auto,low
1236,17.390286,78.313642,ORR,Minor,2023-01-16,03:00,2023-01-16 03:00:00,Clear,Auto,high
1237,17.567016,78.350436,ORR,Fatal,2024-12-15,19:00,2024-12-15 19:00:00,Clear,Truck,high
1238,17.267037,78.301964,ORR,Fatal,2024-07-23,23:00,2024-07-23 23:00:00,Fog,Truck,high
1239,17.423948,78.531116,Necklace Road,Severe,2023-02-13,11:00,2023-02-13 11:00:00,Rain,Bike,low
1240,17.219741,78.556336,Necklace Road,Minor,2022-06-30,04:00,2022-06-30 04:00:00,Fog,Auto,low
1241,17.353888,78.25765,ORR,Severe,2022-06-15,08:00,2022-06-15 08:00:00,Rain,Bike,high
1242,17.411661,78.389713,Banjara Hills Rd 1,Minor,2022-04-16,12:00,2022-04-16 12:00:00,Rain,Bus,medium
1243,17.39543,78.383405,Banjara Hills Rd 1,Fatal,2024-01-25,02:00,2024-01-25 02:00:00,Rain,Bus,medium
1244,17.375396,78.497871,Necklace Road,Minor,2023-03-09,23:00,2023-03-09 23:00:00,Rain,Car,low
1245,17.480521,78.596562,Necklace Road,Fatal,2023-11-14,12:00,2023-11-14 12:00:00,Fog,Car,low
1246,17.519927,78.215725,ORR,Minor,2024-06-27,01:00,2024-06-27 01:00:00,Clear,Bus,high
1247,17.25174,78.270073,ORR,Minor,2023-10-14,07:00,2023-10-14 07:00:00,Rain,Auto,high
1248,17.279097,78.408812,Banjara Hills Rd 1,Minor,2024-10-03,22:00,2024-10-03 22:00:00,Fog,Car,medium
1249,17.22732,78.466072,Necklace Road,Severe,2022-09-17,03:00,2022-09-17 03:00:00,Clear,Auto,low
1250,17.382482,78.327219,ORR,Minor,2023-11-23,18:00,2023-11-23 18:00:00,Clear,Car,high
1251,17.464866,78.566624,Necklace Road,Minor,2024-02-21,10:00,2024-02-21 10:00:00,Rain,Truck,low
1252,17.576967,78.53601,Necklace Road,Severe,2022-01-13,17:00,2022-01-13 17:00:00,Rain,Car,low
1253,17.370415,78.248805,ORR,Severe,2025-02-23,15:00,2025-02-23 15:00:00,Rain,Bike,high
1254,17.5801,78.594109,Necklace Road,Severe,2025-03-29,11:00,2025-03-29 11:00:00,Rain,Auto,low
1255,17.57932,78.225473,ORR,Minor,2023-10-06,21:00,2023-10-06 21:00:00,Clear,Bus,high
1256,17.443734,78.529721,Necklace Road,Minor,2023-02-28,14:00,2023-02-28 14:00:00,Clear,Bike,low
1257,17.535163,78.232291,ORR,Minor,2025-01-09,01:00,2025-01-09 01:00:00,Fog,Bike,high
1258,17.565922,78.461753,Necklace Road,Minor,2023-06-28,13:00,2023-06-28 13:00:00,Fog,Auto,low
1259,17.380031,78.249217,ORR,Minor,2025-01-07,15:00,2025-01-07 15:00:00,Fog,Bike,high
1260,17.520823,78.308885,ORR,Severe,2022-12-31,08:00,2022-12-31 08:00:00,Clear,Bike,high
1261,17.395333,78.529021,Necklace Road,Minor,2022-08-03,20:00,2022-08-03 20:00:00,Rain,Bike,low
1262,17.423372,78.445304,Banjara Hills Rd 1,Severe,2022-01-12,06:00,2022-01-12 06:00:00,Rain,Truck,medium
1263,17.447729,78.501996,Necklace Road,Minor,2023-11-08,02:00,2023-11-08 02:00:00,Rain,Bike,low
1264,17.275949,78.363091,Banjara Hills Rd 1,Severe,2024-07-30,14:00,2024-07-30 14:00:00,Clear,Auto,medium
1265,17.401043,78.467756,Necklace Road,Fatal,2022-09-13,21:00,2022-09-13 21:00:00,Fog,Bike,low
1266,17.445233,78.313865,ORR,Minor,2023-07-30,12:00,2023-07-30 12:00:00,Clear,Auto,high
1267,17.274293,78.470762,Necklace Road,Minor,2024-07-15,05:00,2024-07-15 05:00:00,Fog,Bus,low
1268,17.270801,78.453679,Banjara Hills Rd 1,Minor,2024-12-21,11:00,2024-12-21 11:00:00,Rain,Auto,medium
1269,17.215883,78.430915,Banjara Hills Rd 1,Fatal,2022-03-06,03:00,2022-03-06 03:00:00,Rain,Bus,medium
1270,17.46805,78.567929,Necklace Road,Severe,2025-03-02,23:00,2025-03-02 23:00:00,Clear,Bus,low
1271,17.33645,78.247494,ORR,Minor,2024-10-20,09:00,2024-10-20 09:00:00,Fog,Bike,high
1272,17.282527,78.547088,Necklace Road,Minor,2022-12-31,00:00,2022-12-31 00:00:00,Clear,Truck,low
1273,17.444405,78.51988,Necklace Road,Severe,2022-08-03,21:00,2022-08-03 21:00:00,Fog,Bus,low
1274,17.523249,78.56293,Necklace Road,Minor,2023-06-18,22:00,2023-06-18 22:00:00,Clear,Car,low
1275,17.408753,78.281066,ORR,Minor,2022-12-21,09:00,2022-12-21 09:00:00,Rain,Auto,high
1276,17.23087,78.533916,Necklace Road,Minor,2024-02-20,06:00,2024-02-20 06:00:00,Fog,Car,low
1277,17.515326,78.481405,Necklace Road,Minor,2022-12-20,18:00,2022-12-20 18:00:00,Rain,Bike,low
1278,17.521789,78.434557,Banjara Hills Rd 1,Severe,2025-03-24,12:00,2025-03-24 12:00:00,Clear,Bus,medium
1279,17.591162,78.535243,Necklace Road,Fatal,2023-07-26,15:00,2023-07-26 15:00:00,Rain,Auto,low
1280,17.355718,78.230735,ORR,Minor,2022-05-19,11:00,2022-05-19 11:00:00,Rain,Auto,high
1281,17.408285,78.201306,ORR,Minor,2025-01-25,15:00,2025-01-25 15:00:00,Fog,Truck,high
1282,17.447588,78.393904,Banjara Hills Rd 1,Fatal,2024-03-24,08:00,2024-03-24 08:00:00,Clear,Auto,medium
1283,17.590993,78.504473,Necklace Road,Severe,2024-05-13,22:00,2024-05-13 22:00:00,Clear,Auto,low
1284,17.456311,78.463914,Necklace Road,Severe,2022-11-06,22:00,2022-11-06 22:00:00,Clear,Bike,low
1285,17.513614,78.565502,Necklace Road,Minor,2024-10-26,07:00,2024-10-26 07:00:00,Rain,Bike,low
1286,17.453826,78.432758,Banjara Hills Rd 1,Severe,2025-03-08,19:00,2025-03-08 19:00:00,Rain,Truck,medium
1287,17.252447,78.35,ORR,Minor,2022-04-21,13:00,2022-04-21 13:00:00,Rain,Auto,high
1288,17.221638,78.515046,Necklace Road,Severe,2023-10-16,05:00,2023-10-16 05:00:00,Clear,Bike,low
1289,17.485507,78.330923,ORR,Severe,2023-03-17,14:00,2023-03-17 14:00:00,Clear,Bus,high
1290,17.342618,78.534849,Necklace Road,Minor,2023-11-22,01:00,2023-11-22 01:00:00,Rain,Bike,low
1291,17.406596,78.428928,Banjara Hills Rd 1,Severe,2022-05-20,15:00,2022-05-20 15:00:00,Rain,Bike,medium
1292,17.387705,78.491009,Necklace Road,Severe,2024-04-18,15:00,2024-04-18 15:00:00,Fog,Auto,low
1293,17.311227,78.562644,Necklace Road,Minor,2023-05-14,22:00,2023-05-14 22:00:00,Rain,Truck,low
1294,17.388757,78.385012,Banjara Hills Rd 1,Fatal,2023-11-08,08:00,2023-11-08 08:00:00,Fog,Bike,medium
1295,17.400606,78.579505,Necklace Road,Minor,2022-03-26,04:00,2022-03-26 04:00:00,Rain,Bike,low
1296,17.417719,78.591978,Necklace Road,Severe,2023-03-02,12:00,2023-03-02 12:00:00,Clear,Bus,low
1297,17.561166,78.575014,Necklace Road,Minor,2022-07-20,17:00,2022-07-20 17:00:00,Rain,Bike,low
1298,17.323769,78.598715,Necklace Road,Severe,2024-04-05,21:00,2024-04-05 21:00:00,Rain,Car,low
1299,17.203976,78.395653,Banjara Hills Rd 1,Minor,2023-10-28,06:00,2023-10-28 06:00:00,Rain,Auto,medium
1300,17.212633,78.48249,Necklace Road,Minor,2022-11-04,18:00,2022-11-04 18:00:00,Rain,Auto,low
1301,17.207102,78.449167,Banjara Hills Rd 1,Fatal,2024-11-11,15:00,2024-11-11 15:00:00,Fog,Bike,medium
1302,17.491514,78.350259,ORR,Minor,2023-11-05,22:00,2023-11-05 22:00:00,Rain,Car,high
1303,17.270333,78.531451,Necklace Road,Minor,2024-08-02,01:00,2024-08-02 01:00:00,Fog,Bike,low
1304,17.406853,78.597589,Necklace Road,Minor,2024-03-03,12:00,2024-03-03 12:00:00,Rain,Auto,low
1305,17.548504,78.217476,ORR,Severe,2023-01-29,18:00,2023-01-29 18:00:00,Rain,Truck,high
1306,17.374549,78.279765,ORR,Fatal,2022-06-12,04:00,2022-06-12 04:00:00,Fog,Car,high
1307,17.52219,78.200217,ORR,Minor,2023-06-09,22:00,2023-06-09 22:00:00,Clear,Bike,high
1308,17.348022,78.332132,ORR,Minor,2023-12-13,13:00,2023-12-13 13:00:00,Clear,Auto,high
1309,17.502288,78.599896,Necklace Road,Severe,2024-09-10,00:00,2024-09-10 00:00:00,Fog,Auto,low
1310,17.210589,78.240616,ORR,Minor,2023-04-15,13:00,2023-04-15 13:00:00,Rain,Auto,high
1311,17.220106,78.373281,Banjara Hills Rd 1,Fatal,2022-05-01,03:00,2022-05-01 03:00:00,Fog,Truck,medium
1312,17.250496,78.572125,Necklace Road,Severe,2025-03-11,09:00,2025-03-11 09:00:00,Fog,Auto,low
1313,17.298985,78.333805,ORR,Severe,2024-05-17,07:00,2024-05-17 07:00:00,Clear,Car,high
1314,17.388965,78.572905,Necklace Road,Severe,2023-07-20,17:00,2023-07-20 17:00:00,Clear,Truck,low
1315,17.568892,78.593698,Necklace Road,Fatal,2023-09-30,03:00,2023-09-30 03:00:00,Fog,Auto,low
1316,17.475048,78.471689,Necklace Road,Severe,2022-01-21,04:00,2022-01-21 04:00:00,Fog,Auto,low
1317,17.59366,78.406922,ORR,Severe,2022-04-18,12:00,2022-04-18 12:00:00,Clear,Truck,high
1318,17.438672,78.259446,ORR,Minor,2022-01-18,19:00,2022-01-18 19:00:00,Fog,Bus,high
1319,17.518018,78.263253,ORR,Severe,2023-10-11,11:00,2023-10-11 11:00:00,Clear,Truck,high
1320,17.27092,78.325283,ORR,Fatal,2022-01-03,02:00,2022-01-03 02:00:00,Clear,Truck,high
1321,17.303153,78.527322,Necklace Road,Severe,2025-02-02,05:00,2025-02-02 05:00:00,Rain,Car,low
1322,17.356319,78.494979,Necklace Road,Minor,2023-07-05,03:00,2023-07-05 03:00:00,Rain,Car,low
1323,17.263568,78.428194,Banjara Hills Rd 1,Minor,2024-04-26,20:00,2024-04-26 20:00:00,Clear,Truck,medium
1324,17.492545,78.39892,Banjara Hills Rd 1,Fatal,2022-12-05,15:00,2022-12-05 15:00:00,Rain,Bike,medium
1325,17.204607,78.464665,Necklace Road,Severe,2024-09-23,15:00,2024-09-23 15:00:00,Fog,Bus,low
1326,17.405667,78.240604,ORR,Minor,2025-03-17,07:00,2025-03-17 07:00:00,Rain,Bus,high
1327,17.484342,78.253316,ORR,Severe,2023-06-26,13:00,2023-06-26 13:00:00,Fog,Car,high
1328,17.504846,78.565024,Necklace Road,Minor,2023-10-26,06:00,2023-10-26 06:00:00,Clear,Truck,low
1329,17.489742,78.266747,ORR,Minor,2023-10-22,08:00,2023-10-22 08:00:00,Clear,Car,high
1330,17.565601,78.520427,Necklace Road,Severe,2024-08-16,23:00,2024-08-16 23:00:00,Rain,Truck,low
1331,17.383563,78.322135,ORR,Fatal,2022-03-23,04:00,2022-03-23 04:00:00,Rain,Auto,high
1332,17.305926,78.307047,ORR,Minor,2024-06-03,09:00,2024-06-03 09:00:00,Fog,Car,high
1333,17.388326,78.208934,ORR,Minor,2023-02-08,04:00,2023-02-08 04:00:00,Rain,Car,high
1334,17.288317,78.218396,ORR,Severe,2024-08-19,19:00,2024-08-19 19:00:00,Rain,Truck,high
1335,17.435284,78.247287,ORR,Minor,2023-07-26,00:00,2023-07-26 00:00:00,Fog,Auto,high
1336,17.473831,78.398687,Banjara Hills Rd 1,Minor,2022-07-07,07:00,2022-07-07 07:00:00,Fog,Car,medium
1337,17.488313,78.226957,ORR,Fatal,2024-10-22,16:00,2024-10-22 16:00:00,Rain,Bike,high
1338,17.505717,78.481089,Necklace Road,Minor,2023-02-26,18:00,2023-02-26 18:00:00,Clear,Car,low
1339,17.389776,78.491501,Necklace Road,Minor,2023-04-19,12:00,2023-04-19 12:00:00,Rain,Bus,low
1340,17.391725,78.549152,Necklace Road,Severe,2023-05-10,15:00,2023-05-10 15:00:00,Rain,Car,low
1341,17.487577,78.290608,ORR,Severe,2023-08-18,18:00,2023-08-18 18:00:00,Rain,Bus,high
1342,17.389032,78.354982,ORR,Minor,2023-12-29,12:00,2023-12-29 12:00:00,Fog,Bus,high
1343,17.493831,78.446219,Banjara Hills Rd 1,Fatal,2024-01-17,07:00,2024-01-17 07:00:00,Fog,Truck,medium
1344,17.209638,78.223511,ORR,Minor,2024-02-13,13:00,2024-02-13 13:00:00,Fog,Bike,high
1345,17.325993,78.311035,ORR,Severe,2022-06-09,16:00,2022-06-09 16:00:00,Fog,Bus,high
1346,17.536879,78.399634,ORR,Severe,2024-04-18,04:00,2024-04-18 04:00:00,Rain,Bus,high
1347,17.273157,78.476839,Necklace Road,Minor,2024-01-12,14:00,2024-01-12 14:00:00,Rain,Bike,low
1348,17.576735,78.584622,Necklace Road,Minor,2024-10-19,03:00,2024-10-19 03:00:00,Fog,Bus,low
1349,17.309792,78.382066,Banjara Hills Rd 1,Severe,2024-02-12,17:00,2024-02-12 17:00:00,Rain,Bus,medium
1350,17.517361,78.396001,ORR,Fatal,2022-12-14,07:00,2022-12-14 07:00:00,Rain,Bus,high
1351,17.316981,78.217508,ORR,Severe,2024-03-03,02:00,2024-03-03 02:00:00,Fog,Truck,high
1352,17.421231,78.399532,Banjara Hills Rd 1,Minor,2022-07-25,02:00,2022-07-25 02:00:00,Clear,Bus,medium
1353,17.494067,78.59001,Necklace Road,Fatal,2024-10-06,04:00,2024-10-06 04:00:00,Clear,Car,low
1354,17.465338,78.236951,ORR,Severe,2022-12-19,01:00,2022-12-19 01:00:00,Fog,Bus,high
1355,17.264941,78.596292,Necklace Road,Minor,2022-04-13,02:00,2022-04-13 02:00:00,Rain,Auto,low
1356,17.226682,78.497343,Necklace Road,Minor,2024-04-04,23:00,2024-04-04 23:00:00,Clear,Truck,low
1357,17.593975,78.293101,ORR,Minor,2022-09-18,07:00,2022-09-18 07:00:00,Clear,Car,high
1358,17.287085,78.439431,Banjara Hills Rd 1,Fatal,2022-04-08,16:00,2022-04-08 16:00:00,Rain,Car,medium
1359,17.476272,78.465055,Necklace Road,Severe,2023-10-01,20:00,2023-10-01 20:00:00,Fog,Bike,low
1360,17.570287,78.281959,ORR,Minor,2022-04-19,23:00,2022-04-19 23:00:00,Rain,Auto,high
1361,17.573784,78.211692,ORR,Minor,2023-08-08,15:00,2023-08-08 15:00:00,Clear,Auto,high
1362,17.228671,78.227626,ORR,Minor,2023-03-30,19:00,2023-03-30 19:00:00,Clear,Bike,high
1363,17.34587,78.33657,ORR,Severe,2024-11-27,22:00,2024-11-27 22:00:00,Clear,Bike,high
1364,17.428195,78.45851,Necklace Road,Minor,2022-03-08,23:00,2022-03-08 23:00:00,Rain,Bike,low
1365,17.451308,78.22736,ORR,Minor,2024-03-18,07:00,2024-03-18 07:00:00,Rain,Bike,high
1366,17.534896,78.577099,Necklace Road,Minor,2023-02-26,15:00,2023-02-26 15:00:00,Rain,Truck,low
1367,17.576667,78.224574,ORR,Severe,2025-03-07,00:00,2025-03-07 00:00:00,Clear,Truck,high
1368,17.36798,78.512507,Necklace Road,Severe,2024-01-06,12:00,2024-01-06 12:00:00,Clear,Car,low
1369,17.356613,78.37684,Banjara Hills Rd 1,Severe,2024-06-13,00:00,2024-06-13 00:00:00,Clear,Car,medium
1370,17.390433,78.572847,Necklace Road,Minor,2024-05-29,01:00,2024-05-29 01:00:00,Fog,Truck,low
1371,17.511852,78.321199,ORR,Minor,2022-02-13,03:00,2022-02-13 03:00:00,Fog,Car,high
1372,17.431841,78.27948,ORR,Minor,2023-08-02,20:00,2023-08-02 20:00:00,Rain,Truck,high
1373,17.424374,78.430059,Banjara Hills Rd 1,Minor,2024-04-26,18:00,2024-04-26 18:00:00,Fog,Bike,medium
1374,17.533287,78.499422,Necklace Road,Minor,2024-03-04,23:00,2024-03-04 23:00:00,Fog,Truck,low
1375,17.510074,78.245136,ORR,Fatal,2024-11-05,00:00,2024-11-05 00:00:00,Rain,Truck,high
1376,17.237617,78.521466,Necklace Road,Minor,2022-10-20,15:00,2022-10-20 15:00:00,Rain,Auto,low
1377,17.592124,78.392376,ORR,Minor,2022-06-11,21:00,2022-06-11 21:00:00,Fog,Truck,high
1378,17.239742,78.584431,Necklace Road,Severe,2022-08-08,02:00,2022-08-08 02:00:00,Fog,Auto,low
1379,17.288857,78.446698,Banjara Hills Rd 1,Severe,2024-04-01,15:00,2024-04-01 15:00:00,Fog,Auto,medium
1380,17.349145,78.310785,ORR,Severe,2022-10-12,05:00,2022-10-12 05:00:00,Rain,Bike,high
1381,17.482113,78.331447,ORR,Minor,2023-05-26,04:00,2023-05-26 04:00:00,Clear,Car,high
1382,17.272537,78.296453,ORR,Minor,2024-09-02,04:00,2024-09-02 04:00:00,Fog,Car,high
1383,17.208134,78.31242,ORR,Fatal,2023-02-02,13:00,2023-02-02 13:00:00,Rain,Car,high
1384,17.308335,78.456295,Necklace Road,Severe,2025-01-11,06:00,2025-01-11 06:00:00,Fog,Bike,low
1385,17.584723,78.354519,ORR,Fatal,2022-06-26,16:00,2022-06-26 16:00:00,Fog,Bike,high
1386,17.386716,78.423723,Banjara Hills Rd 1,Minor,2023-07-03,12:00,2023-07-03 12:00:00,Clear,Bike,medium
1387,17.407299,78.307436,ORR,Minor,2022-07-26,20:00,2022-07-26 20:00:00,Fog,Car,high
1388,17.392809,78.512899,Necklace Road,Minor,2024-08-12,01:00,2024-08-12 01:00:00,Clear,Auto,low
1389,17.35223,78.336933,ORR,Severe,2024-09-30,17:00,2024-09-30 17:00:00,Clear,Auto,high
1390,17.232146,78.563728,Necklace Road,Minor,2024-05-19,20:00,2024-05-19 20:00:00,Clear,Bus,low
1391,17.344923,78.231183,ORR,Minor,2023-09-01,21:00,2023-09-01 21:00:00,Fog,Truck,high
1392,17.528699,78.577419,Necklace Road,Minor,2022-07-30,12:00,2022-07-30 12:00:00,Rain,Auto,low
1393,17.474409,78.519773,Necklace Road,Minor,2024-08-11,02:00,2024-08-11 02:00:00,Fog,Truck,low
1394,17.557817,78.265286,ORR,Minor,2023-04-06,14:00,2023-04-06 14:00:00,Fog,Truck,high
1395,17.354619,78.330612,ORR,Minor,2023-01-25,18:00,2023-01-25 18:00:00,Clear,Bus,high
1396,17.583709,78.30732,ORR,Minor,2022-09-03,03:00,2022-09-03 03:00:00,Clear,Truck,high
1397,17.351628,78.288495,ORR,Severe,2023-04-10,20:00,2023-04-10 20:00:00,Rain,Auto,high
1398,17.285313,78.303095,ORR,Minor,2024-07-15,18:00,2024-07-15 18:00:00,Clear,Truck,high
1399,17.308303,78.381916,Banjara Hills Rd 1,Severe,2022-06-07,22:00,2022-06-07 22:00:00,Rain,Bike,medium
1400,17.4257,78.367374,ORR,Severe,2023-11-22,05:00,2023-11-22 05:00:00,Fog,Truck,high
1401,17.575747,78.459108,Necklace Road,Severe,2025-03-05,10:00,2025-03-05 10:00:00,Rain,Bike,low
1402,17.304873,78.406678,Banjara Hills Rd 1,Severe,2024-05-13,06:00,2024-05-13 06:00:00,Rain,Bike,medium
1403,17.51272,78.359083,ORR,Fatal,2023-07-11,12:00,2023-07-11 12:00:00,Rain,Car,high
1404,17.439975,78.563439,Necklace Road,Severe,2023-03-18,11:00,2023-03-18 11:00:00,Rain,Truck,low
1405,17.272461,78.455523,Banjara Hills Rd 1,Fatal,2024-01-06,21:00,2024-01-06 21:00:00,Rain,Truck,medium
1406,17.355388,78.370366,ORR,Severe,2024-11-26,22:00,2024-11-26 22:00:00,Clear,Bike,high
1407,17.212029,78.399805,Banjara Hills Rd 1,Minor,2023-04-25,17:00,2023-04-25 17:00:00,Clear,Bus,medium
1408,17.307235,78.466511,Necklace Road,Severe,2024-12-08,12:00,2024-12-08 12:00:00,Fog,Bike,low
1409,17.249628,78.47011,Necklace Road,Fatal,2022-11-06,06:00,2022-11-06 06:00:00,Rain,Car,low
1410,17.39906,78.534531,Necklace Road,Minor,2024-01-16,22:00,2024-01-16 22:00:00,Clear,Truck,low
1411,17.217245,78.236112,ORR,Severe,2022-11-16,13:00,2022-11-16 13:00:00,Fog,Bus,high
1412,17.404622,78.534303,Necklace Road,Minor,2022-09-09,13:00,2022-09-09 13:00:00,Fog,Car,low
1413,17.324081,78.573141,Necklace Road,Minor,2024-04-04,17:00,2024-04-04 17:00:00,Fog,Bus,low
1414,17.379246,78.378548,Banjara Hills Rd 1,Severe,2025-04-09,13:00,2025-04-09 13:00:00,Fog,Auto,medium
1415,17.359385,78.5151,Necklace Road,Minor,2022-12-25,17:00,2022-12-25 17:00:00,Rain,Auto,low
1416,17.523509,78.422873,Banjara Hills Rd 1,Severe,2023-04-25,03:00,2023-04-25 03:00:00,Clear,Auto,medium
1417,17.208788,78.230594,ORR,Fatal,2024-04-10,17:00,2024-04-10 17:00:00,Clear,Car,high
1418,17.22333,78.250886,ORR,Severe,2023-01-04,05:00,2023-01-04 05:00:00,Fog,Auto,high
1419,17.572033,78.46862,Necklace Road,Minor,2024-06-16,17:00,2024-06-16 17:00:00,Fog,Truck,low
1420,17.341327,78.381776,Banjara Hills Rd 1,Fatal,2023-11-11,02:00,2023-11-11 02:00:00,Clear,Car,medium
1421,17.458367,78.222985,ORR,Fatal,2022-08-19,09:00,2022-08-19 09:00:00,Rain,Auto,high
1422,17.208242,78.55735,Necklace Road,Minor,2023-06-27,07:00,2023-06-27 07:00:00,Rain,Auto,low
1423,17.34659,78.569346,Necklace Road,Severe,2022-05-03,21:00,2022-05-03 21:00:00,Clear,Truck,low
1424,17.595134,78.29072,ORR,Minor,2023-08-25,18:00,2023-08-25 18:00:00,Clear,Bus,high
1425,17.366097,78.36508,ORR,Minor,2024-11-21,06:00,2024-11-21 06:00:00,Clear,Truck,high
1426,17.318106,78.254629,ORR,Minor,2023-01-02,13:00,2023-01-02 13:00:00,Rain,Bus,high
1427,17.337959,78.390069,Banjara Hills Rd 1,Minor,2022-12-18,00:00,2022-12-18 00:00:00,Clear,Bike,medium
1428,17.381824,78.200899,ORR,Minor,2025-02-25,19:00,2025-02-25 19:00:00,Fog,Truck,high
1429,17.438722,78.583238,Necklace Road,Minor,2024-11-24,19:00,2024-11-24 19:00:00,Rain,Bus,low
1430,17.315626,78.552731,Necklace Road,Severe,2023-08-28,12:00,2023-08-28 12:00:00,Clear,Car,low
1431,17.544427,78.507408,Necklace Road,Severe,2022-05-21,10:00,2022-05-21 10:00:00,Rain,Truck,low
1432,17.513632,78.459041,Necklace Road,Minor,2022-02-17,14:00,2022-02-17 14:00:00,Rain,Truck,low
1433,17.579763,78.443309,Banjara Hills Rd 1,Minor,2022-08-20,12:00,2022-08-20 12:00:00,Fog,Truck,medium
1434,17.366248,78.36064,ORR,Fatal,2022-03-01,20:00,2022-03-01 20:00:00,Fog,Bike,high
1435,17.318421,78.584222,Necklace Road,Minor,2023-12-27,13:00,2023-12-27 13:00:00,Rain,Auto,low
1436,17.410729,78.256198,ORR,Minor,2024-02-24,07:00,2024-02-24 07:00:00,Fog,Auto,high
1437,17.580883,78.403229,ORR,Minor,2024-09-07,05:00,2024-09-07 05:00:00,Clear,Bike,high
1438,17.439662,78.382484,ORR,Severe,2025-03-20,07:00,2025-03-20 07:00:00,Fog,Bus,high
1439,17.316679,78.338219,ORR,Severe,2023-10-28,16:00,2023-10-28 16:00:00,Clear,Bike,high
1440,17.512259,78.586059,Necklace Road,Severe,2024-03-19,13:00,2024-03-19 13:00:00,Clear,Car,low
1441,17.253652,78.445934,Banjara Hills Rd 1,Severe,2024-03-20,12:00,2024-03-20 12:00:00,Clear,Auto,medium
1442,17.446907,78.31509,ORR,Minor,2024-01-25,15:00,2024-01-25 15:00:00,Clear,Auto,high
1443,17.417318,78.204425,ORR,Minor,2023-04-28,01:00,2023-04-28 01:00:00,Clear,Bus,high
1444,17.596159,78.588225,Necklace Road,Severe,2024-05-08,22:00,2024-05-08 22:00:00,Clear,Bike,low
1445,17.393773,78.59587,Necklace Road,Minor,2025-02-15,19:00,2025-02-15 19:00:00,Clear,Bus,low
1446,17.484848,78.244378,ORR,Minor,2022-07-07,18:00,2022-07-07 18:00:00,Clear,Bike,high
1447,17.372801,78.573207,Necklace Road,Minor,2022-02-14,22:00,2022-02-14 22:00:00,Fog,Auto,low
1448,17.358446,78.456738,Necklace Road,Minor,2023-04-02,00:00,2023-04-02 00:00:00,Clear,Bike,low
1449,17.417809,78.544333,Necklace Road,Minor,2024-03-07,06:00,2024-03-07 06:00:00,Clear,Bus,low
1450,17.325433,78.331114,ORR,Fatal,2023-09-21,23:00,2023-09-21 23:00:00,Fog,Auto,high
1451,17.27662,78.333771,ORR,Fatal,2023-03-06,11:00,2023-03-06 11:00:00,Clear,Truck,high
1452,17.599273,78.373455,ORR,Minor,2024-01-04,14:00,2024-01-04 14:00:00,Fog,Car,high
1453,17.222618,78.26185,ORR,Severe,2025-04-14,17:00,2025-04-14 17:00:00,Fog,Truck,high
1454,17.330713,78.579708,Necklace Road,Minor,2022-02-15,03:00,2022-02-15 03:00:00,Clear,Truck,low
1455,17.203808,78.468835,Necklace Road,Fatal,2024-04-24,17:00,2024-04-24 17:00:00,Clear,Auto,low
1456,17.203825,78.434665,Banjara Hills Rd 1,Severe,2024-06-18,17:00,2024-06-18 17:00:00,Fog,Bus,medium
1457,17.533574,78.529177,Necklace Road,Severe,2024-07-10,23:00,2024-07-10 23:00:00,Clear,Car,low
1458,17.226487,78.535159,Necklace Road,Fatal,2022-08-13,21:00,2022-08-13 21:00:00,Fog,Bus,low
1459,17.210196,78.227814,ORR,Fatal,2025-04-04,04:00,2025-04-04 04:00:00,Fog,Truck,high
1460,17.342834,78.325304,ORR,Minor,2024-01-19,23:00,2024-01-19 23:00:00,Clear,Bus,high
1461,17.503362,78.213123,ORR,Minor,2024-03-31,21:00,2024-03-31 21:00:00,Clear,Bike,high
1462,17.284945,78.477123,Necklace Road,Minor,2023-10-11,15:00,2023-10-11 15:00:00,Rain,Bike,low
1463,17.264668,78.582828,Necklace Road,Minor,2022-05-05,22:00,2022-05-05 22:00:00,Fog,Truck,low
1464,17.521868,78.470087,Necklace Road,Severe,2024-12-23,09:00,2024-12-23 09:00:00,Rain,Truck,low
1465,17.319138,78.283174,ORR,Minor,2025-04-08,10:00,2025-04-08 10:00:00,Clear,Car,high
1466,17.409626,78.342478,ORR,Severe,2023-11-24,04:00,2023-11-24 04:00:00,Clear,Auto,high
1467,17.232045,78.249492,ORR,Minor,2023-06-14,11:00,2023-06-14 11:00:00,Rain,Auto,high
1468,17.385545,78.22229,ORR,Severe,2022-09-26,11:00,2022-09-26 11:00:00,Rain,Truck,high
1469,17.201306,78.331523,ORR,Severe,2022-01-01,14:00,2022-01-01 14:00:00,Rain,Truck,high
1470,17.477936,78.518709,Necklace Road,Minor,2022-02-16,06:00,2022-02-16 06:00:00,Rain,Car,low
1471,17.288513,78.477871,Necklace Road,Minor,2023-08-14,01:00,2023-08-14 01:00:00,Clear,Auto,low
1472,17.462018,78.425421,Banjara Hills Rd 1,Minor,2024-04-10,20:00,2024-04-10 20:00:00,Clear,Truck,medium
1473,17.211284,78.236491,ORR,Minor,2023-10-26,04:00,2023-10-26 04:00:00,Rain,Truck,high
1474,17.362019,78.461729,Necklace Road,Fatal,2024-07-15,04:00,2024-07-15 04:00:00,Rain,Auto,low
1475,17.532944,78.324133,ORR,Severe,2025-01-11,00:00,2025-01-11 00:00:00,Clear,Bike,high
1476,17.223258,78.390666,Banjara Hills Rd 1,Fatal,2023-10-23,18:00,2023-10-23 18:00:00,Fog,Truck,medium
1477,17.433428,78.262861,ORR,Minor,2024-12-27,13:00,2024-12-27 13:00:00,Rain,Car,high
1478,17.430327,78.499567,Necklace Road,Severe,2022-11-11,01:00,2022-11-11 01:00:00,Fog,Car,low
1479,17.373393,78.527976,Necklace Road,Fatal,2023-05-01,10:00,2023-05-01 10:00:00,Rain,Bus,low
1480,17.501525,78.410662,Banjara Hills Rd 1,Minor,2024-05-11,01:00,2024-05-11 01:00:00,Fog,Auto,medium
1481,17.274787,78.236324,ORR,Minor,2023-11-04,02:00,2023-11-04 02:00:00,Fog,Bus,high
1482,17.209236,78.240672,ORR,Severe,2024-03-24,21:00,2024-03-24 21:00:00,Clear,Truck,high
1483,17.3803,78.28955,ORR,Minor,2024-08-04,07:00,2024-08-04 07:00:00,Clear,Bus,high
1484,17.282171,78.552474,Necklace Road,Severe,2024-08-20,08:00,2024-08-20 08:00:00,Fog,Bus,low
1485,17.496882,78.413721,Banjara Hills Rd 1,Fatal,2024-08-11,23:00,2024-08-11 23:00:00,Rain,Bike,medium
1486,17.289808,78.396453,Banjara Hills Rd 1,Minor,2022-11-26,07:00,2022-11-26 07:00:00,Rain,Bus,medium
1487,17.208342,78.57584,Necklace Road,Fatal,2025-02-24,22:00,2025-02-24 22:00:00,Clear,Bus,low
1488,17.412927,78.250166,ORR,Severe,2023-01-05,11:00,2023-01-05 11:00:00,Rain,Truck,high
1489,17.294175,78.543223,Necklace Road,Minor,2024-09-23,17:00,2024-09-23 17:00:00,Rain,Bus,low
1490,17.404152,78.571699,Necklace Road,Severe,2024-10-06,21:00,2024-10-06 21:00:00,Fog,Truck,low
1491,17.413087,78.397475,Banjara Hills Rd 1,Minor,2025-04-03,21:00,2025-04-03 21:00:00,Clear,Truck,medium
1492,17.283562,78.288088,ORR,Minor,2023-06-12,21:00,2023-06-12 21:00:00,Clear,Bus,high
1493,17.323961,78.256075,ORR,Minor,2022-12-09,17:00,2022-12-09 17:00:00,Rain,Auto,high
1494,17.484231,78.557292,Necklace Road,Minor,2023-04-28,21:00,2023-04-28 21:00:00,Clear,Auto,low
1495,17.258428,78.34627,ORR,Minor,2023-08-07,15:00,2023-08-07 15:00:00,Rain,Auto,high
1496,17.374765,78.222849,ORR,Minor,2025-02-27,14:00,2025-02-27 14:00:00,Rain,Bike,high
1497,17.594533,78.225647,ORR,Severe,2024-11-26,07:00,2024-11-26 07:00:00,Rain,Bike,high
1498,17.40452,78.401247,Banjara Hills Rd 1,Severe,2022-04-17,21:00,2022-04-17 21:00:00,Rain,Auto,medium
1499,17.431287,78.34944,ORR,Minor,2023-01-08,19:00,2023-01-08 19:00:00,Fog,Bus,high
1500,17.573687,78.594933,Necklace Road,Minor,2022-09-22,23:00,2022-09-22 23:00:00,Fog,Truck,low
1501,17.341389,78.378138,Banjara Hills Rd 1,Severe,2024-10-29,16:00,2024-10-29 16:00:00,Fog,Car,medium
1502,17.302958,78.348319,ORR,Minor,2024-08-09,12:00,2024-08-09 12:00:00,Rain,Bike,high
1503,17.589016,78.363528,ORR,Severe,2023-08-14,18:00,2023-08-14 18:00:00,Clear,Bike,high
1504,17.4073,78.244456,ORR,Severe,2024-04-22,20:00,2024-04-22 20:00:00,Fog,Bike,high
1505,17.499006,78.477642,Necklace Road,Minor,2025-04-15,09:00,2025-04-15 09:00:00,Fog,Truck,low
1506,17.543412,78.438112,Banjara Hills Rd 1,Minor,2022-11-17,22:00,2022-11-17 22:00:00,Fog,Auto,medium
1507,17.431809,78.266637,ORR,Minor,2023-05-22,15:00,2023-05-22 15:00:00,Rain,Bike,high
1508,17.490342,78.242328,ORR,Fatal,2024-08-06,06:00,2024-08-06 06:00:00,Fog,Bus,high
1509,17.469585,78.523895,Necklace Road,Severe,2024-02-03,23:00,2024-02-03 23:00:00,Clear,Bike,low
1510,17.251947,78.557729,Necklace Road,Fatal,2022-12-14,13:00,2022-12-14 13:00:00,Fog,Bike,low
1511,17.45514,78.428368,Banjara Hills Rd 1,Severe,2023-05-22,08:00,2023-05-22 08:00:00,Clear,Bus,medium
1512,17.428988,78.525129,Necklace Road,Minor,2024-11-04,19:00,2024-11-04 19:00:00,Clear,Truck,low
1513,17.267279,78.271789,ORR,Fatal,2024-01-28,07:00,2024-01-28 07:00:00,Clear,Truck,high
1514,17.38785,78.378152,ORR,Severe,2024-02-16,07:00,2024-02-16 07:00:00,Rain,Auto,high
1515,17.499241,78.587492,Necklace Road,Severe,2024-11-09,06:00,2024-11-09 06:00:00,Fog,Bus,low
1516,17.532277,78.260183,ORR,Severe,2024-12-05,08:00,2024-12-05 08:00:00,Rain,Car,high
1517,17.573169,78.201215,ORR,Severe,2023-10-06,13:00,2023-10-06 13:00:00,Fog,Auto,high
1518,17.35051,78.490735,Necklace Road,Minor,2022-04-27,20:00,2022-04-27 20:00:00,Rain,Truck,low
1519,17.481312,78.556206,Necklace Road,Severe,2025-01-08,05:00,2025-01-08 05:00:00,Clear,Bus,low
1520,17.223297,78.326241,ORR,Severe,2024-12-07,08:00,2024-12-07 08:00:00,Fog,Car,high
1521,17.374938,78.479491,Necklace Road,Severe,2023-05-10,10:00,2023-05-10 10:00:00,Fog,Car,low
1522,17.468843,78.521723,Necklace Road,Minor,2024-11-21,22:00,2024-11-21 22:00:00,Clear,Car,low
1523,17.519035,78.40937,Banjara Hills Rd 1,Severe,2024-07-28,18:00,2024-07-28 18:00:00,Fog,Bus,medium
1524,17.448725,78.234359,ORR,Minor,2023-12-22,13:00,2023-12-22 13:00:00,Rain,Auto,high
1525,17.422408,78.589353,Necklace Road,Minor,2022-08-14,21:00,2022-08-14 21:00:00,Rain,Bus,low
1526,17.398223,78.284109,ORR,Fatal,2022-07-30,13:00,2022-07-30 13:00:00,Clear,Car,high
1527,17.261307,78.314102,ORR,Fatal,2023-04-26,12:00,2023-04-26 12:00:00,Rain,Bus,high
1528,17.586969,78.588953,Necklace Road,Minor,2024-02-15,05:00,2024-02-15 05:00:00,Fog,Bike,low
1529,17.295994,78.425429,Banjara Hills Rd 1,Minor,2022-10-01,17:00,2022-10-01 17:00:00,Fog,Bike,medium
1530,17.252946,78.42673,Banjara Hills Rd 1,Minor,2022-06-04,22:00,2022-06-04 22:00:00,Clear,Truck,medium
1531,17.535086,78.385731,ORR,Minor,2024-02-25,07:00,2024-02-25 07:00:00,Fog,Bus,high
1532,17.531921,78.269982,ORR,Minor,2024-07-01,17:00,2024-07-01 17:00:00,Clear,Car,high
1533,17.326982,78.21876,ORR,Minor,2025-04-14,01:00,2025-04-14 01:00:00,Clear,Auto,high
1534,17.48578,78.449312,Banjara Hills Rd 1,Minor,2024-02-12,05:00,2024-02-12 05:00:00,Fog,Car,medium
1535,17.585277,78.379492,ORR,Minor,2023-12-24,00:00,2023-12-24 00:00:00,Rain,Bus,high
1536,17.266401,78.462839,Necklace Road,Minor,2023-04-12,06:00,2023-04-12 06:00:00,Fog,Bike,low
1537,17.408117,78.244263,ORR,Minor,2022-12-12,01:00,2022-12-12 01:00:00,Rain,Auto,high
1538,17.200915,78.298918,ORR,Minor,2022-06-21,03:00,2022-06-21 03:00:00,Fog,Bus,high
1539,17.341916,78.2619,ORR,Minor,2022-02-06,22:00,2022-02-06 22:00:00,Fog,Bus,high
1540,17.51899,78.476772,Necklace Road,Minor,2023-08-17,14:00,2023-08-17 14:00:00,Rain,Car,low
1541,17.351789,78.242312,ORR,Minor,2022-10-04,09:00,2022-10-04 09:00:00,Clear,Auto,high
1542,17.270929,78.474082,Necklace Road,Minor,2022-07-31,05:00,2022-07-31 05:00:00,Fog,Bike,low
1543,17.261877,78.559559,Necklace Road,Minor,2024-08-10,14:00,2024-08-10 14:00:00,Clear,Car,low
1544,17.457638,78.361587,ORR,Fatal,2024-01-25,17:00,2024-01-25 17:00:00,Rain,Car,high
1545,17.590908,78.245562,ORR,Minor,2022-06-01,16:00,2022-06-01 16:00:00,Clear,Truck,high
1546,17.549925,78.442412,Banjara Hills Rd 1,Fatal,2025-02-16,19:00,2025-02-16 19:00:00,Clear,Bike,medium
1547,17.514675,78.265467,ORR,Minor,2025-04-08,08:00,2025-04-08 08:00:00,Rain,Auto,high
1548,17.264124,78.254967,ORR,Severe,2023-08-04,19:00,2023-08-04 19:00:00,Clear,Auto,high
1549,17.278037,78.309834,ORR,Minor,2023-08-23,15:00,2023-08-23 15:00:00,Rain,Bus,high
1550,17.449756,78.398108,Banjara Hills Rd 1,Minor,2024-10-16,10:00,2024-10-16 10:00:00,Clear,Auto,medium
1551,17.510002,78.575861,Necklace Road,Minor,2023-09-09,02:00,2023-09-09 02:00:00,Rain,Car,low
1552,17.25742,78.319221,ORR,Minor,2022-04-23,13:00,2022-04-23 13:00:00,Rain,Bus,high
1553,17.464072,78.2433,ORR,Fatal,2023-01-22,01:00,2023-01-22 01:00:00,Rain,Car,high
1554,17.325285,78.453368,Banjara Hills Rd 1,Minor,2024-10-16,05:00,2024-10-16 05:00:00,Clear,Bike,medium
1555,17.223334,78.444699,Banjara Hills Rd 1,Minor,2024-05-17,16:00,2024-05-17 16:00:00,Clear,Bike,medium
1556,17.3004,78.257119,ORR,Severe,2022-12-04,23:00,2022-12-04 23:00:00,Clear,Truck,high
1557,17.358551,78.228628,ORR,Severe,2023-11-19,16:00,2023-11-19 16:00:00,Rain,Bike,high
1558,17.2199,78.435192,Banjara Hills Rd 1,Minor,2024-10-23,17:00,2024-10-23 17:00:00,Fog,Auto,medium
1559,17.223751,78.482592,Necklace Road,Minor,2022-10-31,11:00,2022-10-31 11:00:00,Fog,Car,low
1560,17.396998,78.54386,Necklace Road,Minor,2025-01-15,00:00,2025-01-15 00:00:00,Fog,Bike,low
1561,17.444122,78.26174,ORR,Severe,2022-10-06,20:00,2022-10-06 20:00:00,Rain,Bus,high
1562,17.597309,78.2339,ORR,Severe,2022-07-29,14:00,2022-07-29 14:00:00,Rain,Truck,high
1563,17.232478,78.450357,Banjara Hills Rd 1,Fatal,2023-08-01,00:00,2023-08-01 00:00:00,Clear,Bus,medium
1564,17.238819,78.567204,Necklace Road,Severe,2023-03-16,07:00,2023-03-16 07:00:00,Clear,Truck,low
1565,17.533092,78.533844,Necklace Road,Severe,2023-07-31,16:00,2023-07-31 16:00:00,Clear,Truck,low
1566,17.336053,78.309842,ORR,Minor,2022-01-29,12:00,2022-01-29 12:00:00,Rain,Bus,high
1567,17.455674,78.372575,ORR,Fatal,2024-12-21,11:00,2024-12-21 11:00:00,Clear,Truck,high
1568,17.467226,78.24814,ORR,Severe,2024-01-01,22:00,2024-01-01 22:00:00,Clear,Bus,high
1569,17.519203,78.459539,Necklace Road,Fatal,2024-10-24,02:00,2024-10-24 02:00:00,Rain,Truck,low
1570,17.303002,78.403131,Banjara Hills Rd 1,Minor,2022-09-09,05:00,2022-09-09 05:00:00,Clear,Truck,medium
1571,17.376035,78.43786,Banjara Hills Rd 1,Minor,2024-02-17,02:00,2024-02-17 02:00:00,Rain,Car,medium
1572,17.275786,78.464058,Necklace Road,Minor,2024-01-04,15:00,2024-01-04 15:00:00,Rain,Truck,low
1573,17.522317,78.468639,Necklace Road,Severe,2022-02-24,07:00,2022-02-24 07:00:00,Fog,Bike,low
1574,17.537091,78.274638,ORR,Severe,2023-01-06,16:00,2023-01-06 16:00:00,Rain,Car,high
1575,17.344614,78.400962,Banjara Hills Rd 1,Severe,2022-03-28,23:00,2022-03-28 23:00:00,Rain,Bus,medium
1576,17.275649,78.513976,Necklace Road,Minor,2024-04-05,04:00,2024-04-05 04:00:00,Fog,Bike,low
1577,17.498582,78.392236,ORR,Severe,2022-07-07,11:00,2022-07-07 11:00:00,Clear,Auto,high
1578,17.587376,78.350027,ORR,Fatal,2022-08-21,06:00,2022-08-21 06:00:00,Rain,Bike,high
1579,17.27072,78.314602,ORR,Severe,2025-03-22,16:00,2025-03-22 16:00:00,Rain,Car,high
1580,17.504079,78.523,Necklace Road,Fatal,2022-05-28,12:00,2022-05-28 12:00:00,Fog,Truck,low
1581,17.321361,78.525329,Necklace Road,Severe,2022-02-17,08:00,2022-02-17 08:00:00,Rain,Auto,low
1582,17.210049,78.488741,Necklace Road,Minor,2022-12-01,20:00,2022-12-01 20:00:00,Fog,Car,low
1583,17.433315,78.274232,ORR,Minor,2024-04-11,23:00,2024-04-11 23:00:00,Fog,Truck,high
1584,17.256465,78.201582,ORR,Minor,2024-10-26,22:00,2024-10-26 22:00:00,Rain,Bus,high
1585,17.464401,78.418298,Banjara Hills Rd 1,Minor,2022-11-03,00:00,2022-11-03 00:00:00,Fog,Bike,medium
1586,17.544532,78.405754,ORR,Fatal,2024-01-11,07:00,2024-01-11 07:00:00,Rain,Car,high
1587,17.432876,78.233943,ORR,Severe,2023-08-14,09:00,2023-08-14 09:00:00,Rain,Bike,high
1588,17.388249,78.486236,Necklace Road,Severe,2023-11-26,16:00,2023-11-26 16:00:00,Rain,Truck,low
1589,17.376535,78.381481,Banjara Hills Rd 1,Severe,2023-07-24,20:00,2023-07-24 20:00:00,Rain,Truck,medium
1590,17.585799,78.448098,Banjara Hills Rd 1,Minor,2025-03-10,08:00,2025-03-10 08:00:00,Rain,Auto,medium
1591,17.537456,78.525696,Necklace Road,Severe,2023-05-19,01:00,2023-05-19 01:00:00,Fog,Bike,low
1592,17.461134,78.335509,ORR,Fatal,2023-05-25,18:00,2023-05-25 18:00:00,Fog,Truck,high
1593,17.212643,78.392722,Banjara Hills Rd 1,Severe,2022-11-08,02:00,2022-11-08 02:00:00,Clear,Truck,medium
1594,17.47487,78.216615,ORR,Severe,2022-11-03,19:00,2022-11-03 19:00:00,Clear,Bus,high
1595,17.234866,78.523763,Necklace Road,Fatal,2022-08-06,08:00,2022-08-06 08:00:00,Rain,Bus,low
1596,17.451355,78.429766,Banjara Hills Rd 1,Minor,2022-05-20,11:00,2022-05-20 11:00:00,Clear,Truck,medium
1597,17.473897,78.498643,Necklace Road,Fatal,2023-03-14,12:00,2023-03-14 12:00:00,Clear,Car,low
1598,17.598225,78.493935,Necklace Road,Minor,2023-03-18,08:00,2023-03-18 08:00:00,Clear,Car,low
1599,17.377538,78.491877,Necklace Road,Fatal,2024-08-29,11:00,2024-08-29 11:00:00,Fog,Auto,low
1600,17.51254,78.493402,Necklace Road,Fatal,2022-05-17,06:00,2022-05-17 06:00:00,Fog,Truck,low
1601,17.543043,78.5414,Necklace Road,Severe,2023-11-27,04:00,2023-11-27 04:00:00,Clear,Truck,low
1602,17.397793,78.431851,Banjara Hills Rd 1,Severe,2022-12-29,10:00,2022-12-29 10:00:00,Fog,Bike,medium
1603,17.453048,78.299964,ORR,Minor,2024-11-26,17:00,2024-11-26 17:00:00,Clear,Bus,high
1604,17.249193,78.294577,ORR,Minor,2023-08-11,09:00,2023-08-11 09:00:00,Rain,Car,high
1605,17.511196,78.53532,Necklace Road,Minor,2024-03-29,09:00,2024-03-29 09:00:00,Fog,Bus,low
1606,17.495953,78.355191,ORR,Minor,2024-08-31,07:00,2024-08-31 07:00:00,Fog,Car,high
1607,17.452044,78.373572,ORR,Minor,2022-04-13,05:00,2022-04-13 05:00:00,Clear,Bike,high
1608,17.41048,78.336867,ORR,Severe,2022-08-07,10:00,2022-08-07 10:00:00,Rain,Bus,high
1609,17.515432,78.514541,Necklace Road,Severe,2022-04-29,06:00,2022-04-29 06:00:00,Clear,Car,low
1610,17.422424,78.53867,Necklace Road,Minor,2025-01-02,01:00,2025-01-02 01:00:00,Clear,Car,low
1611,17.548936,78.300124,ORR,Minor,2022-04-17,17:00,2022-04-17 17:00:00,Clear,Car,high
1612,17.534242,78.343536,ORR,Minor,2024-08-23,03:00,2024-08-23 03:00:00,Fog,Auto,high
1613,17.298645,78.489225,Necklace Road,Minor,2024-01-16,19:00,2024-01-16 19:00:00,Clear,Auto,low
1614,17.466157,78.242977,ORR,Fatal,2023-09-19,02:00,2023-09-19 02:00:00,Rain,Car,high
1615,17.543627,78.221727,ORR,Minor,2023-07-25,19:00,2023-07-25 19:00:00,Clear,Auto,high
1616,17.370444,78.367408,ORR,Minor,2023-12-14,18:00,2023-12-14 18:00:00,Fog,Car,high
1617,17.301039,78.405088,Banjara Hills Rd 1,Minor,2022-08-23,00:00,2022-08-23 00:00:00,Fog,Car,medium
1618,17.219953,78.459749,Necklace Road,Minor,2023-12-18,09:00,2023-12-18 09:00:00,Clear,Bike,low
1619,17.530286,78.584549,Necklace Road,Severe,2022-04-06,01:00,2022-04-06 01:00:00,Clear,Car,low
1620,17.223218,78.377436,Banjara Hills Rd 1,Severe,2022-09-05,20:00,2022-09-05 20:00:00,Rain,Bus,medium
1621,17.242781,78.382879,Banjara Hills Rd 1,Minor,2024-03-13,21:00,2024-03-13 21:00:00,Clear,Auto,medium
1622,17.540138,78.573296,Necklace Road,Minor,2023-03-30,02:00,2023-03-30 02:00:00,Clear,Bus,low
1623,17.36443,78.212146,ORR,Fatal,2023-10-27,17:00,2023-10-27 17:00:00,Fog,Bike,high
1624,17.468422,78.408326,Banjara Hills Rd 1,Minor,2024-07-04,18:00,2024-07-04 18:00:00,Clear,Truck,medium
1625,17.292564,78.292354,ORR,Minor,2022-12-25,05:00,2022-12-25 05:00:00,Clear,Auto,high
1626,17.453878,78.508021,Necklace Road,Severe,2022-12-25,22:00,2022-12-25 22:00:00,Clear,Truck,low
1627,17.509775,78.292605,ORR,Minor,2022-06-30,10:00,2022-06-30 10:00:00,Clear,Car,high
1628,17.336724,78.30013,ORR,Severe,2024-05-21,02:00,2024-05-21 02:00:00,Clear,Auto,high
1629,17.2624,78.432108,Banjara Hills Rd 1,Minor,2022-04-17,04:00,2022-04-17 04:00:00,Clear,Bus,medium
1630,17.404999,78.497537,Necklace Road,Minor,2022-06-28,22:00,2022-06-28 22:00:00,Fog,Auto,low
1631,17.534738,78.538544,Necklace Road,Minor,2023-10-02,03:00,2023-10-02 03:00:00,Fog,Truck,low
1632,17.348738,78.496374,Necklace Road,Minor,2024-09-02,11:00,2024-09-02 11:00:00,Clear,Car,low
1633,17.455519,78.516977,Necklace Road,Minor,2023-05-04,09:00,2023-05-04 09:00:00,Rain,Auto,low
1634,17.506706,78.410352,Banjara Hills Rd 1,Minor,2022-09-23,18:00,2022-09-23 18:00:00,Fog,Auto,medium
1635,17.465527,78.234104,ORR,Fatal,2024-01-28,06:00,2024-01-28 06:00:00,Rain,Bus,high
1636,17.46149,78.277387,ORR,Fatal,2025-03-03,01:00,2025-03-03 01:00:00,Clear,Car,high
1637,17.426956,78.460588,Necklace Road,Minor,2023-05-06,07:00,2023-05-06 07:00:00,Fog,Bike,low
1638,17.580835,78.224313,ORR,Minor,2024-12-02,20:00,2024-12-02 20:00:00,Rain,Car,high
1639,17.31351,78.327802,ORR,Severe,2024-10-13,02:00,2024-10-13 02:00:00,Fog,Bike,high
1640,17.531157,78.247531,ORR,Minor,2024-08-04,22:00,2024-08-04 22:00:00,Fog,Truck,high
1641,17.477566,78.427317,Banjara Hills Rd 1,Minor,2025-04-01,15:00,2025-04-01 15:00:00,Rain,Car,medium
1642,17.497123,78.525697,Necklace Road,Minor,2022-07-26,11:00,2022-07-26 11:00:00,Fog,Car,low
1643,17.481612,78.253497,ORR,Severe,2023-09-21,17:00,2023-09-21 17:00:00,Fog,Car,high
1644,17.476518,78.469516,Necklace Road,Minor,2022-08-12,07:00,2022-08-12 07:00:00,Fog,Auto,low
1645,17.22659,78.368044,Banjara Hills Rd 1,Minor,2023-01-03,15:00,2023-01-03 15:00:00,Fog,Car,medium
1646,17.504127,78.375133,ORR,Severe,2023-08-04,17:00,2023-08-04 17:00:00,Fog,Bike,high
1647,17.582431,78.364347,ORR,Minor,2024-03-22,17:00,2024-03-22 17:00:00,Fog,Auto,high
1648,17.457521,78.215671,ORR,Minor,2023-07-29,14:00,2023-07-29 14:00:00,Fog,Car,high
1649,17.598252,78.270889,ORR,Minor,2022-01-04,07:00,2022-01-04 07:00:00,Rain,Bike,high
1650,17.587091,78.479552,Necklace Road,Minor,2022-08-01,12:00,2022-08-01 12:00:00,Rain,Truck,low
1651,17.592441,78.530193,Necklace Road,Minor,2023-03-18,22:00,2023-03-18 22:00:00,Rain,Bike,low
1652,17.314026,78.289905,ORR,Minor,2022-06-19,14:00,2022-06-19 14:00:00,Clear,Car,high
1653,17.378671,78.237084,ORR,Severe,2025-01-26,16:00,2025-01-26 16:00:00,Fog,Auto,high
1654,17.352366,78.500109,Necklace Road,Severe,2024-04-04,01:00,2024-04-04 01:00:00,Clear,Car,low
1655,17.574725,78.514637,Necklace Road,Minor,2024-12-19,15:00,2024-12-19 15:00:00,Clear,Bike,low
1656,17.556359,78.501363,Necklace Road,Severe,2022-11-19,07:00,2022-11-19 07:00:00,Clear,Truck,low
1657,17.363804,78.434288,Banjara Hills Rd 1,Fatal,2023-03-07,16:00,2023-03-07 16:00:00,Clear,Truck,medium
1658,17.468347,78.423551,Banjara Hills Rd 1,Minor,2022-02-27,12:00,2022-02-27 12:00:00,Clear,Car,medium
1659,17.398598,78.592948,Necklace Road,Severe,2022-10-13,19:00,2022-10-13 19:00:00,Clear,Car,low
1660,17.242337,78.257483,ORR,Severe,2022-10-26,17:00,2022-10-26 17:00:00,Fog,Car,high
1661,17.391737,78.246493,ORR,Minor,2023-08-26,18:00,2023-08-26 18:00:00,Clear,Auto,high
1662,17.515743,78.451297,Banjara Hills Rd 1,Minor,2023-07-12,08:00,2023-07-12 08:00:00,Clear,Truck,medium
1663,17.372418,78.579195,Necklace Road,Fatal,2022-11-03,06:00,2022-11-03 06:00:00,Rain,Car,low
1664,17.487395,78.49241,Necklace Road,Severe,2022-05-10,02:00,2022-05-10 02:00:00,Rain,Car,low
1665,17.232446,78.313051,ORR,Severe,2023-02-07,09:00,2023-02-07 09:00:00,Rain,Truck,high
1666,17.393034,78.489418,Necklace Road,Severe,2024-03-23,15:00,2024-03-23 15:00:00,Rain,Car,low
1667,17.268815,78.272576,ORR,Minor,2024-10-19,21:00,2024-10-19 21:00:00,Rain,Truck,high
1668,17.408341,78.417783,Banjara Hills Rd 1,Minor,2022-06-12,04:00,2022-06-12 04:00:00,Rain,Truck,medium
1669,17.542855,78.440867,Banjara Hills Rd 1,Severe,2024-02-29,03:00,2024-02-29 03:00:00,Clear,Bike,medium
1670,17.512853,78.265982,ORR,Minor,2023-10-08,03:00,2023-10-08 03:00:00,Clear,Truck,high
1671,17.303215,78.45021,Banjara Hills Rd 1,Minor,2025-03-30,02:00,2025-03-30 02:00:00,Clear,Truck,medium
1672,17.228412,78.566997,Necklace Road,Minor,2022-07-16,05:00,2022-07-16 05:00:00,Rain,Car,low
1673,17.585438,78.475101,Necklace Road,Minor,2023-03-11,01:00,2023-03-11 01:00:00,Fog,Bus,low
1674,17.305184,78.46159,Necklace Road,Minor,2022-02-10,15:00,2022-02-10 15:00:00,Clear,Auto,low
1675,17.503553,78.416526,Banjara Hills Rd 1,Severe,2022-04-10,15:00,2022-04-10 15:00:00,Rain,Bike,medium
1676,17.257144,78.277176,ORR,Severe,2022-10-02,02:00,2022-10-02 02:00:00,Rain,Auto,high
1677,17.301279,78.232543,ORR,Minor,2022-06-26,06:00,2022-06-26 06:00:00,Clear,Truck,high
1678,17.56816,78.202891,ORR,Minor,2024-03-04,10:00,2024-03-04 10:00:00,Clear,Truck,high
1679,17.584876,78.581108,Necklace Road,Fatal,2024-08-31,04:00,2024-08-31 04:00:00,Rain,Truck,low
1680,17.54718,78.333284,ORR,Severe,2023-08-18,18:00,2023-08-18 18:00:00,Clear,Truck,high
1681,17.389768,78.470283,Necklace Road,Minor,2024-07-12,13:00,2024-07-12 13:00:00,Rain,Bus,low
1682,17.52542,78.599672,Necklace Road,Minor,2022-06-15,05:00,2022-06-15 05:00:00,Clear,Truck,low
1683,17.234,78.558113,Necklace Road,Fatal,2022-03-09,15:00,2022-03-09 15:00:00,Fog,Bike,low
1684,17.410096,78.502773,Necklace Road,Severe,2022-08-12,09:00,2022-08-12 09:00:00,Fog,Truck,low
1685,17.340676,78.407143,Banjara Hills Rd 1,Minor,2022-05-17,08:00,2022-05-17 08:00:00,Fog,Auto,medium
1686,17.419087,78.327888,ORR,Fatal,2022-11-12,05:00,2022-11-12 05:00:00,Fog,Truck,high
1687,17.208269,78.428767,Banjara Hills Rd 1,Severe,2023-12-15,03:00,2023-12-15 03:00:00,Fog,Bike,medium
1688,17.536534,78.211811,ORR,Severe,2024-08-23,01:00,2024-08-23 01:00:00,Rain,Auto,high
1689,17.259572,78.506739,Necklace Road,Minor,2022-11-22,17:00,2022-11-22 17:00:00,Fog,Truck,low
1690,17.214562,78.356779,Banjara Hills Rd 1,Severe,2023-01-21,11:00,2023-01-21 11:00:00,Fog,Truck,medium
1691,17.281621,78.41525,Banjara Hills Rd 1,Severe,2024-04-13,13:00,2024-04-13 13:00:00,Rain,Auto,medium
1692,17.395219,78.380969,ORR,Minor,2022-01-12,20:00,2022-01-12 20:00:00,Rain,Bus,high
1693,17.417644,78.275566,ORR,Minor,2024-03-25,23:00,2024-03-25 23:00:00,Clear,Car,high
1694,17.218111,78.45755,Necklace Road,Severe,2024-08-11,08:00,2024-08-11 08:00:00,Clear,Auto,low
1695,17.408913,78.5333,Necklace Road,Minor,2023-08-08,08:00,2023-08-08 08:00:00,Fog,Truck,low
1696,17.373776,78.416845,Banjara Hills Rd 1,Severe,2024-07-19,23:00,2024-07-19 23:00:00,Clear,Car,medium
1697,17.307362,78.35214,ORR,Minor,2024-11-07,03:00,2024-11-07 03:00:00,Rain,Bike,high
1698,17.503549,78.321467,ORR,Severe,2023-09-12,06:00,2023-09-12 06:00:00,Clear,Auto,high
1699,17.202187,78.248809,ORR,Severe,2024-10-03,15:00,2024-10-03 15:00:00,Rain,Bus,high
1700,17.35645,78.341269,ORR,Fatal,2025-01-10,12:00,2025-01-10 12:00:00,Rain,Bike,high
1701,17.469981,78.256604,ORR,Fatal,2024-05-24,14:00,2024-05-24 14:00:00,Clear,Bus,high
1702,17.294872,78.50705,Necklace Road,Minor,2025-03-11,06:00,2025-03-11 06:00:00,Rain,Truck,low
1703,17.494175,78.573742,Necklace Road,Minor,2024-02-19,13:00,2024-02-19 13:00:00,Clear,Auto,low
1704,17.399637,78.513623,Necklace Road,Severe,2023-10-15,07:00,2023-10-15 07:00:00,Fog,Bike,low
1705,17.47569,78.375226,ORR,Fatal,2022-08-06,04:00,2022-08-06 04:00:00,Clear,Bike,high
1706,17.411541,78.287148,ORR,Minor,2024-07-17,10:00,2024-07-17 10:00:00,Fog,Truck,high
1707,17.422012,78.515869,Necklace Road,Minor,2023-02-17,15:00,2023-02-17 15:00:00,Fog,Auto,low
1708,17.562996,78.439651,Banjara Hills Rd 1,Minor,2024-07-31,12:00,2024-07-31 12:00:00,Rain,Auto,medium
1709,17.570809,78.505729,Necklace Road,Minor,2024-07-17,11:00,2024-07-17 11:00:00,Rain,Bike,low
1710,17.210811,78.327506,ORR,Severe,2022-09-08,12:00,2022-09-08 12:00:00,Fog,Auto,high
1711,17.519395,78.452888,Necklace Road,Fatal,2024-08-22,02:00,2024-08-22 02:00:00,Rain,Bus,low
1712,17.562379,78.594316,Necklace Road,Minor,2024-01-15,20:00,2024-01-15 20:00:00,Fog,Car,low
1713,17.337244,78.211628,ORR,Minor,2023-01-28,12:00,2023-01-28 12:00:00,Fog,Car,high
1714,17.48153,78.580479,Necklace Road,Severe,2024-02-01,18:00,2024-02-01 18:00:00,Rain,Auto,low
1715,17.269221,78.335825,ORR,Minor,2022-03-03,18:00,2022-03-03 18:00:00,Rain,Truck,high
1716,17.412363,78.342519,ORR,Severe,2022-01-04,09:00,2022-01-04 09:00:00,Rain,Bike,high
1717,17.200361,78.213554,ORR,Minor,2024-11-20,14:00,2024-11-20 14:00:00,Clear,Bus,high
1718,17.566051,78.253039,ORR,Severe,2022-10-13,11:00,2022-10-13 11:00:00,Clear,Auto,high
1719,17.385564,78.388081,Banjara Hills Rd 1,Minor,2025-02-20,14:00,2025-02-20 14:00:00,Rain,Bus,medium
1720,17.507649,78.359728,ORR,Minor,2022-10-01,21:00,2022-10-01 21:00:00,Clear,Truck,high
1721,17.385843,78.265738,ORR,Minor,2024-08-14,20:00,2024-08-14 20:00:00,Rain,Truck,high
1722,17.376683,78.48344,Necklace Road,Minor,2023-06-28,04:00,2023-06-28 04:00:00,Rain,Car,low
1723,17.411272,78.542455,Necklace Road,Minor,2024-07-27,08:00,2024-07-27 08:00:00,Fog,Car,low
1724,17.306855,78.41038,Banjara Hills Rd 1,Minor,2022-07-01,23:00,2022-07-01 23:00:00,Clear,Bus,medium
1725,17.234742,78.458629,Necklace Road,Minor,2022-01-13,22:00,2022-01-13 22:00:00,Fog,Bike,low
1726,17.484376,78.460081,Necklace Road,Severe,2022-03-10,22:00,2022-03-10 22:00:00,Clear,Bus,low
1727,17.435319,78.444309,Banjara Hills Rd 1,Severe,2022-09-21,09:00,2022-09-21 09:00:00,Clear,Bike,medium
1728,17.411143,78.455846,Necklace Road,Fatal,2023-09-26,12:00,2023-09-26 12:00:00,Clear,Bike,low
1729,17.22175,78.251127,ORR,Minor,2025-01-03,03:00,2025-01-03 03:00:00,Clear,Auto,high
1730,17.276791,78.287796,ORR,Minor,2024-07-05,05:00,2024-07-05 05:00:00,Clear,Truck,high
1731,17.46554,78.26656,ORR,Minor,2023-01-22,22:00,2023-01-22 22:00:00,Rain,Bus,high
1732,17.362081,78.412994,Banjara Hills Rd 1,Minor,2022-10-06,23:00,2022-10-06 23:00:00,Rain,Bus,medium
1733,17.329329,78.210515,ORR,Severe,2023-09-25,07:00,2023-09-25 07:00:00,Clear,Truck,high
1734,17.504544,78.57186,Necklace Road,Minor,2023-08-21,00:00,2023-08-21 00:00:00,Fog,Auto,low
1735,17.202042,78.201871,ORR,Minor,2024-08-05,21:00,2024-08-05 21:00:00,Rain,Car,high
1736,17.366096,78.561093,Necklace Road,Minor,2022-12-04,01:00,2022-12-04 01:00:00,Rain,Auto,low
1737,17.534406,78.270004,ORR,Severe,2025-02-07,18:00,2025-02-07 18:00:00,Fog,Bus,high
1738,17.539453,78.413587,Banjara Hills Rd 1,Severe,2024-03-14,14:00,2024-03-14 14:00:00,Fog,Bike,medium
1739,17.3709,78.376274,ORR,Minor,2022-04-17,20:00,2022-04-17 20:00:00,Fog,Auto,high
1740,17.298433,78.541791,Necklace Road,Severe,2022-03-03,00:00,2022-03-03 00:00:00,Rain,Bus,low
1741,17.304785,78.288844,ORR,Minor,2023-06-18,12:00,2023-06-18 12:00:00,Fog,Truck,high
1742,17.573629,78.364968,ORR,Fatal,2025-02-09,07:00,2025-02-09 07:00:00,Clear,Bus,high
1743,17.371726,78.291992,ORR,Minor,2022-04-03,10:00,2022-04-03 10:00:00,Rain,Bus,high
1744,17.555451,78.554306,Necklace Road,Minor,2023-07-29,02:00,2023-07-29 02:00:00,Fog,Bike,low
1745,17.594927,78.368411,ORR,Severe,2025-02-17,00:00,2025-02-17 00:00:00,Clear,Bus,high
1746,17.254121,78.538451,Necklace Road,Minor,2022-06-08,15:00,2022-06-08 15:00:00,Clear,Car,low
1747,17.481015,78.251588,ORR,Severe,2022-10-23,17:00,2022-10-23 17:00:00,Rain,Bus,high
1748,17.38233,78.279678,ORR,Minor,2024-05-27,21:00,2024-05-27 21:00:00,Rain,Truck,high
1749,17.229082,78.361148,Banjara Hills Rd 1,Minor,2024-03-18,03:00,2024-03-18 03:00:00,Clear,Bus,medium
1750,17.233833,78.258446,ORR,Minor,2022-03-01,14:00,2022-03-01 14:00:00,Clear,Auto,high
1751,17.4571,78.423457,Banjara Hills Rd 1,Severe,2024-11-24,03:00,2024-11-24 03:00:00,Clear,Auto,medium
1752,17.343532,78.504321,Necklace Road,Fatal,2023-10-21,06:00,2023-10-21 06:00:00,Rain,Bus,low
1753,17.469569,78.368834,ORR,Severe,2022-11-13,22:00,2022-11-13 22:00:00,Fog,Bus,high
1754,17.391079,78.246708,ORR,Minor,2022-05-06,09:00,2022-05-06 09:00:00,Rain,Bike,high
1755,17.317032,78.416707,Banjara Hills Rd 1,Severe,2024-05-10,05:00,2024-05-10 05:00:00,Fog,Car,medium
1756,17.575415,78.403928,ORR,Severe,2023-10-26,05:00,2023-10-26 05:00:00,Rain,Car,high
1757,17.413232,78.28946,ORR,Minor,2022-12-01,10:00,2022-12-01 10:00:00,Rain,Bike,high
1758,17.488126,78.333244,ORR,Minor,2024-11-25,04:00,2024-11-25 04:00:00,Clear,Auto,high
1759,17.587099,78.248576,ORR,Fatal,2022-08-13,02:00,2022-08-13 02:00:00,Fog,Bike,high
1760,17.361924,78.499169,Necklace Road,Minor,2023-03-28,22:00,2023-03-28 22:00:00,Clear,Bike,low
1761,17.290016,78.589329,Necklace Road,Minor,2023-06-10,06:00,2023-06-10 06:00:00,Rain,Car,low
1762,17.479681,78.245416,ORR,Minor,2022-06-11,10:00,2022-06-11 10:00:00,Clear,Auto,high
1763,17.385652,78.440146,Banjara Hills Rd 1,Minor,2023-04-22,07:00,2023-04-22 07:00:00,Rain,Car,medium
1764,17.216469,78.219208,ORR,Severe,2022-01-25,02:00,2022-01-25 02:00:00,Clear,Truck,high
1765,17.325433,78.450518,Banjara Hills Rd 1,Fatal,2023-04-14,05:00,2023-04-14 05:00:00,Fog,Bus,medium
1766,17.297406,78.562752,Necklace Road,Severe,2023-05-20,04:00,2023-05-20 04:00:00,Fog,Bike,low
1767,17.284848,78.327936,ORR,Minor,2022-02-16,22:00,2022-02-16 22:00:00,Fog,Truck,high
1768,17.234191,78.507337,Necklace Road,Fatal,2024-09-03,06:00,2024-09-03 06:00:00,Clear,Car,low
1769,17.309232,78.286549,ORR,Minor,2023-01-29,02:00,2023-01-29 02:00:00,Rain,Bus,high
1770,17.301089,78.508806,Necklace Road,Severe,2023-04-13,07:00,2023-04-13 07:00:00,Fog,Bus,low
1771,17.558994,78.544172,Necklace Road,Minor,2022-01-21,15:00,2022-01-21 15:00:00,Rain,Bike,low
1772,17.224798,78.505469,Necklace Road,Fatal,2022-03-28,12:00,2022-03-28 12:00:00,Fog,Auto,low
1773,17.206121,78.564667,Necklace Road,Severe,2024-11-05,20:00,2024-11-05 20:00:00,Fog,Bus,low
1774,17.412336,78.524777,Necklace Road,Minor,2025-01-24,02:00,2025-01-24 02:00:00,Rain,Car,low
1775,17.419103,78.206066,ORR,Severe,2022-07-02,19:00,2022-07-02 19:00:00,Fog,Bike,high
1776,17.336597,78.330509,ORR,Severe,2024-11-13,09:00,2024-11-13 09:00:00,Rain,Car,high
1777,17.425006,78.265137,ORR,Severe,2024-01-17,09:00,2024-01-17 09:00:00,Rain,Bike,high
1778,17.490818,78.303185,ORR,Minor,2024-12-04,20:00,2024-12-04 20:00:00,Fog,Car,high
1779,17.577653,78.221437,ORR,Severe,2022-09-05,23:00,2022-09-05 23:00:00,Fog,Bike,high
1780,17.261837,78.571437,Necklace Road,Severe,2024-12-01,10:00,2024-12-01 10:00:00,Fog,Truck,low
1781,17.527406,78.305513,ORR,Minor,2024-01-22,22:00,2024-01-22 22:00:00,Rain,Auto,high
1782,17.580821,78.360592,ORR,Minor,2023-03-31,14:00,2023-03-31 14:00:00,Clear,Bus,high
1783,17.412791,78.252782,ORR,Minor,2023-02-23,22:00,2023-02-23 22:00:00,Rain,Car,high
1784,17.588942,78.218281,ORR,Severe,2022-09-07,00:00,2022-09-07 00:00:00,Clear,Bus,high
1785,17.251242,78.310765,ORR,Minor,2022-05-27,17:00,2022-05-27 17:00:00,Rain,Auto,high
1786,17.308409,78.233305,ORR,Fatal,2023-02-25,21:00,2023-02-25 21:00:00,Clear,Auto,high
1787,17.378055,78.333554,ORR,Minor,2023-05-14,14:00,2023-05-14 14:00:00,Rain,Auto,high
1788,17.461778,78.360188,ORR,Minor,2022-11-09,00:00,2022-11-09 00:00:00,Clear,Auto,high
1789,17.524033,78.28494,ORR,Fatal,2022-12-18,11:00,2022-12-18 11:00:00,Fog,Auto,high
1790,17.378245,78.383004,Banjara Hills Rd 1,Minor,2023-05-14,09:00,2023-05-14 09:00:00,Rain,Bus,medium
1791,17.2217,78.407993,Banjara Hills Rd 1,Minor,2024-10-07,09:00,2024-10-07 09:00:00,Fog,Auto,medium
1792,17.440664,78.411993,Banjara Hills Rd 1,Minor,2025-02-04,15:00,2025-02-04 15:00:00,Fog,Bus,medium
1793,17.412721,78.251683,ORR,Severe,2022-05-02,20:00,2022-05-02 20:00:00,Rain,Auto,high
1794,17.571305,78.343847,ORR,Minor,2023-07-02,06:00,2023-07-02 06:00:00,Clear,Auto,high
1795,17.206659,78.554933,Necklace Road,Severe,2024-02-29,11:00,2024-02-29 11:00:00,Rain,Car,low
1796,17.348461,78.546077,Necklace Road,Minor,2022-05-30,04:00,2022-05-30 04:00:00,Clear,Truck,low
1797,17.572567,78.568212,Necklace Road,Minor,2022-06-04,20:00,2022-06-04 20:00:00,Clear,Truck,low
1798,17.251735,78.508635,Necklace Road,Severe,2024-08-13,09:00,2024-08-13 09:00:00,Clear,Truck,low
1799,17.590099,78.260026,ORR,Minor,2022-03-15,05:00,2022-03-15 05:00:00,Rain,Bus,high
1800,17.261009,78.49268,Necklace Road,Minor,2022-12-25,20:00,2022-12-25 20:00:00,Fog,Bus,low
1801,17.382966,78.324528,ORR,Severe,2023-12-29,08:00,2023-12-29 08:00:00,Clear,Truck,high
1802,17.354177,78.588661,Necklace Road,Fatal,2024-10-27,20:00,2024-10-27 20:00:00,Clear,Auto,low
1803,17.586033,78.291519,ORR,Severe,2024-01-21,03:00,2024-01-21 03:00:00,Rain,Truck,high
1804,17.28981,78.441921,Banjara Hills Rd 1,Severe,2024-05-25,07:00,2024-05-25 07:00:00,Rain,Truck,medium
1805,17.383565,78.564903,Necklace Road,Severe,2022-07-09,13:00,2022-07-09 13:00:00,Fog,Truck,low
1806,17.477712,78.460488,Necklace Road,Severe,2023-08-24,16:00,2023-08-24 16:00:00,Clear,Bike,low
1807,17.526897,78.444011,Banjara Hills Rd 1,Fatal,2023-12-27,07:00,2023-12-27 07:00:00,Clear,Bike,medium
1808,17.47242,78.507305,Necklace Road,Severe,2025-02-12,22:00,2025-02-12 22:00:00,Fog,Auto,low
1809,17.284251,78.422538,Banjara Hills Rd 1,Severe,2024-03-20,16:00,2024-03-20 16:00:00,Fog,Car,medium
1810,17.398331,78.284912,ORR,Severe,2025-01-31,09:00,2025-01-31 09:00:00,Rain,Bike,high
1811,17.483946,78.508061,Necklace Road,Minor,2022-03-06,00:00,2022-03-06 00:00:00,Rain,Bus,low
1812,17.531438,78.234006,ORR,Fatal,2023-09-18,03:00,2023-09-18 03:00:00,Rain,Bike,high
1813,17.419206,78.294682,ORR,Fatal,2024-02-20,22:00,2024-02-20 22:00:00,Rain,Bus,high
1814,17.376684,78.375225,ORR,Minor,2023-12-18,04:00,2023-12-18 04:00:00,Fog,Bike,high
1815,17.485461,78.365249,ORR,Minor,2023-05-30,17:00,2023-05-30 17:00:00,Rain,Bus,high
1816,17.457489,78.282337,ORR,Severe,2022-07-29,22:00,2022-07-29 22:00:00,Rain,Truck,high
1817,17.234099,78.544808,Necklace Road,Minor,2025-02-01,09:00,2025-02-01 09:00:00,Clear,Car,low
1818,17.592569,78.278181,ORR,Minor,2024-08-24,17:00,2024-08-24 17:00:00,Rain,Bus,high
1819,17.52184,78.27482,ORR,Minor,2022-02-13,08:00,2022-02-13 08:00:00,Fog,Car,high
1820,17.572477,78.273982,ORR,Minor,2022-05-06,17:00,2022-05-06 17:00:00,Rain,Truck,high
1821,17.499511,78.355207,ORR,Minor,2024-03-13,12:00,2024-03-13 12:00:00,Fog,Auto,high
1822,17.406731,78.562295,Necklace Road,Minor,2022-10-16,04:00,2022-10-16 04:00:00,Clear,Bike,low
1823,17.482532,78.320639,ORR,Fatal,2024-03-25,09:00,2024-03-25 09:00:00,Clear,Truck,high
1824,17.278714,78.279021,ORR,Minor,2025-02-03,20:00,2025-02-03 20:00:00,Clear,Truck,high
1825,17.428405,78.282304,ORR,Minor,2024-06-10,07:00,2024-06-10 07:00:00,Fog,Car,high
1826,17.235652,78.520613,Necklace Road,Minor,2022-11-15,00:00,2022-11-15 00:00:00,Fog,Bus,low
1827,17.375152,78.477125,Necklace Road,Minor,2023-12-10,07:00,2023-12-10 07:00:00,Rain,Truck,low
1828,17.208349,78.406393,Banjara Hills Rd 1,Minor,2024-08-31,22:00,2024-08-31 22:00:00,Rain,Auto,medium
1829,17.26891,78.474553,Necklace Road,Severe,2023-01-06,03:00,2023-01-06 03:00:00,Clear,Auto,low
1830,17.42874,78.372326,ORR,Severe,2022-08-07,17:00,2022-08-07 17:00:00,Rain,Truck,high
1831,17.489435,78.300381,ORR,Minor,2025-01-11,23:00,2025-01-11 23:00:00,Clear,Bus,high
1832,17.271289,78.317611,ORR,Severe,2024-12-18,12:00,2024-12-18 12:00:00,Rain,Car,high
1833,17.594656,78.597502,Necklace Road,Minor,2022-06-10,22:00,2022-06-10 22:00:00,Clear,Bus,low
1834,17.530037,78.579136,Necklace Road,Minor,2022-09-18,14:00,2022-09-18 14:00:00,Fog,Truck,low
1835,17.428498,78.219663,ORR,Minor,2023-04-28,02:00,2023-04-28 02:00:00,Clear,Truck,high
1836,17.352827,78.29447,ORR,Minor,2023-07-01,06:00,2023-07-01 06:00:00,Fog,Auto,high
1837,17.595288,78.579087,Necklace Road,Severe,2023-09-03,22:00,2023-09-03 22:00:00,Clear,Bike,low
1838,17.320081,78.265166,ORR,Severe,2022-12-28,05:00,2022-12-28 05:00:00,Fog,Truck,high
1839,17.331225,78.230149,ORR,Minor,2022-10-15,18:00,2022-10-15 18:00:00,Clear,Car,high
1840,17.570704,78.535378,Necklace Road,Minor,2023-04-18,12:00,2023-04-18 12:00:00,Clear,Bus,low
1841,17.285035,78.487767,Necklace Road,Minor,2022-03-15,14:00,2022-03-15 14:00:00,Fog,Bike,low
1842,17.234378,78.512292,Necklace Road,Severe,2024-08-14,17:00,2024-08-14 17:00:00,Rain,Bike,low
1843,17.449276,78.577602,Necklace Road,Minor,2023-04-27,12:00,2023-04-27 12:00:00,Clear,Bus,low
1844,17.243399,78.225332,ORR,Minor,2024-08-12,12:00,2024-08-12 12:00:00,Fog,Bus,high
1845,17.474124,78.552167,Necklace Road,Severe,2023-02-28,17:00,2023-02-28 17:00:00,Fog,Auto,low
1846,17.262809,78.403526,Banjara Hills Rd 1,Severe,2022-03-16,04:00,2022-03-16 04:00:00,Fog,Bike,medium
1847,17.291388,78.212621,ORR,Minor,2022-07-03,23:00,2022-07-03 23:00:00,Fog,Truck,high
1848,17.383522,78.452421,Banjara Hills Rd 1,Severe,2023-12-30,08:00,2023-12-30 08:00:00,Rain,Bike,medium
1849,17.430215,78.477716,Necklace Road,Severe,2023-11-29,05:00,2023-11-29 05:00:00,Fog,Auto,low
1850,17.211357,78.357159,Banjara Hills Rd 1,Severe,2023-05-16,20:00,2023-05-16 20:00:00,Rain,Truck,medium
1851,17.553338,78.412488,Banjara Hills Rd 1,Fatal,2022-04-30,21:00,2022-04-30 21:00:00,Fog,Truck,medium
1852,17.525811,78.452404,Necklace Road,Severe,2024-11-24,13:00,2024-11-24 13:00:00,Fog,Car,low
1853,17.332615,78.571781,Necklace Road,Fatal,2024-10-05,09:00,2024-10-05 09:00:00,Rain,Truck,low
1854,17.475842,78.244404,ORR,Severe,2024-08-31,18:00,2024-08-31 18:00:00,Rain,Auto,high
1855,17.464617,78.567738,Necklace Road,Fatal,2025-03-08,01:00,2025-03-08 01:00:00,Clear,Bus,low
1856,17.374166,78.307137,ORR,Severe,2023-05-15,18:00,2023-05-15 18:00:00,Clear,Bike,high
1857,17.266579,78.331655,ORR,Severe,2022-07-26,23:00,2022-07-26 23:00:00,Fog,Truck,high
1858,17.359676,78.498132,Necklace Road,Minor,2024-12-09,08:00,2024-12-09 08:00:00,Rain,Auto,low
1859,17.357738,78.383082,Banjara Hills Rd 1,Severe,2024-11-10,02:00,2024-11-10 02:00:00,Clear,Truck,medium
1860,17.323993,78.385661,Banjara Hills Rd 1,Fatal,2023-03-24,05:00,2023-03-24 05:00:00,Clear,Truck,medium
1861,17.477207,78.4191,Banjara Hills Rd 1,Severe,2024-03-21,21:00,2024-03-21 21:00:00,Rain,Bus,medium
1862,17.550074,78.546326,Necklace Road,Minor,2023-05-08,03:00,2023-05-08 03:00:00,Fog,Bike,low
1863,17.223117,78.585825,Necklace Road,Severe,2024-06-28,09:00,2024-06-28 09:00:00,Clear,Truck,low
1864,17.299629,78.270794,ORR,Severe,2022-11-22,08:00,2022-11-22 08:00:00,Clear,Bike,high
1865,17.353221,78.506098,Necklace Road,Fatal,2023-04-21,10:00,2023-04-21 10:00:00,Clear,Car,low
1866,17.384341,78.367051,ORR,Minor,2024-12-01,17:00,2024-12-01 17:00:00,Clear,Bus,high
1867,17.376244,78.251425,ORR,Severe,2022-06-08,15:00,2022-06-08 15:00:00,Rain,Bus,high
1868,17.520554,78.550351,Necklace Road,Severe,2023-09-27,16:00,2023-09-27 16:00:00,Fog,Bike,low
1869,17.495936,78.567253,Necklace Road,Minor,2023-09-02,01:00,2023-09-02 01:00:00,Clear,Car,low
1870,17.34913,78.530347,Necklace Road,Minor,2022-06-20,13:00,2022-06-20 13:00:00,Fog,Truck,low
1871,17.330498,78.524349,Necklace Road,Minor,2023-09-13,18:00,2023-09-13 18:00:00,Rain,Auto,low
1872,17.580518,78.20675,ORR,Severe,2022-04-02,20:00,2022-04-02 20:00:00,Rain,Truck,high
1873,17.239076,78.23235,ORR,Minor,2024-11-26,09:00,2024-11-26 09:00:00,Clear,Car,high
1874,17.327672,78.435015,Banjara Hills Rd 1,Fatal,2023-05-11,23:00,2023-05-11 23:00:00,Fog,Bike,medium
1875,17.310844,78.323009,ORR,Minor,2024-01-22,16:00,2024-01-22 16:00:00,Rain,Truck,high
1876,17.208663,78.398333,Banjara Hills Rd 1,Fatal,2023-03-19,01:00,2023-03-19 01:00:00,Clear,Auto,medium
1877,17.281928,78.570503,Necklace Road,Severe,2023-01-27,12:00,2023-01-27 12:00:00,Clear,Bike,low
1878,17.318624,78.38478,Banjara Hills Rd 1,Minor,2024-02-10,12:00,2024-02-10 12:00:00,Clear,Bike,medium
1879,17.363398,78.219255,ORR,Minor,2022-01-16,07:00,2022-01-16 07:00:00,Clear,Truck,high
1880,17.376845,78.54855,Necklace Road,Minor,2023-02-27,03:00,2023-02-27 03:00:00,Clear,Car,low
1881,17.448819,78.592649,Necklace Road,Fatal,2022-05-08,19:00,2022-05-08 19:00:00,Clear,Auto,low
1882,17.268868,78.229051,ORR,Minor,2024-07-01,06:00,2024-07-01 06:00:00,Clear,Bus,high
1883,17.309817,78.596494,Necklace Road,Minor,2023-08-25,07:00,2023-08-25 07:00:00,Fog,Bus,low
1884,17.350148,78.326856,ORR,Minor,2025-03-29,16:00,2025-03-29 16:00:00,Clear,Truck,high
1885,17.596392,78.451833,Necklace Road,Fatal,2023-11-15,09:00,2023-11-15 09:00:00,Fog,Bike,low
1886,17.546735,78.412561,Banjara Hills Rd 1,Minor,2022-06-02,10:00,2022-06-02 10:00:00,Fog,Auto,medium
1887,17.56211,78.23796,ORR,Minor,2024-02-21,05:00,2024-02-21 05:00:00,Rain,Bus,high
1888,17.329439,78.545759,Necklace Road,Severe,2024-04-08,01:00,2024-04-08 01:00:00,Rain,Car,low
1889,17.557122,78.328152,ORR,Severe,2023-10-20,08:00,2023-10-20 08:00:00,Rain,Auto,high
1890,17.403533,78.526812,Necklace Road,Severe,2023-02-04,17:00,2023-02-04 17:00:00,Fog,Auto,low
1891,17.304831,78.457601,Necklace Road,Fatal,2023-07-04,04:00,2023-07-04 04:00:00,Fog,Car,low
1892,17.368025,78.50162,Necklace Road,Fatal,2024-05-17,12:00,2024-05-17 12:00:00,Rain,Truck,low
1893,17.21064,78.404007,Banjara Hills Rd 1,Minor,2024-06-25,15:00,2024-06-25 15:00:00,Clear,Bike,medium
1894,17.377675,78.28232,ORR,Severe,2024-11-21,01:00,2024-11-21 01:00:00,Clear,Car,high
1895,17.288243,78.296542,ORR,Fatal,2022-03-20,03:00,2022-03-20 03:00:00,Clear,Car,high
1896,17.318674,78.262311,ORR,Fatal,2024-01-16,00:00,2024-01-16 00:00:00,Clear,Truck,high
1897,17.448681,78.530127,Necklace Road,Fatal,2023-01-16,12:00,2023-01-16 12:00:00,Clear,Bus,low
1898,17.54419,78.524216,Necklace Road,Minor,2024-03-10,14:00,2024-03-10 14:00:00,Fog,Car,low
1899,17.379345,78.270173,ORR,Minor,2024-10-17,16:00,2024-10-17 16:00:00,Fog,Auto,high
1900,17.368448,78.271225,ORR,Severe,2023-03-27,05:00,2023-03-27 05:00:00,Rain,Car,high
1901,17.469321,78.366935,ORR,Severe,2024-11-12,23:00,2024-11-12 23:00:00,Clear,Truck,high
1902,17.477367,78.353818,ORR,Minor,2023-06-01,13:00,2023-06-01 13:00:00,Fog,Auto,high
1903,17.381599,78.471561,Necklace Road,Severe,2022-04-15,01:00,2022-04-15 01:00:00,Fog,Bus,low
1904,17.213264,78.207383,ORR,Severe,2022-03-23,21:00,2022-03-23 21:00:00,Fog,Bike,high
1905,17.291104,78.294698,ORR,Severe,2023-06-22,19:00,2023-06-22 19:00:00,Clear,Auto,high
1906,17.28376,78.318309,ORR,Minor,2022-07-22,09:00,2022-07-22 09:00:00,Rain,Car,high
1907,17.424569,78.451772,Banjara Hills Rd 1,Minor,2022-11-16,09:00,2022-11-16 09:00:00,Rain,Auto,medium
1908,17.459718,78.238148,ORR,Minor,2024-07-19,23:00,2024-07-19 23:00:00,Clear,Bus,high
1909,17.596824,78.347082,ORR,Fatal,2023-11-29,12:00,2023-11-29 12:00:00,Fog,Truck,high
1910,17.523565,78.265402,ORR,Minor,2024-09-25,22:00,2024-09-25 22:00:00,Fog,Bus,high
1911,17.407633,78.263545,ORR,Minor,2025-03-20,20:00,2025-03-20 20:00:00,Clear,Truck,high
1912,17.512192,78.365136,ORR,Severe,2024-04-06,13:00,2024-04-06 13:00:00,Fog,Truck,high
1913,17.262447,78.329935,ORR,Minor,2024-06-11,08:00,2024-06-11 08:00:00,Rain,Auto,high
1914,17.404768,78.564167,Necklace Road,Severe,2024-07-23,07:00,2024-07-23 07:00:00,Rain,Car,low
1915,17.382065,78.504421,Necklace Road,Minor,2023-10-22,00:00,2023-10-22 00:00:00,Rain,Car,low
1916,17.575382,78.478038,Necklace Road,Minor,2022-03-31,20:00,2022-03-31 20:00:00,Clear,Truck,low
1917,17.463467,78.201478,ORR,Minor,2022-04-19,06:00,2022-04-19 06:00:00,Fog,Auto,high
1918,17.203754,78.44013,Banjara Hills Rd 1,Severe,2022-04-02,13:00,2022-04-02 13:00:00,Fog,Bus,medium
1919,17.501262,78.283083,ORR,Fatal,2024-11-02,13:00,2024-11-02 13:00:00,Rain,Auto,high
1920,17.479859,78.435088,Banjara Hills Rd 1,Minor,2022-08-11,04:00,2022-08-11 04:00:00,Rain,Bus,medium
1921,17.373114,78.264092,ORR,Minor,2022-05-14,16:00,2022-05-14 16:00:00,Clear,Truck,high
1922,17.206165,78.585546,Necklace Road,Severe,2022-07-24,14:00,2022-07-24 14:00:00,Clear,Bus,low
1923,17.56185,78.599648,Necklace Road,Minor,2025-01-13,17:00,2025-01-13 17:00:00,Clear,Bus,low
1924,17.454177,78.371617,ORR,Minor,2023-01-13,02:00,2023-01-13 02:00:00,Fog,Auto,high
1925,17.235322,78.47192,Necklace Road,Fatal,2024-11-17,18:00,2024-11-17 18:00:00,Rain,Bus,low
1926,17.289577,78.248678,ORR,Minor,2022-11-18,13:00,2022-11-18 13:00:00,Fog,Truck,high
1927,17.475528,78.307334,ORR,Severe,2024-11-27,21:00,2024-11-27 21:00:00,Fog,Truck,high
1928,17.515954,78.231431,ORR,Minor,2022-05-03,17:00,2022-05-03 17:00:00,Clear,Auto,high
1929,17.396031,78.265249,ORR,Fatal,2022-02-06,19:00,2022-02-06 19:00:00,Fog,Bike,high
1930,17.474388,78.287496,ORR,Fatal,2024-04-05,07:00,2024-04-05 07:00:00,Fog,Bus,high
1931,17.241161,78.511791,Necklace Road,Severe,2022-07-11,11:00,2022-07-11 11:00:00,Clear,Bus,low
1932,17.403582,78.303561,ORR,Minor,2023-06-23,04:00,2023-06-23 04:00:00,Clear,Truck,high
1933,17.555973,78.244721,ORR,Minor,2024-02-26,08:00,2024-02-26 08:00:00,Fog,Car,high
1934,17.529775,78.21266,ORR,Minor,2023-03-07,18:00,2023-03-07 18:00:00,Clear,Bike,high
1935,17.572731,78.534996,Necklace Road,Severe,2022-09-17,09:00,2022-09-17 09:00:00,Clear,Truck,low
1936,17.490435,78.518029,Necklace Road,Severe,2025-03-05,19:00,2025-03-05 19:00:00,Fog,Bus,low
1937,17.488913,78.4758,Necklace Road,Fatal,2022-07-15,06:00,2022-07-15 06:00:00,Fog,Truck,low
1938,17.286801,78.57128,Necklace Road,Severe,2023-09-17,22:00,2023-09-17 22:00:00,Clear,Truck,low
1939,17.248922,78.393912,Banjara Hills Rd 1,Minor,2022-08-28,12:00,2022-08-28 12:00:00,Clear,Bike,medium
1940,17.346435,78.560412,Necklace Road,Fatal,2025-01-30,14:00,2025-01-30 14:00:00,Rain,Bike,low
1941,17.325511,78.222986,ORR,Severe,2022-08-19,23:00,2022-08-19 23:00:00,Rain,Truck,high
1942,17.457946,78.487879,Necklace Road,Minor,2023-11-17,16:00,2023-11-17 16:00:00,Clear,Car,low
1943,17.499556,78.207268,ORR,Severe,2023-12-14,09:00,2023-12-14 09:00:00,Fog,Bike,high
1944,17.260471,78.451307,Banjara Hills Rd 1,Minor,2024-12-11,16:00,2024-12-11 16:00:00,Rain,Bus,medium
1945,17.420118,78.417886,Banjara Hills Rd 1,Minor,2025-03-02,07:00,2025-03-02 07:00:00,Fog,Bike,medium
1946,17.376397,78.367821,ORR,Minor,2023-06-13,17:00,2023-06-13 17:00:00,Rain,Car,high
1947,17.592511,78.311523,ORR,Minor,2024-08-07,17:00,2024-08-07 17:00:00,Fog,Truck,high
1948,17.587317,78.2864,ORR,Fatal,2024-06-22,10:00,2024-06-22 10:00:00,Fog,Truck,high
1949,17.399986,78.282488,ORR,Minor,2023-07-23,14:00,2023-07-23 14:00:00,Clear,Bus,high
1950,17.331815,78.273264,ORR,Minor,2023-07-16,21:00,2023-07-16 21:00:00,Clear,Bike,high
1951,17.482498,78.281227,ORR,Fatal,2022-08-22,17:00,2022-08-22 17:00:00,Rain,Car,high
1952,17.264138,78.405541,Banjara Hills Rd 1,Fatal,2023-11-26,15:00,2023-11-26 15:00:00,Rain,Bus,medium
1953,17.407139,78.574134,Necklace Road,Severe,2023-03-31,13:00,2023-03-31 13:00:00,Clear,Truck,low
1954,17.291241,78.33129,ORR,Fatal,2023-11-15,03:00,2023-11-15 03:00:00,Clear,Auto,high
1955,17.431862,78.425661,Banjara Hills Rd 1,Minor,2023-08-27,21:00,2023-08-27 21:00:00,Fog,Bike,medium
1956,17.500266,78.288565,ORR,Minor,2023-10-17,02:00,2023-10-17 02:00:00,Clear,Bus,high
1957,17.406886,78.338235,ORR,Minor,2024-04-28,21:00,2024-04-28 21:00:00,Fog,Auto,high
1958,17.550111,78.461637,Necklace Road,Severe,2023-11-14,03:00,2023-11-14 03:00:00,Rain,Auto,low
1959,17.448597,78.586662,Necklace Road,Minor,2025-03-20,06:00,2025-03-20 06:00:00,Fog,Truck,low
1960,17.542909,78.447167,Banjara Hills Rd 1,Minor,2022-08-04,12:00,2022-08-04 12:00:00,Fog,Car,medium
1961,17.418109,78.504524,Necklace Road,Minor,2025-03-19,20:00,2025-03-19 20:00:00,Rain,Car,low
1962,17.337048,78.24061,ORR,Severe,2024-08-22,18:00,2024-08-22 18:00:00,Rain,Bus,high
1963,17.519841,78.3559,ORR,Minor,2024-05-13,05:00,2024-05-13 05:00:00,Clear,Bike,high
1964,17.458852,78.498696,Necklace Road,Severe,2024-12-03,03:00,2024-12-03 03:00:00,Rain,Auto,low
1965,17.454676,78.499892,Necklace Road,Minor,2023-08-15,02:00,2023-08-15 02:00:00,Fog,Bus,low
1966,17.535829,78.294356,ORR,Minor,2024-02-08,01:00,2024-02-08 01:00:00,Rain,Auto,high
1967,17.300573,78.249946,ORR,Severe,2024-10-13,09:00,2024-10-13 09:00:00,Fog,Bike,high
1968,17.36395,78.384952,Banjara Hills Rd 1,Fatal,2023-02-01,07:00,2023-02-01 07:00:00,Rain,Auto,medium
1969,17.584392,78.267197,ORR,Severe,2022-02-06,01:00,2022-02-06 01:00:00,Clear,Truck,high
1970,17.541155,78.511515,Necklace Road,Severe,2022-08-31,14:00,2022-08-31 14:00:00,Rain,Bike,low
1971,17.474455,78.597246,Necklace Road,Minor,2022-01-14,08:00,2022-01-14 08:00:00,Clear,Bike,low
1972,17.496312,78.455757,Necklace Road,Severe,2022-02-11,01:00,2022-02-11 01:00:00,Rain,Bike,low
1973,17.548793,78.40765,ORR,Minor,2022-05-17,05:00,2022-05-17 05:00:00,Rain,Bike,high
1974,17.208957,78.31625,ORR,Minor,2022-05-01,08:00,2022-05-01 08:00:00,Rain,Auto,high
1975,17.349661,78.492505,Necklace Road,Minor,2022-06-18,09:00,2022-06-18 09:00:00,Fog,Bike,low
1976,17.425115,78.286842,ORR,Severe,2022-09-06,15:00,2022-09-06 15:00:00,Fog,Bus,high
1977,17.561949,78.241689,ORR,Severe,2024-02-01,10:00,2024-02-01 10:00:00,Rain,Bike,high
1978,17.388499,78.500375,Necklace Road,Fatal,2023-10-16,17:00,2023-10-16 17:00:00,Fog,Car,low
1979,17.486966,78.544136,Necklace Road,Minor,2023-07-09,11:00,2023-07-09 11:00:00,Fog,Bike,low
1980,17.254852,78.466406,Necklace Road,Severe,2023-07-17,20:00,2023-07-17 20:00:00,Clear,Truck,low
1981,17.372379,78.531157,Necklace Road,Severe,2024-08-23,02:00,2024-08-23 02:00:00,Fog,Bike,low
1982,17.581497,78.42852,Banjara Hills Rd 1,Fatal,2022-07-18,00:00,2022-07-18 00:00:00,Fog,Car,medium
1983,17.250171,78.548846,Necklace Road,Minor,2025-01-15,21:00,2025-01-15 21:00:00,Rain,Bike,low
1984,17.456435,78.304275,ORR,Severe,2024-07-20,20:00,2024-07-20 20:00:00,Clear,Truck,high
1985,17.321309,78.386833,Banjara Hills Rd 1,Minor,2025-04-01,11:00,2025-04-01 11:00:00,Fog,Auto,medium
1986,17.441685,78.379937,ORR,Fatal,2023-01-22,10:00,2023-01-22 10:00:00,Fog,Auto,high
1987,17.335012,78.555685,Necklace Road,Severe,2023-10-12,13:00,2023-10-12 13:00:00,Clear,Bike,low
1988,17.572295,78.244333,ORR,Severe,2022-06-21,16:00,2022-06-21 16:00:00,Rain,Bus,high
1989,17.376321,78.28695,ORR,Severe,2024-06-07,06:00,2024-06-07 06:00:00,Fog,Bus,high
1990,17.389428,78.458108,Necklace Road,Minor,2025-01-11,02:00,2025-01-11 02:00:00,Clear,Bike,low
1991,17.226545,78.458469,Necklace Road,Minor,2023-04-26,02:00,2023-04-26 02:00:00,Fog,Truck,low
1992,17.394511,78.426875,Banjara Hills Rd 1,Minor,2025-03-16,19:00,2025-03-16 19:00:00,Clear,Bike,medium
1993,17.495409,78.477839,Necklace Road,Minor,2024-12-20,21:00,2024-12-20 21:00:00,Fog,Bus,low
1994,17.376102,78.378803,Banjara Hills Rd 1,Severe,2024-09-11,07:00,2024-09-11 07:00:00,Rain,Truck,medium
1995,17.427118,78.508733,Necklace Road,Minor,2024-01-14,20:00,2024-01-14 20:00:00,Rain,Auto,low
1996,17.29702,78.233364,ORR,Minor,2023-08-17,07:00,2023-08-17 07:00:00,Clear,Car,high
1997,17.545098,78.529492,Necklace Road,Minor,2022-05-20,01:00,2022-05-20 01:00:00,Rain,Truck,low
1998,17.393135,78.203282,ORR,Severe,2022-05-10,08:00,2022-05-10 08:00:00,Rain,Car,high
1999,17.453167,78.538928,Necklace Road,Severe,2024-06-30,15:00,2024-06-30 15:00:00,Fog,Car,low
2000,17.352027,78.236494,ORR,Severe,2024-12-09,00:00,2024-12-09 00:00:00,Clear,Auto,high
2001,17.47096,78.530832,Necklace Road,Minor,2024-10-23,23:00,2024-10-23 23:00:00,Clear,Bus,low
2002,17.282774,78.246331,ORR,Minor,2022-12-12,01:00,2022-12-12 01:00:00,Clear,Auto,high
2003,17.215301,78.587173,Necklace Road,Minor,2024-09-28,14:00,2024-09-28 14:00:00,Clear,Truck,low
2004,17.417841,78.448268,Banjara Hills Rd 1,Fatal,2023-05-09,14:00,2023-05-09 14:00:00,Rain,Auto,medium
2005,17.560343,78.582811,Necklace Road,Severe,2022-07-07,04:00,2022-07-07 04:00:00,Clear,Bus,low
2006,17.357753,78.450322,Banjara Hills Rd 1,Minor,2025-03-07,06:00,2025-03-07 06:00:00,Rain,Car,medium
2007,17.548198,78.579979,Necklace Road,Minor,2022-02-23,16:00,2022-02-23 16:00:00,Rain,Bike,low
2008,17.267065,78.262895,ORR,Minor,2022-08-19,00:00,2022-08-19 00:00:00,Rain,Car,high
2009,17.595691,78.564169,Necklace Road,Minor,2024-11-07,01:00,2024-11-07 01:00:00,Rain,Auto,low
2010,17.271597,78.233901,ORR,Minor,2025-01-10,09:00,2025-01-10 09:00:00,Rain,Auto,high
2011,17.374934,78.45213,Banjara Hills Rd 1,Fatal,2024-08-20,05:00,2024-08-20 05:00:00,Fog,Auto,medium
2012,17.533935,78.397327,ORR,Fatal,2023-01-17,21:00,2023-01-17 21:00:00,Fog,Bike,high
2013,17.580105,78.252381,ORR,Minor,2023-11-27,03:00,2023-11-27 03:00:00,Clear,Bus,high
2014,17.393587,78.282968,ORR,Minor,2023-03-11,01:00,2023-03-11 01:00:00,Clear,Auto,high
2015,17.39287,78.24122,ORR,Minor,2023-05-01,06:00,2023-05-01 06:00:00,Fog,Bus,high
2016,17.492351,78.599628,Necklace Road,Minor,2024-05-30,23:00,2024-05-30 23:00:00,Rain,Bus,low
2017,17.554589,78.354436,ORR,Fatal,2023-01-31,03:00,2023-01-31 03:00:00,Rain,Auto,high
2018,17.407435,78.486832,Necklace Road,Minor,2022-08-04,19:00,2022-08-04 19:00:00,Clear,Auto,low
2019,17.492038,78.227956,ORR,Severe,2022-09-25,10:00,2022-09-25 10:00:00,Rain,Bus,high
2020,17.418546,78.47996,Necklace Road,Fatal,2023-12-13,06:00,2023-12-13 06:00:00,Clear,Truck,low
2021,17.23922,78.568077,Necklace Road,Minor,2022-10-28,05:00,2022-10-28 05:00:00,Rain,Auto,low
2022,17.349041,78.259547,ORR,Minor,2024-09-20,13:00,2024-09-20 13:00:00,Clear,Bike,high
2023,17.211196,78.476033,Necklace Road,Severe,2023-11-29,23:00,2023-11-29 23:00:00,Fog,Car,low
2024,17.274232,78.256548,ORR,Minor,2022-12-15,20:00,2022-12-15 20:00:00,Clear,Car,high
2025,17.441723,78.214481,ORR,Severe,2024-05-22,04:00,2024-05-22 04:00:00,Fog,Auto,high
2026,17.260785,78.573947,Necklace Road,Fatal,2023-02-14,05:00,2023-02-14 05:00:00,Fog,Truck,low
2027,17.513893,78.385697,ORR,Minor,2022-05-03,19:00,2022-05-03 19:00:00,Rain,Bike,high
2028,17.299941,78.405447,Banjara Hills Rd 1,Minor,2024-10-06,11:00,2024-10-06 11:00:00,Rain,Bus,medium
2029,17.578148,78.516948,Necklace Road,Fatal,2022-02-20,12:00,2022-02-20 12:00:00,Fog,Bike,low
2030,17.406215,78.226566,ORR,Severe,2024-08-09,18:00,2024-08-09 18:00:00,Rain,Bus,high
2031,17.376153,78.412592,Banjara Hills Rd 1,Minor,2024-08-06,22:00,2024-08-06 22:00:00,Fog,Car,medium
2032,17.453907,78.404871,Banjara Hills Rd 1,Minor,2023-03-02,12:00,2023-03-02 12:00:00,Rain,Auto,medium
2033,17.288185,78.330567,ORR,Minor,2025-04-03,02:00,2025-04-03 02:00:00,Clear,Car,high
2034,17.457313,78.316404,ORR,Minor,2023-11-21,12:00,2023-11-21 12:00:00,Fog,Bus,high
2035,17.417606,78.276228,ORR,Minor,2023-06-12,10:00,2023-06-12 10:00:00,Clear,Bus,high
2036,17.338197,78.32934,ORR,Minor,2023-08-15,11:00,2023-08-15 11:00:00,Fog,Truck,high
2037,17.580966,78.596984,Necklace Road,Fatal,2023-11-08,02:00,2023-11-08 02:00:00,Fog,Bike,low
2038,17.263724,78.489443,Necklace Road,Minor,2022-01-05,15:00,2022-01-05 15:00:00,Fog,Auto,low
2039,17.475492,78.421385,Banjara Hills Rd 1,Minor,2024-01-04,07:00,2024-01-04 07:00:00,Clear,Bus,medium
2040,17.226447,78.324419,ORR,Minor,2024-07-04,23:00,2024-07-04 23:00:00,Fog,Truck,high
2041,17.555528,78.36486,ORR,Severe,2023-04-16,06:00,2023-04-16 06:00:00,Clear,Bike,high
2042,17.589142,78.34186,ORR,Minor,2024-11-13,14:00,2024-11-13 14:00:00,Rain,Bus,high
2043,17.583763,78.379546,ORR,Minor,2022-05-25,05:00,2022-05-25 05:00:00,Clear,Bike,high
2044,17.399711,78.26959,ORR,Minor,2024-03-31,18:00,2024-03-31 18:00:00,Fog,Truck,high
2045,17.200498,78.554702,Necklace Road,Minor,2025-02-14,11:00,2025-02-14 11:00:00,Rain,Auto,low
2046,17.208825,78.574887,Necklace Road,Minor,2024-03-20,10:00,2024-03-20 10:00:00,Rain,Truck,low
2047,17.256044,78.390922,Banjara Hills Rd 1,Minor,2023-09-06,16:00,2023-09-06 16:00:00,Rain,Bus,medium
2048,17.298594,78.216682,ORR,Minor,2023-04-22,11:00,2023-04-22 11:00:00,Rain,Bike,high
2049,17.279123,78.341386,ORR,Minor,2023-12-25,19:00,2023-12-25 19:00:00,Fog,Bus,high
2050,17.347178,78.240326,ORR,Minor,2024-02-11,16:00,2024-02-11 16:00:00,Fog,Auto,high
2051,17.358469,78.573807,Necklace Road,Minor,2024-12-01,23:00,2024-12-01 23:00:00,Clear,Truck,low
2052,17.330154,78.452512,Banjara Hills Rd 1,Fatal,2025-02-10,09:00,2025-02-10 09:00:00,Clear,Truck,medium
2053,17.34145,78.559535,Necklace Road,Severe,2024-01-21,04:00,2024-01-21 04:00:00,Rain,Truck,low
2054,17.500847,78.368083,ORR,Minor,2023-07-30,17:00,2023-07-30 17:00:00,Clear,Bike,high
2055,17.351927,78.35488,ORR,Fatal,2022-10-12,16:00,2022-10-12 16:00:00,Fog,Auto,high
2056,17.514095,78.530231,Necklace Road,Minor,2022-05-28,06:00,2022-05-28 06:00:00,Fog,Car,low
2057,17.360358,78.299123,ORR,Fatal,2024-08-02,11:00,2024-08-02 11:00:00,Clear,Bus,high
2058,17.272868,78.274955,ORR,Minor,2023-03-20,08:00,2023-03-20 08:00:00,Clear,Car,high
2059,17.261667,78.51477,Necklace Road,Fatal,2024-11-19,21:00,2024-11-19 21:00:00,Clear,Bike,low
2060,17.516283,78.272252,ORR,Severe,2022-03-19,15:00,2022-03-19 15:00:00,Rain,Auto,high
2061,17.352323,78.402597,Banjara Hills Rd 1,Minor,2022-08-26,01:00,2022-08-26 01:00:00,Fog,Bike,medium
2062,17.399553,78.39345,Banjara Hills Rd 1,Fatal,2024-10-09,20:00,2024-10-09 20:00:00,Fog,Bike,medium
2063,17.202516,78.249156,ORR,Minor,2024-09-22,18:00,2024-09-22 18:00:00,Fog,Bike,high
2064,17.412476,78.46607,Necklace Road,Minor,2022-04-11,12:00,2022-04-11 12:00:00,Rain,Car,low
2065,17.271295,78.509011,Necklace Road,Minor,2023-02-19,04:00,2023-02-19 04:00:00,Rain,Auto,low
2066,17.333078,78.579436,Necklace Road,Minor,2023-08-24,16:00,2023-08-24 16:00:00,Rain,Auto,low
2067,17.449702,78.415306,Banjara Hills Rd 1,Minor,2022-12-21,15:00,2022-12-21 15:00:00,Fog,Bus,medium
2068,17.268036,78.273673,ORR,Severe,2024-08-09,21:00,2024-08-09 21:00:00,Clear,Truck,high
2069,17.563082,78.31358,ORR,Minor,2023-12-22,22:00,2023-12-22 22:00:00,Rain,Bus,high
2070,17.543489,78.284606,ORR,Minor,2024-03-12,09:00,2024-03-12 09:00:00,Rain,Truck,high
2071,17.326962,78.432097,Banjara Hills Rd 1,Minor,2022-11-20,04:00,2022-11-20 04:00:00,Rain,Bus,medium
2072,17.326011,78.278185,ORR,Minor,2023-08-04,00:00,2023-08-04 00:00:00,Fog,Bike,high
2073,17.26621,78.522514,Necklace Road,Minor,2023-04-04,22:00,2023-04-04 22:00:00,Clear,Car,low
2074,17.320883,78.433938,Banjara Hills Rd 1,Minor,2024-06-30,08:00,2024-06-30 08:00:00,Clear,Truck,medium
2075,17.369509,78.440768,Banjara Hills Rd 1,Severe,2023-10-26,13:00,2023-10-26 13:00:00,Fog,Bus,medium
2076,17.528064,78.501226,Necklace Road,Minor,2023-05-31,10:00,2023-05-31 10:00:00,Clear,Truck,low
2077,17.228424,78.292698,ORR,Severe,2024-08-28,09:00,2024-08-28 09:00:00,Rain,Truck,high
2078,17.539903,78.54698,Necklace Road,Severe,2024-06-07,08:00,2024-06-07 08:00:00,Clear,Car,low
2079,17.369452,78.299701,ORR,Minor,2023-02-11,23:00,2023-02-11 23:00:00,Fog,Bus,high
2080,17.581318,78.282272,ORR,Minor,2025-02-01,17:00,2025-02-01 17:00:00,Fog,Bus,high
2081,17.472001,78.204161,ORR,Minor,2024-10-14,22:00,2024-10-14 22:00:00,Rain,Truck,high
2082,17.504824,78.439966,Banjara Hills Rd 1,Minor,2024-04-03,05:00,2024-04-03 05:00:00,Rain,Auto,medium
2083,17.547999,78.550636,Necklace Road,Minor,2024-02-10,06:00,2024-02-10 06:00:00,Clear,Car,low
2084,17.299513,78.24336,ORR,Minor,2023-02-16,10:00,2023-02-16 10:00:00,Clear,Auto,high
2085,17.282639,78.563042,Necklace Road,Severe,2025-01-25,18:00,2025-01-25 18:00:00,Rain,Bike,low
2086,17.488311,78.32971,ORR,Minor,2023-06-08,13:00,2023-06-08 13:00:00,Fog,Bike,high
2087,17.321762,78.256333,ORR,Severe,2024-05-12,12:00,2024-05-12 12:00:00,Fog,Bike,high
2088,17.211266,78.224579,ORR,Minor,2023-02-16,01:00,2023-02-16 01:00:00,Fog,Car,high
2089,17.244571,78.590774,Necklace Road,Severe,2023-03-25,21:00,2023-03-25 21:00:00,Clear,Auto,low
2090,17.436243,78.595446,Necklace Road,Severe,2023-12-25,07:00,2023-12-25 07:00:00,Fog,Auto,low
2091,17.518446,78.409384,Banjara Hills Rd 1,Minor,2023-06-20,00:00,2023-06-20 00:00:00,Fog,Bus,medium
2092,17.230609,78.462994,Necklace Road,Minor,2024-11-25,04:00,2024-11-25 04:00:00,Rain,Car,low
2093,17.597375,78.59699,Necklace Road,Fatal,2023-09-16,23:00,2023-09-16 23:00:00,Clear,Car,low
2094,17.543965,78.558405,Necklace Road,Minor,2024-04-12,00:00,2024-04-12 00:00:00,Rain,Car,low
2095,17.305329,78.24963,ORR,Minor,2024-01-25,21:00,2024-01-25 21:00:00,Clear,Truck,high
2096,17.231875,78.314262,ORR,Severe,2022-01-11,07:00,2022-01-11 07:00:00,Fog,Auto,high
2097,17.322864,78.240393,ORR,Minor,2022-04-22,09:00,2022-04-22 09:00:00,Rain,Bus,high
2098,17.354088,78.595575,Necklace Road,Severe,2022-11-20,13:00,2022-11-20 13:00:00,Rain,Bus,low
2099,17.359908,78.344257,ORR,Minor,2024-02-24,19:00,2024-02-24 19:00:00,Clear,Bike,high
2100,17.597126,78.59679,Necklace Road,Severe,2024-01-10,03:00,2024-01-10 03:00:00,Clear,Bus,low
2101,17.533647,78.481961,Necklace Road,Minor,2022-03-23,11:00,2022-03-23 11:00:00,Clear,Bus,low
2102,17.358713,78.504411,Necklace Road,Minor,2023-04-23,01:00,2023-04-23 01:00:00,Fog,Bike,low
2103,17.398455,78.560499,Necklace Road,Minor,2024-12-10,20:00,2024-12-10 20:00:00,Fog,Auto,low
2104,17.211088,78.379202,Banjara Hills Rd 1,Severe,2024-11-25,18:00,2024-11-25 18:00:00,Rain,Auto,medium
2105,17.514905,78.408797,Banjara Hills Rd 1,Severe,2024-02-17,17:00,2024-02-17 17:00:00,Fog,Truck,medium
2106,17.225086,78.333428,ORR,Minor,2023-10-12,21:00,2023-10-12 21:00:00,Fog,Car,high
2107,17.33064,78.400432,Banjara Hills Rd 1,Minor,2023-04-26,18:00,2023-04-26 18:00:00,Rain,Bike,medium
2108,17.210899,78.248058,ORR,Fatal,2022-02-17,22:00,2022-02-17 22:00:00,Fog,Truck,high
2109,17.552627,78.416866,Banjara Hills Rd 1,Minor,2023-07-30,20:00,2023-07-30 20:00:00,Rain,Car,medium
2110,17.217716,78.518061,Necklace Road,Severe,2023-09-02,11:00,2023-09-02 11:00:00,Fog,Truck,low
2111,17.383662,78.593516,Necklace Road,Minor,2023-07-07,17:00,2023-07-07 17:00:00,Rain,Car,low
2112,17.210271,78.288361,ORR,Minor,2022-05-15,18:00,2022-05-15 18:00:00,Rain,Auto,high
2113,17.372971,78.309691,ORR,Minor,2022-02-18,15:00,2022-02-18 15:00:00,Fog,Bike,high
2114,17.50355,78.352502,ORR,Fatal,2024-10-03,17:00,2024-10-03 17:00:00,Fog,Bike,high
2115,17.349581,78.370218,ORR,Severe,2024-02-21,00:00,2024-02-21 00:00:00,Fog,Auto,high
2116,17.202664,78.213551,ORR,Minor,2022-03-21,22:00,2022-03-21 22:00:00,Fog,Auto,high
2117,17.456069,78.587545,Necklace Road,Minor,2023-08-21,02:00,2023-08-21 02:00:00,Fog,Bus,low
2118,17.432063,78.572445,Necklace Road,Minor,2024-01-18,06:00,2024-01-18 06:00:00,Fog,Bike,low
2119,17.578016,78.475582,Necklace Road,Minor,2022-02-16,11:00,2022-02-16 11:00:00,Fog,Truck,low
2120,17.270212,78.306399,ORR,Minor,2022-08-25,15:00,2022-08-25 15:00:00,Clear,Car,high
2121,17.248576,78.394684,Banjara Hills Rd 1,Minor,2022-12-21,06:00,2022-12-21 06:00:00,Rain,Car,medium
2122,17.302428,78.593482,Necklace Road,Fatal,2025-01-09,10:00,2025-01-09 10:00:00,Fog,Car,low
2123,17.557304,78.431452,Banjara Hills Rd 1,Minor,2023-07-08,04:00,2023-07-08 04:00:00,Clear,Car,medium
2124,17.398401,78.485808,Necklace Road,Minor,2023-05-24,11:00,2023-05-24 11:00:00,Rain,Truck,low
2125,17.372149,78.299269,ORR,Fatal,2024-02-13,07:00,2024-02-13 07:00:00,Fog,Auto,high
2126,17.369799,78.352332,ORR,Minor,2023-09-27,20:00,2023-09-27 20:00:00,Fog,Truck,high
2127,17.456083,78.271147,ORR,Minor,2022-12-27,01:00,2022-12-27 01:00:00,Fog,Truck,high
2128,17.455459,78.595075,Necklace Road,Minor,2023-01-14,18:00,2023-01-14 18:00:00,Clear,Car,low
2129,17.544821,78.219711,ORR,Severe,2022-12-12,11:00,2022-12-12 11:00:00,Rain,Auto,high
2130,17.547236,78.243396,ORR,Minor,2024-02-26,01:00,2024-02-26 01:00:00,Rain,Truck,high
2131,17.291969,78.495645,Necklace Road,Severe,2022-09-11,20:00,2022-09-11 20:00:00,Fog,Auto,low
2132,17.226967,78.479284,Necklace Road,Fatal,2024-10-05,21:00,2024-10-05 21:00:00,Rain,Truck,low
2133,17.278324,78.375999,Banjara Hills Rd 1,Fatal,2022-05-03,10:00,2022-05-03 10:00:00,Clear,Auto,medium
2134,17.334152,78.528102,Necklace Road,Minor,2023-06-07,07:00,2023-06-07 07:00:00,Rain,Car,low
2135,17.583472,78.495173,Necklace Road,Minor,2023-08-21,02:00,2023-08-21 02:00:00,Fog,Auto,low
2136,17.342285,78.279935,ORR,Minor,2025-04-13,05:00,2025-04-13 05:00:00,Rain,Bike,high
2137,17.458115,78.462196,Necklace Road,Fatal,2024-02-27,02:00,2024-02-27 02:00:00,Fog,Bus,low
2138,17.572124,78.435504,Banjara Hills Rd 1,Minor,2022-07-26,07:00,2022-07-26 07:00:00,Rain,Bike,medium
2139,17.33482,78.215087,ORR,Minor,2024-02-22,21:00,2024-02-22 21:00:00,Fog,Car,high
2140,17.276217,78.389126,Banjara Hills Rd 1,Fatal,2022-07-18,00:00,2022-07-18 00:00:00,Fog,Bike,medium
2141,17.30598,78.386241,Banjara Hills Rd 1,Severe,2024-05-20,15:00,2024-05-20 15:00:00,Clear,Truck,medium
2142,17.280896,78.207982,ORR,Severe,2022-04-20,09:00,2022-04-20 09:00:00,Clear,Bus,high
2143,17.52069,78.458862,Necklace Road,Severe,2024-12-15,13:00,2024-12-15 13:00:00,Clear,Auto,low
2144,17.254185,78.291669,ORR,Severe,2023-03-26,16:00,2023-03-26 16:00:00,Clear,Truck,high
2145,17.448098,78.470337,Necklace Road,Severe,2024-09-16,21:00,2024-09-16 21:00:00,Rain,Bike,low
2146,17.219402,78.472112,Necklace Road,Minor,2024-08-09,10:00,2024-08-09 10:00:00,Rain,Car,low
2147,17.595331,78.491899,Necklace Road,Severe,2025-01-20,12:00,2025-01-20 12:00:00,Fog,Car,low
2148,17.284819,78.352045,ORR,Fatal,2023-01-02,22:00,2023-01-02 22:00:00,Fog,Auto,high
2149,17.393006,78.462036,Necklace Road,Severe,2022-12-29,15:00,2022-12-29 15:00:00,Clear,Truck,low
2150,17.503651,78.35195,ORR,Minor,2022-06-29,22:00,2022-06-29 22:00:00,Fog,Truck,high
2151,17.233886,78.201084,ORR,Minor,2023-10-09,08:00,2023-10-09 08:00:00,Rain,Auto,high
2152,17.378743,78.204192,ORR,Minor,2023-04-29,07:00,2023-04-29 07:00:00,Clear,Auto,high
2153,17.569651,78.419753,Banjara Hills Rd 1,Minor,2023-09-25,13:00,2023-09-25 13:00:00,Clear,Bike,medium
2154,17.554871,78.218242,ORR,Severe,2023-07-16,07:00,2023-07-16 07:00:00,Rain,Truck,high
2155,17.585245,78.287828,ORR,Minor,2024-07-21,20:00,2024-07-21 20:00:00,Fog,Bike,high
2156,17.403273,78.497913,Necklace Road,Severe,2023-11-29,00:00,2023-11-29 00:00:00,Clear,Truck,low
2157,17.448385,78.460678,Necklace Road,Minor,2023-09-17,20:00,2023-09-17 20:00:00,Rain,Bike,low
2158,17.447089,78.492731,Necklace Road,Fatal,2022-11-19,06:00,2022-11-19 06:00:00,Rain,Bike,low
2159,17.502224,78.323918,ORR,Minor,2023-09-22,09:00,2023-09-22 09:00:00,Rain,Bus,high
2160,17.338883,78.326355,ORR,Fatal,2022-05-10,21:00,2022-05-10 21:00:00,Clear,Auto,high
2161,17.551225,78.236839,ORR,Minor,2025-01-10,03:00,2025-01-10 03:00:00,Fog,Truck,high
2162,17.417595,78.538021,Necklace Road,Severe,2024-06-14,07:00,2024-06-14 07:00:00,Rain,Car,low
2163,17.201481,78.250991,ORR,Minor,2024-10-25,15:00,2024-10-25 15:00:00,Rain,Truck,high
2164,17.237094,78.476568,Necklace Road,Minor,2025-04-09,09:00,2025-04-09 09:00:00,Fog,Bus,low
2165,17.442866,78.371962,ORR,Severe,2023-01-03,10:00,2023-01-03 10:00:00,Clear,Bus,high
2166,17.48439,78.394219,ORR,Minor,2025-02-14,02:00,2025-02-14 02:00:00,Fog,Auto,high
2167,17.286356,78.382566,Banjara Hills Rd 1,Severe,2022-10-10,17:00,2022-10-10 17:00:00,Rain,Bike,medium
2168,17.243899,78.421674,Banjara Hills Rd 1,Severe,2025-01-25,09:00,2025-01-25 09:00:00,Fog,Car,medium
2169,17.49871,78.553616,Necklace Road,Severe,2023-02-17,12:00,2023-02-17 12:00:00,Fog,Bike,low
2170,17.329653,78.326678,ORR,Minor,2023-12-06,19:00,2023-12-06 19:00:00,Clear,Bike,high
2171,17.483212,78.522673,Necklace Road,Minor,2024-01-17,02:00,2024-01-17 02:00:00,Clear,Car,low
2172,17.593062,78.478305,Necklace Road,Severe,2022-04-18,06:00,2022-04-18 06:00:00,Rain,Truck,low
2173,17.335307,78.26003,ORR,Severe,2023-11-23,02:00,2023-11-23 02:00:00,Fog,Bus,high
2174,17.395269,78.460191,Necklace Road,Severe,2023-06-17,23:00,2023-06-17 23:00:00,Fog,Truck,low
2175,17.219945,78.405922,Banjara Hills Rd 1,Minor,2023-11-28,07:00,2023-11-28 07:00:00,Clear,Car,medium
2176,17.366672,78.368526,ORR,Minor,2023-04-07,15:00,2023-04-07 15:00:00,Clear,Car,high
2177,17.237847,78.298679,ORR,Fatal,2023-04-14,03:00,2023-04-14 03:00:00,Clear,Car,high
2178,17.30724,78.541964,Necklace Road,Minor,2023-03-20,04:00,2023-03-20 04:00:00,Clear,Truck,low
2179,17.415573,78.296148,ORR,Severe,2023-07-14,17:00,2023-07-14 17:00:00,Rain,Truck,high
2180,17.354131,78.585352,Necklace Road,Fatal,2022-08-10,11:00,2022-08-10 11:00:00,Fog,Bike,low
2181,17.368007,78.452321,Banjara Hills Rd 1,Minor,2022-04-27,16:00,2022-04-27 16:00:00,Rain,Auto,medium
2182,17.350823,78.287074,ORR,Severe,2023-03-07,06:00,2023-03-07 06:00:00,Clear,Bus,high
2183,17.382098,78.59889,Necklace Road,Severe,2023-04-28,11:00,2023-04-28 11:00:00,Clear,Car,low
2184,17.567134,78.221544,ORR,Minor,2022-12-28,16:00,2022-12-28 16:00:00,Clear,Car,high
2185,17.495307,78.36282,ORR,Minor,2022-03-05,09:00,2022-03-05 09:00:00,Fog,Bike,high
2186,17.322259,78.432375,Banjara Hills Rd 1,Minor,2022-10-06,06:00,2022-10-06 06:00:00,Fog,Truck,medium
2187,17.411193,78.454813,Necklace Road,Severe,2022-07-27,03:00,2022-07-27 03:00:00,Fog,Bike,low
2188,17.22094,78.505618,Necklace Road,Severe,2023-06-02,16:00,2023-06-02 16:00:00,Fog,Bike,low
2189,17.202385,78.382067,Banjara Hills Rd 1,Fatal,2023-02-19,21:00,2023-02-19 21:00:00,Rain,Bus,medium
2190,17.204876,78.547962,Necklace Road,Severe,2024-07-23,11:00,2024-07-23 11:00:00,Clear,Auto,low
2191,17.229241,78.31534,ORR,Severe,2024-12-25,16:00,2024-12-25 16:00:00,Clear,Bike,high
2192,17.592272,78.558866,Necklace Road,Severe,2022-06-09,14:00,2022-06-09 14:00:00,Rain,Bike,low
2193,17.337721,78.336025,ORR,Minor,2022-12-07,19:00,2022-12-07 19:00:00,Fog,Bus,high
2194,17.557444,78.595786,Necklace Road,Minor,2022-04-29,06:00,2022-04-29 06:00:00,Clear,Truck,low
2195,17.383648,78.428669,Banjara Hills Rd 1,Severe,2024-10-10,15:00,2024-10-10 15:00:00,Fog,Bike,medium
2196,17.317592,78.230322,ORR,Severe,2022-07-28,08:00,2022-07-28 08:00:00,Rain,Bus,high
2197,17.238607,78.520997,Necklace Road,Minor,2023-07-10,21:00,2023-07-10 21:00:00,Fog,Car,low
2198,17.28435,78.447785,Banjara Hills Rd 1,Severe,2025-01-16,16:00,2025-01-16 16:00:00,Fog,Bike,medium
2199,17.557909,78.597965,Necklace Road,Severe,2023-07-17,17:00,2023-07-17 17:00:00,Fog,Car,low
2200,17.426942,78.502227,Necklace Road,Fatal,2025-03-04,12:00,2025-03-04 12:00:00,Fog,Car,low
2201,17.497559,78.466228,Necklace Road,Fatal,2024-10-06,18:00,2024-10-06 18:00:00,Fog,Auto,low
2202,17.208728,78.599403,Necklace Road,Minor,2022-10-29,11:00,2022-10-29 11:00:00,Rain,Auto,low
2203,17.374154,78.435569,Banjara Hills Rd 1,Minor,2023-05-19,12:00,2023-05-19 12:00:00,Rain,Truck,medium
2204,17.424565,78.219272,ORR,Severe,2025-03-31,14:00,2025-03-31 14:00:00,Fog,Truck,high
2205,17.353452,78.237969,ORR,Severe,2025-01-27,18:00,2025-01-27 18:00:00,Fog,Auto,high
2206,17.583428,78.510117,Necklace Road,Minor,2024-01-06,18:00,2024-01-06 18:00:00,Rain,Truck,low
2207,17.495673,78.206598,ORR,Minor,2022-07-15,16:00,2022-07-15 16:00:00,Clear,Truck,high
2208,17.27501,78.354508,ORR,Severe,2024-09-26,10:00,2024-09-26 10:00:00,Fog,Car,high
2209,17.253963,78.225959,ORR,Minor,2024-12-29,20:00,2024-12-29 20:00:00,Rain,Bus,high
2210,17.393945,78.44536,Banjara Hills Rd 1,Minor,2024-10-12,21:00,2024-10-12 21:00:00,Fog,Truck,medium
2211,17.539575,78.257913,ORR,Minor,2023-05-09,13:00,2023-05-09 13:00:00,Rain,Car,high
2212,17.497098,78.563748,Necklace Road,Minor,2024-04-14,03:00,2024-04-14 03:00:00,Clear,Bike,low
2213,17.362217,78.447196,Banjara Hills Rd 1,Fatal,2022-06-27,00:00,2022-06-27 00:00:00,Rain,Car,medium
2214,17.54431,78.581633,Necklace Road,Severe,2024-07-21,07:00,2024-07-21 07:00:00,Rain,Bus,low
2215,17.394533,78.439662,Banjara Hills Rd 1,Severe,2022-07-31,11:00,2022-07-31 11:00:00,Rain,Bus,medium
2216,17.515728,78.507825,Necklace Road,Minor,2024-10-30,06:00,2024-10-30 06:00:00,Fog,Bus,low
2217,17.213928,78.221238,ORR,Minor,2022-02-18,17:00,2022-02-18 17:00:00,Fog,Car,high
2218,17.309507,78.414948,Banjara Hills Rd 1,Minor,2023-04-01,16:00,2023-04-01 16:00:00,Rain,Bus,medium
2219,17.422349,78.220353,ORR,Minor,2023-06-09,01:00,2023-06-09 01:00:00,Clear,Auto,high
2220,17.471211,78.221961,ORR,Fatal,2023-12-07,11:00,2023-12-07 11:00:00,Clear,Bike,high
2221,17.458106,78.447927,Banjara Hills Rd 1,Minor,2024-02-28,19:00,2024-02-28 19:00:00,Rain,Car,medium
2222,17.274001,78.458986,Necklace Road,Minor,2022-11-16,14:00,2022-11-16 14:00:00,Rain,Truck,low
2223,17.414921,78.243667,ORR,Minor,2022-05-06,03:00,2022-05-06 03:00:00,Rain,Truck,high
2224,17.590072,78.597679,Necklace Road,Fatal,2022-07-04,10:00,2022-07-04 10:00:00,Fog,Bike,low
2225,17.368556,78.262303,ORR,Minor,2023-08-22,09:00,2023-08-22 09:00:00,Clear,Auto,high
2226,17.45627,78.269357,ORR,Minor,2024-12-15,13:00,2024-12-15 13:00:00,Rain,Auto,high
2227,17.213982,78.22459,ORR,Minor,2024-04-03,00:00,2024-04-03 00:00:00,Fog,Auto,high
2228,17.499089,78.410636,Banjara Hills Rd 1,Severe,2023-05-11,11:00,2023-05-11 11:00:00,Rain,Auto,medium
2229,17.426412,78.418523,Banjara Hills Rd 1,Severe,2022-07-24,02:00,2022-07-24 02:00:00,Clear,Car,medium
2230,17.557472,78.529816,Necklace Road,Severe,2024-05-01,21:00,2024-05-01 21:00:00,Clear,Car,low
2231,17.203793,78.298327,ORR,Minor,2023-11-12,10:00,2023-11-12 10:00:00,Fog,Auto,high
2232,17.216381,78.242547,ORR,Minor,2023-05-19,19:00,2023-05-19 19:00:00,Fog,Bike,high
2233,17.332559,78.510652,Necklace Road,Minor,2022-01-24,22:00,2022-01-24 22:00:00,Clear,Auto,low
2234,17.293452,78.211368,ORR,Severe,2024-06-29,20:00,2024-06-29 20:00:00,Clear,Bike,high
2235,17.503931,78.378137,ORR,Severe,2024-03-26,00:00,2024-03-26 00:00:00,Fog,Truck,high
2236,17.318792,78.490073,Necklace Road,Minor,2025-04-13,12:00,2025-04-13 12:00:00,Clear,Auto,low
2237,17.451441,78.365959,ORR,Minor,2023-02-03,03:00,2023-02-03 03:00:00,Rain,Truck,high
2238,17.544912,78.424404,Banjara Hills Rd 1,Severe,2024-09-24,09:00,2024-09-24 09:00:00,Fog,Car,medium
2239,17.584111,78.304007,ORR,Minor,2023-10-18,11:00,2023-10-18 11:00:00,Clear,Bus,high
2240,17.432091,78.436714,Banjara Hills Rd 1,Minor,2023-01-16,06:00,2023-01-16 06:00:00,Clear,Auto,medium
2241,17.503166,78.592627,Necklace Road,Minor,2024-10-15,12:00,2024-10-15 12:00:00,Clear,Truck,low
2242,17.456343,78.589649,Necklace Road,Minor,2022-01-17,23:00,2022-01-17 23:00:00,Clear,Bus,low
2243,17.541196,78.289397,ORR,Minor,2024-02-13,16:00,2024-02-13 16:00:00,Clear,Bus,high
2244,17.572565,78.304776,ORR,Minor,2022-10-29,19:00,2022-10-29 19:00:00,Rain,Truck,high
2245,17.546354,78.371912,ORR,Severe,2025-01-15,22:00,2025-01-15 22:00:00,Clear,Auto,high
2246,17.268221,78.314015,ORR,Minor,2024-12-19,14:00,2024-12-19 14:00:00,Fog,Auto,high
2247,17.340821,78.538916,Necklace Road,Severe,2024-01-06,07:00,2024-01-06 07:00:00,Rain,Bike,low
2248,17.448335,78.564594,Necklace Road,Minor,2022-12-07,19:00,2022-12-07 19:00:00,Clear,Car,low
2249,17.557992,78.533561,Necklace Road,Minor,2024-07-13,22:00,2024-07-13 22:00:00,Clear,Bike,low
2250,17.439382,78.578153,Necklace Road,Severe,2023-10-06,16:00,2023-10-06 16:00:00,Rain,Bus,low
2251,17.429259,78.467491,Necklace Road,Fatal,2024-11-07,05:00,2024-11-07 05:00:00,Fog,Truck,low
2252,17.238024,78.249174,ORR,Fatal,2024-09-30,13:00,2024-09-30 13:00:00,Fog,Car,high
2253,17.532595,78.516929,Necklace Road,Minor,2024-01-29,13:00,2024-01-29 13:00:00,Rain,Bike,low
2254,17.444123,78.275742,ORR,Severe,2024-02-23,20:00,2024-02-23 20:00:00,Rain,Auto,high
2255,17.363346,78.514319,Necklace Road,Minor,2022-04-25,00:00,2022-04-25 00:00:00,Clear,Bus,low
2256,17.298496,78.511711,Necklace Road,Severe,2022-03-11,19:00,2022-03-11 19:00:00,Fog,Car,low
2257,17.403178,78.477581,Necklace Road,Minor,2023-07-20,00:00,2023-07-20 00:00:00,Clear,Car,low
2258,17.200725,78.411905,Banjara Hills Rd 1,Minor,2025-02-23,18:00,2025-02-23 18:00:00,Fog,Auto,medium
2259,17.358847,78.366314,ORR,Fatal,2024-06-04,09:00,2024-06-04 09:00:00,Rain,Auto,high
2260,17.344285,78.200133,ORR,Severe,2024-09-07,18:00,2024-09-07 18:00:00,Rain,Bus,high
2261,17.353567,78.46037,Necklace Road,Minor,2024-09-22,05:00,2024-09-22 05:00:00,Fog,Bus,low
2262,17.324063,78.281152,ORR,Minor,2022-06-02,04:00,2022-06-02 04:00:00,Fog,Car,high
2263,17.523171,78.342204,ORR,Fatal,2022-12-25,18:00,2022-12-25 18:00:00,Clear,Auto,high
2264,17.345139,78.227414,ORR,Severe,2023-01-09,05:00,2023-01-09 05:00:00,Clear,Truck,high
2265,17.530381,78.451451,Banjara Hills Rd 1,Severe,2024-10-12,05:00,2024-10-12 05:00:00,Rain,Bike,medium
2266,17.363769,78.483086,Necklace Road,Fatal,2024-01-29,19:00,2024-01-29 19:00:00,Rain,Auto,low
2267,17.285865,78.537706,Necklace Road,Minor,2023-08-30,09:00,2023-08-30 09:00:00,Fog,Auto,low
2268,17.282642,78.535358,Necklace Road,Fatal,2022-08-30,16:00,2022-08-30 16:00:00,Fog,Bike,low
2269,17.533593,78.40268,ORR,Minor,2024-08-10,12:00,2024-08-10 12:00:00,Clear,Car,high
2270,17.512795,78.290447,ORR,Minor,2023-06-02,20:00,2023-06-02 20:00:00,Clear,Auto,high
2271,17.562969,78.298777,ORR,Minor,2023-10-25,18:00,2023-10-25 18:00:00,Clear,Bus,high
2272,17.427022,78.232146,ORR,Minor,2023-09-04,06:00,2023-09-04 06:00:00,Rain,Bus,high
2273,17.487752,78.350772,ORR,Minor,2025-04-11,10:00,2025-04-11 10:00:00,Fog,Auto,high
2274,17.454985,78.397091,Banjara Hills Rd 1,Severe,2023-01-07,19:00,2023-01-07 19:00:00,Fog,Truck,medium
2275,17.579073,78.219858,ORR,Minor,2022-04-29,05:00,2022-04-29 05:00:00,Fog,Car,high
2276,17.521021,78.586878,Necklace Road,Minor,2022-03-29,13:00,2022-03-29 13:00:00,Fog,Bus,low
2277,17.560791,78.563011,Necklace Road,Minor,2024-10-16,22:00,2024-10-16 22:00:00,Fog,Bus,low
2278,17.502254,78.298294,ORR,Fatal,2024-10-18,20:00,2024-10-18 20:00:00,Rain,Car,high
2279,17.41172,78.361134,ORR,Minor,2022-02-10,21:00,2022-02-10 21:00:00,Clear,Bus,high
2280,17.459866,78.547072,Necklace Road,Minor,2022-06-29,13:00,2022-06-29 13:00:00,Rain,Truck,low
2281,17.202167,78.458918,Necklace Road,Severe,2024-04-27,10:00,2024-04-27 10:00:00,Rain,Truck,low
2282,17.26655,78.33297,ORR,Minor,2024-03-26,10:00,2024-03-26 10:00:00,Fog,Bus,high
2283,17.581916,78.235357,ORR,Severe,2022-08-29,13:00,2022-08-29 13:00:00,Rain,Car,high
2284,17.400602,78.452684,Banjara Hills Rd 1,Severe,2024-05-12,15:00,2024-05-12 15:00:00,Clear,Truck,medium
2285,17.390678,78.59479,Necklace Road,Minor,2024-12-21,14:00,2024-12-21 14:00:00,Fog,Auto,low
2286,17.203391,78.33597,ORR,Minor,2024-08-25,13:00,2024-08-25 13:00:00,Rain,Truck,high
2287,17.367268,78.38164,Banjara Hills Rd 1,Minor,2024-05-11,08:00,2024-05-11 08:00:00,Rain,Auto,medium
2288,17.534841,78.235573,ORR,Minor,2022-05-28,17:00,2022-05-28 17:00:00,Fog,Car,high
2289,17.352585,78.252874,ORR,Severe,2022-08-22,03:00,2022-08-22 03:00:00,Rain,Truck,high
2290,17.350593,78.562429,Necklace Road,Minor,2025-03-20,14:00,2025-03-20 14:00:00,Clear,Bus,low
2291,17.49497,78.341982,ORR,Minor,2024-07-08,08:00,2024-07-08 08:00:00,Clear,Car,high
2292,17.354292,78.201838,ORR,Fatal,2024-04-19,22:00,2024-04-19 22:00:00,Clear,Bus,high
2293,17.252236,78.285265,ORR,Minor,2024-02-15,03:00,2024-02-15 03:00:00,Fog,Auto,high
2294,17.378538,78.520502,Necklace Road,Minor,2022-05-21,17:00,2022-05-21 17:00:00,Clear,Truck,low
2295,17.476347,78.259502,ORR,Minor,2023-06-17,11:00,2023-06-17 11:00:00,Rain,Bike,high
2296,17.44277,78.58869,Necklace Road,Minor,2023-05-21,21:00,2023-05-21 21:00:00,Rain,Bus,low
2297,17.323788,78.228062,ORR,Severe,2022-02-15,23:00,2022-02-15 23:00:00,Rain,Bus,high
2298,17.375804,78.351387,ORR,Minor,2024-08-02,17:00,2024-08-02 17:00:00,Rain,Car,high
2299,17.40013,78.293431,ORR,Minor,2023-12-28,05:00,2023-12-28 05:00:00,Rain,Auto,high
2300,17.378357,78.229555,ORR,Minor,2022-08-02,16:00,2022-08-02 16:00:00,Clear,Bike,high
2301,17.439513,78.558645,Necklace Road,Severe,2023-05-17,23:00,2023-05-17 23:00:00,Clear,Car,low
2302,17.266419,78.244741,ORR,Fatal,2024-03-21,14:00,2024-03-21 14:00:00,Clear,Truck,high
2303,17.446543,78.215623,ORR,Minor,2023-11-02,03:00,2023-11-02 03:00:00,Rain,Bus,high
2304,17.557325,78.325902,ORR,Severe,2024-01-28,13:00,2024-01-28 13:00:00,Rain,Car,high
2305,17.506733,78.530584,Necklace Road,Fatal,2023-04-27,18:00,2023-04-27 18:00:00,Rain,Bike,low
2306,17.304808,78.474473,Necklace Road,Fatal,2022-08-02,08:00,2022-08-02 08:00:00,Fog,Auto,low
2307,17.385407,78.22198,ORR,Minor,2023-05-26,15:00,2023-05-26 15:00:00,Fog,Auto,high
2308,17.468331,78.527224,Necklace Road,Minor,2022-02-16,15:00,2022-02-16 15:00:00,Clear,Auto,low
2309,17.357317,78.521756,Necklace Road,Fatal,2022-01-30,21:00,2022-01-30 21:00:00,Clear,Car,low
2310,17.487948,78.301034,ORR,Fatal,2022-02-26,01:00,2022-02-26 01:00:00,Clear,Truck,high
2311,17.41254,78.484461,Necklace Road,Minor,2023-09-07,18:00,2023-09-07 18:00:00,Fog,Car,low
2312,17.515158,78.573789,Necklace Road,Minor,2023-09-15,09:00,2023-09-15 09:00:00,Rain,Auto,low
2313,17.492827,78.248988,ORR,Fatal,2023-01-24,16:00,2023-01-24 16:00:00,Rain,Auto,high
2314,17.524857,78.471292,Necklace Road,Severe,2024-04-15,22:00,2024-04-15 22:00:00,Rain,Truck,low
2315,17.552647,78.525349,Necklace Road,Severe,2023-05-12,16:00,2023-05-12 16:00:00,Rain,Auto,low
2316,17.289457,78.51589,Necklace Road,Severe,2024-10-05,14:00,2024-10-05 14:00:00,Rain,Truck,low
2317,17.444095,78.439469,Banjara Hills Rd 1,Severe,2024-08-12,22:00,2024-08-12 22:00:00,Rain,Bike,medium
2318,17.490593,78.477146,Necklace Road,Minor,2022-07-26,07:00,2022-07-26 07:00:00,Clear,Car,low
2319,17.48153,78.213578,ORR,Minor,2025-01-19,09:00,2025-01-19 09:00:00,Clear,Bike,high
2320,17.487774,78.286019,ORR,Fatal,2023-01-27,11:00,2023-01-27 11:00:00,Rain,Auto,high
2321,17.296562,78.482364,Necklace Road,Minor,2024-08-19,14:00,2024-08-19 14:00:00,Clear,Bike,low
2322,17.230748,78.219192,ORR,Minor,2024-06-05,08:00,2024-06-05 08:00:00,Rain,Truck,high
2323,17.538772,78.224567,ORR,Minor,2023-03-20,20:00,2023-03-20 20:00:00,Clear,Truck,high
2324,17.403618,78.536339,Necklace Road,Minor,2024-12-15,04:00,2024-12-15 04:00:00,Fog,Bus,low
2325,17.302147,78.505755,Necklace Road,Minor,2023-07-09,22:00,2023-07-09 22:00:00,Rain,Car,low
2326,17.452055,78.459127,Necklace Road,Minor,2022-02-09,12:00,2022-02-09 12:00:00,Rain,Car,low
2327,17.497617,78.347876,ORR,Minor,2022-12-27,13:00,2022-12-27 13:00:00,Clear,Bike,high
2328,17.365757,78.588467,Necklace Road,Minor,2025-01-10,22:00,2025-01-10 22:00:00,Fog,Truck,low
2329,17.502698,78.371807,ORR,Minor,2022-03-23,00:00,2022-03-23 00:00:00,Fog,Bike,high
2330,17.556076,78.574014,Necklace Road,Severe,2022-05-17,21:00,2022-05-17 21:00:00,Rain,Car,low
2331,17.525726,78.543842,Necklace Road,Minor,2025-01-12,00:00,2025-01-12 00:00:00,Rain,Car,low
2332,17.597635,78.324143,ORR,Minor,2022-12-30,08:00,2022-12-30 08:00:00,Fog,Truck,high
2333,17.31067,78.336232,ORR,Minor,2022-02-10,08:00,2022-02-10 08:00:00,Rain,Bus,high
2334,17.368321,78.529411,Necklace Road,Minor,2022-04-08,16:00,2022-04-08 16:00:00,Fog,Car,low
2335,17.463237,78.45322,Necklace Road,Minor,2024-06-30,17:00,2024-06-30 17:00:00,Clear,Bike,low
2336,17.461662,78.250847,ORR,Severe,2025-01-28,02:00,2025-01-28 02:00:00,Clear,Truck,high
2337,17.569208,78.574412,Necklace Road,Minor,2023-02-27,00:00,2023-02-27 00:00:00,Clear,Auto,low
2338,17.498729,78.39669,ORR,Minor,2024-01-24,10:00,2024-01-24 10:00:00,Clear,Bus,high
2339,17.320402,78.353098,ORR,Minor,2022-08-09,14:00,2022-08-09 14:00:00,Fog,Truck,high
2340,17.485394,78.420321,Banjara Hills Rd 1,Minor,2024-02-02,07:00,2024-02-02 07:00:00,Clear,Car,medium
2341,17.36424,78.515702,Necklace Road,Fatal,2022-08-22,20:00,2022-08-22 20:00:00,Rain,Bus,low
2342,17.200676,78.517337,Necklace Road,Severe,2024-12-25,20:00,2024-12-25 20:00:00,Rain,Bus,low
2343,17.518318,78.26098,ORR,Severe,2023-03-09,04:00,2023-03-09 04:00:00,Clear,Car,high
2344,17.567977,78.33524,ORR,Minor,2023-09-26,00:00,2023-09-26 00:00:00,Clear,Car,high
2345,17.249002,78.554515,Necklace Road,Minor,2024-05-17,09:00,2024-05-17 09:00:00,Fog,Car,low
2346,17.223722,78.577719,Necklace Road,Minor,2024-04-23,05:00,2024-04-23 05:00:00,Rain,Bike,low
2347,17.208733,78.226024,ORR,Severe,2024-10-07,04:00,2024-10-07 04:00:00,Clear,Auto,high
2348,17.296523,78.482442,Necklace Road,Minor,2024-11-19,23:00,2024-11-19 23:00:00,Fog,Truck,low
2349,17.234372,78.562459,Necklace Road,Severe,2022-07-03,03:00,2022-07-03 03:00:00,Fog,Auto,low
2350,17.21073,78.387827,Banjara Hills Rd 1,Minor,2023-06-05,10:00,2023-06-05 10:00:00,Fog,Bike,medium
2351,17.423475,78.220527,ORR,Minor,2024-11-01,09:00,2024-11-01 09:00:00,Rain,Truck,high
2352,17.419598,78.550223,Necklace Road,Fatal,2025-01-15,18:00,2025-01-15 18:00:00,Fog,Bike,low
2353,17.39333,78.396073,Banjara Hills Rd 1,Minor,2023-08-30,15:00,2023-08-30 15:00:00,Rain,Bus,medium
2354,17.431288,78.558605,Necklace Road,Minor,2022-05-22,04:00,2022-05-22 04:00:00,Rain,Truck,low
2355,17.264014,78.446416,Banjara Hills Rd 1,Severe,2024-07-01,04:00,2024-07-01 04:00:00,Clear,Truck,medium
2356,17.255318,78.358086,Banjara Hills Rd 1,Minor,2023-08-21,10:00,2023-08-21 10:00:00,Fog,Auto,medium
2357,17.505121,78.502832,Necklace Road,Severe,2022-11-23,00:00,2022-11-23 00:00:00,Rain,Car,low
2358,17.213928,78.316804,ORR,Minor,2022-05-04,17:00,2022-05-04 17:00:00,Rain,Bike,high
2359,17.288752,78.572952,Necklace Road,Fatal,2023-07-29,23:00,2023-07-29 23:00:00,Rain,Car,low
2360,17.255443,78.383004,Banjara Hills Rd 1,Minor,2025-02-16,06:00,2025-02-16 06:00:00,Rain,Car,medium
2361,17.488993,78.385247,ORR,Fatal,2024-11-07,01:00,2024-11-07 01:00:00,Fog,Truck,high
2362,17.595282,78.269892,ORR,Severe,2023-03-08,20:00,2023-03-08 20:00:00,Clear,Bike,high
2363,17.239201,78.434961,Banjara Hills Rd 1,Severe,2025-04-08,12:00,2025-04-08 12:00:00,Clear,Bus,medium
2364,17.22529,78.239531,ORR,Severe,2025-01-24,09:00,2025-01-24 09:00:00,Rain,Auto,high
2365,17.398316,78.46658,Necklace Road,Minor,2022-09-03,13:00,2022-09-03 13:00:00,Fog,Car,low
2366,17.558703,78.507313,Necklace Road,Severe,2023-12-10,17:00,2023-12-10 17:00:00,Fog,Bus,low
2367,17.335667,78.397315,Banjara Hills Rd 1,Fatal,2022-03-27,18:00,2022-03-27 18:00:00,Clear,Auto,medium
2368,17.567572,78.332047,ORR,Severe,2024-09-29,15:00,2024-09-29 15:00:00,Fog,Truck,high
2369,17.208371,78.485322,Necklace Road,Fatal,2024-08-12,05:00,2024-08-12 05:00:00,Fog,Car,low
2370,17.268889,78.484388,Necklace Road,Minor,2023-11-27,12:00,2023-11-27 12:00:00,Rain,Bike,low
2371,17.206356,78.404662,Banjara Hills Rd 1,Minor,2022-04-27,15:00,2022-04-27 15:00:00,Clear,Car,medium
2372,17.339942,78.435639,Banjara Hills Rd 1,Minor,2024-11-12,03:00,2024-11-12 03:00:00,Rain,Auto,medium
2373,17.204938,78.338275,ORR,Fatal,2023-04-26,08:00,2023-04-26 08:00:00,Rain,Truck,high
2374,17.228788,78.47047,Necklace Road,Minor,2022-02-14,22:00,2022-02-14 22:00:00,Fog,Bike,low
2375,17.249654,78.537439,Necklace Road,Fatal,2022-11-23,23:00,2022-11-23 23:00:00,Clear,Bike,low
2376,17.548343,78.468482,Necklace Road,Minor,2025-02-23,04:00,2025-02-23 04:00:00,Rain,Bike,low
2377,17.460866,78.58315,Necklace Road,Severe,2022-09-25,02:00,2022-09-25 02:00:00,Clear,Bike,low
2378,17.484006,78.540932,Necklace Road,Minor,2022-04-29,21:00,2022-04-29 21:00:00,Rain,Car,low
2379,17.288431,78.516855,Necklace Road,Minor,2022-08-09,12:00,2022-08-09 12:00:00,Rain,Bus,low
2380,17.546476,78.470855,Necklace Road,Fatal,2023-07-18,08:00,2023-07-18 08:00:00,Fog,Truck,low
2381,17.362753,78.536467,Necklace Road,Minor,2023-01-22,22:00,2023-01-22 22:00:00,Rain,Bike,low
2382,17.372009,78.480104,Necklace Road,Fatal,2022-07-04,10:00,2022-07-04 10:00:00,Fog,Car,low
2383,17.303928,78.556787,Necklace Road,Fatal,2024-05-31,13:00,2024-05-31 13:00:00,Fog,Bike,low
2384,17.223064,78.562972,Necklace Road,Minor,2022-06-11,03:00,2022-06-11 03:00:00,Rain,Car,low
2385,17.598265,78.258281,ORR,Severe,2024-01-03,20:00,2024-01-03 20:00:00,Rain,Car,high
2386,17.442173,78.587667,Necklace Road,Minor,2023-10-19,04:00,2023-10-19 04:00:00,Rain,Car,low
2387,17.223231,78.361523,Banjara Hills Rd 1,Minor,2022-11-11,10:00,2022-11-11 10:00:00,Fog,Bus,medium
2388,17.290738,78.29184,ORR,Minor,2024-11-08,10:00,2024-11-08 10:00:00,Clear,Auto,high
2389,17.545623,78.300063,ORR,Severe,2022-09-07,06:00,2022-09-07 06:00:00,Clear,Bus,high
2390,17.311688,78.48721,Necklace Road,Fatal,2023-04-11,18:00,2023-04-11 18:00:00,Rain,Bike,low
2391,17.512429,78.277766,ORR,Minor,2024-08-20,08:00,2024-08-20 08:00:00,Clear,Bike,high
2392,17.536627,78.527926,Necklace Road,Minor,2024-07-28,09:00,2024-07-28 09:00:00,Clear,Auto,low
2393,17.357694,78.307573,ORR,Fatal,2025-02-16,08:00,2025-02-16 08:00:00,Rain,Auto,high
2394,17.260292,78.41464,Banjara Hills Rd 1,Minor,2024-10-26,11:00,2024-10-26 11:00:00,Clear,Car,medium
2395,17.572013,78.306783,ORR,Minor,2024-12-12,23:00,2024-12-12 23:00:00,Fog,Truck,high
2396,17.597667,78.200502,ORR,Fatal,2022-12-12,02:00,2022-12-12 02:00:00,Rain,Bus,high
2397,17.477102,78.585577,Necklace Road,Severe,2024-06-12,17:00,2024-06-12 17:00:00,Clear,Auto,low
2398,17.467251,78.366736,ORR,Severe,2022-10-02,19:00,2022-10-02 19:00:00,Rain,Truck,high
2399,17.331989,78.234259,ORR,Severe,2023-11-03,13:00,2023-11-03 13:00:00,Fog,Bus,high
2400,17.30986,78.340979,ORR,Minor,2024-08-02,08:00,2024-08-02 08:00:00,Clear,Car,high
2401,17.389832,78.416342,Banjara Hills Rd 1,Minor,2023-08-14,13:00,2023-08-14 13:00:00,Rain,Car,medium
2402,17.224901,78.526038,Necklace Road,Minor,2024-08-22,13:00,2024-08-22 13:00:00,Clear,Bike,low
2403,17.517877,78.313921,ORR,Severe,2022-10-06,15:00,2022-10-06 15:00:00,Rain,Bike,high
2404,17.50441,78.248979,ORR,Minor,2023-12-15,11:00,2023-12-15 11:00:00,Clear,Auto,high
2405,17.384959,78.531312,Necklace Road,Severe,2024-04-06,04:00,2024-04-06 04:00:00,Fog,Car,low
2406,17.270919,78.208404,ORR,Minor,2024-04-20,12:00,2024-04-20 12:00:00,Fog,Bus,high
2407,17.393245,78.284591,ORR,Severe,2023-03-14,16:00,2023-03-14 16:00:00,Fog,Bus,high
2408,17.445261,78.359114,ORR,Severe,2022-08-30,08:00,2022-08-30 08:00:00,Rain,Truck,high
2409,17.204711,78.368194,Banjara Hills Rd 1,Minor,2024-07-17,01:00,2024-07-17 01:00:00,Clear,Bike,medium
