id,latitude,longitude,road_name,severity,date,time,datetime,weather,vehicle_type,road_risk_level
1,28.79949,77.049666,NH-44,Fatal,2024-07-29,08:00,2024-07-29 08:00:00,Clear,Bus,high
2,28.528171,77.003017,MG Road,Minor,2023-03-26,01:00,2023-03-26 01:00:00,Clear,Bike,medium
3,28.631253,77.168852,Ring Road,Severe,2022-11-02,14:00,2022-11-02 14:00:00,Rain,Auto,high
4,28.494878,77.089734,MG Road,Minor,2025-04-08,17:00,2025-04-08 17:00:00,Fog,Bike,medium
5,28.767686,77.102505,NH-44,Minor,2022-06-02,17:00,2022-06-02 17:00:00,Fog,Car,high
6,28.513789,77.26605,Mathura Road,Minor,2024-01-02,14:00,2024-01-02 14:00:00,Fog,Truck,medium
7,28.683622,77.273941,G T Road,Severe,2023-02-06,15:00,2023-02-06 15:00:00,Rain,Auto,high
8,28.502883,77.165457,Mathura Road,Minor,2022-11-17,06:00,2022-11-17 06:00:00,Fog,Bike,medium
9,28.463133,76.976698,MG Road,Severe,2024-12-31,09:00,2024-12-31 09:00:00,Rain,Bike,medium
10,28.47365,77.060874,MG Road,Fatal,2023-03-24,11:00,2023-03-24 11:00:00,Clear,Truck,medium
11,28.813866,77.149528,NH-44,Minor,2025-01-31,21:00,2025-01-31 21:00:00,Fog,Bus,high
12,28.838921,76.991482,NH-44,Minor,2025-02-16,22:00,2025-02-16 22:00:00,Clear,Truck,high
13,28.519189,76.859451,MG Road,Minor,2024-02-03,02:00,2024-02-03 02:00:00,Rain,Auto,medium
14,28.8028,76.835013,NH-44,Fatal,2022-06-27,15:00,2022-06-27 15:00:00,Rain,Bus,high
15,28.654528,76.925723,Dwarka Expressway,Severe,2022-10-05,02:00,2022-10-05 02:00:00,Rain,Car,medium
16,28.834402,77.209459,NH-44,Fatal,2022-12-23,12:00,2022-12-23 12:00:00,Fog,Car,high
17,28.671166,77.064188,Outer Ring Road,Minor,2023-02-25,03:00,2023-02-25 03:00:00,Clear,Bus,high
18,28.492703,76.815886,MG Road,Severe,2022-04-12,07:00,2022-04-12 07:00:00,Fog,Bus,medium
19,28.555907,77.177935,Mathura Road,Minor,2022-09-02,21:00,2022-09-02 21:00:00,Fog,Truck,medium
20,28.596361,77.02673,Dwarka Expressway,Minor,2023-02-22,00:00,2023-02-22 00:00:00,Fog,Bike,medium
21,28.497753,76.936211,MG Road,Minor,2022-12-27,22:00,2022-12-27 22:00:00,Fog,Truck,medium
22,28.694773,77.138622,Rohtak Road,Minor,2023-02-25,18:00,2023-02-25 18:00:00,Rain,Auto,high
23,28.570297,77.25409,Lodhi Road,Minor,2023-04-12,10:00,2023-04-12 10:00:00,Fog,Bus,low
24,28.691978,77.169403,Rohtak Road,Severe,2023-01-03,21:00,2023-01-03 21:00:00,Fog,Bus,high
25,28.42531,76.842778,MG Road,Minor,2024-12-22,06:00,2024-12-22 06:00:00,Fog,Car,medium
26,28.403747,76.847221,MG Road,Severe,2024-04-27,02:00,2024-04-27 02:00:00,Rain,Bike,medium
27,28.472435,77.19605,Mathura Road,Minor,2022-05-16,01:00,2022-05-16 01:00:00,Fog,Bus,medium
28,28.404569,76.804829,MG Road,Fatal,2022-06-16,11:00,2022-06-16 11:00:00,Clear,Auto,medium
29,28.656319,77.232117,G T Road,Minor,2022-12-08,09:00,2022-12-08 09:00:00,Clear,Car,high
30,28.505662,76.960158,MG Road,Fatal,2024-09-05,11:00,2024-09-05 11:00:00,Fog,Bike,medium
31,28.867743,76.854527,NH-44,Fatal,2023-04-24,07:00,2023-04-24 07:00:00,Fog,Bike,high
32,28.824805,77.267512,G T Road,Minor,2022-05-07,16:00,2022-05-07 16:00:00,Clear,Truck,high
33,28.743818,77.084342,NH-44,Severe,2024-06-14,15:00,2024-06-14 15:00:00,Rain,Truck,high
34,28.650713,76.817058,Dwarka Expressway,Minor,2024-02-25,09:00,2024-02-25 09:00:00,Rain,Truck,medium
35,28.819006,76.807353,NH-44,Minor,2025-01-19,00:00,2025-01-19 00:00:00,Rain,Auto,high
36,28.4982,77.020293,MG Road,Minor,2024-10-27,15:00,2024-10-27 15:00:00,Rain,Car,medium
37,28.89123,77.289334,NH-44,Minor,2024-02-03,07:00,2024-02-03 07:00:00,Clear,Car,high
38,28.654726,76.86286,Dwarka Expressway,Severe,2023-07-06,02:00,2023-07-06 02:00:00,Clear,Auto,medium
39,28.544843,76.914438,Dwarka Expressway,Severe,2024-02-25,19:00,2024-02-25 19:00:00,Clear,Truck,medium
40,28.896351,76.909336,NH-44,Minor,2022-06-19,11:00,2022-06-19 11:00:00,Fog,Bike,high
41,28.534511,76.998304,Dwarka Expressway,Severe,2024-12-29,10:00,2024-12-29 10:00:00,Fog,Car,medium
42,28.607136,76.809087,Dwarka Expressway,Minor,2023-03-16,20:00,2023-03-16 20:00:00,Rain,Car,medium
43,28.857196,76.867687,NH-44,Severe,2023-11-14,07:00,2023-11-14 07:00:00,Rain,Bike,high
44,28.764338,77.016944,NH-44,Minor,2024-11-23,18:00,2024-11-23 18:00:00,Fog,Auto,high
45,28.67054,77.161424,Rohtak Road,Minor,2023-06-14,16:00,2023-06-14 16:00:00,Fog,Car,high
46,28.608507,77.020263,Dwarka Expressway,Minor,2022-07-12,13:00,2022-07-12 13:00:00,Rain,Bike,medium
47,28.673621,77.237897,G T Road,Minor,2025-03-09,14:00,2025-03-09 14:00:00,Rain,Auto,high
48,28.682106,77.222227,G T Road,Minor,2023-04-13,15:00,2023-04-13 15:00:00,Rain,Bike,high
49,28.778987,76.977514,NH-44,Severe,2022-01-02,09:00,2022-01-02 09:00:00,Fog,Auto,high
50,28.848392,77.002975,NH-44,Minor,2022-05-24,04:00,2022-05-24 04:00:00,Fog,Car,high
51,28.495456,77.064015,MG Road,Fatal,2024-10-28,04:00,2024-10-28 04:00:00,Fog,Bus,medium
52,28.506395,77.048485,MG Road,Minor,2023-03-21,08:00,2023-03-21 08:00:00,Fog,Truck,medium
53,28.862528,76.882488,NH-44,Minor,2023-08-11,04:00,2023-08-11 04:00:00,Rain,Auto,high
54,28.65434,76.812615,Dwarka Expressway,Minor,2024-07-29,03:00,2024-07-29 03:00:00,Rain,Car,medium
55,28.687821,76.875014,Dwarka Expressway,Fatal,2022-06-09,19:00,2022-06-09 19:00:00,Clear,Truck,medium
56,28.793572,77.033278,NH-44,Fatal,2022-10-17,16:00,2022-10-17 16:00:00,Fog,Car,high
57,28.831982,77.293127,G T Road,Fatal,2022-02-13,03:00,2022-02-13 03:00:00,Rain,Bus,high
58,28.461191,77.237754,Mathura Road,Fatal,2022-07-24,22:00,2022-07-24 22:00:00,Rain,Auto,medium
59,28.606897,77.084738,Dwarka Expressway,Fatal,2024-12-03,01:00,2024-12-03 01:00:00,Fog,Bus,medium
60,28.419828,76.894595,MG Road,Minor,2023-06-08,10:00,2023-06-08 10:00:00,Rain,Car,medium
61,28.630183,76.836074,Dwarka Expressway,Minor,2024-11-10,11:00,2024-11-10 11:00:00,Rain,Truck,medium
62,28.433237,77.08613,MG Road,Minor,2023-12-23,07:00,2023-12-23 07:00:00,Rain,Auto,medium
63,28.614772,76.876199,Dwarka Expressway,Severe,2022-11-10,20:00,2022-11-10 20:00:00,Fog,Bike,medium
64,28.654869,77.28294,G T Road,Minor,2024-08-19,08:00,2024-08-19 08:00:00,Rain,Bike,high
65,28.606157,77.006735,Dwarka Expressway,Fatal,2025-04-10,17:00,2025-04-10 17:00:00,Clear,Auto,medium
66,28.801315,77.093798,NH-44,Minor,2023-08-02,03:00,2023-08-02 03:00:00,Clear,Bus,high
67,28.785009,76.86939,NH-44,Minor,2022-04-26,01:00,2022-04-26 01:00:00,Rain,Bike,high
68,28.57113,77.174163,Mathura Road,Minor,2022-09-30,19:00,2022-09-30 19:00:00,Rain,Auto,medium
69,28.668357,77.274587,G T Road,Minor,2024-11-28,09:00,2024-11-28 09:00:00,Clear,Bus,high
70,28.423756,77.19437,Mathura Road,Minor,2022-10-04,02:00,2022-10-04 02:00:00,Fog,Auto,medium
71,28.539342,77.014773,Dwarka Expressway,Fatal,2024-08-23,16:00,2024-08-23 16:00:00,Fog,Car,medium
72,28.410014,77.078242,MG Road,Minor,2024-01-08,01:00,2024-01-08 01:00:00,Fog,Truck,medium
73,28.759862,77.224029,G T Road,Minor,2023-07-19,23:00,2023-07-19 23:00:00,Fog,Bus,high
74,28.577479,76.961609,Dwarka Expressway,Minor,2024-07-19,00:00,2024-07-19 00:00:00,Clear,Car,medium
75,28.783445,77.103426,NH-44,Minor,2022-11-03,00:00,2022-11-03 00:00:00,Fog,Truck,high
76,28.604328,76.832823,Dwarka Expressway,Minor,2022-09-11,09:00,2022-09-11 09:00:00,Clear,Truck,medium
77,28.611756,77.130556,Rohtak Road,Minor,2022-07-25,23:00,2022-07-25 23:00:00,Clear,Truck,high
78,28.624052,76.83438,Dwarka Expressway,Minor,2023-09-11,07:00,2023-09-11 07:00:00,Fog,Car,medium
79,28.885271,77.004314,NH-44,Fatal,2024-05-10,10:00,2024-05-10 10:00:00,Rain,Car,high
80,28.402354,77.086589,MG Road,Severe,2024-03-06,02:00,2024-03-06 02:00:00,Clear,Truck,medium
81,28.635906,77.182162,Ring Road,Minor,2023-03-06,21:00,2023-03-06 21:00:00,Fog,Bus,high
82,28.863897,76.858088,NH-44,Severe,2024-02-01,08:00,2024-02-01 08:00:00,Fog,Bike,high
83,28.520752,76.983373,MG Road,Minor,2024-09-13,03:00,2024-09-13 03:00:00,Clear,Auto,medium
84,28.624073,77.132361,Rohtak Road,Fatal,2024-05-01,18:00,2024-05-01 18:00:00,Clear,Bus,high
85,28.561999,77.085735,Dwarka Expressway,Severe,2024-04-09,20:00,2024-04-09 20:00:00,Fog,Bus,medium
86,28.571175,77.062754,Dwarka Expressway,Minor,2024-07-05,11:00,2024-07-05 11:00:00,Clear,Bike,medium
87,28.736674,76.915544,NH-44,Minor,2022-09-08,14:00,2022-09-08 14:00:00,Fog,Truck,high
88,28.672901,76.875114,Dwarka Expressway,Fatal,2025-01-13,10:00,2025-01-13 10:00:00,Clear,Bike,medium
89,28.673535,76.826948,Dwarka Expressway,Minor,2024-03-09,13:00,2024-03-09 13:00:00,Clear,Auto,medium
90,28.874112,77.08158,NH-44,Minor,2025-03-15,23:00,2025-03-15 23:00:00,Rain,Bike,high
91,28.890994,77.05086,NH-44,Fatal,2025-04-08,20:00,2025-04-08 20:00:00,Rain,Car,high
92,28.504544,77.177283,Mathura Road,Fatal,2022-03-21,23:00,2022-03-21 23:00:00,Rain,Auto,medium
93,28.824484,77.008592,NH-44,Minor,2024-09-24,10:00,2024-09-24 10:00:00,Fog,Car,high
94,28.670351,76.906338,Dwarka Expressway,Minor,2023-02-04,03:00,2023-02-04 03:00:00,Fog,Bus,medium
95,28.812731,77.016168,NH-44,Fatal,2023-08-12,11:00,2023-08-12 11:00:00,Fog,Car,high
96,28.61292,76.88816,Dwarka Expressway,Minor,2022-10-17,13:00,2022-10-17 13:00:00,Rain,Car,medium
97,28.482876,77.114764,MG Road,Minor,2023-04-27,19:00,2023-04-27 19:00:00,Clear,Bus,medium
98,28.60812,77.098996,Dwarka Expressway,Severe,2024-09-30,20:00,2024-09-30 20:00:00,Fog,Bike,medium
99,28.542466,76.905546,Dwarka Expressway,Severe,2022-02-20,04:00,2022-02-20 04:00:00,Clear,Truck,medium
100,28.717073,76.833816,NH-44,Minor,2022-11-23,19:00,2022-11-23 19:00:00,Fog,Bus,high
101,28.463059,77.014678,MG Road,Severe,2025-02-15,17:00,2025-02-15 17:00:00,Fog,Bike,medium
102,28.464399,76.935979,MG Road,Minor,2023-07-22,04:00,2023-07-22 04:00:00,Clear,Bus,medium
103,28.511942,77.179667,Mathura Road,Minor,2022-08-12,19:00,2022-08-12 19:00:00,Rain,Car,medium
104,28.615748,76.910954,Dwarka Expressway,Severe,2024-01-25,05:00,2024-01-25 05:00:00,Clear,Auto,medium
105,28.730285,77.193967,Rohtak Road,Minor,2022-06-20,15:00,2022-06-20 15:00:00,Fog,Car,high
106,28.624323,77.126932,Rohtak Road,Fatal,2024-08-21,09:00,2024-08-21 09:00:00,Clear,Auto,high
107,28.671181,77.025748,Outer Ring Road,Minor,2024-08-26,04:00,2024-08-26 04:00:00,Rain,Car,high
108,28.805244,77.000315,NH-44,Minor,2025-03-09,02:00,2025-03-09 02:00:00,Clear,Car,high
109,28.777965,77.066079,NH-44,Minor,2025-02-06,03:00,2025-02-06 03:00:00,Fog,Bus,high
110,28.451359,76.816458,MG Road,Severe,2023-03-08,00:00,2023-03-08 00:00:00,Fog,Bike,medium
111,28.558359,76.921548,Dwarka Expressway,Severe,2023-08-21,05:00,2023-08-21 05:00:00,Rain,Truck,medium
112,28.507208,76.92161,MG Road,Minor,2022-01-19,02:00,2022-01-19 02:00:00,Clear,Truck,medium
113,28.694968,76.877059,NH-44,Severe,2022-07-24,11:00,2022-07-24 11:00:00,Fog,Car,high
114,28.710737,77.193995,G T Road,Minor,2024-08-29,18:00,2024-08-29 18:00:00,Rain,Car,high
115,28.474073,77.23707,Mathura Road,Fatal,2023-01-22,06:00,2023-01-22 06:00:00,Rain,Car,medium
116,28.488242,76.976344,MG Road,Minor,2023-02-07,05:00,2023-02-07 05:00:00,Rain,Truck,medium
117,28.679606,76.870758,Dwarka Expressway,Minor,2024-09-05,15:00,2024-09-05 15:00:00,Rain,Car,medium
118,28.622856,77.298242,DND Flyway,Severe,2023-04-27,14:00,2023-04-27 14:00:00,Clear,Auto,medium
119,28.551324,76.864926,Dwarka Expressway,Severe,2022-08-13,01:00,2022-08-13 01:00:00,Rain,Auto,medium
120,28.497314,77.026326,MG Road,Severe,2024-11-23,09:00,2024-11-23 09:00:00,Clear,Bus,medium
121,28.810318,77.215955,NH-44,Minor,2022-11-04,19:00,2022-11-04 19:00:00,Fog,Bike,high
122,28.713093,76.955706,NH-44,Fatal,2023-03-10,17:00,2023-03-10 17:00:00,Fog,Auto,high
123,28.538246,77.034063,Dwarka Expressway,Minor,2022-04-09,13:00,2022-04-09 13:00:00,Rain,Bike,medium
124,28.607078,76.826043,Dwarka Expressway,Fatal,2023-10-11,12:00,2023-10-11 12:00:00,Clear,Auto,medium
125,28.437602,77.269674,Mathura Road,Minor,2023-07-22,13:00,2023-07-22 13:00:00,Rain,Bike,medium
126,28.757403,77.189108,Outer Ring Road,Severe,2024-05-22,22:00,2024-05-22 22:00:00,Rain,Truck,high
127,28.423006,76.983714,MG Road,Fatal,2023-01-29,22:00,2023-01-29 22:00:00,Rain,Auto,medium
128,28.812986,76.86493,NH-44,Minor,2022-06-18,18:00,2022-06-18 18:00:00,Rain,Truck,high
129,28.745726,77.032452,NH-44,Severe,2022-01-03,13:00,2022-01-03 13:00:00,Rain,Auto,high
130,28.476489,77.002961,MG Road,Minor,2025-03-17,01:00,2025-03-17 01:00:00,Rain,Car,medium
131,28.648927,76.889766,Dwarka Expressway,Severe,2022-04-19,12:00,2022-04-19 12:00:00,Fog,Truck,medium
132,28.600949,76.854603,Dwarka Expressway,Severe,2023-11-16,06:00,2023-11-16 06:00:00,Rain,Auto,medium
133,28.545774,77.069761,Dwarka Expressway,Minor,2022-12-02,02:00,2022-12-02 02:00:00,Fog,Car,medium
134,28.605926,77.225457,Lodhi Road,Minor,2022-12-07,15:00,2022-12-07 15:00:00,Rain,Car,low
135,28.410312,76.97271,MG Road,Minor,2022-03-05,18:00,2022-03-05 18:00:00,Clear,Auto,medium
136,28.862394,76.802091,NH-44,Minor,2022-10-15,23:00,2022-10-15 23:00:00,Rain,Truck,high
137,28.88238,77.092977,NH-44,Fatal,2023-06-15,19:00,2023-06-15 19:00:00,Rain,Car,high
138,28.592056,77.269174,Lodhi Road,Severe,2024-03-08,22:00,2024-03-08 22:00:00,Fog,Bus,low
139,28.687737,76.859762,Dwarka Expressway,Minor,2023-07-19,07:00,2023-07-19 07:00:00,Fog,Car,medium
140,28.814349,77.083876,NH-44,Minor,2022-05-25,19:00,2022-05-25 19:00:00,Fog,Truck,high
141,28.478773,77.003241,MG Road,Minor,2023-09-20,13:00,2023-09-20 13:00:00,Fog,Truck,medium
142,28.838442,77.263335,G T Road,Severe,2022-06-13,18:00,2022-06-13 18:00:00,Fog,Car,high
143,28.748241,76.997351,NH-44,Severe,2024-01-12,15:00,2024-01-12 15:00:00,Fog,Bus,high
144,28.894702,76.947816,NH-44,Severe,2025-01-02,02:00,2025-01-02 02:00:00,Fog,Bike,high
145,28.752161,76.986809,NH-44,Fatal,2022-12-01,19:00,2022-12-01 19:00:00,Fog,Bus,high
146,28.653811,77.156504,Rohtak Road,Severe,2022-10-31,22:00,2022-10-31 22:00:00,Clear,Bike,high
147,28.677225,77.164814,Rohtak Road,Minor,2024-05-17,20:00,2024-05-17 20:00:00,Fog,Truck,high
148,28.521312,76.999194,MG Road,Severe,2022-03-06,20:00,2022-03-06 20:00:00,Rain,Truck,medium
149,28.502741,77.194465,Mathura Road,Minor,2023-01-04,23:00,2023-01-04 23:00:00,Fog,Bus,medium
150,28.74268,77.096655,NH-44,Minor,2025-04-02,01:00,2025-04-02 01:00:00,Fog,Car,high
151,28.403675,77.296152,Mathura Road,Fatal,2022-01-22,02:00,2022-01-22 02:00:00,Rain,Bike,medium
152,28.616759,77.274264,Lodhi Road,Severe,2022-07-02,23:00,2022-07-02 23:00:00,Rain,Truck,low
153,28.594756,77.268608,Lodhi Road,Severe,2023-03-09,11:00,2023-03-09 11:00:00,Rain,Auto,low
154,28.727625,77.112512,Outer Ring Road,Severe,2025-03-05,21:00,2025-03-05 21:00:00,Fog,Bus,high
155,28.71354,77.190937,Rohtak Road,Minor,2024-09-18,23:00,2024-09-18 23:00:00,Rain,Auto,high
156,28.637732,77.20772,Ring Road,Minor,2023-02-07,15:00,2023-02-07 15:00:00,Fog,Auto,high
157,28.769399,76.958676,NH-44,Minor,2023-01-15,19:00,2023-01-15 19:00:00,Rain,Truck,high
158,28.567372,76.870028,Dwarka Expressway,Minor,2022-05-25,05:00,2022-05-25 05:00:00,Clear,Bus,medium
159,28.770079,76.871974,NH-44,Minor,2024-11-04,13:00,2024-11-04 13:00:00,Fog,Bike,high
160,28.701034,77.116833,Outer Ring Road,Fatal,2023-05-18,14:00,2023-05-18 14:00:00,Rain,Bike,high
161,28.810905,77.070229,NH-44,Severe,2023-01-12,07:00,2023-01-12 07:00:00,Fog,Truck,high
162,28.802605,76.989055,NH-44,Fatal,2023-08-04,21:00,2023-08-04 21:00:00,Rain,Bus,high
163,28.788842,76.991676,NH-44,Minor,2023-04-13,05:00,2023-04-13 05:00:00,Fog,Truck,high
164,28.508073,77.126151,Mathura Road,Minor,2024-05-10,04:00,2024-05-10 04:00:00,Rain,Car,medium
165,28.607162,77.011404,Dwarka Expressway,Severe,2024-04-28,08:00,2024-04-28 08:00:00,Clear,Bus,medium
166,28.881491,76.837845,NH-44,Minor,2022-06-30,14:00,2022-06-30 14:00:00,Rain,Truck,high
167,28.794413,77.02392,NH-44,Minor,2023-08-08,05:00,2023-08-08 05:00:00,Fog,Bike,high
168,28.874696,77.085877,NH-44,Minor,2023-12-22,09:00,2023-12-22 09:00:00,Rain,Bus,high
169,28.628651,77.131008,Rohtak Road,Minor,2022-05-11,13:00,2022-05-11 13:00:00,Clear,Auto,high
170,28.528586,77.040948,Dwarka Expressway,Minor,2023-09-29,20:00,2023-09-29 20:00:00,Fog,Bus,medium
171,28.724073,77.102711,Outer Ring Road,Minor,2022-06-28,07:00,2022-06-28 07:00:00,Fog,Car,high
172,28.668908,76.96104,Dwarka Expressway,Severe,2024-11-11,15:00,2024-11-11 15:00:00,Clear,Auto,medium
173,28.666671,76.968342,Dwarka Expressway,Severe,2024-05-29,01:00,2024-05-29 01:00:00,Fog,Auto,medium
174,28.663389,77.113378,Rohtak Road,Severe,2022-06-15,17:00,2022-06-15 17:00:00,Fog,Truck,high
175,28.536377,76.953256,Dwarka Expressway,Severe,2023-08-04,13:00,2023-08-04 13:00:00,Rain,Car,medium
176,28.88321,77.121259,NH-44,Severe,2023-03-13,10:00,2023-03-13 10:00:00,Fog,Car,high
177,28.836082,77.0438,NH-44,Severe,2023-10-05,08:00,2023-10-05 08:00:00,Rain,Bus,high
178,28.492961,76.990384,MG Road,Fatal,2024-02-08,19:00,2024-02-08 19:00:00,Rain,Car,medium
179,28.526705,77.052472,Dwarka Expressway,Minor,2022-05-24,03:00,2022-05-24 03:00:00,Rain,Truck,medium
180,28.646122,76.825485,Dwarka Expressway,Minor,2024-08-03,08:00,2024-08-03 08:00:00,Rain,Car,medium
181,28.654208,77.227594,G T Road,Severe,2023-03-11,19:00,2023-03-11 19:00:00,Fog,Bike,high
182,28.797487,77.018185,NH-44,Minor,2023-07-10,23:00,2023-07-10 23:00:00,Clear,Bus,high
183,28.731,76.940627,NH-44,Minor,2023-02-27,14:00,2023-02-27 14:00:00,Fog,Car,high
184,28.465031,77.004209,MG Road,Severe,2022-12-16,20:00,2022-12-16 20:00:00,Clear,Auto,medium
185,28.638663,77.006693,Dwarka Expressway,Severe,2022-02-23,23:00,2022-02-23 23:00:00,Clear,Bus,medium
186,28.773564,77.039575,NH-44,Severe,2024-02-10,16:00,2024-02-10 16:00:00,Rain,Car,high
187,28.841405,77.053956,NH-44,Minor,2022-06-13,15:00,2022-06-13 15:00:00,Clear,Truck,high
188,28.621074,77.238249,Ring Road,Severe,2023-01-29,11:00,2023-01-29 11:00:00,Fog,Bus,high
189,28.536613,77.10109,Dwarka Expressway,Minor,2024-09-21,05:00,2024-09-21 05:00:00,Clear,Car,medium
190,28.727345,77.179216,Rohtak Road,Minor,2023-09-05,21:00,2023-09-05 21:00:00,Fog,Bus,high
191,28.710023,77.203218,G T Road,Minor,2024-07-05,05:00,2024-07-05 05:00:00,Fog,Car,high
192,28.794833,77.288817,G T Road,Minor,2022-05-13,11:00,2022-05-13 11:00:00,Fog,Bus,high
193,28.726314,76.844019,NH-44,Severe,2022-01-29,14:00,2022-01-29 14:00:00,Rain,Bike,high
194,28.52468,76.907862,MG Road,Severe,2024-09-13,23:00,2024-09-13 23:00:00,Rain,Truck,medium
195,28.726555,77.264789,G T Road,Severe,2023-04-27,00:00,2023-04-27 00:00:00,Clear,Auto,high
196,28.849132,76.857947,NH-44,Minor,2023-11-20,04:00,2023-11-20 04:00:00,Clear,Car,high
197,28.492761,77.079465,MG Road,Severe,2024-10-16,07:00,2024-10-16 07:00:00,Clear,Car,medium
198,28.708432,77.293041,G T Road,Minor,2022-05-30,13:00,2022-05-30 13:00:00,Fog,Car,high
199,28.450363,77.057188,MG Road,Minor,2024-12-19,07:00,2024-12-19 07:00:00,Rain,Auto,medium
200,28.80446,77.209218,NH-44,Severe,2022-11-05,15:00,2022-11-05 15:00:00,Fog,Auto,high
201,28.467857,76.971035,MG Road,Minor,2022-01-06,15:00,2022-01-06 15:00:00,Rain,Truck,medium
202,28.538005,77.138832,Mathura Road,Minor,2025-03-23,06:00,2025-03-23 06:00:00,Rain,Bus,medium
203,28.552423,77.264697,Lodhi Road,Severe,2024-10-28,19:00,2024-10-28 19:00:00,Rain,Car,low
204,28.533135,77.03961,Dwarka Expressway,Minor,2024-11-11,18:00,2024-11-11 18:00:00,Rain,Bus,medium
205,28.508255,77.263074,Mathura Road,Minor,2024-01-01,18:00,2024-01-01 18:00:00,Rain,Auto,medium
206,28.656282,76.826311,Dwarka Expressway,Severe,2024-06-17,09:00,2024-06-17 09:00:00,Clear,Bus,medium
207,28.564378,76.907453,Dwarka Expressway,Severe,2024-01-08,22:00,2024-01-08 22:00:00,Clear,Car,medium
208,28.612067,77.061369,Dwarka Expressway,Minor,2022-10-28,22:00,2022-10-28 22:00:00,Fog,Auto,medium
209,28.598019,77.140539,Ring Road,Minor,2024-01-11,02:00,2024-01-11 02:00:00,Fog,Bus,high
210,28.760904,76.805314,NH-44,Minor,2024-10-15,10:00,2024-10-15 10:00:00,Fog,Truck,high
211,28.429307,77.026695,MG Road,Fatal,2023-11-25,16:00,2023-11-25 16:00:00,Clear,Bike,medium
212,28.506853,77.158378,Mathura Road,Minor,2024-09-23,11:00,2024-09-23 11:00:00,Clear,Auto,medium
213,28.836113,77.040472,NH-44,Minor,2023-04-04,06:00,2023-04-04 06:00:00,Clear,Bus,high
214,28.66929,76.9027,Dwarka Expressway,Severe,2023-09-25,05:00,2023-09-25 05:00:00,Rain,Car,medium
215,28.442905,77.171179,Mathura Road,Fatal,2022-05-15,07:00,2022-05-15 07:00:00,Fog,Truck,medium
216,28.553171,77.154221,Mathura Road,Minor,2025-03-15,05:00,2025-03-15 05:00:00,Rain,Car,medium
217,28.492385,77.18873,Mathura Road,Fatal,2023-06-26,23:00,2023-06-26 23:00:00,Rain,Truck,medium
218,28.839313,76.836281,NH-44,Minor,2024-10-15,21:00,2024-10-15 21:00:00,Clear,Auto,high
219,28.644433,77.153171,Rohtak Road,Severe,2024-12-19,16:00,2024-12-19 16:00:00,Rain,Bike,high
220,28.824507,76.971272,NH-44,Minor,2023-02-27,06:00,2023-02-27 06:00:00,Clear,Auto,high
221,28.757095,77.242579,G T Road,Severe,2024-07-04,02:00,2024-07-04 02:00:00,Fog,Auto,high
222,28.894429,77.025516,NH-44,Fatal,2024-06-10,20:00,2024-06-10 20:00:00,Rain,Bike,high
223,28.744114,77.05639,NH-44,Severe,2025-03-10,16:00,2025-03-10 16:00:00,Clear,Car,high
224,28.586811,77.04014,Dwarka Expressway,Minor,2023-09-16,19:00,2023-09-16 19:00:00,Rain,Auto,medium
225,28.62743,76.818431,Dwarka Expressway,Minor,2023-09-29,11:00,2023-09-29 11:00:00,Rain,Bike,medium
226,28.403075,76.871978,MG Road,Minor,2022-03-10,07:00,2022-03-10 07:00:00,Rain,Car,medium
227,28.488847,76.845118,MG Road,Minor,2023-09-23,16:00,2023-09-23 16:00:00,Clear,Car,medium
228,28.561032,76.841269,Dwarka Expressway,Minor,2024-11-18,05:00,2024-11-18 05:00:00,Rain,Auto,medium
229,28.74338,76.820689,NH-44,Minor,2023-01-05,07:00,2023-01-05 07:00:00,Fog,Auto,high
230,28.736974,76.867217,NH-44,Severe,2024-04-26,01:00,2024-04-26 01:00:00,Fog,Auto,high
231,28.410655,77.056885,MG Road,Severe,2024-08-08,16:00,2024-08-08 16:00:00,Clear,Bike,medium
232,28.454322,77.196344,Mathura Road,Severe,2023-10-29,23:00,2023-10-29 23:00:00,Rain,Bike,medium
233,28.670842,77.178892,G T Road,Minor,2025-01-20,08:00,2025-01-20 08:00:00,Clear,Truck,high
234,28.752709,77.126376,NH-44,Minor,2024-11-04,06:00,2024-11-04 06:00:00,Rain,Auto,high
235,28.560515,77.151387,Mathura Road,Minor,2023-07-10,12:00,2023-07-10 12:00:00,Clear,Car,medium
236,28.793337,76.974346,NH-44,Minor,2023-04-06,01:00,2023-04-06 01:00:00,Fog,Car,high
237,28.465623,77.076124,MG Road,Minor,2023-06-25,13:00,2023-06-25 13:00:00,Rain,Bike,medium
238,28.781565,77.023593,NH-44,Minor,2023-08-27,21:00,2023-08-27 21:00:00,Rain,Auto,high
239,28.615799,76.82326,Dwarka Expressway,Minor,2024-09-10,06:00,2024-09-10 06:00:00,Rain,Truck,medium
240,28.729504,77.103161,Outer Ring Road,Minor,2023-11-29,10:00,2023-11-29 10:00:00,Fog,Auto,high
241,28.683763,76.96065,NH-44,Minor,2025-03-29,13:00,2025-03-29 13:00:00,Rain,Bike,high
242,28.618658,76.893725,Dwarka Expressway,Fatal,2024-12-29,01:00,2024-12-29 01:00:00,Fog,Truck,medium
243,28.426573,77.014492,MG Road,Minor,2022-04-12,14:00,2022-04-12 14:00:00,Fog,Truck,medium
244,28.659124,77.157232,Rohtak Road,Severe,2024-09-28,08:00,2024-09-28 08:00:00,Fog,Car,high
245,28.673819,77.072389,Outer Ring Road,Minor,2022-09-30,11:00,2022-09-30 11:00:00,Rain,Bus,high
246,28.684413,76.886256,Dwarka Expressway,Minor,2022-01-31,07:00,2022-01-31 07:00:00,Rain,Bike,medium
247,28.723013,76.931173,NH-44,Minor,2022-12-29,21:00,2022-12-29 21:00:00,Fog,Auto,high
248,28.865558,77.114436,NH-44,Severe,2022-09-17,06:00,2022-09-17 06:00:00,Clear,Bus,high
249,28.519125,76.984307,MG Road,Fatal,2024-08-29,16:00,2024-08-29 16:00:00,Rain,Truck,medium
250,28.748117,76.924681,NH-44,Minor,2022-11-03,00:00,2022-11-03 00:00:00,Clear,Car,high
251,28.450899,77.155589,Mathura Road,Minor,2024-02-20,03:00,2024-02-20 03:00:00,Clear,Auto,medium
252,28.653492,76.977451,Dwarka Expressway,Fatal,2023-05-31,12:00,2023-05-31 12:00:00,Fog,Auto,medium
253,28.528557,77.243444,Mathura Road,Severe,2024-06-03,20:00,2024-06-03 20:00:00,Rain,Car,medium
254,28.732889,76.954642,NH-44,Minor,2023-12-20,17:00,2023-12-20 17:00:00,Rain,Auto,high
255,28.677974,77.215698,G T Road,Minor,2022-01-20,10:00,2022-01-20 10:00:00,Clear,Auto,high
256,28.815474,77.06393,NH-44,Minor,2024-07-03,15:00,2024-07-03 15:00:00,Clear,Truck,high
257,28.671469,76.964797,Dwarka Expressway,Severe,2024-01-12,03:00,2024-01-12 03:00:00,Clear,Bike,medium
258,28.562152,76.963958,Dwarka Expressway,Severe,2022-09-22,04:00,2022-09-22 04:00:00,Rain,Bus,medium
259,28.659751,77.178606,Ring Road,Minor,2022-04-03,16:00,2022-04-03 16:00:00,Rain,Truck,high
260,28.433721,77.17877,Mathura Road,Minor,2024-08-09,22:00,2024-08-09 22:00:00,Clear,Truck,medium
261,28.414886,77.245465,Mathura Road,Minor,2025-01-20,06:00,2025-01-20 06:00:00,Fog,Bike,medium
262,28.467578,77.021209,MG Road,Minor,2024-09-13,19:00,2024-09-13 19:00:00,Clear,Bike,medium
263,28.853227,76.886717,NH-44,Minor,2022-10-05,03:00,2022-10-05 03:00:00,Rain,Bus,high
264,28.562648,77.100194,Dwarka Expressway,Severe,2024-08-24,13:00,2024-08-24 13:00:00,Fog,Truck,medium
265,28.492321,76.886097,MG Road,Minor,2022-04-05,23:00,2022-04-05 23:00:00,Clear,Car,medium
266,28.849677,76.934989,NH-44,Severe,2022-01-09,23:00,2022-01-09 23:00:00,Rain,Bike,high
267,28.683538,77.260053,G T Road,Minor,2022-02-23,15:00,2022-02-23 15:00:00,Fog,Car,high
268,28.669485,76.847013,Dwarka Expressway,Severe,2022-04-26,11:00,2022-04-26 11:00:00,Rain,Bike,medium
269,28.672776,77.081578,Rohtak Road,Minor,2025-04-08,19:00,2025-04-08 19:00:00,Rain,Bike,high
270,28.517844,77.101524,MG Road,Minor,2024-03-24,22:00,2024-03-24 22:00:00,Clear,Bus,medium
271,28.527991,76.937856,MG Road,Minor,2023-04-02,07:00,2023-04-02 07:00:00,Rain,Bike,medium
272,28.755732,76.933549,NH-44,Minor,2023-08-04,01:00,2023-08-04 01:00:00,Rain,Bike,high
273,28.717225,76.916579,NH-44,Severe,2023-02-14,10:00,2023-02-14 10:00:00,Rain,Auto,high
274,28.686128,76.833862,Dwarka Expressway,Minor,2022-04-18,10:00,2022-04-18 10:00:00,Fog,Car,medium
275,28.855102,77.114407,NH-44,Minor,2024-11-14,17:00,2024-11-14 17:00:00,Fog,Car,high
276,28.597555,76.944531,Dwarka Expressway,Fatal,2024-06-22,10:00,2024-06-22 10:00:00,Rain,Auto,medium
277,28.743378,77.059269,NH-44,Severe,2022-03-16,15:00,2022-03-16 15:00:00,Fog,Car,high
278,28.63216,76.978307,Dwarka Expressway,Minor,2022-01-25,01:00,2022-01-25 01:00:00,Clear,Truck,medium
279,28.535679,77.257927,Mathura Road,Fatal,2023-04-09,22:00,2023-04-09 22:00:00,Rain,Bike,medium
280,28.472725,76.942815,MG Road,Severe,2022-11-11,23:00,2022-11-11 23:00:00,Clear,Bus,medium
281,28.554121,76.834994,Dwarka Expressway,Minor,2024-12-30,18:00,2024-12-30 18:00:00,Fog,Bus,medium
282,28.626431,77.096985,Dwarka Expressway,Severe,2024-02-13,14:00,2024-02-13 14:00:00,Rain,Auto,medium
283,28.526112,77.150665,Mathura Road,Fatal,2023-04-27,01:00,2023-04-27 01:00:00,Clear,Truck,medium
284,28.468813,76.80665,MG Road,Severe,2023-05-29,15:00,2023-05-29 15:00:00,Clear,Truck,medium
285,28.461713,77.144069,Mathura Road,Minor,2022-08-01,17:00,2022-08-01 17:00:00,Rain,Bike,medium
286,28.760085,76.932548,NH-44,Minor,2024-06-10,15:00,2024-06-10 15:00:00,Fog,Bus,high
287,28.708201,76.81067,NH-44,Severe,2024-10-09,03:00,2024-10-09 03:00:00,Rain,Car,high
288,28.465953,76.860653,MG Road,Minor,2023-11-07,03:00,2023-11-07 03:00:00,Clear,Auto,medium
289,28.87941,77.249103,NH-44,Severe,2023-03-20,21:00,2023-03-20 21:00:00,Rain,Bus,high
290,28.674159,77.059576,Outer Ring Road,Severe,2025-03-12,12:00,2025-03-12 12:00:00,Clear,Bus,high
291,28.523617,76.987592,MG Road,Severe,2023-07-23,17:00,2023-07-23 17:00:00,Fog,Bike,medium
292,28.422516,76.844277,MG Road,Severe,2024-11-12,10:00,2024-11-12 10:00:00,Clear,Car,medium
293,28.880852,77.192568,NH-44,Minor,2022-02-19,05:00,2022-02-19 05:00:00,Clear,Bus,high
294,28.632417,77.047095,Dwarka Expressway,Minor,2023-09-07,18:00,2023-09-07 18:00:00,Rain,Bus,medium
295,28.728122,77.181692,Rohtak Road,Severe,2023-07-06,02:00,2023-07-06 02:00:00,Fog,Bike,high
296,28.466479,77.149434,Mathura Road,Severe,2022-10-22,18:00,2022-10-22 18:00:00,Fog,Car,medium
297,28.797714,76.853225,NH-44,Minor,2024-08-28,19:00,2024-08-28 19:00:00,Fog,Bus,high
298,28.755104,77.03597,NH-44,Minor,2024-08-01,05:00,2024-08-01 05:00:00,Clear,Car,high
299,28.466502,77.22908,Mathura Road,Severe,2022-10-19,04:00,2022-10-19 04:00:00,Rain,Car,medium
300,28.435425,77.095543,MG Road,Minor,2022-12-11,21:00,2022-12-11 21:00:00,Clear,Auto,medium
301,28.899059,77.165858,NH-44,Minor,2023-11-06,14:00,2023-11-06 14:00:00,Clear,Truck,high
302,28.732477,77.01546,NH-44,Minor,2023-10-17,15:00,2023-10-17 15:00:00,Rain,Car,high
303,28.863722,77.106351,NH-44,Minor,2023-08-26,00:00,2023-08-26 00:00:00,Fog,Bus,high
304,28.492812,77.251324,Mathura Road,Severe,2022-06-04,12:00,2022-06-04 12:00:00,Clear,Car,medium
305,28.466603,77.26562,Mathura Road,Minor,2022-01-07,16:00,2022-01-07 16:00:00,Clear,Car,medium
306,28.459045,76.817294,MG Road,Severe,2024-09-04,15:00,2024-09-04 15:00:00,Rain,Bus,medium
307,28.820211,77.179511,NH-44,Minor,2024-12-02,17:00,2024-12-02 17:00:00,Rain,Auto,high
308,28.616734,77.020623,Dwarka Expressway,Fatal,2022-04-24,05:00,2022-04-24 05:00:00,Clear,Bus,medium
309,28.64431,77.256652,G T Road,Minor,2023-11-25,11:00,2023-11-25 11:00:00,Clear,Auto,high
310,28.551742,77.203526,Mathura Road,Minor,2025-02-04,02:00,2025-02-04 02:00:00,Rain,Car,medium
311,28.453909,77.281471,Mathura Road,Severe,2024-12-28,17:00,2024-12-28 17:00:00,Fog,Auto,medium
312,28.606747,76.928278,Dwarka Expressway,Minor,2023-08-08,11:00,2023-08-08 11:00:00,Rain,Auto,medium
313,28.555053,77.223467,Mathura Road,Fatal,2024-07-22,00:00,2024-07-22 00:00:00,Rain,Bus,medium
314,28.853063,76.998599,NH-44,Minor,2024-11-30,19:00,2024-11-30 19:00:00,Fog,Car,high
315,28.520058,76.825979,MG Road,Minor,2023-06-01,12:00,2023-06-01 12:00:00,Fog,Car,medium
316,28.437898,76.935871,MG Road,Minor,2025-01-16,09:00,2025-01-16 09:00:00,Clear,Car,medium
317,28.60812,76.978798,Dwarka Expressway,Minor,2025-01-22,15:00,2025-01-22 15:00:00,Clear,Bus,medium
318,28.886572,76.997945,NH-44,Minor,2023-04-17,13:00,2023-04-17 13:00:00,Fog,Car,high
319,28.789325,77.091981,NH-44,Severe,2023-06-15,08:00,2023-06-15 08:00:00,Fog,Truck,high
320,28.49325,76.836645,MG Road,Fatal,2024-06-04,08:00,2024-06-04 08:00:00,Rain,Truck,medium
321,28.437563,76.801983,MG Road,Severe,2024-03-22,06:00,2024-03-22 06:00:00,Clear,Auto,medium
322,28.550322,77.159597,Mathura Road,Severe,2023-01-29,02:00,2023-01-29 02:00:00,Fog,Bus,medium
323,28.868315,77.220147,NH-44,Severe,2025-01-09,23:00,2025-01-09 23:00:00,Fog,Bus,high
324,28.69858,77.012373,NH-44,Minor,2024-06-18,12:00,2024-06-18 12:00:00,Rain,Car,high
325,28.719333,77.089282,Outer Ring Road,Minor,2022-12-31,10:00,2022-12-31 10:00:00,Fog,Car,high
326,28.796143,77.199757,NH-44,Minor,2023-10-31,20:00,2023-10-31 20:00:00,Fog,Car,high
327,28.765069,77.041185,NH-44,Minor,2023-01-31,15:00,2023-01-31 15:00:00,Rain,Car,high
328,28.776904,77.029291,NH-44,Minor,2024-02-12,23:00,2024-02-12 23:00:00,Fog,Bike,high
329,28.649606,77.007981,Dwarka Expressway,Minor,2024-09-27,11:00,2024-09-27 11:00:00,Fog,Bike,medium
330,28.817253,76.946937,NH-44,Fatal,2024-08-07,20:00,2024-08-07 20:00:00,Clear,Auto,high
331,28.482802,77.238384,Mathura Road,Severe,2022-05-22,11:00,2022-05-22 11:00:00,Clear,Bike,medium
332,28.647607,76.951824,Dwarka Expressway,Minor,2023-04-12,12:00,2023-04-12 12:00:00,Rain,Truck,medium
333,28.602634,77.254986,Lodhi Road,Fatal,2024-12-13,08:00,2024-12-13 08:00:00,Fog,Bike,low
334,28.830675,77.060626,NH-44,Severe,2023-03-13,13:00,2023-03-13 13:00:00,Rain,Car,high
335,28.671358,77.070447,Outer Ring Road,Minor,2022-04-30,02:00,2022-04-30 02:00:00,Fog,Auto,high
336,28.595655,77.26633,Lodhi Road,Severe,2022-02-27,14:00,2022-02-27 14:00:00,Clear,Bus,low
337,28.427249,77.12921,MG Road,Severe,2023-02-08,20:00,2023-02-08 20:00:00,Rain,Bus,medium
338,28.547043,76.914556,Dwarka Expressway,Minor,2024-10-16,11:00,2024-10-16 11:00:00,Fog,Truck,medium
339,28.587178,76.995067,Dwarka Expressway,Fatal,2024-08-30,02:00,2024-08-30 02:00:00,Clear,Truck,medium
340,28.576158,76.805385,Dwarka Expressway,Minor,2025-01-19,20:00,2025-01-19 20:00:00,Rain,Car,medium
341,28.747585,77.241255,G T Road,Severe,2023-02-05,10:00,2023-02-05 10:00:00,Clear,Car,high
342,28.738343,77.219101,G T Road,Severe,2022-06-01,09:00,2022-06-01 09:00:00,Clear,Truck,high
343,28.877139,77.198704,NH-44,Minor,2023-05-27,22:00,2023-05-27 22:00:00,Fog,Bike,high
344,28.845812,77.096999,NH-44,Minor,2023-03-26,06:00,2023-03-26 06:00:00,Clear,Bike,high
345,28.603404,77.024435,Dwarka Expressway,Minor,2022-05-01,23:00,2022-05-01 23:00:00,Rain,Auto,medium
346,28.58018,77.027861,Dwarka Expressway,Minor,2023-12-15,23:00,2023-12-15 23:00:00,Fog,Bike,medium
347,28.482111,77.120745,MG Road,Severe,2022-07-11,02:00,2022-07-11 02:00:00,Rain,Bus,medium
348,28.420784,77.276164,Mathura Road,Minor,2024-04-23,16:00,2024-04-23 16:00:00,Rain,Car,medium
349,28.766337,77.087627,NH-44,Minor,2022-02-28,09:00,2022-02-28 09:00:00,Clear,Bike,high
350,28.684653,77.177229,Rohtak Road,Minor,2023-10-27,15:00,2023-10-27 15:00:00,Clear,Auto,high
351,28.89446,76.998876,NH-44,Fatal,2023-12-26,04:00,2023-12-26 04:00:00,Fog,Auto,high
352,28.603095,77.265981,Lodhi Road,Minor,2024-01-08,17:00,2024-01-08 17:00:00,Clear,Auto,low
353,28.451659,77.296465,Mathura Road,Minor,2023-06-05,22:00,2023-06-05 22:00:00,Rain,Bike,medium
354,28.815569,77.139768,NH-44,Minor,2023-03-28,23:00,2023-03-28 23:00:00,Clear,Bike,high
355,28.53435,76.964748,Dwarka Expressway,Severe,2023-02-14,05:00,2023-02-14 05:00:00,Rain,Car,medium
356,28.473085,77.299317,Mathura Road,Severe,2022-02-25,19:00,2022-02-25 19:00:00,Fog,Bus,medium
357,28.566646,77.214037,Lodhi Road,Fatal,2024-03-30,02:00,2024-03-30 02:00:00,Fog,Car,low
358,28.705156,77.067723,Outer Ring Road,Minor,2025-01-30,17:00,2025-01-30 17:00:00,Rain,Bike,high
359,28.850629,76.884476,NH-44,Severe,2023-01-30,01:00,2023-01-30 01:00:00,Fog,Car,high
360,28.71022,76.888585,NH-44,Minor,2022-07-03,17:00,2022-07-03 17:00:00,Clear,Car,high
361,28.736799,77.16106,Outer Ring Road,Severe,2022-03-09,17:00,2022-03-09 17:00:00,Clear,Car,high
362,28.46711,77.059431,MG Road,Severe,2024-02-13,11:00,2024-02-13 11:00:00,Clear,Auto,medium
363,28.404037,77.020536,MG Road,Severe,2023-08-13,23:00,2023-08-13 23:00:00,Fog,Bus,medium
364,28.603651,77.22246,Lodhi Road,Minor,2022-08-02,10:00,2022-08-02 10:00:00,Clear,Auto,low
365,28.514379,77.101899,MG Road,Severe,2022-06-28,01:00,2022-06-28 01:00:00,Clear,Bus,medium
366,28.569114,76.828319,Dwarka Expressway,Minor,2023-03-21,20:00,2023-03-21 20:00:00,Rain,Bike,medium
367,28.585989,76.908124,Dwarka Expressway,Minor,2023-04-02,09:00,2023-04-02 09:00:00,Fog,Truck,medium
368,28.760133,77.16247,Outer Ring Road,Minor,2023-12-29,19:00,2023-12-29 19:00:00,Clear,Truck,high
369,28.541883,76.804863,MG Road,Minor,2023-02-09,19:00,2023-02-09 19:00:00,Fog,Auto,medium
370,28.470846,76.988534,MG Road,Minor,2024-06-06,07:00,2024-06-06 07:00:00,Clear,Auto,medium
371,28.406632,76.837638,MG Road,Minor,2022-07-26,12:00,2022-07-26 12:00:00,Rain,Bike,medium
372,28.545865,77.171638,Mathura Road,Severe,2023-11-05,07:00,2023-11-05 07:00:00,Rain,Car,medium
373,28.656266,76.979321,Dwarka Expressway,Minor,2022-08-12,13:00,2022-08-12 13:00:00,Fog,Car,medium
374,28.460026,77.182841,Mathura Road,Minor,2024-04-11,00:00,2024-04-11 00:00:00,Rain,Bus,medium
375,28.886276,77.035021,NH-44,Severe,2024-10-29,01:00,2024-10-29 01:00:00,Fog,Car,high
376,28.742683,77.007915,NH-44,Fatal,2022-07-28,05:00,2022-07-28 05:00:00,Clear,Car,high
377,28.67131,77.105942,Rohtak Road,Fatal,2022-02-10,08:00,2022-02-10 08:00:00,Clear,Truck,high
378,28.747257,76.835475,NH-44,Fatal,2022-12-09,10:00,2022-12-09 10:00:00,Clear,Bike,high
379,28.848101,77.040741,NH-44,Minor,2022-10-31,17:00,2022-10-31 17:00:00,Fog,Bus,high
380,28.628228,76.893407,Dwarka Expressway,Minor,2023-09-16,09:00,2023-09-16 09:00:00,Rain,Truck,medium
381,28.83946,77.026986,NH-44,Minor,2022-02-28,02:00,2022-02-28 02:00:00,Fog,Auto,high
382,28.876264,76.861872,NH-44,Severe,2023-11-30,07:00,2023-11-30 07:00:00,Fog,Car,high
383,28.524774,77.019411,MG Road,Fatal,2024-07-17,21:00,2024-07-17 21:00:00,Fog,Bus,medium
384,28.855434,76.827421,NH-44,Severe,2022-12-23,20:00,2022-12-23 20:00:00,Fog,Bus,high
385,28.536036,77.055407,Dwarka Expressway,Minor,2023-08-10,00:00,2023-08-10 00:00:00,Fog,Bike,medium
386,28.790383,77.201296,Outer Ring Road,Severe,2023-01-19,09:00,2023-01-19 09:00:00,Clear,Bus,high
387,28.767327,76.930415,NH-44,Severe,2023-01-12,22:00,2023-01-12 22:00:00,Rain,Truck,high
388,28.885562,76.970485,NH-44,Minor,2022-09-20,05:00,2022-09-20 05:00:00,Rain,Bike,high
389,28.609808,77.04006,Dwarka Expressway,Minor,2023-05-07,11:00,2023-05-07 11:00:00,Rain,Bike,medium
390,28.576446,77.191052,Lodhi Road,Minor,2022-12-08,23:00,2022-12-08 23:00:00,Clear,Auto,low
391,28.64842,76.929795,Dwarka Expressway,Minor,2025-03-27,21:00,2025-03-27 21:00:00,Fog,Truck,medium
392,28.796162,76.942888,NH-44,Minor,2023-02-15,02:00,2023-02-15 02:00:00,Fog,Auto,high
393,28.663052,77.017542,Dwarka Expressway,Severe,2024-02-07,22:00,2024-02-07 22:00:00,Rain,Auto,medium
394,28.878658,77.082085,NH-44,Minor,2022-04-01,03:00,2022-04-01 03:00:00,Clear,Bike,high
395,28.442406,76.954462,MG Road,Severe,2022-07-01,05:00,2022-07-01 05:00:00,Fog,Bike,medium
396,28.541275,76.845723,MG Road,Severe,2022-06-06,00:00,2022-06-06 00:00:00,Clear,Bus,medium
397,28.58648,76.935847,Dwarka Expressway,Minor,2023-08-13,02:00,2023-08-13 02:00:00,Rain,Bus,medium
398,28.40375,76.991227,MG Road,Minor,2024-08-09,09:00,2024-08-09 09:00:00,Fog,Auto,medium
399,28.612228,76.964496,Dwarka Expressway,Severe,2022-09-29,22:00,2022-09-29 22:00:00,Rain,Truck,medium
400,28.579434,77.003204,Dwarka Expressway,Severe,2022-09-12,03:00,2022-09-12 03:00:00,Fog,Truck,medium
401,28.873558,77.110654,NH-44,Severe,2024-11-16,07:00,2024-11-16 07:00:00,Clear,Bike,high
402,28.664698,76.932011,Dwarka Expressway,Severe,2023-08-28,21:00,2023-08-28 21:00:00,Clear,Auto,medium
403,28.40243,76.987345,MG Road,Fatal,2022-05-30,20:00,2022-05-30 20:00:00,Clear,Truck,medium
404,28.474931,77.036239,MG Road,Minor,2023-04-05,11:00,2023-04-05 11:00:00,Clear,Bike,medium
405,28.779819,77.024576,NH-44,Severe,2023-06-10,01:00,2023-06-10 01:00:00,Fog,Auto,high
406,28.408321,77.26315,Mathura Road,Severe,2022-04-10,02:00,2022-04-10 02:00:00,Clear,Bus,medium
407,28.583373,76.832721,Dwarka Expressway,Fatal,2023-12-08,13:00,2023-12-08 13:00:00,Clear,Car,medium
408,28.706966,77.273134,G T Road,Minor,2022-09-19,15:00,2022-09-19 15:00:00,Fog,Car,high
409,28.422223,77.20608,Mathura Road,Severe,2024-09-14,12:00,2024-09-14 12:00:00,Rain,Bus,medium
410,28.897079,77.213359,NH-44,Minor,2023-11-17,17:00,2023-11-17 17:00:00,Clear,Truck,high
411,28.650549,77.278872,G T Road,Minor,2022-03-04,09:00,2022-03-04 09:00:00,Fog,Bike,high
412,28.782035,77.088904,NH-44,Minor,2022-02-02,03:00,2022-02-02 03:00:00,Rain,Car,high
413,28.709393,76.834109,NH-44,Minor,2023-12-21,05:00,2023-12-21 05:00:00,Clear,Truck,high
414,28.867954,76.931178,NH-44,Minor,2024-10-13,06:00,2024-10-13 06:00:00,Fog,Auto,high
415,28.667087,77.178719,G T Road,Severe,2023-09-16,12:00,2023-09-16 12:00:00,Clear,Truck,high
416,28.673799,77.264018,G T Road,Severe,2024-01-22,00:00,2024-01-22 00:00:00,Rain,Bike,high
417,28.607528,77.162718,Ring Road,Severe,2022-02-12,19:00,2022-02-12 19:00:00,Clear,Bike,high
418,28.664905,77.216676,G T Road,Severe,2025-02-01,08:00,2025-02-01 08:00:00,Fog,Bike,high
419,28.525899,76.804792,MG Road,Severe,2024-03-19,02:00,2024-03-19 02:00:00,Fog,Bus,medium
420,28.886204,77.036869,NH-44,Minor,2022-09-01,09:00,2022-09-01 09:00:00,Clear,Auto,high
421,28.744287,77.28911,G T Road,Severe,2022-07-23,05:00,2022-07-23 05:00:00,Rain,Truck,high
422,28.569128,77.281561,DND Flyway,Severe,2022-09-27,01:00,2022-09-27 01:00:00,Clear,Truck,medium
423,28.581607,76.81972,Dwarka Expressway,Minor,2025-04-12,10:00,2025-04-12 10:00:00,Clear,Auto,medium
424,28.589854,77.270745,Lodhi Road,Severe,2024-07-03,09:00,2024-07-03 09:00:00,Clear,Bike,low
425,28.809115,76.803493,NH-44,Minor,2025-03-21,19:00,2025-03-21 19:00:00,Rain,Auto,high
426,28.670818,76.981497,Dwarka Expressway,Minor,2024-06-21,10:00,2024-06-21 10:00:00,Rain,Truck,medium
427,28.892818,77.02527,NH-44,Minor,2024-04-06,14:00,2024-04-06 14:00:00,Fog,Truck,high
428,28.564796,77.112132,Dwarka Expressway,Minor,2024-06-03,12:00,2024-06-03 12:00:00,Fog,Auto,medium
429,28.761557,77.137458,NH-44,Minor,2024-01-26,08:00,2024-01-26 08:00:00,Clear,Bike,high
430,28.520953,77.215355,Mathura Road,Minor,2025-02-22,12:00,2025-02-22 12:00:00,Clear,Car,medium
431,28.680213,76.801313,Dwarka Expressway,Fatal,2022-09-24,11:00,2022-09-24 11:00:00,Fog,Bike,medium
432,28.643876,76.972577,Dwarka Expressway,Minor,2022-05-21,06:00,2022-05-21 06:00:00,Clear,Car,medium
433,28.880312,77.035989,NH-44,Minor,2023-11-03,20:00,2023-11-03 20:00:00,Fog,Auto,high
434,28.731329,76.851648,NH-44,Minor,2024-04-12,11:00,2024-04-12 11:00:00,Fog,Truck,high
435,28.870477,76.879235,NH-44,Fatal,2022-03-15,04:00,2022-03-15 04:00:00,Clear,Bus,high
436,28.522564,77.003521,MG Road,Minor,2022-12-01,09:00,2022-12-01 09:00:00,Rain,Car,medium
437,28.493049,77.168599,Mathura Road,Minor,2022-06-09,14:00,2022-06-09 14:00:00,Clear,Auto,medium
438,28.587996,76.870441,Dwarka Expressway,Minor,2023-06-22,18:00,2023-06-22 18:00:00,Rain,Car,medium
439,28.633745,76.822003,Dwarka Expressway,Severe,2025-04-03,03:00,2025-04-03 03:00:00,Clear,Truck,medium
440,28.718565,77.215248,G T Road,Minor,2023-11-25,11:00,2023-11-25 11:00:00,Clear,Bus,high
441,28.711414,77.109046,Outer Ring Road,Minor,2022-03-23,13:00,2022-03-23 13:00:00,Fog,Bus,high
442,28.776735,77.175395,Outer Ring Road,Minor,2022-02-07,03:00,2022-02-07 03:00:00,Rain,Bus,high
443,28.558801,76.95316,Dwarka Expressway,Minor,2024-05-04,17:00,2024-05-04 17:00:00,Fog,Auto,medium
444,28.834945,77.170469,NH-44,Severe,2023-08-01,08:00,2023-08-01 08:00:00,Clear,Truck,high
445,28.437785,77.191803,Mathura Road,Minor,2022-07-11,23:00,2022-07-11 23:00:00,Rain,Car,medium
446,28.650427,76.921157,Dwarka Expressway,Minor,2023-10-05,13:00,2023-10-05 13:00:00,Rain,Truck,medium
447,28.810289,77.093462,NH-44,Severe,2022-04-19,09:00,2022-04-19 09:00:00,Rain,Bike,high
448,28.740983,77.056093,NH-44,Minor,2022-11-01,21:00,2022-11-01 21:00:00,Clear,Truck,high
449,28.73304,77.144544,Outer Ring Road,Minor,2025-01-11,19:00,2025-01-11 19:00:00,Fog,Bike,high
450,28.406543,76.877025,MG Road,Severe,2022-12-05,13:00,2022-12-05 13:00:00,Rain,Bus,medium
451,28.898513,76.949692,NH-44,Severe,2024-04-19,14:00,2024-04-19 14:00:00,Fog,Bus,high
452,28.477669,77.108666,MG Road,Fatal,2022-01-13,22:00,2022-01-13 22:00:00,Rain,Truck,medium
453,28.841795,76.812975,NH-44,Minor,2022-03-21,10:00,2022-03-21 10:00:00,Clear,Bike,high
454,28.686619,76.952529,NH-44,Fatal,2024-03-04,00:00,2024-03-04 00:00:00,Clear,Bike,high
455,28.887407,77.272652,NH-44,Minor,2024-06-18,06:00,2024-06-18 06:00:00,Clear,Truck,high
456,28.512284,77.184409,Mathura Road,Severe,2023-07-02,08:00,2023-07-02 08:00:00,Fog,Bus,medium
457,28.640653,76.842002,Dwarka Expressway,Fatal,2023-04-20,04:00,2023-04-20 04:00:00,Clear,Bus,medium
458,28.765522,77.017391,NH-44,Minor,2024-12-27,19:00,2024-12-27 19:00:00,Rain,Bus,high
459,28.458902,77.157935,Mathura Road,Minor,2024-11-07,21:00,2024-11-07 21:00:00,Fog,Bike,medium
460,28.471368,76.876055,MG Road,Severe,2024-05-22,16:00,2024-05-22 16:00:00,Rain,Truck,medium
461,28.78574,76.853792,NH-44,Minor,2023-08-20,13:00,2023-08-20 13:00:00,Fog,Auto,high
462,28.749284,77.171831,Outer Ring Road,Severe,2022-12-21,09:00,2022-12-21 09:00:00,Rain,Truck,high
463,28.75519,76.907804,NH-44,Minor,2022-06-12,19:00,2022-06-12 19:00:00,Rain,Bus,high
464,28.447411,76.929161,MG Road,Severe,2024-08-08,08:00,2024-08-08 08:00:00,Clear,Car,medium
465,28.694678,77.129649,Rohtak Road,Minor,2022-12-13,01:00,2022-12-13 01:00:00,Clear,Auto,high
466,28.805357,76.996398,NH-44,Fatal,2024-02-15,01:00,2024-02-15 01:00:00,Rain,Bike,high
467,28.46309,77.156453,Mathura Road,Minor,2022-09-07,12:00,2022-09-07 12:00:00,Rain,Bike,medium
468,28.741241,77.13623,Outer Ring Road,Minor,2024-10-09,03:00,2024-10-09 03:00:00,Fog,Car,high
469,28.809558,77.234388,Outer Ring Road,Severe,2023-05-18,11:00,2023-05-18 11:00:00,Clear,Bike,high
470,28.501525,77.008467,MG Road,Fatal,2022-12-05,20:00,2022-12-05 20:00:00,Fog,Bus,medium
471,28.532499,77.195335,Mathura Road,Fatal,2024-08-20,04:00,2024-08-20 04:00:00,Fog,Bus,medium
472,28.692135,77.260832,G T Road,Severe,2024-08-03,08:00,2024-08-03 08:00:00,Rain,Bike,high
473,28.506425,76.869715,MG Road,Severe,2024-09-03,02:00,2024-09-03 02:00:00,Fog,Truck,medium
474,28.473885,77.156951,Mathura Road,Minor,2022-12-22,14:00,2022-12-22 14:00:00,Fog,Truck,medium
475,28.642471,77.173852,Ring Road,Minor,2024-10-22,09:00,2024-10-22 09:00:00,Clear,Truck,high
476,28.500444,77.042731,MG Road,Minor,2023-09-12,07:00,2023-09-12 07:00:00,Rain,Bus,medium
477,28.804992,77.12173,NH-44,Severe,2022-11-25,12:00,2022-11-25 12:00:00,Rain,Car,high
478,28.436443,77.204046,Mathura Road,Severe,2022-12-11,20:00,2022-12-11 20:00:00,Fog,Auto,medium
479,28.612,76.918408,Dwarka Expressway,Minor,2022-03-31,14:00,2022-03-31 14:00:00,Clear,Bus,medium
480,28.578763,76.804625,Dwarka Expressway,Minor,2024-06-18,05:00,2024-06-18 05:00:00,Rain,Bus,medium
481,28.57381,76.821988,Dwarka Expressway,Minor,2022-07-09,02:00,2022-07-09 02:00:00,Clear,Car,medium
482,28.616197,77.2489,Lodhi Road,Minor,2022-06-05,06:00,2022-06-05 06:00:00,Fog,Car,low
483,28.494795,76.866402,MG Road,Severe,2023-06-08,14:00,2023-06-08 14:00:00,Clear,Auto,medium
484,28.766647,76.82756,NH-44,Minor,2024-10-28,15:00,2024-10-28 15:00:00,Rain,Auto,high
485,28.432728,76.830866,MG Road,Minor,2024-11-11,04:00,2024-11-11 04:00:00,Clear,Truck,medium
486,28.533703,76.836073,MG Road,Minor,2024-01-25,09:00,2024-01-25 09:00:00,Rain,Auto,medium
487,28.628741,76.880469,Dwarka Expressway,Severe,2022-03-10,22:00,2022-03-10 22:00:00,Fog,Bike,medium
488,28.821606,76.861221,NH-44,Minor,2023-12-30,01:00,2023-12-30 01:00:00,Rain,Bus,high
489,28.598819,77.286454,DND Flyway,Severe,2023-12-27,00:00,2023-12-27 00:00:00,Fog,Truck,medium
490,28.730207,77.289657,G T Road,Severe,2022-10-23,20:00,2022-10-23 20:00:00,Clear,Bus,high
491,28.735175,76.823745,NH-44,Minor,2023-09-20,23:00,2023-09-20 23:00:00,Fog,Car,high
492,28.815175,77.291146,G T Road,Fatal,2022-01-29,18:00,2022-01-29 18:00:00,Rain,Auto,high
493,28.452762,77.240196,Mathura Road,Fatal,2022-11-16,06:00,2022-11-16 06:00:00,Clear,Car,medium
494,28.435886,76.885485,MG Road,Minor,2022-12-19,11:00,2022-12-19 11:00:00,Rain,Truck,medium
495,28.634451,77.132308,Rohtak Road,Minor,2024-11-23,14:00,2024-11-23 14:00:00,Rain,Car,high
496,28.53095,76.923766,MG Road,Minor,2024-09-13,13:00,2024-09-13 13:00:00,Fog,Car,medium
497,28.601022,76.838428,Dwarka Expressway,Minor,2022-06-16,09:00,2022-06-16 09:00:00,Clear,Auto,medium
498,28.812268,77.128897,NH-44,Minor,2022-07-10,23:00,2022-07-10 23:00:00,Clear,Truck,high
499,28.701286,77.141903,Rohtak Road,Minor,2022-10-28,09:00,2022-10-28 09:00:00,Clear,Truck,high
500,28.439326,76.945183,MG Road,Minor,2025-02-16,09:00,2025-02-16 09:00:00,Fog,Bike,medium
501,28.732598,77.232677,G T Road,Minor,2022-11-05,16:00,2022-11-05 16:00:00,Fog,Car,high
502,28.502917,76.850327,MG Road,Minor,2024-01-16,02:00,2024-01-16 02:00:00,Rain,Car,medium
503,28.487216,77.024442,MG Road,Minor,2025-04-02,04:00,2025-04-02 04:00:00,Fog,Auto,medium
504,28.475958,77.211865,Mathura Road,Severe,2024-08-10,13:00,2024-08-10 13:00:00,Rain,Car,medium
505,28.881915,76.880052,NH-44,Minor,2023-12-12,21:00,2023-12-12 21:00:00,Clear,Auto,high
506,28.562359,76.805576,Dwarka Expressway,Minor,2023-02-17,00:00,2023-02-17 00:00:00,Rain,Auto,medium
507,28.55758,77.28296,DND Flyway,Minor,2023-04-10,22:00,2023-04-10 22:00:00,Rain,Auto,medium
508,28.848414,77.022409,NH-44,Severe,2022-10-22,16:00,2022-10-22 16:00:00,Rain,Car,high
509,28.61052,76.901505,Dwarka Expressway,Severe,2024-06-05,13:00,2024-06-05 13:00:00,Fog,Car,medium
510,28.540721,76.813538,MG Road,Fatal,2022-09-17,07:00,2022-09-17 07:00:00,Rain,Bus,medium
511,28.719124,76.839216,NH-44,Minor,2023-01-28,19:00,2023-01-28 19:00:00,Rain,Car,high
512,28.589287,77.155684,Ring Road,Minor,2022-08-24,10:00,2022-08-24 10:00:00,Fog,Bus,high
513,28.571587,76.917487,Dwarka Expressway,Severe,2024-01-23,04:00,2024-01-23 04:00:00,Rain,Car,medium
514,28.882766,77.191712,NH-44,Minor,2025-03-09,14:00,2025-03-09 14:00:00,Rain,Truck,high
515,28.899722,76.929942,NH-44,Fatal,2023-10-13,08:00,2023-10-13 08:00:00,Clear,Bike,high
516,28.856967,77.04825,NH-44,Minor,2022-08-04,22:00,2022-08-04 22:00:00,Rain,Truck,high
517,28.620824,77.114328,Rohtak Road,Minor,2022-07-15,09:00,2022-07-15 09:00:00,Rain,Bus,high
518,28.814195,76.920389,NH-44,Fatal,2022-03-17,01:00,2022-03-17 01:00:00,Rain,Car,high
519,28.757189,77.22558,G T Road,Minor,2022-02-14,22:00,2022-02-14 22:00:00,Clear,Bus,high
520,28.760783,76.956825,NH-44,Minor,2022-09-08,20:00,2022-09-08 20:00:00,Rain,Bus,high
521,28.528411,76.820661,MG Road,Minor,2025-01-28,15:00,2025-01-28 15:00:00,Fog,Auto,medium
522,28.640714,77.173955,Ring Road,Severe,2024-12-16,08:00,2024-12-16 08:00:00,Fog,Car,high
523,28.618403,77.229882,Ring Road,Minor,2023-10-01,20:00,2023-10-01 20:00:00,Rain,Bike,high
524,28.84696,77.110151,NH-44,Minor,2022-12-06,00:00,2022-12-06 00:00:00,Clear,Car,high
525,28.5686,76.903036,Dwarka Expressway,Fatal,2024-02-02,08:00,2024-02-02 08:00:00,Fog,Truck,medium
526,28.676332,77.053889,Outer Ring Road,Minor,2023-02-07,05:00,2023-02-07 05:00:00,Rain,Bus,high
527,28.713162,77.105364,Outer Ring Road,Minor,2023-02-11,04:00,2023-02-11 04:00:00,Fog,Car,high
528,28.756987,77.216986,G T Road,Minor,2023-11-25,07:00,2023-11-25 07:00:00,Rain,Auto,high
529,28.599683,76.955618,Dwarka Expressway,Severe,2024-10-05,12:00,2024-10-05 12:00:00,Fog,Bus,medium
530,28.42963,77.124566,MG Road,Minor,2023-08-23,10:00,2023-08-23 10:00:00,Fog,Truck,medium
531,28.433402,76.883683,MG Road,Minor,2023-04-13,18:00,2023-04-13 18:00:00,Clear,Car,medium
532,28.451194,77.058859,MG Road,Fatal,2025-01-10,18:00,2025-01-10 18:00:00,Fog,Auto,medium
533,28.493408,77.144164,Mathura Road,Severe,2023-09-18,11:00,2023-09-18 11:00:00,Fog,Bike,medium
534,28.785807,76.932009,NH-44,Minor,2023-08-07,11:00,2023-08-07 11:00:00,Clear,Car,high
535,28.867271,77.291435,G T Road,Minor,2025-03-31,13:00,2025-03-31 13:00:00,Clear,Bike,high
536,28.401882,77.080784,MG Road,Fatal,2023-02-12,08:00,2023-02-12 08:00:00,Rain,Auto,medium
537,28.666661,77.274108,G T Road,Minor,2022-08-27,08:00,2022-08-27 08:00:00,Clear,Truck,high
538,28.48088,76.876411,MG Road,Severe,2024-12-30,15:00,2024-12-30 15:00:00,Clear,Bus,medium
539,28.545107,77.204397,Mathura Road,Minor,2022-04-22,07:00,2022-04-22 07:00:00,Fog,Truck,medium
540,28.694415,77.148302,Rohtak Road,Minor,2023-11-09,03:00,2023-11-09 03:00:00,Fog,Auto,high
541,28.602696,77.033761,Dwarka Expressway,Minor,2023-03-30,01:00,2023-03-30 01:00:00,Fog,Auto,medium
542,28.692736,77.036141,Outer Ring Road,Fatal,2023-09-04,01:00,2023-09-04 01:00:00,Rain,Truck,high
543,28.653791,77.221877,G T Road,Minor,2022-02-14,16:00,2022-02-14 16:00:00,Rain,Bus,high
544,28.775581,76.842365,NH-44,Fatal,2024-10-01,07:00,2024-10-01 07:00:00,Fog,Car,high
545,28.795014,76.965011,NH-44,Minor,2022-04-21,06:00,2022-04-21 06:00:00,Clear,Car,high
546,28.502558,77.090351,MG Road,Minor,2022-02-23,20:00,2022-02-23 20:00:00,Clear,Bus,medium
547,28.410424,77.042935,MG Road,Minor,2025-02-08,16:00,2025-02-08 16:00:00,Clear,Bus,medium
548,28.569616,77.186552,Mathura Road,Minor,2023-04-23,08:00,2023-04-23 08:00:00,Fog,Truck,medium
549,28.560705,76.944717,Dwarka Expressway,Severe,2023-09-30,14:00,2023-09-30 14:00:00,Rain,Bike,medium
550,28.570053,76.967544,Dwarka Expressway,Minor,2022-06-07,20:00,2022-06-07 20:00:00,Clear,Bike,medium
551,28.781262,77.298231,G T Road,Minor,2023-06-16,14:00,2023-06-16 14:00:00,Fog,Truck,high
552,28.867853,77.084286,NH-44,Minor,2023-08-29,19:00,2023-08-29 19:00:00,Rain,Car,high
553,28.627766,77.156492,Ring Road,Minor,2022-02-27,13:00,2022-02-27 13:00:00,Rain,Truck,high
554,28.847242,77.263673,NH-44,Fatal,2022-07-21,19:00,2022-07-21 19:00:00,Rain,Auto,high
555,28.617938,76.996529,Dwarka Expressway,Minor,2024-05-24,12:00,2024-05-24 12:00:00,Fog,Car,medium
556,28.760742,77.279363,G T Road,Minor,2023-04-19,16:00,2023-04-19 16:00:00,Fog,Bike,high
557,28.859325,77.158508,NH-44,Minor,2022-01-23,04:00,2022-01-23 04:00:00,Clear,Car,high
558,28.682369,77.043679,Outer Ring Road,Minor,2024-01-03,01:00,2024-01-03 01:00:00,Rain,Bus,high
559,28.824844,76.924042,NH-44,Minor,2022-11-28,22:00,2022-11-28 22:00:00,Clear,Auto,high
560,28.727668,76.896083,NH-44,Minor,2023-04-04,19:00,2023-04-04 19:00:00,Rain,Auto,high
561,28.780678,76.846479,NH-44,Minor,2022-01-26,19:00,2022-01-26 19:00:00,Fog,Car,high
562,28.800852,76.918306,NH-44,Minor,2024-06-16,22:00,2024-06-16 22:00:00,Clear,Bike,high
563,28.785093,77.170869,NH-44,Minor,2023-09-18,21:00,2023-09-18 21:00:00,Clear,Auto,high
564,28.554698,77.114902,Dwarka Expressway,Fatal,2023-04-08,14:00,2023-04-08 14:00:00,Rain,Truck,medium
565,28.478388,77.210287,Mathura Road,Minor,2023-04-09,00:00,2023-04-09 00:00:00,Fog,Car,medium
566,28.830157,77.165523,NH-44,Minor,2023-03-25,01:00,2023-03-25 01:00:00,Clear,Bike,high
567,28.765708,76.974325,NH-44,Severe,2023-11-08,02:00,2023-11-08 02:00:00,Fog,Bus,high
568,28.74447,77.262024,G T Road,Fatal,2023-07-07,02:00,2023-07-07 02:00:00,Clear,Auto,high
569,28.701975,76.866082,NH-44,Severe,2024-02-19,06:00,2024-02-19 06:00:00,Rain,Car,high
570,28.593632,77.207252,Lodhi Road,Minor,2023-03-24,00:00,2023-03-24 00:00:00,Clear,Car,low
571,28.680886,77.096358,Rohtak Road,Fatal,2024-02-07,19:00,2024-02-07 19:00:00,Fog,Bus,high
572,28.662618,77.100638,Rohtak Road,Severe,2023-09-02,10:00,2023-09-02 10:00:00,Fog,Truck,high
573,28.402864,76.81959,MG Road,Minor,2022-12-24,02:00,2022-12-24 02:00:00,Rain,Car,medium
574,28.819313,76.977362,NH-44,Minor,2024-05-08,09:00,2024-05-08 09:00:00,Rain,Truck,high
575,28.899633,76.996376,NH-44,Fatal,2024-07-10,21:00,2024-07-10 21:00:00,Fog,Bike,high
576,28.669714,77.005442,Dwarka Expressway,Minor,2022-12-31,19:00,2022-12-31 19:00:00,Rain,Auto,medium
577,28.762744,76.822047,NH-44,Minor,2024-02-29,02:00,2024-02-29 02:00:00,Rain,Bike,high
578,28.69468,77.049502,Outer Ring Road,Minor,2023-04-26,03:00,2023-04-26 03:00:00,Fog,Auto,high
579,28.721994,77.15374,Outer Ring Road,Minor,2022-04-19,14:00,2022-04-19 14:00:00,Clear,Bike,high
580,28.833732,76.952198,NH-44,Minor,2023-04-04,22:00,2023-04-04 22:00:00,Rain,Auto,high
581,28.888349,77.260578,NH-44,Minor,2024-06-14,13:00,2024-06-14 13:00:00,Clear,Bike,high
582,28.585008,76.819441,Dwarka Expressway,Severe,2022-10-15,22:00,2022-10-15 22:00:00,Fog,Car,medium
583,28.703733,77.083548,Outer Ring Road,Severe,2024-06-22,06:00,2024-06-22 06:00:00,Clear,Bus,high
584,28.781646,76.949274,NH-44,Minor,2025-03-23,10:00,2025-03-23 10:00:00,Clear,Car,high
585,28.653833,76.840888,Dwarka Expressway,Minor,2023-09-19,13:00,2023-09-19 13:00:00,Rain,Auto,medium
586,28.788745,76.922828,NH-44,Minor,2025-03-05,04:00,2025-03-05 04:00:00,Clear,Bike,high
587,28.722797,77.210595,G T Road,Fatal,2024-01-22,16:00,2024-01-22 16:00:00,Clear,Car,high
588,28.436667,76.945849,MG Road,Fatal,2025-03-23,01:00,2025-03-23 01:00:00,Clear,Truck,medium
589,28.516095,76.887995,MG Road,Severe,2024-06-14,02:00,2024-06-14 02:00:00,Clear,Car,medium
590,28.531331,77.279245,DND Flyway,Minor,2023-02-22,03:00,2023-02-22 03:00:00,Rain,Bike,medium
591,28.525435,77.15074,Mathura Road,Minor,2024-10-20,12:00,2024-10-20 12:00:00,Clear,Car,medium
592,28.541868,77.08724,Dwarka Expressway,Minor,2022-12-17,14:00,2022-12-17 14:00:00,Rain,Bike,medium
593,28.533992,76.854335,MG Road,Severe,2024-03-26,18:00,2024-03-26 18:00:00,Rain,Bus,medium
594,28.703447,77.293732,G T Road,Minor,2025-03-22,15:00,2025-03-22 15:00:00,Rain,Bus,high
595,28.47824,76.854034,MG Road,Minor,2024-10-13,02:00,2024-10-13 02:00:00,Clear,Car,medium
596,28.787786,77.262303,G T Road,Minor,2023-05-06,07:00,2023-05-06 07:00:00,Fog,Car,high
597,28.728297,76.893088,NH-44,Severe,2024-07-23,20:00,2024-07-23 20:00:00,Rain,Auto,high
598,28.525359,77.044932,Dwarka Expressway,Severe,2023-06-10,21:00,2023-06-10 21:00:00,Rain,Auto,medium
599,28.69111,77.219116,G T Road,Severe,2024-12-31,11:00,2024-12-31 11:00:00,Clear,Car,high
600,28.510438,76.823901,MG Road,Minor,2022-07-02,11:00,2022-07-02 11:00:00,Clear,Bike,medium
601,28.614558,77.212181,Ring Road,Severe,2022-07-31,18:00,2022-07-31 18:00:00,Clear,Bike,high
602,28.510778,77.092689,MG Road,Fatal,2023-10-24,08:00,2023-10-24 08:00:00,Rain,Bus,medium
603,28.776628,76.864804,NH-44,Minor,2024-06-28,14:00,2024-06-28 14:00:00,Rain,Truck,high
604,28.857391,77.094864,NH-44,Severe,2023-08-15,20:00,2023-08-15 20:00:00,Fog,Truck,high
605,28.554914,77.194699,Mathura Road,Minor,2023-05-17,20:00,2023-05-17 20:00:00,Clear,Bus,medium
606,28.812799,76.946557,NH-44,Severe,2025-01-09,19:00,2025-01-09 19:00:00,Rain,Truck,high
607,28.855687,77.073245,NH-44,Minor,2022-05-20,01:00,2022-05-20 01:00:00,Clear,Bike,high
608,28.654184,77.280807,G T Road,Minor,2023-02-05,18:00,2023-02-05 18:00:00,Fog,Bus,high
609,28.461163,77.1369,Mathura Road,Severe,2023-02-22,00:00,2023-02-22 00:00:00,Rain,Truck,medium
610,28.679918,77.019745,Outer Ring Road,Severe,2023-11-10,13:00,2023-11-10 13:00:00,Rain,Bike,high
611,28.884714,77.046846,NH-44,Minor,2024-04-15,16:00,2024-04-15 16:00:00,Fog,Bike,high
612,28.842606,76.94398,NH-44,Minor,2023-12-15,01:00,2023-12-15 01:00:00,Rain,Car,high
613,28.692202,77.196168,G T Road,Severe,2022-04-20,08:00,2022-04-20 08:00:00,Fog,Auto,high
614,28.785631,76.966778,NH-44,Minor,2023-01-11,00:00,2023-01-11 00:00:00,Clear,Car,high
615,28.542556,77.082931,Dwarka Expressway,Minor,2022-04-14,03:00,2022-04-14 03:00:00,Rain,Car,medium
616,28.664617,76.910816,Dwarka Expressway,Minor,2024-02-23,10:00,2024-02-23 10:00:00,Fog,Truck,medium
617,28.419821,77.016872,MG Road,Fatal,2024-02-25,14:00,2024-02-25 14:00:00,Clear,Bike,medium
618,28.653224,77.114101,Rohtak Road,Minor,2022-09-08,08:00,2022-09-08 08:00:00,Rain,Auto,high
619,28.843823,77.09927,NH-44,Minor,2022-10-20,17:00,2022-10-20 17:00:00,Rain,Auto,high
620,28.844881,77.26548,G T Road,Minor,2023-01-22,10:00,2023-01-22 10:00:00,Fog,Bus,high
621,28.71632,76.974071,NH-44,Minor,2024-05-05,17:00,2024-05-05 17:00:00,Fog,Car,high
622,28.497686,76.994793,MG Road,Severe,2022-05-18,15:00,2022-05-18 15:00:00,Clear,Auto,medium
623,28.608939,77.12187,Dwarka Expressway,Severe,2023-02-11,21:00,2023-02-11 21:00:00,Clear,Bike,medium
624,28.530858,76.99452,Dwarka Expressway,Minor,2024-08-05,16:00,2024-08-05 16:00:00,Clear,Truck,medium
625,28.51771,76.942171,MG Road,Minor,2025-04-14,13:00,2025-04-14 13:00:00,Rain,Bike,medium
626,28.675167,77.195252,G T Road,Minor,2025-02-11,22:00,2025-02-11 22:00:00,Fog,Auto,high
627,28.776413,77.273365,G T Road,Fatal,2025-01-07,14:00,2025-01-07 14:00:00,Rain,Bus,high
628,28.571342,77.149861,Mathura Road,Severe,2023-01-18,00:00,2023-01-18 00:00:00,Fog,Bike,medium
629,28.704122,76.990236,NH-44,Fatal,2025-03-08,08:00,2025-03-08 08:00:00,Clear,Truck,high
630,28.499336,77.182359,Mathura Road,Minor,2023-07-13,23:00,2023-07-13 23:00:00,Clear,Car,medium
631,28.848744,77.282225,G T Road,Minor,2022-04-19,23:00,2022-04-19 23:00:00,Rain,Bike,high
632,28.594716,77.009833,Dwarka Expressway,Minor,2025-04-14,11:00,2025-04-14 11:00:00,Fog,Bus,medium
633,28.747166,77.153824,Outer Ring Road,Severe,2022-01-26,10:00,2022-01-26 10:00:00,Fog,Bus,high
634,28.550687,76.981964,Dwarka Expressway,Minor,2022-04-02,16:00,2022-04-02 16:00:00,Rain,Car,medium
635,28.777168,77.067295,NH-44,Severe,2022-02-01,09:00,2022-02-01 09:00:00,Fog,Auto,high
636,28.86418,76.889676,NH-44,Fatal,2024-07-23,15:00,2024-07-23 15:00:00,Rain,Auto,high
637,28.484492,76.901147,MG Road,Severe,2024-06-20,09:00,2024-06-20 09:00:00,Fog,Auto,medium
638,28.704663,76.894781,NH-44,Minor,2022-01-27,21:00,2022-01-27 21:00:00,Rain,Car,high
639,28.817023,77.236742,Outer Ring Road,Minor,2023-05-22,03:00,2023-05-22 03:00:00,Rain,Truck,high
640,28.527036,77.00288,MG Road,Minor,2022-05-17,11:00,2022-05-17 11:00:00,Rain,Bus,medium
641,28.615936,77.059401,Dwarka Expressway,Severe,2024-10-30,03:00,2024-10-30 03:00:00,Rain,Auto,medium
642,28.446795,77.139418,Mathura Road,Fatal,2025-01-08,02:00,2025-01-08 02:00:00,Rain,Bus,medium
643,28.628766,77.066472,Dwarka Expressway,Minor,2023-03-27,10:00,2023-03-27 10:00:00,Fog,Car,medium
644,28.452906,76.914099,MG Road,Minor,2022-04-09,06:00,2022-04-09 06:00:00,Rain,Truck,medium
645,28.440174,77.066905,MG Road,Fatal,2022-03-14,00:00,2022-03-14 00:00:00,Fog,Bike,medium
646,28.477312,76.838902,MG Road,Minor,2022-03-11,15:00,2022-03-11 15:00:00,Clear,Bus,medium
647,28.418366,77.273607,Mathura Road,Fatal,2023-04-22,04:00,2023-04-22 04:00:00,Clear,Car,medium
648,28.574621,76.95001,Dwarka Expressway,Severe,2023-05-17,04:00,2023-05-17 04:00:00,Clear,Bus,medium
649,28.405036,77.271866,Mathura Road,Minor,2023-01-22,19:00,2023-01-22 19:00:00,Clear,Bus,medium
650,28.836167,77.138915,NH-44,Minor,2024-11-18,06:00,2024-11-18 06:00:00,Fog,Bike,high
651,28.43128,76.814307,MG Road,Fatal,2024-01-29,20:00,2024-01-29 20:00:00,Fog,Bike,medium
652,28.807158,77.068978,NH-44,Minor,2022-08-09,14:00,2022-08-09 14:00:00,Fog,Auto,high
653,28.405495,77.131207,MG Road,Fatal,2022-03-22,08:00,2022-03-22 08:00:00,Clear,Bike,medium
654,28.610002,76.907361,Dwarka Expressway,Minor,2024-05-29,00:00,2024-05-29 00:00:00,Fog,Bus,medium
655,28.618925,76.809505,Dwarka Expressway,Severe,2024-04-30,00:00,2024-04-30 00:00:00,Clear,Truck,medium
656,28.493273,76.906078,MG Road,Severe,2023-04-24,00:00,2023-04-24 00:00:00,Fog,Car,medium
657,28.659789,77.137836,Rohtak Road,Fatal,2022-03-19,21:00,2022-03-19 21:00:00,Clear,Bus,high
658,28.509091,77.055688,MG Road,Minor,2022-04-07,00:00,2022-04-07 00:00:00,Rain,Bike,medium
659,28.775197,77.044738,NH-44,Minor,2023-07-10,19:00,2023-07-10 19:00:00,Rain,Car,high
660,28.586392,77.075439,Dwarka Expressway,Severe,2024-07-13,21:00,2024-07-13 21:00:00,Fog,Bike,medium
661,28.813345,76.839518,NH-44,Severe,2023-02-12,14:00,2023-02-12 14:00:00,Rain,Bike,high
662,28.600734,76.803322,Dwarka Expressway,Minor,2024-12-30,22:00,2024-12-30 22:00:00,Clear,Auto,medium
663,28.446248,76.948383,MG Road,Minor,2025-01-14,16:00,2025-01-14 16:00:00,Rain,Bike,medium
664,28.593501,77.138053,Ring Road,Minor,2024-12-07,06:00,2024-12-07 06:00:00,Fog,Auto,high
665,28.57924,76.986147,Dwarka Expressway,Severe,2022-12-16,03:00,2022-12-16 03:00:00,Fog,Bike,medium
666,28.828566,76.886933,NH-44,Fatal,2023-02-02,05:00,2023-02-02 05:00:00,Clear,Truck,high
667,28.651509,77.033917,Dwarka Expressway,Severe,2024-03-06,08:00,2024-03-06 08:00:00,Rain,Bike,medium
668,28.48162,76.866414,MG Road,Severe,2022-09-28,11:00,2022-09-28 11:00:00,Fog,Bus,medium
669,28.416087,76.99294,MG Road,Fatal,2023-03-26,19:00,2023-03-26 19:00:00,Clear,Truck,medium
670,28.764356,77.209988,Outer Ring Road,Minor,2024-08-20,11:00,2024-08-20 11:00:00,Rain,Auto,high
671,28.727661,76.826183,NH-44,Fatal,2023-08-03,18:00,2023-08-03 18:00:00,Rain,Bike,high
672,28.79611,76.905973,NH-44,Minor,2022-03-02,10:00,2022-03-02 10:00:00,Clear,Auto,high
673,28.794882,77.009464,NH-44,Minor,2024-11-11,10:00,2024-11-11 10:00:00,Fog,Bike,high
674,28.425387,76.989442,MG Road,Severe,2022-08-14,03:00,2022-08-14 03:00:00,Fog,Auto,medium
675,28.873054,77.002952,NH-44,Minor,2023-03-13,00:00,2023-03-13 00:00:00,Rain,Car,high
676,28.441672,77.23947,Mathura Road,Minor,2025-02-17,22:00,2025-02-17 22:00:00,Rain,Bike,medium
677,28.755476,77.284999,G T Road,Minor,2025-01-28,18:00,2025-01-28 18:00:00,Clear,Truck,high
678,28.643313,76.804273,Dwarka Expressway,Severe,2022-01-22,14:00,2022-01-22 14:00:00,Fog,Bike,medium
679,28.620219,77.145457,Ring Road,Severe,2022-01-24,01:00,2022-01-24 01:00:00,Rain,Bike,high
680,28.751841,76.831804,NH-44,Fatal,2023-12-13,08:00,2023-12-13 08:00:00,Rain,Bike,high
681,28.572595,77.135334,Mathura Road,Minor,2023-01-09,01:00,2023-01-09 01:00:00,Rain,Bus,medium
682,28.68921,76.954308,NH-44,Minor,2023-03-11,07:00,2023-03-11 07:00:00,Fog,Truck,high
683,28.865722,76.891725,NH-44,Fatal,2023-05-19,22:00,2023-05-19 22:00:00,Clear,Truck,high
684,28.86704,77.211163,NH-44,Minor,2024-01-10,12:00,2024-01-10 12:00:00,Clear,Truck,high
685,28.85056,76.99774,NH-44,Fatal,2022-09-10,12:00,2022-09-10 12:00:00,Rain,Car,high
686,28.789624,77.173987,NH-44,Severe,2023-03-26,23:00,2023-03-26 23:00:00,Fog,Car,high
687,28.887468,76.916398,NH-44,Severe,2022-06-26,17:00,2022-06-26 17:00:00,Fog,Car,high
688,28.750175,76.901418,NH-44,Minor,2024-08-22,17:00,2024-08-22 17:00:00,Fog,Auto,high
689,28.491666,76.978339,MG Road,Fatal,2022-04-29,17:00,2022-04-29 17:00:00,Clear,Car,medium
690,28.506258,76.931793,MG Road,Minor,2024-04-25,20:00,2024-04-25 20:00:00,Fog,Car,medium
691,28.567561,77.190195,Mathura Road,Minor,2023-11-23,00:00,2023-11-23 00:00:00,Rain,Truck,medium
692,28.426935,77.08494,MG Road,Minor,2022-06-03,05:00,2022-06-03 05:00:00,Rain,Auto,medium
693,28.730603,76.945114,NH-44,Minor,2022-08-09,10:00,2022-08-09 10:00:00,Rain,Truck,high
694,28.61338,77.235836,Ring Road,Severe,2022-04-09,18:00,2022-04-09 18:00:00,Clear,Bike,high
695,28.52966,77.12726,Mathura Road,Severe,2025-03-19,11:00,2025-03-19 11:00:00,Fog,Car,medium
696,28.612904,76.995984,Dwarka Expressway,Minor,2024-11-22,01:00,2024-11-22 01:00:00,Clear,Car,medium
697,28.680599,77.154008,Rohtak Road,Minor,2022-09-12,11:00,2022-09-12 11:00:00,Clear,Auto,high
698,28.717587,77.023135,NH-44,Severe,2022-03-29,04:00,2022-03-29 04:00:00,Clear,Truck,high
699,28.86159,77.181939,NH-44,Severe,2024-03-20,22:00,2024-03-20 22:00:00,Clear,Bus,high
700,28.412372,77.261585,Mathura Road,Minor,2024-12-04,14:00,2024-12-04 14:00:00,Rain,Bike,medium
701,28.504115,77.081366,MG Road,Minor,2022-12-24,00:00,2022-12-24 00:00:00,Fog,Car,medium
702,28.430488,77.012923,MG Road,Fatal,2023-08-19,19:00,2023-08-19 19:00:00,Fog,Truck,medium
703,28.645037,77.20303,Ring Road,Minor,2024-01-15,02:00,2024-01-15 02:00:00,Fog,Car,high
704,28.882317,76.917461,NH-44,Minor,2024-03-11,07:00,2024-03-11 07:00:00,Rain,Bus,high
705,28.447266,77.116456,MG Road,Severe,2022-09-28,07:00,2022-09-28 07:00:00,Clear,Car,medium
706,28.437381,77.057653,MG Road,Fatal,2025-03-26,17:00,2025-03-26 17:00:00,Fog,Car,medium
707,28.530901,77.052915,Dwarka Expressway,Minor,2022-08-14,21:00,2022-08-14 21:00:00,Clear,Bus,medium
708,28.710576,77.192427,G T Road,Severe,2023-10-09,17:00,2023-10-09 17:00:00,Clear,Truck,high
709,28.509605,77.159517,Mathura Road,Severe,2024-08-09,02:00,2024-08-09 02:00:00,Clear,Bus,medium
710,28.688296,77.096143,Outer Ring Road,Minor,2024-12-21,19:00,2024-12-21 19:00:00,Clear,Bike,high
711,28.814264,76.916728,NH-44,Severe,2022-05-29,13:00,2022-05-29 13:00:00,Clear,Bus,high
712,28.495909,77.265569,Mathura Road,Minor,2022-06-07,04:00,2022-06-07 04:00:00,Fog,Truck,medium
713,28.646897,77.176138,Ring Road,Minor,2022-05-28,00:00,2022-05-28 00:00:00,Rain,Auto,high
714,28.738058,76.946424,NH-44,Severe,2022-11-25,20:00,2022-11-25 20:00:00,Clear,Bike,high
715,28.879365,76.997456,NH-44,Severe,2023-11-12,00:00,2023-11-12 00:00:00,Fog,Car,high
716,28.802554,76.884469,NH-44,Minor,2024-03-29,10:00,2024-03-29 10:00:00,Clear,Bike,high
717,28.630966,76.804484,Dwarka Expressway,Minor,2022-08-07,22:00,2022-08-07 22:00:00,Fog,Car,medium
718,28.748944,76.870387,NH-44,Severe,2024-04-30,19:00,2024-04-30 19:00:00,Fog,Bike,high
719,28.744717,76.96011,NH-44,Minor,2024-07-13,19:00,2024-07-13 19:00:00,Clear,Bus,high
720,28.572391,77.009355,Dwarka Expressway,Minor,2024-01-11,20:00,2024-01-11 20:00:00,Clear,Car,medium
721,28.788249,76.842778,NH-44,Minor,2023-11-27,04:00,2023-11-27 04:00:00,Fog,Bike,high
722,28.445952,77.131916,MG Road,Minor,2023-12-09,19:00,2023-12-09 19:00:00,Fog,Truck,medium
723,28.854457,76.925554,NH-44,Fatal,2022-03-03,18:00,2022-03-03 18:00:00,Clear,Bike,high
724,28.439603,77.160934,Mathura Road,Fatal,2023-02-03,05:00,2023-02-03 05:00:00,Fog,Bike,medium
725,28.416768,76.805433,MG Road,Minor,2024-04-12,00:00,2024-04-12 00:00:00,Rain,Auto,medium
726,28.670066,76.85718,Dwarka Expressway,Minor,2024-02-09,15:00,2024-02-09 15:00:00,Fog,Auto,medium
727,28.888801,77.125268,NH-44,Minor,2023-10-07,16:00,2023-10-07 16:00:00,Rain,Car,high
728,28.69014,77.210286,G T Road,Severe,2023-10-07,10:00,2023-10-07 10:00:00,Rain,Auto,high
729,28.846015,77.184865,NH-44,Minor,2023-07-04,02:00,2023-07-04 02:00:00,Rain,Bus,high
730,28.693404,77.203917,G T Road,Minor,2023-05-01,11:00,2023-05-01 11:00:00,Clear,Bike,high
731,28.648699,76.900756,Dwarka Expressway,Severe,2023-12-20,22:00,2023-12-20 22:00:00,Fog,Bike,medium
732,28.467925,76.99833,MG Road,Minor,2024-12-29,18:00,2024-12-29 18:00:00,Fog,Bike,medium
733,28.560289,77.120633,Dwarka Expressway,Fatal,2023-10-29,13:00,2023-10-29 13:00:00,Rain,Truck,medium
734,28.623772,77.000656,Dwarka Expressway,Severe,2025-03-19,15:00,2025-03-19 15:00:00,Clear,Bus,medium
735,28.711141,77.165906,Rohtak Road,Fatal,2022-07-25,05:00,2022-07-25 05:00:00,Clear,Truck,high
736,28.765712,76.949444,NH-44,Minor,2023-10-15,13:00,2023-10-15 13:00:00,Fog,Truck,high
737,28.492797,76.954677,MG Road,Minor,2022-06-06,12:00,2022-06-06 12:00:00,Clear,Truck,medium
738,28.841526,77.278479,G T Road,Severe,2022-08-31,20:00,2022-08-31 20:00:00,Fog,Truck,high
739,28.861678,77.232427,NH-44,Minor,2024-06-17,20:00,2024-06-17 20:00:00,Fog,Truck,high
740,28.661808,76.825102,Dwarka Expressway,Minor,2024-03-13,12:00,2024-03-13 12:00:00,Fog,Car,medium
741,28.703473,76.880704,NH-44,Minor,2023-08-15,01:00,2023-08-15 01:00:00,Fog,Car,high
742,28.74179,76.959813,NH-44,Minor,2023-03-28,12:00,2023-03-28 12:00:00,Rain,Bike,high
743,28.488048,77.003688,MG Road,Minor,2022-04-07,20:00,2022-04-07 20:00:00,Fog,Truck,medium
744,28.573862,77.214339,Lodhi Road,Severe,2023-04-19,01:00,2023-04-19 01:00:00,Fog,Truck,low
745,28.701328,76.81063,NH-44,Minor,2025-02-06,15:00,2025-02-06 15:00:00,Fog,Truck,high
746,28.704981,77.188801,Rohtak Road,Severe,2022-02-18,13:00,2022-02-18 13:00:00,Clear,Bus,high
747,28.549755,76.956026,Dwarka Expressway,Severe,2023-03-19,15:00,2023-03-19 15:00:00,Clear,Bus,medium
748,28.728497,76.884143,NH-44,Severe,2024-09-05,14:00,2024-09-05 14:00:00,Rain,Car,high
749,28.508008,76.924245,MG Road,Minor,2024-03-14,19:00,2024-03-14 19:00:00,Clear,Bus,medium
750,28.778358,76.958369,NH-44,Severe,2024-01-02,22:00,2024-01-02 22:00:00,Clear,Bike,high
751,28.86138,77.08249,NH-44,Minor,2022-01-15,11:00,2022-01-15 11:00:00,Rain,Auto,high
752,28.752617,77.250576,G T Road,Minor,2022-05-26,04:00,2022-05-26 04:00:00,Rain,Auto,high
753,28.429267,77.193895,Mathura Road,Minor,2022-07-13,19:00,2022-07-13 19:00:00,Fog,Car,medium
754,28.475044,77.19469,Mathura Road,Severe,2022-12-07,01:00,2022-12-07 01:00:00,Fog,Bus,medium
755,28.749393,76.960194,NH-44,Minor,2024-09-18,22:00,2024-09-18 22:00:00,Clear,Auto,high
756,28.449733,77.135666,MG Road,Minor,2024-08-15,02:00,2024-08-15 02:00:00,Clear,Car,medium
757,28.588403,77.116945,Dwarka Expressway,Severe,2023-12-31,14:00,2023-12-31 14:00:00,Clear,Auto,medium
758,28.570512,76.973679,Dwarka Expressway,Minor,2023-07-17,11:00,2023-07-17 11:00:00,Fog,Bike,medium
759,28.412464,77.123036,MG Road,Minor,2022-05-09,05:00,2022-05-09 05:00:00,Fog,Car,medium
760,28.604884,77.095695,Dwarka Expressway,Severe,2022-09-16,12:00,2022-09-16 12:00:00,Rain,Bus,medium
761,28.500573,76.809771,MG Road,Minor,2023-10-02,23:00,2023-10-02 23:00:00,Fog,Auto,medium
762,28.830255,76.914846,NH-44,Minor,2023-06-18,09:00,2023-06-18 09:00:00,Fog,Truck,high
763,28.89893,76.880343,NH-44,Minor,2025-02-01,08:00,2025-02-01 08:00:00,Fog,Bike,high
764,28.880762,76.806956,NH-44,Minor,2023-07-24,11:00,2023-07-24 11:00:00,Rain,Auto,high
765,28.870283,77.20857,NH-44,Minor,2023-10-28,09:00,2023-10-28 09:00:00,Rain,Bus,high
766,28.709293,76.845956,NH-44,Minor,2022-07-11,00:00,2022-07-11 00:00:00,Rain,Bike,high
767,28.507067,76.875497,MG Road,Minor,2024-07-27,09:00,2024-07-27 09:00:00,Fog,Car,medium
768,28.580384,76.81627,Dwarka Expressway,Minor,2024-06-27,19:00,2024-06-27 19:00:00,Clear,Car,medium
769,28.499797,77.264801,Mathura Road,Severe,2024-07-02,18:00,2024-07-02 18:00:00,Rain,Auto,medium
770,28.585326,77.1861,Lodhi Road,Fatal,2023-08-28,18:00,2023-08-28 18:00:00,Fog,Bus,low
771,28.613727,76.818425,Dwarka Expressway,Minor,2024-05-30,09:00,2024-05-30 09:00:00,Clear,Bike,medium
772,28.484647,76.920916,MG Road,Fatal,2022-03-22,08:00,2022-03-22 08:00:00,Rain,Car,medium
773,28.512813,77.122477,Mathura Road,Severe,2023-08-17,02:00,2023-08-17 02:00:00,Rain,Truck,medium
774,28.764185,77.041609,NH-44,Severe,2022-11-21,18:00,2022-11-21 18:00:00,Fog,Truck,high
775,28.84032,77.017515,NH-44,Severe,2022-11-27,06:00,2022-11-27 06:00:00,Clear,Bike,high
776,28.474725,76.81908,MG Road,Minor,2024-05-14,09:00,2024-05-14 09:00:00,Fog,Auto,medium
777,28.869516,77.239829,NH-44,Minor,2022-08-26,16:00,2022-08-26 16:00:00,Clear,Truck,high
778,28.710538,76.950602,NH-44,Minor,2022-06-03,16:00,2022-06-03 16:00:00,Clear,Truck,high
779,28.634906,76.980766,Dwarka Expressway,Minor,2024-09-28,20:00,2024-09-28 20:00:00,Clear,Bike,medium
780,28.406774,76.992995,MG Road,Severe,2023-01-16,07:00,2023-01-16 07:00:00,Fog,Auto,medium
781,28.523031,77.060281,MG Road,Severe,2023-04-26,18:00,2023-04-26 18:00:00,Fog,Car,medium
782,28.540433,77.08298,Dwarka Expressway,Severe,2025-04-14,07:00,2025-04-14 07:00:00,Clear,Truck,medium
783,28.890735,77.234034,NH-44,Fatal,2023-02-04,07:00,2023-02-04 07:00:00,Rain,Bike,high
784,28.670187,76.971919,Dwarka Expressway,Minor,2022-02-04,15:00,2022-02-04 15:00:00,Clear,Auto,medium
785,28.681079,77.226571,G T Road,Minor,2024-03-10,03:00,2024-03-10 03:00:00,Rain,Auto,high
786,28.896341,77.075992,NH-44,Severe,2022-06-28,13:00,2022-06-28 13:00:00,Rain,Car,high
787,28.75773,77.046884,NH-44,Minor,2024-08-20,07:00,2024-08-20 07:00:00,Rain,Car,high
788,28.475079,77.007572,MG Road,Minor,2023-12-12,11:00,2023-12-12 11:00:00,Rain,Auto,medium
789,28.501063,77.265121,Mathura Road,Fatal,2023-05-09,02:00,2023-05-09 02:00:00,Fog,Car,medium
790,28.793823,77.24363,G T Road,Severe,2023-01-02,17:00,2023-01-02 17:00:00,Fog,Bus,high
791,28.484003,77.106442,MG Road,Severe,2022-06-21,10:00,2022-06-21 10:00:00,Clear,Truck,medium
792,28.843329,77.118703,NH-44,Severe,2023-07-23,09:00,2023-07-23 09:00:00,Rain,Car,high
793,28.796223,77.297922,G T Road,Minor,2024-05-13,23:00,2024-05-13 23:00:00,Fog,Bus,high
794,28.788076,76.999467,NH-44,Minor,2024-09-17,18:00,2024-09-17 18:00:00,Rain,Auto,high
795,28.813297,76.973871,NH-44,Minor,2022-09-04,15:00,2022-09-04 15:00:00,Fog,Bike,high
796,28.661635,76.878187,Dwarka Expressway,Minor,2024-03-06,17:00,2024-03-06 17:00:00,Fog,Bus,medium
797,28.787557,76.923593,NH-44,Minor,2023-07-29,12:00,2023-07-29 12:00:00,Rain,Bus,high
798,28.550106,77.13647,Mathura Road,Minor,2022-11-10,22:00,2022-11-10 22:00:00,Clear,Bus,medium
799,28.799389,77.157502,NH-44,Severe,2023-09-21,05:00,2023-09-21 05:00:00,Clear,Car,high
800,28.587656,77.173,Ring Road,Minor,2024-08-19,19:00,2024-08-19 19:00:00,Clear,Bike,high
801,28.788854,76.804811,NH-44,Minor,2023-04-30,01:00,2023-04-30 01:00:00,Clear,Bike,high
802,28.747051,76.910392,NH-44,Minor,2024-03-08,12:00,2024-03-08 12:00:00,Rain,Bike,high
803,28.658523,76.809369,Dwarka Expressway,Minor,2022-01-28,19:00,2022-01-28 19:00:00,Rain,Truck,medium
804,28.763197,77.002611,NH-44,Severe,2023-02-04,17:00,2023-02-04 17:00:00,Clear,Truck,high
805,28.464111,76.942475,MG Road,Severe,2022-09-25,20:00,2022-09-25 20:00:00,Fog,Bike,medium
806,28.479127,76.823041,MG Road,Fatal,2024-04-22,12:00,2024-04-22 12:00:00,Rain,Auto,medium
807,28.558158,76.804819,Dwarka Expressway,Minor,2024-10-06,14:00,2024-10-06 14:00:00,Fog,Car,medium
808,28.616842,77.273702,Lodhi Road,Minor,2025-03-31,11:00,2025-03-31 11:00:00,Rain,Truck,low
809,28.480772,77.038886,MG Road,Fatal,2024-08-28,21:00,2024-08-28 21:00:00,Fog,Auto,medium
810,28.511354,77.027199,MG Road,Minor,2024-05-20,16:00,2024-05-20 16:00:00,Fog,Bike,medium
811,28.667453,76.981125,Dwarka Expressway,Minor,2022-09-24,21:00,2022-09-24 21:00:00,Clear,Car,medium
812,28.768531,76.829047,NH-44,Minor,2023-04-10,11:00,2023-04-10 11:00:00,Rain,Truck,high
813,28.502008,77.181762,Mathura Road,Minor,2023-02-20,18:00,2023-02-20 18:00:00,Fog,Auto,medium
814,28.579608,77.084214,Dwarka Expressway,Minor,2024-03-29,03:00,2024-03-29 03:00:00,Rain,Truck,medium
815,28.413432,77.247678,Mathura Road,Minor,2025-04-01,17:00,2025-04-01 17:00:00,Rain,Truck,medium
816,28.41684,77.192572,Mathura Road,Minor,2022-04-25,07:00,2022-04-25 07:00:00,Clear,Car,medium
817,28.599191,76.9698,Dwarka Expressway,Fatal,2022-11-11,10:00,2022-11-11 10:00:00,Rain,Bus,medium
818,28.612933,76.963753,Dwarka Expressway,Minor,2023-06-11,10:00,2023-06-11 10:00:00,Fog,Bus,medium
819,28.444375,77.26826,Mathura Road,Minor,2024-07-08,06:00,2024-07-08 06:00:00,Fog,Truck,medium
820,28.819808,77.024406,NH-44,Minor,2023-11-14,16:00,2023-11-14 16:00:00,Clear,Auto,high
821,28.639622,77.002292,Dwarka Expressway,Fatal,2022-08-20,17:00,2022-08-20 17:00:00,Fog,Bike,medium
822,28.647934,76.812153,Dwarka Expressway,Fatal,2022-06-23,12:00,2022-06-23 12:00:00,Fog,Auto,medium
823,28.693764,76.983896,NH-44,Severe,2022-02-26,05:00,2022-02-26 05:00:00,Fog,Car,high
824,28.496926,76.966004,MG Road,Minor,2022-06-24,06:00,2022-06-24 06:00:00,Clear,Truck,medium
825,28.585696,76.901755,Dwarka Expressway,Fatal,2022-12-03,08:00,2022-12-03 08:00:00,Rain,Truck,medium
826,28.688458,76.819192,Dwarka Expressway,Severe,2023-07-02,00:00,2023-07-02 00:00:00,Fog,Truck,medium
827,28.638288,77.2949,G T Road,Fatal,2022-08-20,23:00,2022-08-20 23:00:00,Clear,Bus,high
828,28.569594,77.099851,Dwarka Expressway,Severe,2024-06-03,08:00,2024-06-03 08:00:00,Rain,Auto,medium
829,28.400527,77.154691,MG Road,Minor,2024-10-25,01:00,2024-10-25 01:00:00,Rain,Auto,medium
830,28.832773,77.006717,NH-44,Minor,2024-01-16,08:00,2024-01-16 08:00:00,Fog,Car,high
831,28.584264,76.854092,Dwarka Expressway,Minor,2024-12-24,12:00,2024-12-24 12:00:00,Fog,Auto,medium
832,28.495753,77.28214,Mathura Road,Minor,2023-06-03,00:00,2023-06-03 00:00:00,Fog,Car,medium
833,28.814474,77.161378,NH-44,Severe,2023-04-06,19:00,2023-04-06 19:00:00,Clear,Bus,high
834,28.815947,77.147118,NH-44,Minor,2022-11-11,09:00,2022-11-11 09:00:00,Rain,Bike,high
835,28.405334,77.291254,Mathura Road,Fatal,2024-01-21,00:00,2024-01-21 00:00:00,Fog,Car,medium
836,28.61887,76.965561,Dwarka Expressway,Minor,2024-06-26,17:00,2024-06-26 17:00:00,Fog,Truck,medium
837,28.535088,77.038905,Dwarka Expressway,Minor,2022-07-12,11:00,2022-07-12 11:00:00,Clear,Car,medium
838,28.474787,77.157538,Mathura Road,Minor,2024-06-29,21:00,2024-06-29 21:00:00,Rain,Auto,medium
839,28.459244,77.260155,Mathura Road,Minor,2025-01-17,09:00,2025-01-17 09:00:00,Rain,Truck,medium
840,28.431166,76.833364,MG Road,Minor,2022-12-22,23:00,2022-12-22 23:00:00,Fog,Bike,medium
841,28.463418,76.810812,MG Road,Severe,2024-05-05,04:00,2024-05-05 04:00:00,Rain,Auto,medium
842,28.879785,77.209793,NH-44,Minor,2022-12-19,00:00,2022-12-19 00:00:00,Rain,Bus,high
843,28.572123,76.962675,Dwarka Expressway,Minor,2024-04-01,02:00,2024-04-01 02:00:00,Clear,Auto,medium
844,28.847766,77.163614,NH-44,Severe,2023-10-10,19:00,2023-10-10 19:00:00,Rain,Truck,high
845,28.666536,76.868358,Dwarka Expressway,Minor,2022-04-10,02:00,2022-04-10 02:00:00,Rain,Truck,medium
846,28.585416,77.231318,Lodhi Road,Minor,2023-04-29,05:00,2023-04-29 05:00:00,Rain,Truck,low
847,28.535627,76.886397,MG Road,Minor,2024-06-02,12:00,2024-06-02 12:00:00,Clear,Auto,medium
848,28.655684,76.926192,Dwarka Expressway,Severe,2025-01-02,05:00,2025-01-02 05:00:00,Clear,Bus,medium
849,28.723301,77.252233,G T Road,Minor,2022-01-15,16:00,2022-01-15 16:00:00,Rain,Truck,high
850,28.609609,77.255347,Lodhi Road,Minor,2023-05-28,17:00,2023-05-28 17:00:00,Clear,Auto,low
851,28.481359,77.150718,Mathura Road,Fatal,2022-02-18,00:00,2022-02-18 00:00:00,Clear,Bus,medium
852,28.638469,76.832814,Dwarka Expressway,Minor,2023-11-25,11:00,2023-11-25 11:00:00,Rain,Auto,medium
853,28.891741,76.829361,NH-44,Minor,2023-01-07,13:00,2023-01-07 13:00:00,Clear,Car,high
854,28.499012,77.081434,MG Road,Severe,2024-08-06,01:00,2024-08-06 01:00:00,Rain,Bus,medium
855,28.5718,77.013493,Dwarka Expressway,Minor,2025-02-20,06:00,2025-02-20 06:00:00,Rain,Car,medium
856,28.647626,77.253304,G T Road,Minor,2023-07-23,09:00,2023-07-23 09:00:00,Rain,Auto,high
857,28.730729,77.002146,NH-44,Severe,2024-01-11,16:00,2024-01-11 16:00:00,Clear,Bike,high
858,28.876829,77.092908,NH-44,Minor,2025-01-25,16:00,2025-01-25 16:00:00,Fog,Truck,high
859,28.644265,76.80444,Dwarka Expressway,Minor,2022-09-05,19:00,2022-09-05 19:00:00,Clear,Bus,medium
860,28.730164,77.220325,G T Road,Minor,2022-07-15,12:00,2022-07-15 12:00:00,Rain,Bus,high
861,28.736314,77.072075,NH-44,Minor,2024-10-18,14:00,2024-10-18 14:00:00,Fog,Bike,high
862,28.725014,76.863618,NH-44,Minor,2024-07-14,07:00,2024-07-14 07:00:00,Clear,Bus,high
863,28.597558,76.939525,Dwarka Expressway,Minor,2023-12-13,22:00,2023-12-13 22:00:00,Clear,Bus,medium
864,28.734611,77.025021,NH-44,Severe,2022-10-27,04:00,2022-10-27 04:00:00,Rain,Auto,high
865,28.81698,77.143823,NH-44,Minor,2024-10-04,12:00,2024-10-04 12:00:00,Clear,Bike,high
866,28.51481,76.909408,MG Road,Minor,2024-12-03,17:00,2024-12-03 17:00:00,Clear,Car,medium
867,28.857615,77.10038,NH-44,Severe,2024-05-11,11:00,2024-05-11 11:00:00,Fog,Bus,high
868,28.875046,76.893508,NH-44,Minor,2022-07-23,07:00,2022-07-23 07:00:00,Clear,Auto,high
869,28.578544,76.88258,Dwarka Expressway,Minor,2023-06-05,04:00,2023-06-05 04:00:00,Rain,Bus,medium
870,28.73327,77.151444,Outer Ring Road,Fatal,2022-11-27,16:00,2022-11-27 16:00:00,Fog,Car,high
871,28.449995,76.893302,MG Road,Fatal,2022-08-05,00:00,2022-08-05 00:00:00,Rain,Bike,medium
872,28.669892,77.171142,Rohtak Road,Minor,2022-08-14,15:00,2022-08-14 15:00:00,Fog,Bike,high
873,28.689863,77.071255,Outer Ring Road,Minor,2025-03-02,01:00,2025-03-02 01:00:00,Fog,Auto,high
874,28.829066,76.887757,NH-44,Severe,2024-02-07,00:00,2024-02-07 00:00:00,Clear,Auto,high
875,28.536465,77.180483,Mathura Road,Minor,2024-11-11,07:00,2024-11-11 07:00:00,Rain,Bus,medium
876,28.539258,76.971962,Dwarka Expressway,Fatal,2024-10-22,04:00,2024-10-22 04:00:00,Clear,Truck,medium
877,28.774643,76.813649,NH-44,Minor,2023-08-29,19:00,2023-08-29 19:00:00,Rain,Bus,high
878,28.519137,76.976068,MG Road,Severe,2023-11-16,05:00,2023-11-16 05:00:00,Clear,Truck,medium
879,28.459885,76.966328,MG Road,Minor,2024-01-04,04:00,2024-01-04 04:00:00,Fog,Bike,medium
880,28.778756,76.91227,NH-44,Fatal,2024-04-17,04:00,2024-04-17 04:00:00,Clear,Car,high
881,28.871207,77.16875,NH-44,Severe,2025-02-15,11:00,2025-02-15 11:00:00,Clear,Car,high
882,28.456835,76.903568,MG Road,Severe,2023-03-12,00:00,2023-03-12 00:00:00,Rain,Bike,medium
883,28.525259,77.038291,MG Road,Severe,2022-03-11,02:00,2022-03-11 02:00:00,Clear,Bus,medium
884,28.437808,77.149853,Mathura Road,Fatal,2022-06-26,22:00,2022-06-26 22:00:00,Rain,Auto,medium
885,28.459585,77.059644,MG Road,Severe,2023-12-27,04:00,2023-12-27 04:00:00,Rain,Bus,medium
886,28.811802,77.072136,NH-44,Fatal,2024-09-12,05:00,2024-09-12 05:00:00,Fog,Bus,high
887,28.54224,76.800451,MG Road,Severe,2024-12-27,00:00,2024-12-27 00:00:00,Rain,Auto,medium
888,28.737739,77.147022,Outer Ring Road,Fatal,2024-04-04,12:00,2024-04-04 12:00:00,Clear,Bike,high
889,28.636235,76.875493,Dwarka Expressway,Fatal,2022-07-06,11:00,2022-07-06 11:00:00,Fog,Car,medium
890,28.595591,77.218508,Lodhi Road,Minor,2024-11-16,16:00,2024-11-16 16:00:00,Rain,Car,low
891,28.711475,76.820108,NH-44,Minor,2025-02-24,12:00,2025-02-24 12:00:00,Clear,Bus,high
892,28.457905,76.954728,MG Road,Minor,2024-01-06,06:00,2024-01-06 06:00:00,Rain,Auto,medium
893,28.51588,77.198858,Mathura Road,Severe,2024-04-22,21:00,2024-04-22 21:00:00,Clear,Truck,medium
894,28.630696,77.004106,Dwarka Expressway,Severe,2023-12-20,05:00,2023-12-20 05:00:00,Fog,Auto,medium
895,28.710404,76.804333,NH-44,Fatal,2022-12-25,10:00,2022-12-25 10:00:00,Fog,Truck,high
896,28.427444,76.986769,MG Road,Minor,2023-12-09,02:00,2023-12-09 02:00:00,Fog,Truck,medium
897,28.559438,77.190176,Mathura Road,Minor,2022-07-27,01:00,2022-07-27 01:00:00,Rain,Truck,medium
898,28.843614,77.06179,NH-44,Minor,2022-11-07,08:00,2022-11-07 08:00:00,Rain,Truck,high
899,28.728845,76.838145,NH-44,Minor,2024-03-22,14:00,2024-03-22 14:00:00,Rain,Bike,high
900,28.855852,76.822239,NH-44,Minor,2022-05-10,11:00,2022-05-10 11:00:00,Fog,Auto,high
901,28.559227,77.278792,DND Flyway,Severe,2023-01-25,09:00,2023-01-25 09:00:00,Clear,Bus,medium
902,28.542165,77.074841,Dwarka Expressway,Minor,2025-01-15,20:00,2025-01-15 20:00:00,Rain,Truck,medium
903,28.861909,77.258992,NH-44,Severe,2025-03-30,13:00,2025-03-30 13:00:00,Clear,Truck,high
904,28.724308,77.08428,Outer Ring Road,Severe,2023-05-17,22:00,2023-05-17 22:00:00,Rain,Bike,high
905,28.818093,77.156374,NH-44,Severe,2025-02-02,21:00,2025-02-02 21:00:00,Clear,Bike,high
906,28.618506,77.125537,Rohtak Road,Minor,2022-03-25,08:00,2022-03-25 08:00:00,Fog,Auto,high
907,28.749958,76.957405,NH-44,Minor,2024-03-17,23:00,2024-03-17 23:00:00,Fog,Truck,high
908,28.422381,77.209628,Mathura Road,Minor,2024-04-22,22:00,2024-04-22 22:00:00,Rain,Truck,medium
909,28.811311,77.1734,NH-44,Minor,2022-02-10,10:00,2022-02-10 10:00:00,Rain,Bus,high
910,28.796399,76.973603,NH-44,Severe,2022-05-31,15:00,2022-05-31 15:00:00,Fog,Car,high
911,28.665829,77.08184,Rohtak Road,Severe,2023-09-07,10:00,2023-09-07 10:00:00,Rain,Bike,high
912,28.769057,77.229781,G T Road,Minor,2024-12-03,14:00,2024-12-03 14:00:00,Rain,Car,high
913,28.432548,77.237562,Mathura Road,Minor,2022-08-14,08:00,2022-08-14 08:00:00,Rain,Auto,medium
914,28.771695,77.203105,Outer Ring Road,Severe,2024-05-25,12:00,2024-05-25 12:00:00,Clear,Auto,high
915,28.547502,77.02835,Dwarka Expressway,Fatal,2024-10-19,18:00,2024-10-19 18:00:00,Fog,Auto,medium
916,28.53529,76.974012,Dwarka Expressway,Minor,2023-10-15,10:00,2023-10-15 10:00:00,Clear,Truck,medium
917,28.508389,76.872129,MG Road,Minor,2025-03-17,18:00,2025-03-17 18:00:00,Clear,Car,medium
918,28.674781,77.192664,G T Road,Fatal,2025-01-21,05:00,2025-01-21 05:00:00,Rain,Car,high
919,28.865264,77.211424,NH-44,Minor,2022-05-31,06:00,2022-05-31 06:00:00,Rain,Car,high
920,28.548303,76.889477,Dwarka Expressway,Fatal,2022-07-06,03:00,2022-07-06 03:00:00,Rain,Bike,medium
921,28.886186,77.005326,NH-44,Severe,2024-04-08,23:00,2024-04-08 23:00:00,Fog,Truck,high
922,28.550913,76.994045,Dwarka Expressway,Minor,2023-01-19,02:00,2023-01-19 02:00:00,Fog,Car,medium
923,28.788106,76.864866,NH-44,Minor,2024-03-06,22:00,2024-03-06 22:00:00,Fog,Bus,high
924,28.600306,77.045472,Dwarka Expressway,Fatal,2022-10-22,22:00,2022-10-22 22:00:00,Rain,Auto,medium
925,28.646002,77.053842,Dwarka Expressway,Minor,2025-01-29,00:00,2025-01-29 00:00:00,Clear,Truck,medium
926,28.749379,77.024803,NH-44,Minor,2024-01-11,09:00,2024-01-11 09:00:00,Clear,Auto,high
927,28.742861,77.210292,G T Road,Severe,2023-03-01,14:00,2023-03-01 14:00:00,Rain,Bus,high
928,28.450535,76.80492,MG Road,Fatal,2024-09-17,13:00,2024-09-17 13:00:00,Rain,Bus,medium
929,28.469261,76.865387,MG Road,Minor,2022-09-14,13:00,2022-09-14 13:00:00,Rain,Auto,medium
930,28.493529,77.100473,MG Road,Minor,2024-07-16,06:00,2024-07-16 06:00:00,Rain,Bus,medium
931,28.896587,77.126015,NH-44,Minor,2023-02-22,13:00,2023-02-22 13:00:00,Rain,Bus,high
932,28.730153,77.110157,Outer Ring Road,Severe,2022-03-10,10:00,2022-03-10 10:00:00,Clear,Truck,high
933,28.533428,77.005112,Dwarka Expressway,Severe,2023-04-14,15:00,2023-04-14 15:00:00,Fog,Car,medium
934,28.874924,76.873585,NH-44,Minor,2022-01-23,17:00,2022-01-23 17:00:00,Rain,Truck,high
935,28.492172,76.934352,MG Road,Minor,2024-11-27,17:00,2024-11-27 17:00:00,Rain,Car,medium
936,28.430464,76.819428,MG Road,Minor,2024-04-26,10:00,2024-04-26 10:00:00,Clear,Bike,medium
937,28.882481,77.047769,NH-44,Minor,2024-12-16,01:00,2024-12-16 01:00:00,Clear,Bus,high
938,28.694609,76.810198,Dwarka Expressway,Fatal,2025-02-14,19:00,2025-02-14 19:00:00,Clear,Car,medium
939,28.688973,76.8819,NH-44,Minor,2024-05-10,05:00,2024-05-10 05:00:00,Clear,Car,high
940,28.743753,76.918518,NH-44,Fatal,2025-03-05,12:00,2025-03-05 12:00:00,Fog,Bike,high
941,28.462257,76.920732,MG Road,Minor,2024-08-10,18:00,2024-08-10 18:00:00,Fog,Auto,medium
942,28.767231,77.208253,Outer Ring Road,Minor,2023-08-15,10:00,2023-08-15 10:00:00,Clear,Bus,high
943,28.458585,77.244541,Mathura Road,Minor,2023-05-24,13:00,2023-05-24 13:00:00,Fog,Car,medium
944,28.791711,77.00453,NH-44,Minor,2024-03-19,21:00,2024-03-19 21:00:00,Clear,Bus,high
945,28.696419,77.132926,Rohtak Road,Minor,2024-04-16,06:00,2024-04-16 06:00:00,Clear,Auto,high
946,28.671234,76.929094,Dwarka Expressway,Fatal,2022-03-02,10:00,2022-03-02 10:00:00,Clear,Auto,medium
947,28.45335,77.299163,Mathura Road,Minor,2022-01-08,16:00,2022-01-08 16:00:00,Clear,Auto,medium
948,28.498915,77.123624,Mathura Road,Minor,2024-11-09,20:00,2024-11-09 20:00:00,Fog,Auto,medium
949,28.451421,76.987843,MG Road,Minor,2025-01-19,07:00,2025-01-19 07:00:00,Clear,Car,medium
950,28.621226,77.214557,Ring Road,Fatal,2023-12-03,04:00,2023-12-03 04:00:00,Rain,Auto,high
951,28.597421,77.240647,Lodhi Road,Minor,2024-08-07,08:00,2024-08-07 08:00:00,Fog,Bus,low
952,28.484521,76.980976,MG Road,Minor,2022-05-21,05:00,2022-05-21 05:00:00,Rain,Car,medium
953,28.429088,77.105668,MG Road,Minor,2024-06-09,05:00,2024-06-09 05:00:00,Rain,Bus,medium
954,28.549193,76.94343,Dwarka Expressway,Severe,2022-01-16,07:00,2022-01-16 07:00:00,Fog,Bike,medium
955,28.617825,76.954362,Dwarka Expressway,Severe,2024-07-29,01:00,2024-07-29 01:00:00,Fog,Bus,medium
956,28.604401,77.138663,Ring Road,Severe,2022-03-21,20:00,2022-03-21 20:00:00,Rain,Auto,high
957,28.879673,77.014362,NH-44,Severe,2023-12-02,09:00,2023-12-02 09:00:00,Fog,Truck,high
958,28.881993,77.257561,NH-44,Minor,2022-12-01,10:00,2022-12-01 10:00:00,Rain,Truck,high
959,28.603143,77.06908,Dwarka Expressway,Minor,2024-04-24,18:00,2024-04-24 18:00:00,Clear,Bus,medium
960,28.545965,76.968292,Dwarka Expressway,Severe,2022-07-19,00:00,2022-07-19 00:00:00,Clear,Car,medium
961,28.680494,76.927911,Dwarka Expressway,Severe,2023-10-30,15:00,2023-10-30 15:00:00,Rain,Bike,medium
962,28.772352,76.902837,NH-44,Severe,2023-01-24,01:00,2023-01-24 01:00:00,Fog,Auto,high
963,28.790208,77.207056,Outer Ring Road,Minor,2022-08-07,23:00,2022-08-07 23:00:00,Fog,Car,high
964,28.733369,76.987564,NH-44,Minor,2025-03-12,13:00,2025-03-12 13:00:00,Rain,Bike,high
965,28.810225,76.952898,NH-44,Minor,2022-05-03,16:00,2022-05-03 16:00:00,Clear,Car,high
966,28.5321,77.234458,Mathura Road,Fatal,2024-01-27,18:00,2024-01-27 18:00:00,Fog,Auto,medium
967,28.62064,76.9194,Dwarka Expressway,Minor,2023-04-10,04:00,2023-04-10 04:00:00,Rain,Auto,medium
968,28.666605,77.239719,G T Road,Minor,2024-04-12,01:00,2024-04-12 01:00:00,Rain,Truck,high
969,28.890535,77.170082,NH-44,Minor,2022-08-29,02:00,2022-08-29 02:00:00,Fog,Bus,high
970,28.82004,76.962634,NH-44,Minor,2024-11-19,21:00,2024-11-19 21:00:00,Rain,Bus,high
971,28.887622,77.193073,NH-44,Severe,2023-11-21,02:00,2023-11-21 02:00:00,Clear,Bus,high
972,28.783386,77.147913,NH-44,Severe,2024-03-26,15:00,2024-03-26 15:00:00,Rain,Bike,high
973,28.899509,76.90447,NH-44,Minor,2024-10-07,18:00,2024-10-07 18:00:00,Fog,Bus,high
974,28.879454,77.022814,NH-44,Minor,2023-07-25,03:00,2023-07-25 03:00:00,Rain,Auto,high
975,28.628333,77.071695,Dwarka Expressway,Minor,2024-10-08,16:00,2024-10-08 16:00:00,Rain,Bus,medium
976,28.871795,76.804541,NH-44,Fatal,2023-08-27,17:00,2023-08-27 17:00:00,Clear,Auto,high
977,28.789501,76.944169,NH-44,Severe,2022-04-23,14:00,2022-04-23 14:00:00,Clear,Truck,high
978,28.782111,76.954655,NH-44,Minor,2023-08-03,03:00,2023-08-03 03:00:00,Rain,Auto,high
979,28.817544,77.071532,NH-44,Severe,2024-01-27,11:00,2024-01-27 11:00:00,Rain,Bus,high
980,28.747098,76.936493,NH-44,Severe,2025-02-22,12:00,2025-02-22 12:00:00,Fog,Car,high
981,28.556112,76.824247,Dwarka Expressway,Severe,2022-01-10,18:00,2022-01-10 18:00:00,Rain,Truck,medium
982,28.894354,77.064072,NH-44,Minor,2024-02-15,21:00,2024-02-15 21:00:00,Rain,Auto,high
983,28.584666,77.291268,DND Flyway,Severe,2024-04-13,06:00,2024-04-13 06:00:00,Rain,Bus,medium
984,28.768851,77.16408,Outer Ring Road,Severe,2024-08-23,12:00,2024-08-23 12:00:00,Fog,Auto,high
985,28.825452,77.034743,NH-44,Minor,2023-06-01,14:00,2023-06-01 14:00:00,Fog,Bike,high
986,28.511248,77.274306,Mathura Road,Minor,2022-11-03,14:00,2022-11-03 14:00:00,Clear,Auto,medium
987,28.547961,77.049417,Dwarka Expressway,Severe,2023-04-14,07:00,2023-04-14 07:00:00,Fog,Truck,medium
988,28.434015,77.10718,MG Road,Severe,2022-09-29,12:00,2022-09-29 12:00:00,Clear,Bike,medium
989,28.409595,77.294335,Mathura Road,Minor,2022-08-26,12:00,2022-08-26 12:00:00,Rain,Bike,medium
990,28.402844,77.083048,MG Road,Severe,2022-11-26,15:00,2022-11-26 15:00:00,Clear,Truck,medium
991,28.600187,77.225936,Lodhi Road,Minor,2024-03-02,14:00,2024-03-02 14:00:00,Clear,Bus,low
992,28.640079,77.031578,Dwarka Expressway,Minor,2023-01-27,13:00,2023-01-27 13:00:00,Rain,Bus,medium
993,28.698397,76.96253,NH-44,Minor,2023-08-28,11:00,2023-08-28 11:00:00,Clear,Bike,high
994,28.635638,76.875224,Dwarka Expressway,Severe,2022-01-24,13:00,2022-01-24 13:00:00,Rain,Bike,medium
995,28.771537,76.902378,NH-44,Severe,2022-11-21,05:00,2022-11-21 05:00:00,Rain,Auto,high
996,28.423415,77.082811,MG Road,Severe,2022-11-22,03:00,2022-11-22 03:00:00,Clear,Bus,medium
997,28.885279,76.997847,NH-44,Minor,2022-07-17,22:00,2022-07-17 22:00:00,Fog,Bus,high
998,28.883664,76.925005,NH-44,Severe,2025-02-05,15:00,2025-02-05 15:00:00,Rain,Auto,high
999,28.517121,77.247007,Mathura Road,Fatal,2022-09-08,20:00,2022-09-08 20:00:00,Rain,Auto,medium
1000,28.508864,76.933528,MG Road,Severe,2022-11-19,01:00,2022-11-19 01:00:00,Rain,Bus,medium
1001,28.504445,77.06441,MG Road,Minor,2024-01-12,22:00,2024-01-12 22:00:00,Fog,Truck,medium
1002,28.877587,77.258819,NH-44,Fatal,2025-02-22,01:00,2025-02-22 01:00:00,Clear,Car,high
1003,28.747963,77.275908,G T Road,Severe,2022-06-09,11:00,2022-06-09 11:00:00,Rain,Bike,high
1004,28.437977,77.179786,Mathura Road,Minor,2023-06-21,03:00,2023-06-21 03:00:00,Rain,Truck,medium
1005,28.720706,76.827858,NH-44,Minor,2023-02-14,16:00,2023-02-14 16:00:00,Rain,Auto,high
1006,28.500791,77.043629,MG Road,Fatal,2023-05-23,14:00,2023-05-23 14:00:00,Rain,Auto,medium
1007,28.410963,76.951696,MG Road,Minor,2025-01-09,04:00,2025-01-09 04:00:00,Fog,Bike,medium
1008,28.826011,77.291666,G T Road,Severe,2024-03-08,06:00,2024-03-08 06:00:00,Rain,Auto,high
1009,28.760689,77.045783,NH-44,Minor,2024-05-21,04:00,2024-05-21 04:00:00,Clear,Auto,high
1010,28.721918,76.923321,NH-44,Minor,2023-08-23,23:00,2023-08-23 23:00:00,Rain,Bike,high
1011,28.596644,76.886181,Dwarka Expressway,Fatal,2024-07-02,23:00,2024-07-02 23:00:00,Fog,Bike,medium
1012,28.706354,77.034098,NH-44,Severe,2023-10-26,04:00,2023-10-26 04:00:00,Clear,Auto,high
1013,28.725701,76.835735,NH-44,Minor,2025-03-05,12:00,2025-03-05 12:00:00,Clear,Truck,high
1014,28.821874,77.296686,G T Road,Fatal,2024-04-09,01:00,2024-04-09 01:00:00,Rain,Bus,high
1015,28.58826,77.198063,Lodhi Road,Minor,2022-12-30,23:00,2022-12-30 23:00:00,Clear,Bike,low
1016,28.453893,77.236448,Mathura Road,Minor,2024-01-15,10:00,2024-01-15 10:00:00,Rain,Bike,medium
1017,28.841345,77.117431,NH-44,Minor,2022-08-24,04:00,2022-08-24 04:00:00,Clear,Bus,high
1018,28.692053,77.004751,NH-44,Fatal,2023-09-12,18:00,2023-09-12 18:00:00,Rain,Truck,high
1019,28.596233,77.236254,Lodhi Road,Severe,2022-12-25,14:00,2022-12-25 14:00:00,Fog,Bike,low
1020,28.579536,77.071311,Dwarka Expressway,Fatal,2023-10-08,05:00,2023-10-08 05:00:00,Clear,Bike,medium
1021,28.893341,77.008026,NH-44,Minor,2023-12-25,15:00,2023-12-25 15:00:00,Clear,Auto,high
1022,28.749489,77.202498,Rohtak Road,Minor,2024-04-05,00:00,2024-04-05 00:00:00,Rain,Truck,high
1023,28.40205,77.288199,Mathura Road,Minor,2023-01-08,02:00,2023-01-08 02:00:00,Clear,Bus,medium
1024,28.64901,77.061669,Dwarka Expressway,Severe,2024-04-06,03:00,2024-04-06 03:00:00,Fog,Bike,medium
1025,28.46438,77.289095,Mathura Road,Fatal,2024-01-15,13:00,2024-01-15 13:00:00,Clear,Car,medium
1026,28.74255,77.278155,G T Road,Minor,2022-02-17,12:00,2022-02-17 12:00:00,Clear,Bike,high
1027,28.654921,77.256184,G T Road,Severe,2024-01-19,20:00,2024-01-19 20:00:00,Fog,Truck,high
1028,28.714731,76.864769,NH-44,Fatal,2025-02-16,11:00,2025-02-16 11:00:00,Rain,Auto,high
1029,28.672865,77.176175,Rohtak Road,Minor,2024-08-13,11:00,2024-08-13 11:00:00,Rain,Car,high
1030,28.709894,77.206915,G T Road,Severe,2022-08-25,21:00,2022-08-25 21:00:00,Rain,Bus,high
1031,28.522229,76.887255,MG Road,Minor,2023-12-09,19:00,2023-12-09 19:00:00,Fog,Car,medium
1032,28.703943,77.130571,Rohtak Road,Severe,2022-04-22,03:00,2022-04-22 03:00:00,Clear,Car,high
1033,28.788738,76.899692,NH-44,Severe,2023-06-14,08:00,2023-06-14 08:00:00,Fog,Car,high
1034,28.472531,77.128263,Mathura Road,Minor,2022-05-02,18:00,2022-05-02 18:00:00,Fog,Car,medium
1035,28.645248,76.934503,Dwarka Expressway,Minor,2022-12-27,00:00,2022-12-27 00:00:00,Fog,Car,medium
1036,28.678826,76.977736,Dwarka Expressway,Minor,2024-11-28,04:00,2024-11-28 04:00:00,Clear,Bus,medium
1037,28.667014,77.006945,Dwarka Expressway,Minor,2022-04-23,09:00,2022-04-23 09:00:00,Rain,Auto,medium
1038,28.703919,77.004947,NH-44,Minor,2022-10-15,03:00,2022-10-15 03:00:00,Clear,Auto,high
1039,28.49087,77.267785,Mathura Road,Severe,2023-03-22,14:00,2023-03-22 14:00:00,Fog,Auto,medium
1040,28.629252,76.894429,Dwarka Expressway,Severe,2022-07-12,02:00,2022-07-12 02:00:00,Fog,Car,medium
1041,28.727733,76.94708,NH-44,Minor,2022-01-27,10:00,2022-01-27 10:00:00,Fog,Bus,high
1042,28.535332,77.270118,DND Flyway,Fatal,2022-11-24,23:00,2022-11-24 23:00:00,Fog,Auto,medium
1043,28.828886,76.974407,NH-44,Minor,2023-08-22,16:00,2023-08-22 16:00:00,Fog,Auto,high
1044,28.603628,77.142463,Ring Road,Severe,2023-05-04,07:00,2023-05-04 07:00:00,Rain,Car,high
1045,28.582677,77.103769,Dwarka Expressway,Minor,2023-01-12,05:00,2023-01-12 05:00:00,Rain,Truck,medium
1046,28.779936,76.834785,NH-44,Minor,2025-03-09,11:00,2025-03-09 11:00:00,Rain,Bike,high
1047,28.683098,77.24729,G T Road,Minor,2023-01-12,04:00,2023-01-12 04:00:00,Rain,Bus,high
1048,28.760727,77.191719,Outer Ring Road,Minor,2022-06-02,08:00,2022-06-02 08:00:00,Rain,Truck,high
1049,28.771575,77.237751,G T Road,Severe,2022-06-28,08:00,2022-06-28 08:00:00,Clear,Bike,high
1050,28.771294,76.937819,NH-44,Minor,2025-03-19,03:00,2025-03-19 03:00:00,Fog,Car,high
1051,28.547738,77.005135,Dwarka Expressway,Minor,2024-01-12,07:00,2024-01-12 07:00:00,Fog,Car,medium
1052,28.574204,76.86376,Dwarka Expressway,Minor,2024-10-27,03:00,2024-10-27 03:00:00,Clear,Auto,medium
1053,28.662014,77.053525,Outer Ring Road,Minor,2023-04-22,21:00,2023-04-22 21:00:00,Fog,Car,high
1054,28.857776,76.874825,NH-44,Minor,2022-01-04,14:00,2022-01-04 14:00:00,Fog,Bus,high
1055,28.595784,76.956863,Dwarka Expressway,Minor,2024-02-16,22:00,2024-02-16 22:00:00,Clear,Bike,medium
1056,28.633083,76.98662,Dwarka Expressway,Minor,2023-07-08,21:00,2023-07-08 21:00:00,Fog,Bike,medium
1057,28.68456,76.848029,Dwarka Expressway,Minor,2023-09-07,17:00,2023-09-07 17:00:00,Fog,Bike,medium
1058,28.606931,76.901894,Dwarka Expressway,Fatal,2024-03-21,03:00,2024-03-21 03:00:00,Rain,Car,medium
1059,28.653126,77.165385,Rohtak Road,Minor,2023-08-23,04:00,2023-08-23 04:00:00,Clear,Auto,high
1060,28.471769,77.234165,Mathura Road,Fatal,2023-06-16,14:00,2023-06-16 14:00:00,Fog,Car,medium
1061,28.462795,77.068396,MG Road,Severe,2022-09-23,22:00,2022-09-23 22:00:00,Rain,Bus,medium
1062,28.408837,77.112285,MG Road,Fatal,2022-02-03,16:00,2022-02-03 16:00:00,Clear,Truck,medium
1063,28.873374,77.173429,NH-44,Severe,2022-01-04,00:00,2022-01-04 00:00:00,Clear,Truck,high
1064,28.550957,77.102437,Dwarka Expressway,Fatal,2023-06-29,23:00,2023-06-29 23:00:00,Rain,Truck,medium
1065,28.786993,77.141985,NH-44,Minor,2022-02-15,16:00,2022-02-15 16:00:00,Fog,Truck,high
1066,28.446825,76.97024,MG Road,Fatal,2025-01-07,12:00,2025-01-07 12:00:00,Fog,Bus,medium
1067,28.42488,77.021978,MG Road,Minor,2022-03-15,21:00,2022-03-15 21:00:00,Clear,Auto,medium
1068,28.50147,77.253101,Mathura Road,Severe,2022-12-15,04:00,2022-12-15 04:00:00,Fog,Auto,medium
1069,28.459897,77.212552,Mathura Road,Minor,2023-03-02,16:00,2023-03-02 16:00:00,Fog,Bike,medium
1070,28.797311,77.023554,NH-44,Minor,2022-08-28,15:00,2022-08-28 15:00:00,Clear,Bike,high
1071,28.549767,77.256906,Lodhi Road,Minor,2022-03-30,22:00,2022-03-30 22:00:00,Clear,Auto,low
1072,28.892316,77.194977,NH-44,Severe,2022-08-16,16:00,2022-08-16 16:00:00,Fog,Auto,high
1073,28.616097,76.867924,Dwarka Expressway,Severe,2022-02-20,07:00,2022-02-20 07:00:00,Fog,Car,medium
1074,28.419715,76.88678,MG Road,Fatal,2025-01-07,18:00,2025-01-07 18:00:00,Fog,Bike,medium
1075,28.645789,77.079793,Rohtak Road,Minor,2025-03-30,03:00,2025-03-30 03:00:00,Fog,Bus,high
1076,28.88352,76.924328,NH-44,Minor,2024-03-26,01:00,2024-03-26 01:00:00,Clear,Bus,high
1077,28.773983,77.023514,NH-44,Fatal,2023-12-19,19:00,2023-12-19 19:00:00,Rain,Bike,high
1078,28.756018,76.819565,NH-44,Minor,2023-12-23,19:00,2023-12-23 19:00:00,Clear,Bus,high
1079,28.754928,77.231022,G T Road,Minor,2022-04-19,17:00,2022-04-19 17:00:00,Clear,Bike,high
1080,28.661074,77.038879,Dwarka Expressway,Severe,2022-07-18,00:00,2022-07-18 00:00:00,Fog,Bike,medium
1081,28.735577,77.023685,NH-44,Minor,2024-07-09,23:00,2024-07-09 23:00:00,Rain,Auto,high
1082,28.410517,77.285271,Mathura Road,Severe,2025-03-09,05:00,2025-03-09 05:00:00,Rain,Bike,medium
1083,28.426827,76.840542,MG Road,Severe,2023-06-14,14:00,2023-06-14 14:00:00,Clear,Truck,medium
1084,28.892372,76.887538,NH-44,Severe,2024-06-23,17:00,2024-06-23 17:00:00,Clear,Auto,high
1085,28.548165,76.840327,Dwarka Expressway,Severe,2022-04-06,20:00,2022-04-06 20:00:00,Rain,Bus,medium
1086,28.864742,76.980693,NH-44,Minor,2023-04-17,02:00,2023-04-17 02:00:00,Fog,Auto,high
1087,28.544877,77.273925,DND Flyway,Minor,2023-06-15,00:00,2023-06-15 00:00:00,Fog,Bus,medium
1088,28.743362,76.940588,NH-44,Minor,2024-04-11,10:00,2024-04-11 10:00:00,Clear,Car,high
1089,28.503645,76.94932,MG Road,Fatal,2024-11-26,12:00,2024-11-26 12:00:00,Fog,Auto,medium
1090,28.87615,76.991343,NH-44,Severe,2022-09-01,16:00,2022-09-01 16:00:00,Rain,Truck,high
1091,28.704005,77.139725,Rohtak Road,Fatal,2023-05-23,04:00,2023-05-23 04:00:00,Clear,Car,high
1092,28.628197,76.87029,Dwarka Expressway,Minor,2023-11-10,17:00,2023-11-10 17:00:00,Rain,Truck,medium
1093,28.864217,76.827918,NH-44,Severe,2024-11-21,08:00,2024-11-21 08:00:00,Rain,Auto,high
1094,28.555726,77.093791,Dwarka Expressway,Severe,2024-10-04,22:00,2024-10-04 22:00:00,Fog,Bike,medium
1095,28.783888,76.950312,NH-44,Fatal,2024-02-09,08:00,2024-02-09 08:00:00,Rain,Truck,high
1096,28.573138,77.165383,Mathura Road,Minor,2025-03-01,21:00,2025-03-01 21:00:00,Clear,Auto,medium
1097,28.706631,77.23117,G T Road,Fatal,2023-12-26,18:00,2023-12-26 18:00:00,Fog,Car,high
1098,28.76184,77.244042,G T Road,Minor,2024-09-15,21:00,2024-09-15 21:00:00,Clear,Car,high
1099,28.818541,77.066522,NH-44,Minor,2024-08-25,06:00,2024-08-25 06:00:00,Clear,Bike,high
1100,28.528751,76.833967,MG Road,Minor,2022-10-25,05:00,2022-10-25 05:00:00,Fog,Bike,medium
1101,28.445366,77.21078,Mathura Road,Minor,2024-02-10,12:00,2024-02-10 12:00:00,Fog,Truck,medium
1102,28.64729,77.104344,Rohtak Road,Severe,2022-12-12,22:00,2022-12-12 22:00:00,Fog,Bus,high
1103,28.681024,77.052283,Outer Ring Road,Minor,2024-09-16,09:00,2024-09-16 09:00:00,Rain,Car,high
1104,28.484,77.244027,Mathura Road,Minor,2024-05-20,08:00,2024-05-20 08:00:00,Rain,Auto,medium
1105,28.564485,77.088173,Dwarka Expressway,Severe,2024-10-13,01:00,2024-10-13 01:00:00,Rain,Auto,medium
1106,28.598976,76.923527,Dwarka Expressway,Minor,2022-12-16,09:00,2022-12-16 09:00:00,Rain,Truck,medium
1107,28.684974,76.96166,NH-44,Minor,2022-03-29,15:00,2022-03-29 15:00:00,Rain,Truck,high
1108,28.45041,77.039903,MG Road,Minor,2023-08-18,01:00,2023-08-18 01:00:00,Rain,Bike,medium
1109,28.644082,76.98724,Dwarka Expressway,Minor,2022-02-03,14:00,2022-02-03 14:00:00,Clear,Truck,medium
1110,28.557125,77.020201,Dwarka Expressway,Fatal,2023-02-16,04:00,2023-02-16 04:00:00,Clear,Truck,medium
1111,28.785688,77.111852,NH-44,Fatal,2023-05-23,05:00,2023-05-23 05:00:00,Rain,Auto,high
1112,28.403639,76.984386,MG Road,Minor,2025-02-21,07:00,2025-02-21 07:00:00,Rain,Truck,medium
1113,28.573836,77.186347,Lodhi Road,Minor,2022-08-11,13:00,2022-08-11 13:00:00,Clear,Truck,low
1114,28.67418,77.028407,Outer Ring Road,Fatal,2022-11-30,07:00,2022-11-30 07:00:00,Rain,Auto,high
1115,28.609976,77.051352,Dwarka Expressway,Minor,2024-04-20,03:00,2024-04-20 03:00:00,Clear,Car,medium
1116,28.480023,77.131885,Mathura Road,Minor,2024-02-28,15:00,2024-02-28 15:00:00,Fog,Bike,medium
1117,28.563981,77.179504,Mathura Road,Fatal,2024-07-19,03:00,2024-07-19 03:00:00,Fog,Car,medium
1118,28.584116,76.958287,Dwarka Expressway,Minor,2023-08-01,21:00,2023-08-01 21:00:00,Fog,Car,medium
1119,28.847593,77.163317,NH-44,Minor,2022-12-11,01:00,2022-12-11 01:00:00,Clear,Truck,high
1120,28.615337,77.062181,Dwarka Expressway,Minor,2023-08-22,13:00,2023-08-22 13:00:00,Rain,Bus,medium
1121,28.701852,77.238555,G T Road,Minor,2022-12-21,23:00,2022-12-21 23:00:00,Fog,Car,high
1122,28.698583,76.821193,NH-44,Fatal,2023-02-05,17:00,2023-02-05 17:00:00,Rain,Car,high
1123,28.451958,77.219426,Mathura Road,Severe,2023-03-25,10:00,2023-03-25 10:00:00,Clear,Car,medium
1124,28.786528,77.139589,NH-44,Fatal,2023-11-17,05:00,2023-11-17 05:00:00,Fog,Bus,high
1125,28.701448,77.102898,Outer Ring Road,Minor,2024-11-28,08:00,2024-11-28 08:00:00,Rain,Bike,high
1126,28.709858,77.136393,Outer Ring Road,Minor,2022-05-15,04:00,2022-05-15 04:00:00,Clear,Truck,high
1127,28.696625,76.928128,NH-44,Minor,2022-06-29,04:00,2022-06-29 04:00:00,Rain,Car,high
1128,28.85055,77.059008,NH-44,Severe,2024-11-17,00:00,2024-11-17 00:00:00,Fog,Auto,high
1129,28.458877,76.979636,MG Road,Minor,2025-04-11,08:00,2025-04-11 08:00:00,Fog,Bus,medium
1130,28.810045,77.225401,Outer Ring Road,Minor,2023-08-20,18:00,2023-08-20 18:00:00,Fog,Car,high
1131,28.486515,77.14016,Mathura Road,Minor,2022-06-09,05:00,2022-06-09 05:00:00,Fog,Bike,medium
1132,28.581016,77.110472,Dwarka Expressway,Minor,2023-04-23,20:00,2023-04-23 20:00:00,Fog,Truck,medium
1133,28.848538,77.185214,NH-44,Severe,2023-12-23,07:00,2023-12-23 07:00:00,Rain,Bike,high
1134,28.646493,76.852095,Dwarka Expressway,Severe,2025-03-02,11:00,2025-03-02 11:00:00,Rain,Truck,medium
1135,28.870421,77.070015,NH-44,Severe,2023-03-19,05:00,2023-03-19 05:00:00,Clear,Auto,high
1136,28.462334,77.078794,MG Road,Minor,2023-10-10,04:00,2023-10-10 04:00:00,Fog,Car,medium
1137,28.775979,76.894124,NH-44,Minor,2024-10-10,23:00,2024-10-10 23:00:00,Fog,Truck,high
1138,28.50159,77.063838,MG Road,Minor,2025-04-08,06:00,2025-04-08 06:00:00,Clear,Truck,medium
1139,28.882398,76.822792,NH-44,Severe,2022-04-23,11:00,2022-04-23 11:00:00,Fog,Car,high
1140,28.526236,77.082214,Dwarka Expressway,Fatal,2022-12-20,01:00,2022-12-20 01:00:00,Clear,Bike,medium
1141,28.432385,76.827217,MG Road,Minor,2022-05-17,00:00,2022-05-17 00:00:00,Rain,Bus,medium
1142,28.849001,76.949813,NH-44,Minor,2024-09-22,18:00,2024-09-22 18:00:00,Fog,Car,high
1143,28.649673,77.096407,Rohtak Road,Minor,2025-03-15,06:00,2025-03-15 06:00:00,Rain,Bus,high
1144,28.739464,76.810481,NH-44,Severe,2023-01-23,22:00,2023-01-23 22:00:00,Clear,Car,high
1145,28.578058,76.921652,Dwarka Expressway,Fatal,2022-04-27,19:00,2022-04-27 19:00:00,Fog,Bus,medium
1146,28.731772,77.178897,Rohtak Road,Minor,2024-02-05,18:00,2024-02-05 18:00:00,Rain,Auto,high
1147,28.690579,76.957008,NH-44,Minor,2024-11-12,08:00,2024-11-12 08:00:00,Rain,Bus,high
1148,28.503206,77.14115,Mathura Road,Minor,2024-02-22,10:00,2024-02-22 10:00:00,Fog,Bus,medium
1149,28.742312,77.192065,Rohtak Road,Minor,2023-11-29,14:00,2023-11-29 14:00:00,Fog,Bike,high
1150,28.826041,76.806501,NH-44,Fatal,2022-02-22,00:00,2022-02-22 00:00:00,Fog,Truck,high
1151,28.481177,77.030486,MG Road,Minor,2024-09-08,16:00,2024-09-08 16:00:00,Rain,Auto,medium
1152,28.816655,76.934144,NH-44,Severe,2025-01-24,20:00,2025-01-24 20:00:00,Fog,Car,high
1153,28.815093,76.819635,NH-44,Minor,2022-01-29,17:00,2022-01-29 17:00:00,Rain,Bike,high
1154,28.847213,77.110462,NH-44,Severe,2023-01-28,10:00,2023-01-28 10:00:00,Rain,Bike,high
1155,28.803002,76.862275,NH-44,Fatal,2022-03-16,12:00,2022-03-16 12:00:00,Rain,Bike,high
1156,28.544652,77.273638,DND Flyway,Minor,2022-07-30,17:00,2022-07-30 17:00:00,Fog,Bike,medium
1157,28.827173,77.237272,NH-44,Fatal,2022-07-30,04:00,2022-07-30 04:00:00,Fog,Auto,high
1158,28.662484,77.228583,G T Road,Minor,2022-01-03,02:00,2022-01-03 02:00:00,Clear,Bus,high
1159,28.835239,76.87073,NH-44,Severe,2023-08-03,22:00,2023-08-03 22:00:00,Clear,Bike,high
1160,28.772335,76.868421,NH-44,Severe,2022-11-20,00:00,2022-11-20 00:00:00,Fog,Car,high
1161,28.697998,77.299289,G T Road,Minor,2024-04-30,14:00,2024-04-30 14:00:00,Fog,Bus,high
1162,28.80514,76.981977,NH-44,Minor,2023-10-30,23:00,2023-10-30 23:00:00,Fog,Truck,high
1163,28.644845,77.188954,Ring Road,Minor,2024-07-18,10:00,2024-07-18 10:00:00,Rain,Car,high
1164,28.825187,77.268771,G T Road,Fatal,2024-08-23,16:00,2024-08-23 16:00:00,Rain,Truck,high
1165,28.57197,77.201621,Lodhi Road,Minor,2022-03-31,10:00,2022-03-31 10:00:00,Fog,Bus,low
1166,28.893116,77.00861,NH-44,Minor,2023-05-05,09:00,2023-05-05 09:00:00,Rain,Truck,high
1167,28.618539,76.953369,Dwarka Expressway,Minor,2024-08-17,11:00,2024-08-17 11:00:00,Rain,Bus,medium
1168,28.889629,77.245108,NH-44,Minor,2024-07-21,14:00,2024-07-21 14:00:00,Fog,Bus,high
1169,28.457701,77.267586,Mathura Road,Severe,2024-05-04,02:00,2024-05-04 02:00:00,Fog,Truck,medium
1170,28.790334,77.270427,G T Road,Minor,2023-05-17,23:00,2023-05-17 23:00:00,Fog,Truck,high
1171,28.805691,76.835144,NH-44,Minor,2023-06-08,01:00,2023-06-08 01:00:00,Rain,Truck,high
1172,28.705884,76.99618,NH-44,Fatal,2022-10-17,22:00,2022-10-17 22:00:00,Clear,Bus,high
1173,28.635787,77.294486,G T Road,Fatal,2023-04-07,05:00,2023-04-07 05:00:00,Clear,Bus,high
1174,28.836322,76.892887,NH-44,Minor,2023-05-13,03:00,2023-05-13 03:00:00,Clear,Car,high
1175,28.789286,77.13436,NH-44,Minor,2023-04-15,09:00,2023-04-15 09:00:00,Fog,Auto,high
1176,28.640248,76.93737,Dwarka Expressway,Minor,2024-08-22,00:00,2024-08-22 00:00:00,Clear,Auto,medium
1177,28.841,76.840922,NH-44,Minor,2024-06-19,20:00,2024-06-19 20:00:00,Clear,Truck,high
1178,28.407642,77.001845,MG Road,Minor,2024-05-07,06:00,2024-05-07 06:00:00,Clear,Auto,medium
1179,28.776607,76.863205,NH-44,Severe,2022-09-24,21:00,2022-09-24 21:00:00,Clear,Car,high
1180,28.660349,76.80853,Dwarka Expressway,Fatal,2024-07-01,11:00,2024-07-01 11:00:00,Rain,Car,medium
1181,28.811759,76.913835,NH-44,Minor,2024-02-02,04:00,2024-02-02 04:00:00,Clear,Auto,high
1182,28.850496,77.024563,NH-44,Severe,2023-10-17,05:00,2023-10-17 05:00:00,Fog,Auto,high
1183,28.762729,77.161637,Outer Ring Road,Severe,2023-04-10,12:00,2023-04-10 12:00:00,Rain,Bike,high
1184,28.425999,76.985279,MG Road,Minor,2024-10-07,18:00,2024-10-07 18:00:00,Fog,Bike,medium
1185,28.52628,76.980849,MG Road,Severe,2023-05-20,11:00,2023-05-20 11:00:00,Fog,Bus,medium
1186,28.517779,76.953256,MG Road,Fatal,2022-08-20,21:00,2022-08-20 21:00:00,Clear,Truck,medium
1187,28.884209,77.215841,NH-44,Minor,2023-10-18,07:00,2023-10-18 07:00:00,Fog,Auto,high
1188,28.796934,77.244134,G T Road,Severe,2025-03-01,00:00,2025-03-01 00:00:00,Fog,Auto,high
1189,28.89966,77.014988,NH-44,Severe,2022-02-12,09:00,2022-02-12 09:00:00,Fog,Car,high
1190,28.728296,77.217495,G T Road,Minor,2023-06-27,10:00,2023-06-27 10:00:00,Rain,Truck,high
1191,28.501003,76.884164,MG Road,Minor,2022-10-14,22:00,2022-10-14 22:00:00,Rain,Truck,medium
1192,28.567608,76.80786,Dwarka Expressway,Severe,2025-03-01,01:00,2025-03-01 01:00:00,Clear,Car,medium
1193,28.635994,77.031157,Dwarka Expressway,Minor,2022-07-19,20:00,2022-07-19 20:00:00,Fog,Truck,medium
1194,28.868349,76.889114,NH-44,Minor,2023-10-18,19:00,2023-10-18 19:00:00,Clear,Bus,high
1195,28.82015,77.051395,NH-44,Minor,2024-06-30,07:00,2024-06-30 07:00:00,Fog,Bus,high
1196,28.421353,77.003316,MG Road,Severe,2024-03-31,21:00,2024-03-31 21:00:00,Fog,Auto,medium
1197,28.867583,77.262638,NH-44,Fatal,2023-02-27,18:00,2023-02-27 18:00:00,Rain,Auto,high
1198,28.58523,76.887388,Dwarka Expressway,Minor,2023-03-29,14:00,2023-03-29 14:00:00,Rain,Auto,medium
1199,28.43425,76.865484,MG Road,Minor,2023-07-22,12:00,2023-07-22 12:00:00,Rain,Truck,medium
1200,28.465837,77.280506,Mathura Road,Severe,2022-05-15,11:00,2022-05-15 11:00:00,Rain,Bus,medium
1201,28.635302,76.843248,Dwarka Expressway,Minor,2023-08-24,10:00,2023-08-24 10:00:00,Clear,Bike,medium
1202,28.562018,76.81612,Dwarka Expressway,Minor,2024-02-11,00:00,2024-02-11 00:00:00,Clear,Auto,medium
1203,28.897306,77.269756,NH-44,Minor,2023-12-06,03:00,2023-12-06 03:00:00,Fog,Auto,high
1204,28.857905,77.288479,G T Road,Minor,2023-03-26,00:00,2023-03-26 00:00:00,Clear,Bus,high
1205,28.611013,76.984551,Dwarka Expressway,Severe,2023-05-25,02:00,2023-05-25 02:00:00,Clear,Truck,medium
1206,28.568749,77.176633,Mathura Road,Severe,2023-02-06,17:00,2023-02-06 17:00:00,Rain,Auto,medium
1207,28.635101,77.212608,Ring Road,Minor,2024-10-18,15:00,2024-10-18 15:00:00,Clear,Bus,high
1208,28.40226,77.149143,MG Road,Severe,2025-01-14,19:00,2025-01-14 19:00:00,Fog,Auto,medium
1209,28.843777,77.009535,NH-44,Severe,2022-09-10,06:00,2022-09-10 06:00:00,Fog,Car,high
1210,28.862315,77.038224,NH-44,Fatal,2022-12-13,16:00,2022-12-13 16:00:00,Rain,Bus,high
1211,28.459058,76.926896,MG Road,Fatal,2024-05-12,13:00,2024-05-12 13:00:00,Clear,Bike,medium
1212,28.50564,76.879648,MG Road,Minor,2022-06-18,13:00,2022-06-18 13:00:00,Fog,Bike,medium
1213,28.646306,77.238601,G T Road,Minor,2022-08-13,15:00,2022-08-13 15:00:00,Rain,Truck,high
1214,28.531204,77.037294,Dwarka Expressway,Minor,2022-07-26,10:00,2022-07-26 10:00:00,Rain,Truck,medium
1215,28.775794,77.174458,Outer Ring Road,Fatal,2023-11-05,06:00,2023-11-05 06:00:00,Clear,Truck,high
1216,28.840937,76.80719,NH-44,Fatal,2023-01-09,11:00,2023-01-09 11:00:00,Fog,Bus,high
1217,28.854263,76.861581,NH-44,Fatal,2024-07-09,13:00,2024-07-09 13:00:00,Rain,Auto,high
1218,28.465147,77.256402,Mathura Road,Severe,2022-10-29,16:00,2022-10-29 16:00:00,Rain,Bus,medium
1219,28.583119,76.882162,Dwarka Expressway,Fatal,2024-02-04,05:00,2024-02-04 05:00:00,Clear,Auto,medium
1220,28.890864,76.919316,NH-44,Severe,2024-02-15,08:00,2024-02-15 08:00:00,Clear,Bike,high
1221,28.628032,76.884151,Dwarka Expressway,Severe,2024-10-05,08:00,2024-10-05 08:00:00,Fog,Bike,medium
1222,28.474213,76.861659,MG Road,Severe,2022-10-28,20:00,2022-10-28 20:00:00,Rain,Car,medium
1223,28.540535,76.913639,Dwarka Expressway,Severe,2023-12-14,02:00,2023-12-14 02:00:00,Rain,Auto,medium
1224,28.845183,76.848175,NH-44,Minor,2023-09-01,01:00,2023-09-01 01:00:00,Clear,Truck,high
1225,28.535886,76.900603,MG Road,Minor,2024-01-13,06:00,2024-01-13 06:00:00,Fog,Auto,medium
1226,28.404838,77.164634,Mathura Road,Minor,2023-03-14,16:00,2023-03-14 16:00:00,Fog,Bus,medium
1227,28.566575,77.077848,Dwarka Expressway,Severe,2024-01-17,16:00,2024-01-17 16:00:00,Fog,Auto,medium
1228,28.667904,76.853668,Dwarka Expressway,Minor,2023-08-02,22:00,2023-08-02 22:00:00,Fog,Auto,medium
1229,28.551337,76.904909,Dwarka Expressway,Minor,2023-12-25,10:00,2023-12-25 10:00:00,Clear,Truck,medium
1230,28.417695,76.808761,MG Road,Minor,2023-04-01,23:00,2023-04-01 23:00:00,Fog,Truck,medium
1231,28.433224,76.862179,MG Road,Minor,2024-01-09,10:00,2024-01-09 10:00:00,Clear,Truck,medium
1232,28.588713,76.912721,Dwarka Expressway,Minor,2024-09-16,03:00,2024-09-16 03:00:00,Clear,Bike,medium
1233,28.697039,76.934329,NH-44,Fatal,2022-10-31,16:00,2022-10-31 16:00:00,Rain,Bus,high
1234,28.471414,77.109361,MG Road,Minor,2024-07-13,10:00,2024-07-13 10:00:00,Fog,Bike,medium
1235,28.808494,76.814802,NH-44,Minor,2022-07-22,06:00,2022-07-22 06:00:00,Clear,Car,high
1236,28.471751,77.048652,MG Road,Minor,2022-09-24,23:00,2022-09-24 23:00:00,Rain,Truck,medium
1237,28.485029,76.870436,MG Road,Minor,2024-06-28,02:00,2024-06-28 02:00:00,Rain,Bike,medium
1238,28.869421,76.855978,NH-44,Minor,2025-03-10,00:00,2025-03-10 00:00:00,Rain,Car,high
1239,28.418933,76.804251,MG Road,Minor,2025-01-19,17:00,2025-01-19 17:00:00,Clear,Bike,medium
1240,28.691434,76.977368,NH-44,Minor,2024-09-25,08:00,2024-09-25 08:00:00,Clear,Car,high
1241,28.653364,76.953169,Dwarka Expressway,Minor,2024-11-25,11:00,2024-11-25 11:00:00,Clear,Auto,medium
1242,28.527963,76.928956,MG Road,Severe,2024-10-23,21:00,2024-10-23 21:00:00,Fog,Bike,medium
1243,28.456406,76.850281,MG Road,Fatal,2022-02-06,23:00,2022-02-06 23:00:00,Fog,Bike,medium
1244,28.643219,77.19642,Ring Road,Minor,2022-04-29,01:00,2022-04-29 01:00:00,Clear,Auto,high
1245,28.70101,76.879764,NH-44,Severe,2024-10-04,23:00,2024-10-04 23:00:00,Fog,Auto,high
1246,28.78257,77.031035,NH-44,Fatal,2022-08-12,03:00,2022-08-12 03:00:00,Clear,Bike,high
1247,28.692652,76.938135,NH-44,Severe,2022-11-03,13:00,2022-11-03 13:00:00,Clear,Bike,high
1248,28.730213,76.950796,NH-44,Severe,2024-03-26,05:00,2024-03-26 05:00:00,Clear,Bus,high
1249,28.624174,77.192755,Ring Road,Severe,2022-08-15,07:00,2022-08-15 07:00:00,Clear,Truck,high
1250,28.60229,76.926529,Dwarka Expressway,Minor,2024-08-05,22:00,2024-08-05 22:00:00,Clear,Car,medium
1251,28.486914,76.903375,MG Road,Minor,2022-01-18,22:00,2022-01-18 22:00:00,Rain,Auto,medium
1252,28.548105,77.166442,Mathura Road,Severe,2024-08-16,10:00,2024-08-16 10:00:00,Rain,Truck,medium
1253,28.793592,77.1994,Outer Ring Road,Minor,2024-01-13,03:00,2024-01-13 03:00:00,Rain,Bus,high
1254,28.631297,77.175927,Ring Road,Fatal,2024-01-15,22:00,2024-01-15 22:00:00,Rain,Car,high
1255,28.658551,76.826233,Dwarka Expressway,Minor,2022-10-01,12:00,2022-10-01 12:00:00,Rain,Car,medium
1256,28.453243,77.077934,MG Road,Severe,2022-08-26,18:00,2022-08-26 18:00:00,Fog,Bus,medium
1257,28.853017,77.206199,NH-44,Severe,2024-07-07,11:00,2024-07-07 11:00:00,Rain,Auto,high
1258,28.832845,76.997803,NH-44,Fatal,2023-05-05,12:00,2023-05-05 12:00:00,Rain,Bus,high
1259,28.463381,76.970442,MG Road,Severe,2022-07-16,14:00,2022-07-16 14:00:00,Rain,Bike,medium
1260,28.565851,77.284694,DND Flyway,Minor,2023-03-31,19:00,2023-03-31 19:00:00,Fog,Car,medium
1261,28.634552,76.974608,Dwarka Expressway,Severe,2023-05-07,21:00,2023-05-07 21:00:00,Clear,Bike,medium
1262,28.648013,76.894331,Dwarka Expressway,Minor,2024-04-25,11:00,2024-04-25 11:00:00,Rain,Auto,medium
1263,28.87481,77.062304,NH-44,Fatal,2023-12-08,19:00,2023-12-08 19:00:00,Fog,Bus,high
1264,28.889475,76.976774,NH-44,Severe,2022-03-22,01:00,2022-03-22 01:00:00,Fog,Bus,high
1265,28.673272,77.251023,G T Road,Minor,2023-06-08,18:00,2023-06-08 18:00:00,Rain,Bus,high
1266,28.652709,77.029853,Dwarka Expressway,Fatal,2022-04-02,15:00,2022-04-02 15:00:00,Fog,Auto,medium
1267,28.854823,77.211183,NH-44,Severe,2022-07-13,22:00,2022-07-13 22:00:00,Fog,Truck,high
1268,28.493026,77.115815,MG Road,Minor,2024-01-06,15:00,2024-01-06 15:00:00,Rain,Truck,medium
1269,28.510397,77.24002,Mathura Road,Severe,2023-06-21,06:00,2023-06-21 06:00:00,Rain,Bus,medium
1270,28.883929,76.828599,NH-44,Minor,2023-01-20,22:00,2023-01-20 22:00:00,Clear,Bus,high
1271,28.6702,77.238126,G T Road,Severe,2023-09-29,23:00,2023-09-29 23:00:00,Clear,Car,high
1272,28.645538,77.276155,G T Road,Minor,2023-01-16,05:00,2023-01-16 05:00:00,Clear,Car,high
1273,28.465336,77.148336,Mathura Road,Fatal,2025-02-26,03:00,2025-02-26 03:00:00,Fog,Truck,medium
1274,28.566581,77.276046,DND Flyway,Minor,2022-09-24,12:00,2022-09-24 12:00:00,Clear,Car,medium
1275,28.422736,77.123455,MG Road,Fatal,2023-12-09,01:00,2023-12-09 01:00:00,Clear,Bike,medium
1276,28.418837,76.824596,MG Road,Minor,2022-01-07,06:00,2022-01-07 06:00:00,Fog,Bike,medium
1277,28.746935,77.276489,G T Road,Minor,2023-04-25,06:00,2023-04-25 06:00:00,Rain,Truck,high
1278,28.772537,77.146641,NH-44,Severe,2023-07-10,19:00,2023-07-10 19:00:00,Fog,Auto,high
1279,28.553735,77.094905,Dwarka Expressway,Fatal,2023-11-08,20:00,2023-11-08 20:00:00,Rain,Auto,medium
1280,28.440713,76.892631,MG Road,Severe,2024-03-30,18:00,2024-03-30 18:00:00,Rain,Auto,medium
1281,28.67274,76.865999,Dwarka Expressway,Minor,2023-03-13,19:00,2023-03-13 19:00:00,Fog,Truck,medium
1282,28.540219,77.071933,Dwarka Expressway,Severe,2023-10-27,10:00,2023-10-27 10:00:00,Rain,Bus,medium
1283,28.748813,77.118583,NH-44,Severe,2022-11-19,22:00,2022-11-19 22:00:00,Fog,Bike,high
1284,28.579351,77.018873,Dwarka Expressway,Severe,2022-10-21,01:00,2022-10-21 01:00:00,Rain,Truck,medium
1285,28.435123,76.875653,MG Road,Minor,2025-04-08,14:00,2025-04-08 14:00:00,Rain,Car,medium
1286,28.77883,77.286905,G T Road,Severe,2024-05-30,13:00,2024-05-30 13:00:00,Rain,Auto,high
1287,28.621821,76.842134,Dwarka Expressway,Severe,2023-04-15,07:00,2023-04-15 07:00:00,Rain,Bike,medium
1288,28.845025,77.251283,NH-44,Severe,2023-10-08,17:00,2023-10-08 17:00:00,Clear,Bike,high
1289,28.552405,77.23081,Mathura Road,Minor,2025-04-03,10:00,2025-04-03 10:00:00,Fog,Bus,medium
1290,28.49718,77.097595,MG Road,Severe,2023-06-03,14:00,2023-06-03 14:00:00,Fog,Car,medium
1291,28.496431,77.079784,MG Road,Minor,2023-07-12,02:00,2023-07-12 02:00:00,Fog,Car,medium
1292,28.684678,77.095099,Outer Ring Road,Minor,2023-12-22,02:00,2023-12-22 02:00:00,Fog,Car,high
1293,28.786157,76.835968,NH-44,Minor,2022-11-06,07:00,2022-11-06 07:00:00,Clear,Truck,high
1294,28.577269,76.944517,Dwarka Expressway,Fatal,2024-03-06,21:00,2024-03-06 21:00:00,Fog,Bike,medium
1295,28.413118,76.919244,MG Road,Severe,2023-07-24,15:00,2023-07-24 15:00:00,Rain,Car,medium
1296,28.647334,77.213997,G T Road,Minor,2025-01-04,04:00,2025-01-04 04:00:00,Rain,Car,high
1297,28.582509,76.945608,Dwarka Expressway,Minor,2025-03-25,17:00,2025-03-25 17:00:00,Rain,Auto,medium
1298,28.485851,77.066498,MG Road,Fatal,2022-07-13,14:00,2022-07-13 14:00:00,Rain,Bike,medium
1299,28.474569,77.029744,MG Road,Minor,2024-02-09,20:00,2024-02-09 20:00:00,Rain,Car,medium
1300,28.429289,77.179055,Mathura Road,Severe,2025-04-02,11:00,2025-04-02 11:00:00,Clear,Bus,medium
1301,28.789375,76.938265,NH-44,Severe,2024-03-28,04:00,2024-03-28 04:00:00,Clear,Car,high
1302,28.778101,76.810066,NH-44,Minor,2022-07-08,11:00,2022-07-08 11:00:00,Clear,Auto,high
1303,28.48577,77.182847,Mathura Road,Minor,2022-01-26,13:00,2022-01-26 13:00:00,Rain,Bus,medium
1304,28.709596,76.937251,NH-44,Severe,2025-03-14,16:00,2025-03-14 16:00:00,Fog,Auto,high
1305,28.710944,77.279961,G T Road,Minor,2024-03-03,03:00,2024-03-03 03:00:00,Fog,Auto,high
1306,28.677562,77.195417,G T Road,Severe,2025-01-08,04:00,2025-01-08 04:00:00,Fog,Bus,high
1307,28.898635,76.916364,NH-44,Severe,2025-01-09,21:00,2025-01-09 21:00:00,Fog,Car,high
1308,28.623426,77.085225,Dwarka Expressway,Minor,2024-02-17,17:00,2024-02-17 17:00:00,Clear,Bike,medium
1309,28.40673,76.92026,MG Road,Severe,2023-06-01,10:00,2023-06-01 10:00:00,Rain,Bike,medium
1310,28.744002,76.90389,NH-44,Minor,2022-04-03,18:00,2022-04-03 18:00:00,Clear,Bus,high
1311,28.586249,77.191278,Lodhi Road,Severe,2024-03-09,11:00,2024-03-09 11:00:00,Rain,Truck,low
1312,28.75676,77.269631,G T Road,Severe,2022-03-10,16:00,2022-03-10 16:00:00,Clear,Auto,high
1313,28.615781,76.98049,Dwarka Expressway,Minor,2024-05-30,09:00,2024-05-30 09:00:00,Fog,Bike,medium
1314,28.439264,77.067369,MG Road,Fatal,2022-09-19,15:00,2022-09-19 15:00:00,Rain,Auto,medium
1315,28.543263,77.019118,Dwarka Expressway,Minor,2022-05-26,21:00,2022-05-26 21:00:00,Rain,Truck,medium
1316,28.673419,77.063866,Outer Ring Road,Minor,2024-08-04,07:00,2024-08-04 07:00:00,Fog,Car,high
1317,28.789374,76.862046,NH-44,Minor,2022-03-29,23:00,2022-03-29 23:00:00,Rain,Bus,high
1318,28.86182,76.832448,NH-44,Fatal,2023-05-20,13:00,2023-05-20 13:00:00,Fog,Bike,high
1319,28.406676,77.016202,MG Road,Minor,2024-10-24,16:00,2024-10-24 16:00:00,Fog,Bus,medium
1320,28.633945,77.192313,Ring Road,Fatal,2024-05-07,23:00,2024-05-07 23:00:00,Fog,Truck,high
1321,28.700007,77.021875,NH-44,Minor,2024-06-20,13:00,2024-06-20 13:00:00,Fog,Car,high
1322,28.826555,76.817419,NH-44,Minor,2024-06-25,13:00,2024-06-25 13:00:00,Clear,Car,high
1323,28.423619,76.919222,MG Road,Minor,2023-05-29,21:00,2023-05-29 21:00:00,Rain,Truck,medium
1324,28.751203,77.017417,NH-44,Severe,2023-02-16,14:00,2023-02-16 14:00:00,Rain,Bike,high
1325,28.79258,77.165821,NH-44,Fatal,2024-05-07,17:00,2024-05-07 17:00:00,Clear,Truck,high
1326,28.575757,76.820504,Dwarka Expressway,Minor,2024-06-05,06:00,2024-06-05 06:00:00,Fog,Truck,medium
1327,28.865694,76.88298,NH-44,Minor,2022-04-23,21:00,2022-04-23 21:00:00,Rain,Bike,high
1328,28.729211,77.253589,G T Road,Minor,2024-03-12,08:00,2024-03-12 08:00:00,Clear,Truck,high
1329,28.667861,76.917616,Dwarka Expressway,Minor,2024-07-11,13:00,2024-07-11 13:00:00,Fog,Truck,medium
1330,28.546346,77.212311,Mathura Road,Severe,2023-06-14,13:00,2023-06-14 13:00:00,Clear,Auto,medium
1331,28.783962,77.058481,NH-44,Minor,2024-08-28,06:00,2024-08-28 06:00:00,Clear,Bus,high
1332,28.45372,77.038554,MG Road,Minor,2023-03-31,20:00,2023-03-31 20:00:00,Fog,Truck,medium
1333,28.474226,77.002133,MG Road,Severe,2022-07-25,13:00,2022-07-25 13:00:00,Clear,Truck,medium
1334,28.596905,77.284126,DND Flyway,Minor,2022-01-29,07:00,2022-01-29 07:00:00,Clear,Car,medium
1335,28.738991,77.219825,G T Road,Severe,2022-04-04,22:00,2022-04-04 22:00:00,Clear,Bike,high
1336,28.82406,76.808342,NH-44,Severe,2024-01-10,03:00,2024-01-10 03:00:00,Clear,Bus,high
1337,28.412028,76.969742,MG Road,Minor,2024-09-16,07:00,2024-09-16 07:00:00,Rain,Bus,medium
1338,28.493154,77.22809,Mathura Road,Severe,2022-10-24,06:00,2022-10-24 06:00:00,Clear,Car,medium
1339,28.821266,76.886479,NH-44,Severe,2022-07-29,03:00,2022-07-29 03:00:00,Fog,Bike,high
1340,28.511039,76.83459,MG Road,Minor,2023-09-15,20:00,2023-09-15 20:00:00,Rain,Bike,medium
1341,28.584959,77.012858,Dwarka Expressway,Severe,2023-05-06,05:00,2023-05-06 05:00:00,Fog,Car,medium
1342,28.675943,76.819385,Dwarka Expressway,Minor,2022-01-13,01:00,2022-01-13 01:00:00,Rain,Bike,medium
1343,28.704513,76.800601,NH-44,Fatal,2024-07-31,13:00,2024-07-31 13:00:00,Fog,Car,high
1344,28.888566,77.186506,NH-44,Minor,2023-11-16,05:00,2023-11-16 05:00:00,Fog,Truck,high
1345,28.892289,77.198112,NH-44,Minor,2025-02-15,08:00,2025-02-15 08:00:00,Fog,Bus,high
1346,28.648938,77.212146,G T Road,Minor,2023-09-25,07:00,2023-09-25 07:00:00,Clear,Bike,high
1347,28.562835,77.253329,Lodhi Road,Severe,2025-02-08,03:00,2025-02-08 03:00:00,Rain,Bus,low
1348,28.540649,77.284829,DND Flyway,Minor,2022-07-16,14:00,2022-07-16 14:00:00,Rain,Bus,medium
1349,28.547593,76.857536,Dwarka Expressway,Minor,2023-09-17,08:00,2023-09-17 08:00:00,Rain,Bus,medium
1350,28.78987,77.088692,NH-44,Minor,2023-04-12,08:00,2023-04-12 08:00:00,Clear,Car,high
1351,28.429741,76.84401,MG Road,Minor,2024-11-01,20:00,2024-11-01 20:00:00,Rain,Bike,medium
1352,28.693356,77.097463,Outer Ring Road,Fatal,2022-02-28,06:00,2022-02-28 06:00:00,Fog,Auto,high
1353,28.696238,76.886759,NH-44,Minor,2024-11-26,08:00,2024-11-26 08:00:00,Clear,Car,high
1354,28.769807,77.141439,NH-44,Fatal,2024-09-15,05:00,2024-09-15 05:00:00,Clear,Bus,high
1355,28.601587,76.959079,Dwarka Expressway,Fatal,2024-03-17,04:00,2024-03-17 04:00:00,Rain,Car,medium
1356,28.833065,77.063798,NH-44,Minor,2025-04-08,02:00,2025-04-08 02:00:00,Clear,Bike,high
1357,28.468113,76.939917,MG Road,Severe,2023-09-19,01:00,2023-09-19 01:00:00,Rain,Bus,medium
1358,28.873757,76.801012,NH-44,Minor,2023-06-29,06:00,2023-06-29 06:00:00,Clear,Car,high
1359,28.898665,77.176835,NH-44,Minor,2023-05-02,23:00,2023-05-02 23:00:00,Fog,Auto,high
1360,28.722695,77.068933,NH-44,Severe,2023-01-01,04:00,2023-01-01 04:00:00,Fog,Car,high
1361,28.700301,76.809075,NH-44,Fatal,2022-05-28,00:00,2022-05-28 00:00:00,Clear,Bike,high
1362,28.736771,77.155386,Outer Ring Road,Minor,2024-01-31,09:00,2024-01-31 09:00:00,Rain,Auto,high
1363,28.688363,76.815417,Dwarka Expressway,Minor,2024-07-08,12:00,2024-07-08 12:00:00,Fog,Auto,medium
1364,28.762212,76.872596,NH-44,Minor,2025-01-15,09:00,2025-01-15 09:00:00,Fog,Car,high
1365,28.686643,77.136367,Rohtak Road,Fatal,2024-04-26,09:00,2024-04-26 09:00:00,Clear,Bike,high
1366,28.861611,77.0127,NH-44,Minor,2024-09-14,04:00,2024-09-14 04:00:00,Rain,Auto,high
1367,28.500722,77.014676,MG Road,Minor,2022-01-03,14:00,2022-01-03 14:00:00,Clear,Car,medium
1368,28.455811,77.12947,MG Road,Minor,2023-01-02,21:00,2023-01-02 21:00:00,Clear,Bike,medium
1369,28.597929,77.043143,Dwarka Expressway,Minor,2023-10-26,20:00,2023-10-26 20:00:00,Clear,Car,medium
1370,28.830628,76.839038,NH-44,Minor,2022-06-14,21:00,2022-06-14 21:00:00,Rain,Truck,high
1371,28.712052,76.934708,NH-44,Fatal,2023-05-18,21:00,2023-05-18 21:00:00,Clear,Car,high
1372,28.77837,76.845102,NH-44,Severe,2022-03-30,05:00,2022-03-30 05:00:00,Clear,Bus,high
1373,28.41408,76.846532,MG Road,Minor,2023-10-02,14:00,2023-10-02 14:00:00,Rain,Car,medium
1374,28.740433,77.285362,G T Road,Severe,2024-06-04,20:00,2024-06-04 20:00:00,Rain,Bike,high
1375,28.476597,77.294207,Mathura Road,Minor,2023-01-18,11:00,2023-01-18 11:00:00,Rain,Bike,medium
1376,28.59087,76.873211,Dwarka Expressway,Minor,2023-09-10,22:00,2023-09-10 22:00:00,Clear,Truck,medium
1377,28.445766,77.150385,Mathura Road,Fatal,2022-12-07,10:00,2022-12-07 10:00:00,Rain,Car,medium
1378,28.50143,77.103067,MG Road,Minor,2022-09-22,12:00,2022-09-22 12:00:00,Fog,Bus,medium
1379,28.752705,77.104858,NH-44,Minor,2024-09-03,06:00,2024-09-03 06:00:00,Rain,Auto,high
1380,28.574797,77.1764,Mathura Road,Severe,2023-07-04,12:00,2023-07-04 12:00:00,Clear,Bike,medium
1381,28.413921,76.909409,MG Road,Minor,2023-03-02,10:00,2023-03-02 10:00:00,Fog,Auto,medium
1382,28.544454,77.186824,Mathura Road,Fatal,2023-12-25,10:00,2023-12-25 10:00:00,Clear,Auto,medium
1383,28.880787,77.113861,NH-44,Minor,2023-07-12,02:00,2023-07-12 02:00:00,Rain,Auto,high
1384,28.665439,77.153875,Rohtak Road,Minor,2023-08-24,00:00,2023-08-24 00:00:00,Fog,Bike,high
1385,28.673419,77.103752,Rohtak Road,Minor,2024-02-25,02:00,2024-02-25 02:00:00,Clear,Bus,high
1386,28.41707,77.214685,Mathura Road,Minor,2024-12-14,02:00,2024-12-14 02:00:00,Clear,Truck,medium
1387,28.517413,77.005096,MG Road,Minor,2022-03-22,04:00,2022-03-22 04:00:00,Fog,Truck,medium
1388,28.813564,77.296392,G T Road,Minor,2025-01-27,21:00,2025-01-27 21:00:00,Rain,Bike,high
1389,28.846802,77.28992,G T Road,Minor,2023-03-24,20:00,2023-03-24 20:00:00,Rain,Truck,high
1390,28.80643,76.879763,NH-44,Severe,2022-11-18,18:00,2022-11-18 18:00:00,Fog,Auto,high
1391,28.739427,76.892127,NH-44,Minor,2023-01-18,13:00,2023-01-18 13:00:00,Rain,Truck,high
1392,28.516535,77.004503,MG Road,Fatal,2022-04-30,00:00,2022-04-30 00:00:00,Rain,Auto,medium
1393,28.591751,77.250378,Lodhi Road,Minor,2023-04-17,21:00,2023-04-17 21:00:00,Clear,Car,low
1394,28.497008,76.959684,MG Road,Minor,2024-09-04,21:00,2024-09-04 21:00:00,Clear,Car,medium
1395,28.61477,77.007703,Dwarka Expressway,Minor,2023-10-23,01:00,2023-10-23 01:00:00,Fog,Bus,medium
1396,28.681442,76.926812,Dwarka Expressway,Fatal,2023-07-24,21:00,2023-07-24 21:00:00,Clear,Car,medium
1397,28.749938,76.924248,NH-44,Severe,2022-04-20,04:00,2022-04-20 04:00:00,Clear,Truck,high
1398,28.658626,76.923645,Dwarka Expressway,Fatal,2022-05-05,08:00,2022-05-05 08:00:00,Clear,Truck,medium
1399,28.812278,77.277912,G T Road,Minor,2025-03-16,11:00,2025-03-16 11:00:00,Clear,Car,high
1400,28.657746,77.068416,Rohtak Road,Minor,2022-04-20,05:00,2022-04-20 05:00:00,Clear,Bike,high
1401,28.450263,76.884931,MG Road,Severe,2023-08-07,03:00,2023-08-07 03:00:00,Rain,Truck,medium
1402,28.568191,77.175441,Mathura Road,Minor,2024-04-14,06:00,2024-04-14 06:00:00,Rain,Auto,medium
1403,28.731508,76.980487,NH-44,Severe,2023-03-08,15:00,2023-03-08 15:00:00,Fog,Auto,high
1404,28.649059,76.826861,Dwarka Expressway,Severe,2022-06-07,22:00,2022-06-07 22:00:00,Fog,Bus,medium
1405,28.670227,77.194146,G T Road,Fatal,2023-03-12,17:00,2023-03-12 17:00:00,Rain,Bike,high
1406,28.540593,77.276362,DND Flyway,Severe,2022-12-25,20:00,2022-12-25 20:00:00,Rain,Bus,medium
1407,28.646598,77.053104,Dwarka Expressway,Severe,2023-11-05,17:00,2023-11-05 17:00:00,Rain,Truck,medium
1408,28.830534,77.29965,G T Road,Fatal,2025-01-16,11:00,2025-01-16 11:00:00,Rain,Truck,high
1409,28.805365,77.243862,G T Road,Minor,2022-08-20,03:00,2022-08-20 03:00:00,Rain,Car,high
1410,28.802118,77.235306,G T Road,Severe,2023-08-17,18:00,2023-08-17 18:00:00,Clear,Bike,high
1411,28.753409,76.894831,NH-44,Fatal,2022-05-03,07:00,2022-05-03 07:00:00,Fog,Auto,high
1412,28.423322,77.188071,Mathura Road,Minor,2022-05-07,20:00,2022-05-07 20:00:00,Clear,Bike,medium
1413,28.579736,76.931551,Dwarka Expressway,Severe,2024-04-20,08:00,2024-04-20 08:00:00,Clear,Bike,medium
1414,28.794917,77.153699,NH-44,Minor,2024-07-23,17:00,2024-07-23 17:00:00,Clear,Bus,high
1415,28.756393,76.819909,NH-44,Minor,2024-04-13,08:00,2024-04-13 08:00:00,Clear,Auto,high
1416,28.789129,77.100197,NH-44,Minor,2024-12-03,18:00,2024-12-03 18:00:00,Rain,Bus,high
1417,28.810006,77.247569,G T Road,Severe,2023-01-26,13:00,2023-01-26 13:00:00,Clear,Bike,high
1418,28.430755,76.99529,MG Road,Severe,2022-05-21,12:00,2022-05-21 12:00:00,Fog,Car,medium
1419,28.719557,77.152133,Outer Ring Road,Severe,2022-11-17,02:00,2022-11-17 02:00:00,Rain,Truck,high
1420,28.710826,76.963321,NH-44,Minor,2024-02-15,04:00,2024-02-15 04:00:00,Fog,Auto,high
1421,28.653047,77.250688,G T Road,Fatal,2023-06-14,13:00,2023-06-14 13:00:00,Rain,Car,high
1422,28.65243,76.800054,Dwarka Expressway,Minor,2023-03-26,20:00,2023-03-26 20:00:00,Rain,Bus,medium
1423,28.783577,77.157444,NH-44,Fatal,2024-04-13,14:00,2024-04-13 14:00:00,Rain,Auto,high
1424,28.835526,76.839205,NH-44,Minor,2023-03-25,22:00,2023-03-25 22:00:00,Fog,Bike,high
1425,28.761435,77.158489,Outer Ring Road,Minor,2022-05-07,23:00,2022-05-07 23:00:00,Rain,Bus,high
1426,28.40057,77.081087,MG Road,Minor,2024-01-03,20:00,2024-01-03 20:00:00,Rain,Bike,medium
1427,28.467437,77.065797,MG Road,Severe,2024-11-22,03:00,2024-11-22 03:00:00,Fog,Bike,medium
1428,28.50444,77.038883,MG Road,Minor,2023-03-02,22:00,2023-03-02 22:00:00,Clear,Auto,medium
1429,28.874955,77.188109,NH-44,Severe,2022-04-21,20:00,2022-04-21 20:00:00,Clear,Auto,high
1430,28.712209,76.95021,NH-44,Minor,2023-11-26,20:00,2023-11-26 20:00:00,Fog,Car,high
1431,28.407504,76.963316,MG Road,Minor,2024-10-06,12:00,2024-10-06 12:00:00,Fog,Truck,medium
1432,28.511279,76.849551,MG Road,Minor,2025-01-31,19:00,2025-01-31 19:00:00,Fog,Truck,medium
1433,28.80738,77.060742,NH-44,Minor,2024-05-12,21:00,2024-05-12 21:00:00,Rain,Bus,high
1434,28.575224,77.242263,Lodhi Road,Minor,2023-05-10,14:00,2023-05-10 14:00:00,Rain,Truck,low
1435,28.560164,77.001988,Dwarka Expressway,Minor,2024-07-19,14:00,2024-07-19 14:00:00,Rain,Bus,medium
1436,28.648348,77.091929,Rohtak Road,Minor,2023-06-13,01:00,2023-06-13 01:00:00,Clear,Truck,high
1437,28.871571,77.293179,G T Road,Severe,2024-12-02,06:00,2024-12-02 06:00:00,Rain,Truck,high
1438,28.580941,77.155007,Mathura Road,Fatal,2023-09-13,16:00,2023-09-13 16:00:00,Fog,Truck,medium
1439,28.667227,77.286183,G T Road,Minor,2022-06-07,20:00,2022-06-07 20:00:00,Clear,Truck,high
1440,28.548396,76.937437,Dwarka Expressway,Minor,2022-04-07,06:00,2022-04-07 06:00:00,Clear,Auto,medium
1441,28.874039,76.996286,NH-44,Fatal,2022-03-01,21:00,2022-03-01 21:00:00,Fog,Car,high
1442,28.769427,77.071058,NH-44,Minor,2023-07-27,02:00,2023-07-27 02:00:00,Rain,Truck,high
1443,28.567853,77.271574,DND Flyway,Fatal,2022-07-31,15:00,2022-07-31 15:00:00,Clear,Car,medium
1444,28.661996,77.287218,G T Road,Severe,2023-05-25,10:00,2023-05-25 10:00:00,Fog,Truck,high
1445,28.55407,77.069873,Dwarka Expressway,Minor,2023-02-27,09:00,2023-02-27 09:00:00,Clear,Auto,medium
1446,28.867544,77.106101,NH-44,Minor,2025-02-20,20:00,2025-02-20 20:00:00,Fog,Car,high
1447,28.860831,76.922046,NH-44,Minor,2024-02-23,07:00,2024-02-23 07:00:00,Rain,Auto,high
1448,28.834188,77.069603,NH-44,Minor,2022-11-23,07:00,2022-11-23 07:00:00,Clear,Truck,high
1449,28.79398,76.915552,NH-44,Severe,2025-04-09,22:00,2025-04-09 22:00:00,Clear,Truck,high
1450,28.685493,77.073968,Outer Ring Road,Minor,2023-11-06,19:00,2023-11-06 19:00:00,Clear,Car,high
1451,28.660972,76.850631,Dwarka Expressway,Severe,2023-06-25,09:00,2023-06-25 09:00:00,Clear,Bike,medium
1452,28.600379,77.213847,Lodhi Road,Severe,2024-10-16,00:00,2024-10-16 00:00:00,Fog,Truck,low
1453,28.481511,76.981219,MG Road,Fatal,2023-05-31,12:00,2023-05-31 12:00:00,Fog,Auto,medium
1454,28.735184,77.171537,Outer Ring Road,Fatal,2025-04-11,02:00,2025-04-11 02:00:00,Clear,Bus,high
1455,28.86103,76.85316,NH-44,Minor,2022-10-07,20:00,2022-10-07 20:00:00,Clear,Bus,high
1456,28.872777,77.016561,NH-44,Severe,2024-02-16,03:00,2024-02-16 03:00:00,Rain,Bus,high
1457,28.531826,77.004416,Dwarka Expressway,Severe,2023-01-09,04:00,2023-01-09 04:00:00,Rain,Car,medium
1458,28.681098,77.185004,G T Road,Minor,2023-06-08,17:00,2023-06-08 17:00:00,Clear,Bike,high
1459,28.80763,77.085375,NH-44,Minor,2023-09-03,10:00,2023-09-03 10:00:00,Clear,Bus,high
1460,28.432174,76.953007,MG Road,Fatal,2023-04-12,10:00,2023-04-12 10:00:00,Clear,Truck,medium
1461,28.816487,77.188824,NH-44,Fatal,2024-09-28,16:00,2024-09-28 16:00:00,Fog,Truck,high
1462,28.454181,77.192036,Mathura Road,Minor,2022-04-01,22:00,2022-04-01 22:00:00,Clear,Bus,medium
1463,28.868616,77.291933,G T Road,Severe,2022-10-21,19:00,2022-10-21 19:00:00,Rain,Truck,high
1464,28.892456,77.250332,NH-44,Severe,2024-02-18,04:00,2024-02-18 04:00:00,Clear,Bus,high
1465,28.847992,76.883887,NH-44,Minor,2024-08-14,04:00,2024-08-14 04:00:00,Fog,Auto,high
1466,28.572682,77.05373,Dwarka Expressway,Minor,2024-08-09,06:00,2024-08-09 06:00:00,Clear,Bus,medium
1467,28.43683,76.804644,MG Road,Minor,2024-07-20,02:00,2024-07-20 02:00:00,Clear,Bus,medium
1468,28.594073,77.215502,Lodhi Road,Minor,2023-12-07,00:00,2023-12-07 00:00:00,Fog,Bus,low
1469,28.549295,77.267504,DND Flyway,Minor,2023-04-15,13:00,2023-04-15 13:00:00,Fog,Auto,medium
1470,28.74796,77.216336,G T Road,Minor,2023-09-13,17:00,2023-09-13 17:00:00,Fog,Bus,high
1471,28.643695,76.831019,Dwarka Expressway,Severe,2025-03-18,03:00,2025-03-18 03:00:00,Fog,Bike,medium
1472,28.439151,77.039791,MG Road,Fatal,2024-05-03,18:00,2024-05-03 18:00:00,Clear,Auto,medium
1473,28.532058,76.975581,MG Road,Fatal,2024-10-10,17:00,2024-10-10 17:00:00,Fog,Auto,medium
1474,28.575898,76.957831,Dwarka Expressway,Fatal,2025-03-25,09:00,2025-03-25 09:00:00,Clear,Truck,medium
1475,28.463702,76.939592,MG Road,Minor,2022-12-21,09:00,2022-12-21 09:00:00,Clear,Truck,medium
1476,28.898725,77.278623,NH-44,Severe,2022-05-01,11:00,2022-05-01 11:00:00,Fog,Bus,high
1477,28.758297,76.800707,NH-44,Minor,2024-04-10,22:00,2024-04-10 22:00:00,Clear,Auto,high
1478,28.838241,77.054389,NH-44,Minor,2024-05-22,21:00,2024-05-22 21:00:00,Clear,Auto,high
1479,28.795202,77.054923,NH-44,Severe,2024-05-31,12:00,2024-05-31 12:00:00,Fog,Auto,high
1480,28.436283,76.90002,MG Road,Minor,2024-10-06,18:00,2024-10-06 18:00:00,Fog,Auto,medium
1481,28.69674,77.285058,G T Road,Fatal,2025-02-09,19:00,2025-02-09 19:00:00,Fog,Bus,high
1482,28.85217,77.120744,NH-44,Minor,2024-11-04,02:00,2024-11-04 02:00:00,Clear,Car,high
1483,28.777602,77.039135,NH-44,Fatal,2024-07-17,23:00,2024-07-17 23:00:00,Fog,Bike,high
1484,28.429222,77.169592,Mathura Road,Minor,2022-05-04,22:00,2022-05-04 22:00:00,Fog,Bus,medium
1485,28.859105,76.817927,NH-44,Minor,2025-03-13,21:00,2025-03-13 21:00:00,Clear,Car,high
1486,28.742266,77.004717,NH-44,Severe,2023-09-16,14:00,2023-09-16 14:00:00,Fog,Bus,high
1487,28.883871,77.267741,NH-44,Fatal,2024-05-10,23:00,2024-05-10 23:00:00,Fog,Auto,high
1488,28.740188,76.825809,NH-44,Minor,2024-05-30,09:00,2024-05-30 09:00:00,Rain,Car,high
1489,28.740276,77.123343,Outer Ring Road,Fatal,2023-02-28,14:00,2023-02-28 14:00:00,Fog,Truck,high
1490,28.466561,76.916714,MG Road,Minor,2024-09-01,08:00,2024-09-01 08:00:00,Fog,Bus,medium
1491,28.640897,77.131213,Rohtak Road,Fatal,2022-04-25,18:00,2022-04-25 18:00:00,Clear,Bus,high
1492,28.461571,77.184301,Mathura Road,Minor,2022-04-17,06:00,2022-04-17 06:00:00,Fog,Auto,medium
1493,28.848476,77.089651,NH-44,Minor,2025-03-02,13:00,2025-03-02 13:00:00,Fog,Truck,high
1494,28.514168,76.910601,MG Road,Minor,2023-10-27,22:00,2023-10-27 22:00:00,Clear,Car,medium
1495,28.491285,77.136616,Mathura Road,Fatal,2024-12-23,20:00,2024-12-23 20:00:00,Rain,Bike,medium
1496,28.739536,77.249123,G T Road,Severe,2023-07-28,21:00,2023-07-28 21:00:00,Clear,Bus,high
1497,28.894623,76.85285,NH-44,Minor,2022-01-07,14:00,2022-01-07 14:00:00,Clear,Car,high
1498,28.423751,77.260472,Mathura Road,Minor,2022-06-15,05:00,2022-06-15 05:00:00,Fog,Car,medium
1499,28.860105,77.121033,NH-44,Minor,2024-09-03,15:00,2024-09-03 15:00:00,Fog,Bike,high
1500,28.462101,76.877123,MG Road,Severe,2024-11-29,23:00,2024-11-29 23:00:00,Rain,Bus,medium
1501,28.876195,76.889414,NH-44,Minor,2024-09-04,23:00,2024-09-04 23:00:00,Rain,Bike,high
1502,28.650653,77.237685,G T Road,Minor,2022-12-06,02:00,2022-12-06 02:00:00,Clear,Truck,high
1503,28.79983,77.007395,NH-44,Severe,2022-11-06,19:00,2022-11-06 19:00:00,Clear,Bus,high
1504,28.571117,76.867188,Dwarka Expressway,Severe,2023-07-23,23:00,2023-07-23 23:00:00,Fog,Bus,medium
1505,28.653421,77.077653,Rohtak Road,Minor,2023-06-05,22:00,2023-06-05 22:00:00,Clear,Car,high
1506,28.729179,77.284153,G T Road,Minor,2022-09-26,19:00,2022-09-26 19:00:00,Fog,Car,high
1507,28.769402,76.985444,NH-44,Severe,2024-06-04,14:00,2024-06-04 14:00:00,Fog,Bus,high
1508,28.774901,76.855948,NH-44,Minor,2022-09-20,01:00,2022-09-20 01:00:00,Rain,Car,high
1509,28.617555,77.172533,Ring Road,Fatal,2023-12-11,08:00,2023-12-11 08:00:00,Fog,Car,high
1510,28.710943,77.26889,G T Road,Severe,2024-10-26,10:00,2024-10-26 10:00:00,Rain,Bus,high
1511,28.86284,76.878147,NH-44,Severe,2023-06-18,02:00,2023-06-18 02:00:00,Rain,Bus,high
1512,28.714536,76.885066,NH-44,Severe,2023-10-15,18:00,2023-10-15 18:00:00,Rain,Bus,high
1513,28.664376,77.089279,Rohtak Road,Minor,2022-11-18,17:00,2022-11-18 17:00:00,Clear,Bus,high
1514,28.578587,76.834448,Dwarka Expressway,Minor,2022-06-10,14:00,2022-06-10 14:00:00,Rain,Bike,medium
1515,28.779906,77.248734,G T Road,Minor,2024-02-10,12:00,2024-02-10 12:00:00,Fog,Auto,high
1516,28.71924,77.006827,NH-44,Severe,2025-04-14,13:00,2025-04-14 13:00:00,Clear,Auto,high
1517,28.406866,76.832711,MG Road,Severe,2024-04-29,17:00,2024-04-29 17:00:00,Clear,Truck,medium
1518,28.693473,76.888799,NH-44,Severe,2024-10-07,21:00,2024-10-07 21:00:00,Fog,Bike,high
1519,28.439278,77.223147,Mathura Road,Minor,2025-01-12,05:00,2025-01-12 05:00:00,Fog,Bus,medium
1520,28.868707,77.13937,NH-44,Fatal,2022-05-01,11:00,2022-05-01 11:00:00,Rain,Bus,high
1521,28.423865,77.295916,Mathura Road,Minor,2025-02-08,07:00,2025-02-08 07:00:00,Fog,Truck,medium
1522,28.464714,76.859402,MG Road,Fatal,2023-08-10,00:00,2023-08-10 00:00:00,Rain,Car,medium
1523,28.82609,76.95339,NH-44,Severe,2023-08-05,14:00,2023-08-05 14:00:00,Rain,Bus,high
1524,28.6846,77.174975,Rohtak Road,Minor,2024-03-31,02:00,2024-03-31 02:00:00,Rain,Bus,high
1525,28.595263,76.901152,Dwarka Expressway,Minor,2022-02-23,01:00,2022-02-23 01:00:00,Clear,Auto,medium
1526,28.431307,77.166713,Mathura Road,Minor,2024-11-05,00:00,2024-11-05 00:00:00,Rain,Truck,medium
1527,28.693864,77.190013,G T Road,Minor,2022-11-21,01:00,2022-11-21 01:00:00,Rain,Bus,high
1528,28.684627,77.253597,G T Road,Minor,2025-02-20,08:00,2025-02-20 08:00:00,Rain,Truck,high
1529,28.505925,77.293907,DND Flyway,Minor,2022-01-27,23:00,2022-01-27 23:00:00,Clear,Car,medium
1530,28.857582,77.193025,NH-44,Minor,2024-03-03,13:00,2024-03-03 13:00:00,Clear,Bike,high
1531,28.633277,77.299275,DND Flyway,Minor,2022-09-06,00:00,2022-09-06 00:00:00,Clear,Bus,medium
1532,28.745058,76.804349,NH-44,Minor,2022-04-09,13:00,2022-04-09 13:00:00,Rain,Car,high
1533,28.492163,77.235066,Mathura Road,Minor,2022-03-12,09:00,2022-03-12 09:00:00,Fog,Bike,medium
1534,28.44824,77.265605,Mathura Road,Severe,2023-06-11,11:00,2023-06-11 11:00:00,Rain,Bus,medium
1535,28.714285,76.876007,NH-44,Severe,2023-02-24,15:00,2023-02-24 15:00:00,Fog,Bike,high
1536,28.825671,77.022937,NH-44,Severe,2023-12-07,18:00,2023-12-07 18:00:00,Clear,Auto,high
1537,28.501652,77.218795,Mathura Road,Fatal,2024-07-07,09:00,2024-07-07 09:00:00,Rain,Auto,medium
1538,28.523056,76.969018,MG Road,Minor,2022-12-28,23:00,2022-12-28 23:00:00,Clear,Truck,medium
1539,28.612337,76.936862,Dwarka Expressway,Minor,2023-03-04,00:00,2023-03-04 00:00:00,Rain,Car,medium
1540,28.428032,77.24253,Mathura Road,Minor,2022-08-13,07:00,2022-08-13 07:00:00,Fog,Truck,medium
1541,28.552996,77.156665,Mathura Road,Minor,2024-01-15,23:00,2024-01-15 23:00:00,Fog,Auto,medium
1542,28.832874,76.95466,NH-44,Minor,2022-08-19,13:00,2022-08-19 13:00:00,Rain,Bus,high
1543,28.813444,77.089706,NH-44,Minor,2024-08-14,21:00,2024-08-14 21:00:00,Rain,Truck,high
1544,28.677562,76.969631,Dwarka Expressway,Fatal,2022-01-29,21:00,2022-01-29 21:00:00,Rain,Bus,medium
1545,28.467889,77.207821,Mathura Road,Minor,2022-04-17,13:00,2022-04-17 13:00:00,Rain,Car,medium
1546,28.86004,76.838224,NH-44,Severe,2023-01-26,02:00,2023-01-26 02:00:00,Fog,Car,high
1547,28.833628,77.184891,NH-44,Minor,2022-05-10,19:00,2022-05-10 19:00:00,Rain,Bus,high
1548,28.710588,77.053041,NH-44,Minor,2024-04-07,08:00,2024-04-07 08:00:00,Fog,Bus,high
1549,28.691106,76.868821,NH-44,Minor,2022-03-12,07:00,2022-03-12 07:00:00,Rain,Bus,high
1550,28.44082,76.994879,MG Road,Fatal,2022-04-07,15:00,2022-04-07 15:00:00,Rain,Bike,medium
1551,28.692924,77.064239,Outer Ring Road,Minor,2025-04-12,00:00,2025-04-12 00:00:00,Rain,Bus,high
1552,28.715952,77.080629,Outer Ring Road,Minor,2024-04-01,08:00,2024-04-01 08:00:00,Clear,Car,high
1553,28.687013,77.237382,G T Road,Severe,2024-12-21,14:00,2024-12-21 14:00:00,Fog,Bus,high
1554,28.579993,76.905247,Dwarka Expressway,Minor,2024-02-20,22:00,2024-02-20 22:00:00,Clear,Bike,medium
1555,28.430703,77.123374,MG Road,Minor,2024-08-25,10:00,2024-08-25 10:00:00,Clear,Bike,medium
1556,28.403892,77.045102,MG Road,Severe,2022-01-05,06:00,2022-01-05 06:00:00,Rain,Auto,medium
1557,28.693914,76.898539,NH-44,Minor,2025-02-03,08:00,2025-02-03 08:00:00,Clear,Bus,high
1558,28.490275,77.267064,Mathura Road,Fatal,2023-04-20,15:00,2023-04-20 15:00:00,Rain,Car,medium
1559,28.641774,76.888023,Dwarka Expressway,Severe,2024-05-12,06:00,2024-05-12 06:00:00,Fog,Car,medium
1560,28.727522,77.119583,Outer Ring Road,Fatal,2023-07-08,20:00,2023-07-08 20:00:00,Fog,Bike,high
1561,28.69643,77.022839,NH-44,Severe,2024-10-13,04:00,2024-10-13 04:00:00,Rain,Truck,high
1562,28.81794,77.297853,G T Road,Minor,2022-01-02,05:00,2022-01-02 05:00:00,Clear,Bike,high
1563,28.856106,76.898813,NH-44,Fatal,2023-06-11,02:00,2023-06-11 02:00:00,Clear,Auto,high
1564,28.519644,76.98536,MG Road,Severe,2023-10-05,17:00,2023-10-05 17:00:00,Clear,Bike,medium
1565,28.894268,77.21083,NH-44,Severe,2023-04-28,15:00,2023-04-28 15:00:00,Clear,Car,high
1566,28.809086,76.830725,NH-44,Fatal,2023-11-02,04:00,2023-11-02 04:00:00,Fog,Bike,high
1567,28.720607,76.841363,NH-44,Minor,2022-04-21,11:00,2022-04-21 11:00:00,Clear,Auto,high
1568,28.496241,77.025178,MG Road,Severe,2025-02-23,17:00,2025-02-23 17:00:00,Clear,Truck,medium
1569,28.687653,77.292098,G T Road,Minor,2024-09-29,17:00,2024-09-29 17:00:00,Rain,Truck,high
1570,28.838451,76.94444,NH-44,Severe,2024-07-21,07:00,2024-07-21 07:00:00,Clear,Bike,high
1571,28.469056,77.003509,MG Road,Minor,2022-06-13,11:00,2022-06-13 11:00:00,Rain,Bus,medium
1572,28.473646,77.093694,MG Road,Minor,2025-03-11,06:00,2025-03-11 06:00:00,Clear,Bike,medium
1573,28.583278,77.079141,Dwarka Expressway,Severe,2024-04-18,13:00,2024-04-18 13:00:00,Clear,Bike,medium
1574,28.644545,77.238364,G T Road,Severe,2023-02-19,23:00,2023-02-19 23:00:00,Clear,Bus,high
1575,28.784759,77.214674,Outer Ring Road,Minor,2023-06-26,22:00,2023-06-26 22:00:00,Clear,Auto,high
1576,28.643038,76.845517,Dwarka Expressway,Minor,2024-07-01,08:00,2024-07-01 08:00:00,Fog,Auto,medium
1577,28.467361,76.960529,MG Road,Minor,2024-04-26,10:00,2024-04-26 10:00:00,Fog,Auto,medium
1578,28.709678,77.185589,Rohtak Road,Severe,2023-08-28,06:00,2023-08-28 06:00:00,Rain,Bus,high
1579,28.617,76.891804,Dwarka Expressway,Severe,2025-01-04,22:00,2025-01-04 22:00:00,Clear,Bike,medium
1580,28.400724,77.198535,Mathura Road,Severe,2022-12-18,15:00,2022-12-18 15:00:00,Rain,Bus,medium
1581,28.564166,77.1444,Mathura Road,Minor,2024-12-12,13:00,2024-12-12 13:00:00,Rain,Truck,medium
1582,28.868219,77.236588,NH-44,Minor,2022-07-21,00:00,2022-07-21 00:00:00,Clear,Bus,high
1583,28.817438,76.826809,NH-44,Minor,2022-03-30,02:00,2022-03-30 02:00:00,Fog,Car,high
1584,28.860426,77.210312,NH-44,Severe,2023-03-29,14:00,2023-03-29 14:00:00,Fog,Car,high
1585,28.840335,77.203582,NH-44,Severe,2023-11-23,15:00,2023-11-23 15:00:00,Clear,Bike,high
1586,28.849191,76.820717,NH-44,Fatal,2025-02-08,09:00,2025-02-08 09:00:00,Rain,Auto,high
1587,28.471957,77.10546,MG Road,Minor,2023-02-11,10:00,2023-02-11 10:00:00,Clear,Auto,medium
1588,28.821813,76.917041,NH-44,Minor,2025-02-18,04:00,2025-02-18 04:00:00,Fog,Bike,high
1589,28.50988,77.132852,Mathura Road,Minor,2022-01-16,04:00,2022-01-16 04:00:00,Rain,Car,medium
1590,28.697266,77.22774,G T Road,Minor,2023-07-31,15:00,2023-07-31 15:00:00,Clear,Truck,high
1591,28.577808,76.886904,Dwarka Expressway,Severe,2024-07-21,12:00,2024-07-21 12:00:00,Rain,Car,medium
1592,28.481862,76.987593,MG Road,Severe,2024-02-14,22:00,2024-02-14 22:00:00,Clear,Auto,medium
1593,28.680346,77.012906,Outer Ring Road,Minor,2022-03-05,12:00,2022-03-05 12:00:00,Fog,Bike,high
1594,28.66438,76.887368,Dwarka Expressway,Minor,2023-05-20,23:00,2023-05-20 23:00:00,Clear,Car,medium
1595,28.708211,76.895213,NH-44,Severe,2022-10-08,16:00,2022-10-08 16:00:00,Rain,Auto,high
1596,28.424926,76.888589,MG Road,Fatal,2024-08-19,13:00,2024-08-19 13:00:00,Clear,Car,medium
1597,28.820327,77.120994,NH-44,Severe,2024-03-21,00:00,2024-03-21 00:00:00,Fog,Bus,high
1598,28.793892,77.011511,NH-44,Severe,2024-08-28,06:00,2024-08-28 06:00:00,Rain,Bus,high
1599,28.715435,77.011189,NH-44,Fatal,2023-12-19,06:00,2023-12-19 06:00:00,Fog,Car,high
1600,28.709572,77.107159,Outer Ring Road,Severe,2023-02-28,11:00,2023-02-28 11:00:00,Rain,Auto,high
1601,28.752261,77.036351,NH-44,Minor,2022-03-20,08:00,2022-03-20 08:00:00,Fog,Bus,high
1602,28.80147,77.2597,G T Road,Minor,2023-06-09,13:00,2023-06-09 13:00:00,Clear,Car,high
1603,28.720575,77.225206,G T Road,Fatal,2022-05-17,19:00,2022-05-17 19:00:00,Clear,Truck,high
1604,28.455984,76.804722,MG Road,Fatal,2024-12-23,22:00,2024-12-23 22:00:00,Rain,Car,medium
1605,28.530163,77.291901,DND Flyway,Minor,2022-12-25,16:00,2022-12-25 16:00:00,Clear,Car,medium
1606,28.424725,77.262545,Mathura Road,Severe,2023-02-13,08:00,2023-02-13 08:00:00,Clear,Auto,medium
1607,28.568176,77.05104,Dwarka Expressway,Severe,2023-04-03,16:00,2023-04-03 16:00:00,Fog,Truck,medium
1608,28.687299,77.212685,G T Road,Minor,2024-08-24,07:00,2024-08-24 07:00:00,Fog,Bus,high
1609,28.832411,77.181026,NH-44,Severe,2024-06-02,20:00,2024-06-02 20:00:00,Rain,Bus,high
1610,28.865451,77.216372,NH-44,Minor,2024-06-29,14:00,2024-06-29 14:00:00,Rain,Truck,high
1611,28.843892,76.841216,NH-44,Severe,2022-05-23,15:00,2022-05-23 15:00:00,Rain,Bike,high
1612,28.696427,76.817987,NH-44,Minor,2024-09-10,10:00,2024-09-10 10:00:00,Clear,Auto,high
1613,28.600549,76.975589,Dwarka Expressway,Fatal,2024-05-11,05:00,2024-05-11 05:00:00,Fog,Truck,medium
1614,28.800296,76.80096,NH-44,Minor,2022-05-05,00:00,2022-05-05 00:00:00,Clear,Truck,high
1615,28.764907,77.119262,NH-44,Severe,2022-12-17,13:00,2022-12-17 13:00:00,Rain,Bike,high
1616,28.564361,77.24231,Lodhi Road,Severe,2025-04-12,19:00,2025-04-12 19:00:00,Fog,Bike,low
1617,28.745069,77.172497,Outer Ring Road,Severe,2024-09-25,09:00,2024-09-25 09:00:00,Clear,Bike,high
1618,28.805259,76.824779,NH-44,Minor,2023-02-16,11:00,2023-02-16 11:00:00,Rain,Auto,high
1619,28.695752,76.910215,NH-44,Fatal,2025-01-05,11:00,2025-01-05 11:00:00,Rain,Bike,high
1620,28.623049,77.286203,DND Flyway,Severe,2023-05-20,23:00,2023-05-20 23:00:00,Fog,Truck,medium
1621,28.863004,77.185137,NH-44,Minor,2023-01-09,06:00,2023-01-09 06:00:00,Fog,Bus,high
1622,28.81962,76.843762,NH-44,Minor,2023-11-15,05:00,2023-11-15 05:00:00,Clear,Car,high
1623,28.553032,77.165472,Mathura Road,Fatal,2025-04-10,20:00,2025-04-10 20:00:00,Fog,Truck,medium
1624,28.658408,76.94532,Dwarka Expressway,Minor,2022-10-24,04:00,2022-10-24 04:00:00,Clear,Truck,medium
1625,28.897825,77.128429,NH-44,Minor,2023-09-12,18:00,2023-09-12 18:00:00,Clear,Car,high
1626,28.540965,77.05476,Dwarka Expressway,Minor,2023-03-18,16:00,2023-03-18 16:00:00,Fog,Car,medium
1627,28.642613,76.998145,Dwarka Expressway,Minor,2022-10-12,02:00,2022-10-12 02:00:00,Fog,Bus,medium
1628,28.609387,76.897071,Dwarka Expressway,Fatal,2024-06-08,04:00,2024-06-08 04:00:00,Fog,Bus,medium
1629,28.781429,76.910957,NH-44,Minor,2022-07-24,05:00,2022-07-24 05:00:00,Fog,Bus,high
1630,28.655324,77.273183,G T Road,Minor,2023-09-13,16:00,2023-09-13 16:00:00,Clear,Truck,high
1631,28.527713,76.820753,MG Road,Minor,2025-04-03,13:00,2025-04-03 13:00:00,Clear,Car,medium
1632,28.638534,76.822919,Dwarka Expressway,Minor,2023-09-13,18:00,2023-09-13 18:00:00,Clear,Car,medium
1633,28.644516,76.893378,Dwarka Expressway,Minor,2023-11-15,16:00,2023-11-15 16:00:00,Clear,Auto,medium
1634,28.87555,76.863584,NH-44,Minor,2024-12-11,14:00,2024-12-11 14:00:00,Fog,Truck,high
1635,28.501971,76.986603,MG Road,Minor,2022-08-06,20:00,2022-08-06 20:00:00,Fog,Bus,medium
1636,28.726319,77.109079,Outer Ring Road,Minor,2023-06-23,02:00,2023-06-23 02:00:00,Clear,Truck,high
1637,28.592582,77.185121,Ring Road,Minor,2024-01-28,14:00,2024-01-28 14:00:00,Rain,Truck,high
1638,28.485856,76.990087,MG Road,Minor,2025-01-27,18:00,2025-01-27 18:00:00,Clear,Car,medium
1639,28.824478,77.162971,NH-44,Minor,2022-06-11,09:00,2022-06-11 09:00:00,Clear,Auto,high
1640,28.751987,76.860961,NH-44,Minor,2024-09-01,09:00,2024-09-01 09:00:00,Fog,Auto,high
1641,28.663421,77.200194,G T Road,Minor,2023-10-10,21:00,2023-10-10 21:00:00,Clear,Bus,high
1642,28.559046,77.016292,Dwarka Expressway,Severe,2023-11-04,13:00,2023-11-04 13:00:00,Clear,Truck,medium
1643,28.783542,76.84986,NH-44,Fatal,2022-08-29,23:00,2022-08-29 23:00:00,Rain,Car,high
1644,28.415281,76.811916,MG Road,Severe,2022-02-04,17:00,2022-02-04 17:00:00,Clear,Car,medium
1645,28.533879,77.186758,Mathura Road,Severe,2023-08-14,23:00,2023-08-14 23:00:00,Rain,Bike,medium
1646,28.455008,77.125776,MG Road,Fatal,2024-11-21,05:00,2024-11-21 05:00:00,Fog,Car,medium
1647,28.569614,77.110115,Dwarka Expressway,Severe,2023-06-09,03:00,2023-06-09 03:00:00,Fog,Car,medium
1648,28.654569,76.89098,Dwarka Expressway,Fatal,2025-03-03,04:00,2025-03-03 04:00:00,Clear,Bike,medium
1649,28.646791,77.270685,G T Road,Severe,2022-10-19,11:00,2022-10-19 11:00:00,Clear,Truck,high
1650,28.586704,77.024678,Dwarka Expressway,Minor,2022-03-25,20:00,2022-03-25 20:00:00,Clear,Car,medium
1651,28.771361,76.828425,NH-44,Severe,2025-03-24,01:00,2025-03-24 01:00:00,Fog,Car,high
1652,28.490141,76.989987,MG Road,Minor,2022-01-21,15:00,2022-01-21 15:00:00,Rain,Truck,medium
1653,28.455324,76.926798,MG Road,Minor,2023-03-07,20:00,2023-03-07 20:00:00,Clear,Truck,medium
1654,28.780807,76.936373,NH-44,Minor,2022-06-18,09:00,2022-06-18 09:00:00,Rain,Bus,high
1655,28.703054,77.016899,NH-44,Fatal,2024-02-21,10:00,2024-02-21 10:00:00,Clear,Auto,high
1656,28.748952,77.183257,Outer Ring Road,Severe,2023-07-11,12:00,2023-07-11 12:00:00,Clear,Truck,high
1657,28.697773,76.999141,NH-44,Minor,2023-08-22,12:00,2023-08-22 12:00:00,Clear,Car,high
1658,28.603272,77.105044,Dwarka Expressway,Minor,2024-12-23,22:00,2024-12-23 22:00:00,Clear,Auto,medium
1659,28.54508,76.898907,Dwarka Expressway,Severe,2022-10-30,13:00,2022-10-30 13:00:00,Fog,Bike,medium
1660,28.567826,77.083892,Dwarka Expressway,Minor,2024-10-06,09:00,2024-10-06 09:00:00,Clear,Bike,medium
1661,28.628049,76.952704,Dwarka Expressway,Minor,2023-03-11,20:00,2023-03-11 20:00:00,Clear,Auto,medium
1662,28.769948,77.23742,G T Road,Minor,2022-02-02,19:00,2022-02-02 19:00:00,Fog,Truck,high
1663,28.438161,76.892679,MG Road,Minor,2022-11-18,01:00,2022-11-18 01:00:00,Fog,Bike,medium
1664,28.660687,77.200696,G T Road,Minor,2024-01-13,16:00,2024-01-13 16:00:00,Clear,Bike,high
1665,28.81259,76.923902,NH-44,Severe,2024-05-27,13:00,2024-05-27 13:00:00,Fog,Auto,high
1666,28.483224,77.226487,Mathura Road,Minor,2022-03-13,02:00,2022-03-13 02:00:00,Clear,Bike,medium
1667,28.496475,76.826503,MG Road,Severe,2024-11-08,17:00,2024-11-08 17:00:00,Rain,Truck,medium
1668,28.46283,76.900754,MG Road,Minor,2022-07-13,21:00,2022-07-13 21:00:00,Fog,Truck,medium
1669,28.822431,76.974006,NH-44,Minor,2023-03-24,04:00,2023-03-24 04:00:00,Fog,Truck,high
1670,28.590376,76.881164,Dwarka Expressway,Minor,2022-01-15,15:00,2022-01-15 15:00:00,Rain,Bus,medium
1671,28.754228,77.048148,NH-44,Minor,2023-08-22,07:00,2023-08-22 07:00:00,Clear,Bus,high
1672,28.617193,77.225396,Ring Road,Fatal,2022-05-04,08:00,2022-05-04 08:00:00,Fog,Auto,high
1673,28.623854,77.226173,Ring Road,Fatal,2024-02-09,16:00,2024-02-09 16:00:00,Rain,Car,high
1674,28.786081,76.867424,NH-44,Minor,2022-11-08,13:00,2022-11-08 13:00:00,Fog,Truck,high
1675,28.522122,77.035055,MG Road,Minor,2023-06-04,20:00,2023-06-04 20:00:00,Clear,Bike,medium
1676,28.462108,76.981854,MG Road,Severe,2022-03-03,09:00,2022-03-03 09:00:00,Rain,Bike,medium
1677,28.889915,77.259805,NH-44,Minor,2025-01-14,16:00,2025-01-14 16:00:00,Fog,Bus,high
1678,28.603314,76.836169,Dwarka Expressway,Severe,2025-03-20,03:00,2025-03-20 03:00:00,Fog,Car,medium
1679,28.494262,77.288354,Mathura Road,Minor,2024-01-19,01:00,2024-01-19 01:00:00,Fog,Bus,medium
1680,28.862161,77.17206,NH-44,Minor,2023-09-08,09:00,2023-09-08 09:00:00,Clear,Bus,high
1681,28.511055,76.959964,MG Road,Severe,2024-10-22,19:00,2024-10-22 19:00:00,Rain,Truck,medium
1682,28.502347,77.13224,Mathura Road,Minor,2024-08-01,02:00,2024-08-01 02:00:00,Fog,Bus,medium
1683,28.765427,77.258814,G T Road,Fatal,2022-03-20,19:00,2022-03-20 19:00:00,Rain,Auto,high
1684,28.799885,76.821048,NH-44,Severe,2024-08-09,16:00,2024-08-09 16:00:00,Clear,Truck,high
1685,28.64781,77.261486,G T Road,Severe,2024-01-24,19:00,2024-01-24 19:00:00,Clear,Car,high
1686,28.62624,76.884565,Dwarka Expressway,Minor,2023-07-07,19:00,2023-07-07 19:00:00,Clear,Auto,medium
1687,28.66169,77.143805,Rohtak Road,Severe,2022-06-15,09:00,2022-06-15 09:00:00,Fog,Bike,high
1688,28.802309,76.873032,NH-44,Minor,2022-07-22,00:00,2022-07-22 00:00:00,Clear,Truck,high
1689,28.572577,76.803704,Dwarka Expressway,Minor,2023-11-27,19:00,2023-11-27 19:00:00,Clear,Auto,medium
1690,28.682617,76.981181,NH-44,Minor,2023-08-27,21:00,2023-08-27 21:00:00,Clear,Auto,high
1691,28.571988,76.876882,Dwarka Expressway,Fatal,2024-12-20,10:00,2024-12-20 10:00:00,Rain,Truck,medium
1692,28.575529,76.828864,Dwarka Expressway,Severe,2024-04-08,20:00,2024-04-08 20:00:00,Fog,Bus,medium
1693,28.584432,76.832422,Dwarka Expressway,Minor,2023-12-15,08:00,2023-12-15 08:00:00,Clear,Auto,medium
1694,28.751168,77.210644,G T Road,Minor,2023-11-02,12:00,2023-11-02 12:00:00,Rain,Bus,high
1695,28.766452,77.055776,NH-44,Minor,2022-06-24,16:00,2022-06-24 16:00:00,Rain,Car,high
1696,28.48343,77.183399,Mathura Road,Severe,2022-12-25,03:00,2022-12-25 03:00:00,Rain,Auto,medium
1697,28.486613,77.265541,Mathura Road,Minor,2024-10-23,03:00,2024-10-23 03:00:00,Rain,Bike,medium
1698,28.887137,77.208166,NH-44,Severe,2022-09-07,21:00,2022-09-07 21:00:00,Clear,Car,high
1699,28.570714,77.112027,Dwarka Expressway,Severe,2022-07-03,12:00,2022-07-03 12:00:00,Fog,Truck,medium
1700,28.430449,77.252324,Mathura Road,Minor,2025-02-27,19:00,2025-02-27 19:00:00,Fog,Car,medium
1701,28.502915,76.962739,MG Road,Minor,2023-02-17,04:00,2023-02-17 04:00:00,Fog,Auto,medium
1702,28.470989,77.152421,Mathura Road,Fatal,2024-11-29,00:00,2024-11-29 00:00:00,Rain,Truck,medium
1703,28.72047,77.003322,NH-44,Severe,2023-11-01,23:00,2023-11-01 23:00:00,Rain,Bike,high
1704,28.442252,76.874279,MG Road,Minor,2025-03-04,16:00,2025-03-04 16:00:00,Clear,Car,medium
1705,28.815301,77.248492,G T Road,Minor,2023-11-12,15:00,2023-11-12 15:00:00,Rain,Car,high
1706,28.418812,76.965639,MG Road,Minor,2023-11-29,05:00,2023-11-29 05:00:00,Rain,Truck,medium
1707,28.829384,76.906156,NH-44,Minor,2025-01-12,04:00,2025-01-12 04:00:00,Rain,Truck,high
1708,28.618162,77.13626,Rohtak Road,Minor,2022-01-16,23:00,2022-01-16 23:00:00,Clear,Bus,high
1709,28.655065,77.105674,Rohtak Road,Fatal,2024-12-24,02:00,2024-12-24 02:00:00,Rain,Truck,high
1710,28.604843,77.289105,DND Flyway,Fatal,2022-08-06,08:00,2022-08-06 08:00:00,Rain,Bike,medium
1711,28.877782,76.857867,NH-44,Minor,2024-09-10,21:00,2024-09-10 21:00:00,Fog,Bus,high
1712,28.481041,76.948724,MG Road,Severe,2025-02-10,14:00,2025-02-10 14:00:00,Clear,Auto,medium
1713,28.598955,77.097498,Dwarka Expressway,Minor,2024-12-28,03:00,2024-12-28 03:00:00,Clear,Bike,medium
1714,28.630751,76.960455,Dwarka Expressway,Minor,2023-01-31,22:00,2023-01-31 22:00:00,Rain,Bike,medium
1715,28.820625,77.191442,NH-44,Minor,2023-03-29,12:00,2023-03-29 12:00:00,Fog,Car,high
1716,28.610878,77.145547,Ring Road,Severe,2022-06-22,17:00,2022-06-22 17:00:00,Clear,Truck,high
1717,28.489422,76.998542,MG Road,Minor,2024-05-17,17:00,2024-05-17 17:00:00,Clear,Bus,medium
1718,28.589267,77.142521,Ring Road,Minor,2025-02-24,00:00,2025-02-24 00:00:00,Fog,Auto,high
1719,28.666662,77.267124,G T Road,Minor,2024-02-05,08:00,2024-02-05 08:00:00,Clear,Truck,high
1720,28.507597,76.931654,MG Road,Fatal,2023-05-18,13:00,2023-05-18 13:00:00,Rain,Auto,medium
1721,28.711419,77.068541,Outer Ring Road,Severe,2023-04-08,05:00,2023-04-08 05:00:00,Rain,Car,high
1722,28.431796,77.238949,Mathura Road,Minor,2022-07-21,22:00,2022-07-21 22:00:00,Clear,Car,medium
1723,28.723704,76.851069,NH-44,Severe,2022-06-08,05:00,2022-06-08 05:00:00,Rain,Bus,high
1724,28.822867,76.826112,NH-44,Minor,2023-11-28,21:00,2023-11-28 21:00:00,Rain,Car,high
1725,28.847986,76.964517,NH-44,Minor,2023-04-14,07:00,2023-04-14 07:00:00,Clear,Bike,high
1726,28.771187,76.96578,NH-44,Minor,2022-06-08,21:00,2022-06-08 21:00:00,Clear,Auto,high
1727,28.645238,76.988259,Dwarka Expressway,Minor,2023-05-01,11:00,2023-05-01 11:00:00,Fog,Auto,medium
1728,28.792825,77.299048,G T Road,Minor,2024-04-24,19:00,2024-04-24 19:00:00,Fog,Bus,high
1729,28.567201,77.054106,Dwarka Expressway,Fatal,2023-01-21,15:00,2023-01-21 15:00:00,Fog,Car,medium
1730,28.889901,76.862275,NH-44,Minor,2023-05-23,02:00,2023-05-23 02:00:00,Fog,Bike,high
1731,28.446489,77.019209,MG Road,Minor,2023-12-10,03:00,2023-12-10 03:00:00,Rain,Truck,medium
1732,28.705825,77.086468,Outer Ring Road,Minor,2025-02-25,22:00,2025-02-25 22:00:00,Fog,Auto,high
1733,28.784164,77.024056,NH-44,Minor,2023-07-07,12:00,2023-07-07 12:00:00,Fog,Auto,high
1734,28.663587,77.036023,Outer Ring Road,Severe,2023-12-18,09:00,2023-12-18 09:00:00,Clear,Auto,high
1735,28.708854,77.131631,Outer Ring Road,Severe,2024-07-23,21:00,2024-07-23 21:00:00,Fog,Bike,high
1736,28.771959,77.048119,NH-44,Fatal,2024-01-20,07:00,2024-01-20 07:00:00,Rain,Bike,high
1737,28.558174,77.059423,Dwarka Expressway,Minor,2022-09-08,14:00,2022-09-08 14:00:00,Clear,Bus,medium
1738,28.495108,77.286589,Mathura Road,Minor,2022-08-01,04:00,2022-08-01 04:00:00,Fog,Car,medium
1739,28.799175,76.86972,NH-44,Fatal,2024-09-06,18:00,2024-09-06 18:00:00,Fog,Car,high
1740,28.641179,77.272257,G T Road,Minor,2022-08-15,19:00,2022-08-15 19:00:00,Clear,Bike,high
1741,28.570613,76.885643,Dwarka Expressway,Minor,2023-06-11,11:00,2023-06-11 11:00:00,Fog,Bus,medium
1742,28.472079,77.081608,MG Road,Fatal,2024-10-09,06:00,2024-10-09 06:00:00,Rain,Bus,medium
1743,28.860942,76.842831,NH-44,Fatal,2022-06-10,22:00,2022-06-10 22:00:00,Clear,Bus,high
1744,28.490395,76.833707,MG Road,Fatal,2023-08-05,17:00,2023-08-05 17:00:00,Clear,Bike,medium
1745,28.566242,76.88525,Dwarka Expressway,Minor,2023-10-05,04:00,2023-10-05 04:00:00,Rain,Truck,medium
1746,28.80926,76.805216,NH-44,Severe,2023-08-27,01:00,2023-08-27 01:00:00,Rain,Bus,high
1747,28.459055,77.077229,MG Road,Minor,2022-03-23,04:00,2022-03-23 04:00:00,Fog,Auto,medium
1748,28.698455,76.916102,NH-44,Minor,2023-10-09,20:00,2023-10-09 20:00:00,Rain,Auto,high
1749,28.700849,76.876518,NH-44,Minor,2024-11-29,17:00,2024-11-29 17:00:00,Rain,Auto,high
1750,28.870407,76.947471,NH-44,Minor,2023-10-04,11:00,2023-10-04 11:00:00,Clear,Auto,high
1751,28.451881,76.873094,MG Road,Severe,2025-04-13,06:00,2025-04-13 06:00:00,Rain,Bus,medium
1752,28.62361,77.179872,Ring Road,Minor,2022-03-09,21:00,2022-03-09 21:00:00,Clear,Car,high
1753,28.410013,77.205127,Mathura Road,Minor,2022-12-13,07:00,2022-12-13 07:00:00,Rain,Car,medium
1754,28.603254,76.810028,Dwarka Expressway,Severe,2023-03-23,00:00,2023-03-23 00:00:00,Fog,Auto,medium
1755,28.400436,76.806082,MG Road,Severe,2023-11-26,00:00,2023-11-26 00:00:00,Clear,Bus,medium
1756,28.775397,77.149278,NH-44,Severe,2023-11-02,03:00,2023-11-02 03:00:00,Fog,Bus,high
1757,28.495741,77.018512,MG Road,Minor,2022-12-30,14:00,2022-12-30 14:00:00,Fog,Auto,medium
1758,28.563144,76.807076,Dwarka Expressway,Severe,2024-10-11,02:00,2024-10-11 02:00:00,Fog,Auto,medium
1759,28.697661,77.265055,G T Road,Minor,2023-06-07,20:00,2023-06-07 20:00:00,Clear,Auto,high
1760,28.85748,77.181638,NH-44,Fatal,2024-10-13,03:00,2024-10-13 03:00:00,Rain,Auto,high
1761,28.638645,76.937622,Dwarka Expressway,Severe,2023-07-01,21:00,2023-07-01 21:00:00,Rain,Truck,medium
1762,28.818637,77.148166,NH-44,Minor,2024-03-01,00:00,2024-03-01 00:00:00,Clear,Auto,high
1763,28.817625,76.980623,NH-44,Severe,2024-05-06,08:00,2024-05-06 08:00:00,Fog,Auto,high
1764,28.622414,76.884084,Dwarka Expressway,Minor,2024-11-09,13:00,2024-11-09 13:00:00,Clear,Auto,medium
1765,28.697112,77.011207,NH-44,Severe,2023-03-29,01:00,2023-03-29 01:00:00,Clear,Bus,high
1766,28.447807,77.226559,Mathura Road,Severe,2022-08-23,12:00,2022-08-23 12:00:00,Clear,Auto,medium
1767,28.422968,77.231673,Mathura Road,Severe,2025-02-02,05:00,2025-02-02 05:00:00,Fog,Truck,medium
1768,28.718492,76.803556,NH-44,Minor,2023-08-15,10:00,2023-08-15 10:00:00,Clear,Car,high
1769,28.75246,77.202855,Outer Ring Road,Minor,2024-06-06,10:00,2024-06-06 10:00:00,Fog,Auto,high
1770,28.510516,76.829075,MG Road,Fatal,2024-02-03,03:00,2024-02-03 03:00:00,Fog,Bike,medium
1771,28.659748,77.260213,G T Road,Minor,2024-06-11,20:00,2024-06-11 20:00:00,Fog,Auto,high
1772,28.628295,77.252507,G T Road,Minor,2023-01-08,10:00,2023-01-08 10:00:00,Fog,Car,high
1773,28.411871,76.933201,MG Road,Minor,2023-05-19,16:00,2023-05-19 16:00:00,Fog,Bike,medium
1774,28.855825,77.168448,NH-44,Minor,2023-02-16,19:00,2023-02-16 19:00:00,Rain,Truck,high
1775,28.437123,77.187003,Mathura Road,Fatal,2024-04-10,17:00,2024-04-10 17:00:00,Fog,Truck,medium
1776,28.822202,77.066714,NH-44,Minor,2024-07-04,09:00,2024-07-04 09:00:00,Clear,Truck,high
1777,28.705409,76.853121,NH-44,Minor,2023-04-20,21:00,2023-04-20 21:00:00,Clear,Truck,high
1778,28.444027,76.804705,MG Road,Severe,2023-01-06,10:00,2023-01-06 10:00:00,Clear,Bus,medium
1779,28.721771,76.859633,NH-44,Minor,2025-02-13,22:00,2025-02-13 22:00:00,Rain,Truck,high
1780,28.878105,77.119803,NH-44,Minor,2023-03-07,23:00,2023-03-07 23:00:00,Rain,Auto,high
1781,28.797182,76.835441,NH-44,Minor,2022-04-20,17:00,2022-04-20 17:00:00,Rain,Bus,high
1782,28.459159,77.244508,Mathura Road,Minor,2025-01-28,20:00,2025-01-28 20:00:00,Fog,Bus,medium
1783,28.446283,76.873009,MG Road,Minor,2024-07-26,13:00,2024-07-26 13:00:00,Clear,Bus,medium
1784,28.718382,76.872405,NH-44,Minor,2023-12-11,23:00,2023-12-11 23:00:00,Fog,Bike,high
1785,28.46439,77.253669,Mathura Road,Severe,2022-11-04,09:00,2022-11-04 09:00:00,Rain,Auto,medium
1786,28.630677,76.958626,Dwarka Expressway,Severe,2023-07-06,04:00,2023-07-06 04:00:00,Rain,Truck,medium
1787,28.568724,76.828241,Dwarka Expressway,Minor,2022-09-05,21:00,2022-09-05 21:00:00,Fog,Auto,medium
1788,28.697994,76.87602,NH-44,Minor,2022-04-22,20:00,2022-04-22 20:00:00,Rain,Auto,high
1789,28.729777,77.00814,NH-44,Minor,2023-02-27,01:00,2023-02-27 01:00:00,Clear,Bus,high
1790,28.774192,77.074827,NH-44,Fatal,2023-01-25,20:00,2023-01-25 20:00:00,Clear,Bus,high
1791,28.55442,77.01588,Dwarka Expressway,Severe,2025-02-18,02:00,2025-02-18 02:00:00,Clear,Truck,medium
1792,28.466984,76.856788,MG Road,Fatal,2024-02-22,21:00,2024-02-22 21:00:00,Clear,Auto,medium
1793,28.783206,77.143581,NH-44,Minor,2022-12-24,01:00,2022-12-24 01:00:00,Rain,Bus,high
1794,28.58525,77.178561,Lodhi Road,Severe,2022-02-19,14:00,2022-02-19 14:00:00,Fog,Bus,low
1795,28.547773,77.032732,Dwarka Expressway,Fatal,2024-06-29,02:00,2024-06-29 02:00:00,Rain,Truck,medium
1796,28.658982,77.029463,Dwarka Expressway,Severe,2023-05-01,07:00,2023-05-01 07:00:00,Clear,Bike,medium
1797,28.472992,76.916556,MG Road,Fatal,2023-05-05,03:00,2023-05-05 03:00:00,Clear,Car,medium
1798,28.605275,76.829841,Dwarka Expressway,Minor,2025-01-18,06:00,2025-01-18 06:00:00,Clear,Car,medium
1799,28.744687,76.969937,NH-44,Severe,2024-08-04,00:00,2024-08-04 00:00:00,Fog,Car,high
1800,28.850269,77.240314,NH-44,Severe,2022-02-07,20:00,2022-02-07 20:00:00,Rain,Car,high
1801,28.741382,76.805456,NH-44,Severe,2022-04-25,12:00,2022-04-25 12:00:00,Rain,Bike,high
1802,28.45979,76.994335,MG Road,Minor,2024-12-21,14:00,2024-12-21 14:00:00,Clear,Bus,medium
1803,28.497602,77.246539,Mathura Road,Minor,2022-12-14,20:00,2022-12-14 20:00:00,Rain,Truck,medium
1804,28.77952,76.845536,NH-44,Fatal,2022-04-15,21:00,2022-04-15 21:00:00,Rain,Truck,high
1805,28.884607,76.820219,NH-44,Minor,2023-05-24,14:00,2023-05-24 14:00:00,Fog,Auto,high
1806,28.816242,76.978303,NH-44,Minor,2023-10-27,02:00,2023-10-27 02:00:00,Fog,Car,high
1807,28.795984,76.949412,NH-44,Fatal,2022-04-09,17:00,2022-04-09 17:00:00,Fog,Car,high
1808,28.599503,77.121703,Dwarka Expressway,Minor,2023-08-19,22:00,2023-08-19 22:00:00,Clear,Bus,medium
1809,28.77162,77.103176,NH-44,Minor,2023-02-12,02:00,2023-02-12 02:00:00,Rain,Bike,high
1810,28.755571,77.144502,Outer Ring Road,Minor,2022-03-15,21:00,2022-03-15 21:00:00,Fog,Bike,high
1811,28.842809,77.282439,G T Road,Severe,2022-11-13,07:00,2022-11-13 07:00:00,Rain,Car,high
1812,28.775267,77.059901,NH-44,Fatal,2024-09-25,16:00,2024-09-25 16:00:00,Fog,Bike,high
1813,28.85269,77.146743,NH-44,Minor,2022-01-30,17:00,2022-01-30 17:00:00,Rain,Auto,high
1814,28.515201,77.263574,Mathura Road,Minor,2025-03-29,09:00,2025-03-29 09:00:00,Rain,Bike,medium
1815,28.78179,76.903056,NH-44,Fatal,2023-04-27,22:00,2023-04-27 22:00:00,Rain,Auto,high
1816,28.561729,77.240278,Lodhi Road,Minor,2024-02-04,00:00,2024-02-04 00:00:00,Rain,Auto,low
1817,28.795972,77.031618,NH-44,Minor,2023-10-20,17:00,2023-10-20 17:00:00,Clear,Auto,high
1818,28.733431,77.235226,G T Road,Fatal,2024-07-18,23:00,2024-07-18 23:00:00,Fog,Auto,high
1819,28.818141,76.946394,NH-44,Severe,2023-12-28,13:00,2023-12-28 13:00:00,Fog,Car,high
1820,28.47797,76.804928,MG Road,Minor,2025-01-12,16:00,2025-01-12 16:00:00,Rain,Car,medium
1821,28.631625,76.918116,Dwarka Expressway,Minor,2024-03-16,08:00,2024-03-16 08:00:00,Rain,Car,medium
1822,28.544302,77.156817,Mathura Road,Minor,2022-02-27,21:00,2022-02-27 21:00:00,Rain,Bus,medium
1823,28.683199,76.978233,NH-44,Severe,2022-06-28,22:00,2022-06-28 22:00:00,Rain,Car,high
1824,28.887161,76.8656,NH-44,Minor,2023-08-09,02:00,2023-08-09 02:00:00,Rain,Bike,high
1825,28.478367,76.891308,MG Road,Severe,2024-03-31,08:00,2024-03-31 08:00:00,Rain,Auto,medium
1826,28.893153,77.090875,NH-44,Severe,2023-05-15,00:00,2023-05-15 00:00:00,Clear,Truck,high
1827,28.51148,76.890568,MG Road,Minor,2024-09-20,02:00,2024-09-20 02:00:00,Fog,Bike,medium
1828,28.815586,77.115537,NH-44,Minor,2022-01-18,06:00,2022-01-18 06:00:00,Clear,Auto,high
1829,28.78613,77.167155,NH-44,Fatal,2024-02-22,13:00,2024-02-22 13:00:00,Clear,Car,high
1830,28.450234,77.184048,Mathura Road,Minor,2022-09-07,01:00,2022-09-07 01:00:00,Rain,Auto,medium
1831,28.682198,77.261057,G T Road,Minor,2022-06-08,09:00,2022-06-08 09:00:00,Rain,Bike,high
1832,28.443828,77.248506,Mathura Road,Minor,2022-11-25,08:00,2022-11-25 08:00:00,Fog,Auto,medium
1833,28.44372,76.90055,MG Road,Minor,2023-08-26,07:00,2023-08-26 07:00:00,Clear,Truck,medium
1834,28.737415,76.87762,NH-44,Minor,2023-02-01,18:00,2023-02-01 18:00:00,Clear,Bike,high
1835,28.612207,77.080133,Dwarka Expressway,Minor,2023-02-09,10:00,2023-02-09 10:00:00,Clear,Auto,medium
1836,28.456378,76.892456,MG Road,Severe,2022-05-29,16:00,2022-05-29 16:00:00,Clear,Bike,medium
1837,28.486239,77.239465,Mathura Road,Severe,2023-04-20,20:00,2023-04-20 20:00:00,Clear,Truck,medium
1838,28.482887,77.142514,Mathura Road,Minor,2023-07-12,05:00,2023-07-12 05:00:00,Fog,Truck,medium
1839,28.43554,77.123818,MG Road,Minor,2022-04-22,01:00,2022-04-22 01:00:00,Clear,Truck,medium
1840,28.50334,77.291144,DND Flyway,Severe,2024-05-05,08:00,2024-05-05 08:00:00,Fog,Car,medium
1841,28.714883,77.266116,G T Road,Minor,2023-08-07,14:00,2023-08-07 14:00:00,Fog,Truck,high
1842,28.767345,76.898821,NH-44,Minor,2022-08-19,20:00,2022-08-19 20:00:00,Clear,Truck,high
1843,28.506161,77.139273,Mathura Road,Minor,2024-04-05,01:00,2024-04-05 01:00:00,Rain,Bus,medium
1844,28.710399,76.913894,NH-44,Severe,2023-09-03,15:00,2023-09-03 15:00:00,Clear,Bus,high
1845,28.464153,77.193924,Mathura Road,Severe,2022-05-20,06:00,2022-05-20 06:00:00,Fog,Truck,medium
1846,28.419675,77.058903,MG Road,Minor,2023-06-27,19:00,2023-06-27 19:00:00,Rain,Bus,medium
1847,28.432939,76.972235,MG Road,Minor,2025-01-02,17:00,2025-01-02 17:00:00,Clear,Car,medium
1848,28.415351,77.080834,MG Road,Minor,2024-09-29,01:00,2024-09-29 01:00:00,Rain,Truck,medium
1849,28.738445,77.234399,G T Road,Severe,2022-03-03,20:00,2022-03-03 20:00:00,Clear,Car,high
1850,28.435917,77.209709,Mathura Road,Fatal,2022-05-09,14:00,2022-05-09 14:00:00,Clear,Truck,medium
1851,28.528591,76.895737,MG Road,Minor,2023-09-06,06:00,2023-09-06 06:00:00,Clear,Truck,medium
1852,28.717463,76.903178,NH-44,Severe,2022-03-25,21:00,2022-03-25 21:00:00,Fog,Car,high
1853,28.710733,76.959957,NH-44,Fatal,2022-05-15,08:00,2022-05-15 08:00:00,Fog,Auto,high
1854,28.672724,76.869707,Dwarka Expressway,Severe,2024-11-30,01:00,2024-11-30 01:00:00,Clear,Truck,medium
1855,28.402359,76.898219,MG Road,Minor,2023-02-21,19:00,2023-02-21 19:00:00,Fog,Truck,medium
1856,28.717488,77.035235,NH-44,Fatal,2024-12-29,14:00,2024-12-29 14:00:00,Fog,Car,high
1857,28.855585,76.82146,NH-44,Fatal,2022-11-30,01:00,2022-11-30 01:00:00,Clear,Bus,high
1858,28.588814,77.295591,DND Flyway,Minor,2022-03-17,14:00,2022-03-17 14:00:00,Clear,Truck,medium
1859,28.412314,77.046668,MG Road,Minor,2024-12-21,07:00,2024-12-21 07:00:00,Rain,Truck,medium
1860,28.423965,77.12012,MG Road,Minor,2022-09-27,05:00,2022-09-27 05:00:00,Clear,Auto,medium
1861,28.620781,76.906893,Dwarka Expressway,Severe,2023-09-20,07:00,2023-09-20 07:00:00,Clear,Truck,medium
1862,28.548088,76.96591,Dwarka Expressway,Minor,2024-12-31,12:00,2024-12-31 12:00:00,Fog,Truck,medium
1863,28.473409,76.954209,MG Road,Minor,2023-12-30,12:00,2023-12-30 12:00:00,Fog,Truck,medium
1864,28.485609,76.921696,MG Road,Minor,2024-01-30,16:00,2024-01-30 16:00:00,Clear,Car,medium
1865,28.787391,77.19598,Outer Ring Road,Fatal,2022-03-28,12:00,2022-03-28 12:00:00,Clear,Bike,high
1866,28.646573,77.22107,G T Road,Fatal,2024-07-07,01:00,2024-07-07 01:00:00,Fog,Truck,high
1867,28.807081,76.899528,NH-44,Minor,2023-04-13,04:00,2023-04-13 04:00:00,Rain,Car,high
1868,28.810616,76.952114,NH-44,Severe,2023-02-19,09:00,2023-02-19 09:00:00,Clear,Bike,high
1869,28.509047,76.9183,MG Road,Minor,2024-11-21,02:00,2024-11-21 02:00:00,Clear,Car,medium
1870,28.647319,77.046813,Dwarka Expressway,Minor,2022-06-29,07:00,2022-06-29 07:00:00,Clear,Auto,medium
1871,28.555773,77.299515,DND Flyway,Fatal,2024-11-14,01:00,2024-11-14 01:00:00,Fog,Car,medium
1872,28.809672,77.10077,NH-44,Minor,2022-10-20,10:00,2022-10-20 10:00:00,Fog,Bus,high
1873,28.627525,76.943757,Dwarka Expressway,Minor,2022-09-29,15:00,2022-09-29 15:00:00,Rain,Car,medium
1874,28.50658,77.16314,Mathura Road,Severe,2022-06-24,10:00,2022-06-24 10:00:00,Rain,Auto,medium
1875,28.780587,77.046795,NH-44,Severe,2023-04-04,19:00,2023-04-04 19:00:00,Clear,Car,high
1876,28.752147,76.800153,NH-44,Minor,2024-10-10,13:00,2024-10-10 13:00:00,Clear,Car,high
1877,28.786954,77.179878,NH-44,Minor,2022-05-15,21:00,2022-05-15 21:00:00,Rain,Auto,high
1878,28.676039,77.103005,Rohtak Road,Fatal,2024-09-02,03:00,2024-09-02 03:00:00,Fog,Auto,high
1879,28.831149,76.817543,NH-44,Minor,2023-08-11,16:00,2023-08-11 16:00:00,Fog,Bus,high
1880,28.856025,76.952924,NH-44,Minor,2024-03-12,05:00,2024-03-12 05:00:00,Rain,Auto,high
1881,28.875629,77.042809,NH-44,Minor,2024-08-09,05:00,2024-08-09 05:00:00,Fog,Auto,high
1882,28.875862,77.227237,NH-44,Minor,2023-09-09,06:00,2023-09-09 06:00:00,Clear,Bus,high
1883,28.799334,77.250248,G T Road,Minor,2024-02-12,04:00,2024-02-12 04:00:00,Clear,Truck,high
1884,28.523764,77.115878,Mathura Road,Severe,2024-07-01,15:00,2024-07-01 15:00:00,Clear,Bike,medium
1885,28.67348,77.093885,Rohtak Road,Fatal,2024-06-22,18:00,2024-06-22 18:00:00,Rain,Bus,high
1886,28.89675,77.024082,NH-44,Severe,2024-05-14,02:00,2024-05-14 02:00:00,Clear,Bus,high
1887,28.786887,77.009446,NH-44,Severe,2024-02-19,05:00,2024-02-19 05:00:00,Fog,Car,high
1888,28.697184,77.289146,G T Road,Minor,2024-11-18,20:00,2024-11-18 20:00:00,Fog,Car,high
1889,28.648426,76.979498,Dwarka Expressway,Minor,2022-04-06,01:00,2022-04-06 01:00:00,Rain,Bus,medium
1890,28.54298,76.893314,Dwarka Expressway,Fatal,2025-02-04,05:00,2025-02-04 05:00:00,Clear,Auto,medium
1891,28.45714,76.908105,MG Road,Severe,2023-03-29,07:00,2023-03-29 07:00:00,Clear,Car,medium
1892,28.416515,77.046919,MG Road,Minor,2023-01-02,23:00,2023-01-02 23:00:00,Clear,Bus,medium
1893,28.538984,77.050008,Dwarka Expressway,Minor,2024-05-05,20:00,2024-05-05 20:00:00,Fog,Car,medium
1894,28.531748,76.961004,MG Road,Minor,2022-10-09,01:00,2022-10-09 01:00:00,Clear,Truck,medium
1895,28.813996,76.947668,NH-44,Severe,2024-01-28,08:00,2024-01-28 08:00:00,Fog,Car,high
1896,28.461917,76.86912,MG Road,Minor,2022-09-18,21:00,2022-09-18 21:00:00,Clear,Truck,medium
1897,28.736023,77.001153,NH-44,Minor,2022-01-14,22:00,2022-01-14 22:00:00,Clear,Bike,high
1898,28.485904,77.13964,Mathura Road,Fatal,2025-02-19,14:00,2025-02-19 14:00:00,Rain,Bus,medium
1899,28.841197,76.940892,NH-44,Minor,2023-04-12,19:00,2023-04-12 19:00:00,Fog,Car,high
1900,28.575737,76.929204,Dwarka Expressway,Minor,2022-08-08,16:00,2022-08-08 16:00:00,Clear,Bus,medium
1901,28.556973,76.865304,Dwarka Expressway,Minor,2022-03-08,16:00,2022-03-08 16:00:00,Clear,Auto,medium
1902,28.625698,77.248377,Ring Road,Severe,2023-08-07,14:00,2023-08-07 14:00:00,Fog,Bus,high
1903,28.518993,76.925789,MG Road,Severe,2023-08-30,17:00,2023-08-30 17:00:00,Fog,Car,medium
1904,28.655509,76.89143,Dwarka Expressway,Minor,2024-05-06,16:00,2024-05-06 16:00:00,Clear,Truck,medium
1905,28.588391,77.077415,Dwarka Expressway,Minor,2023-04-04,02:00,2023-04-04 02:00:00,Clear,Auto,medium
1906,28.551083,77.146551,Mathura Road,Fatal,2023-09-06,16:00,2023-09-06 16:00:00,Clear,Bus,medium
1907,28.60052,76.931464,Dwarka Expressway,Severe,2022-01-09,13:00,2022-01-09 13:00:00,Rain,Truck,medium
1908,28.679562,77.207529,G T Road,Fatal,2025-03-07,16:00,2025-03-07 16:00:00,Clear,Car,high
1909,28.583111,76.875376,Dwarka Expressway,Severe,2022-01-08,16:00,2022-01-08 16:00:00,Rain,Bike,medium
1910,28.586764,77.245054,Lodhi Road,Fatal,2023-10-28,10:00,2023-10-28 10:00:00,Clear,Car,low
1911,28.656079,77.178757,Ring Road,Minor,2023-11-27,06:00,2023-11-27 06:00:00,Rain,Bike,high
1912,28.693988,76.910697,NH-44,Fatal,2024-07-16,08:00,2024-07-16 08:00:00,Clear,Car,high
1913,28.897094,77.038653,NH-44,Fatal,2025-02-09,03:00,2025-02-09 03:00:00,Rain,Car,high
1914,28.781446,76.840025,NH-44,Fatal,2022-10-15,21:00,2022-10-15 21:00:00,Fog,Auto,high
1915,28.726656,76.855962,NH-44,Severe,2024-08-28,04:00,2024-08-28 04:00:00,Rain,Truck,high
1916,28.643589,77.106144,Rohtak Road,Severe,2022-08-08,03:00,2022-08-08 03:00:00,Clear,Car,high
1917,28.414636,77.156056,Mathura Road,Minor,2022-07-03,06:00,2022-07-03 06:00:00,Clear,Bus,medium
1918,28.765493,77.015699,NH-44,Minor,2022-11-05,11:00,2022-11-05 11:00:00,Fog,Bike,high
1919,28.69466,77.189301,G T Road,Minor,2023-11-22,07:00,2023-11-22 07:00:00,Clear,Car,high
1920,28.626907,76.861656,Dwarka Expressway,Severe,2022-11-18,01:00,2022-11-18 01:00:00,Fog,Bus,medium
1921,28.420895,77.243445,Mathura Road,Fatal,2024-06-19,21:00,2024-06-19 21:00:00,Rain,Car,medium
1922,28.789112,77.260503,G T Road,Severe,2023-07-17,23:00,2023-07-17 23:00:00,Clear,Auto,high
1923,28.725367,76.855041,NH-44,Fatal,2023-03-15,11:00,2023-03-15 11:00:00,Fog,Truck,high
1924,28.753644,77.250852,G T Road,Minor,2023-07-29,14:00,2023-07-29 14:00:00,Fog,Car,high
1925,28.745388,77.259595,G T Road,Severe,2023-10-18,17:00,2023-10-18 17:00:00,Fog,Auto,high
1926,28.494512,76.863112,MG Road,Minor,2024-04-18,08:00,2024-04-18 08:00:00,Fog,Bike,medium
1927,28.46171,77.234409,Mathura Road,Severe,2024-12-28,13:00,2024-12-28 13:00:00,Rain,Bike,medium
1928,28.488024,77.263796,Mathura Road,Fatal,2025-03-27,23:00,2025-03-27 23:00:00,Clear,Car,medium
1929,28.689062,76.824149,Dwarka Expressway,Fatal,2024-09-06,05:00,2024-09-06 05:00:00,Clear,Auto,medium
1930,28.722117,77.181111,Rohtak Road,Minor,2023-09-15,17:00,2023-09-15 17:00:00,Fog,Auto,high
1931,28.668053,76.846265,Dwarka Expressway,Minor,2025-02-22,03:00,2025-02-22 03:00:00,Fog,Car,medium
1932,28.616008,77.080324,Dwarka Expressway,Minor,2025-01-07,20:00,2025-01-07 20:00:00,Rain,Bus,medium
1933,28.561072,76.806086,Dwarka Expressway,Minor,2022-06-28,20:00,2022-06-28 20:00:00,Clear,Car,medium
1934,28.496616,76.825087,MG Road,Minor,2022-08-13,14:00,2022-08-13 14:00:00,Clear,Auto,medium
1935,28.87561,77.255216,NH-44,Minor,2022-06-01,13:00,2022-06-01 13:00:00,Rain,Car,high
1936,28.564626,77.108481,Dwarka Expressway,Severe,2024-03-25,21:00,2024-03-25 21:00:00,Rain,Auto,medium
1937,28.639932,76.840462,Dwarka Expressway,Fatal,2024-01-07,21:00,2024-01-07 21:00:00,Fog,Bike,medium
1938,28.832066,76.871161,NH-44,Severe,2022-02-22,05:00,2022-02-22 05:00:00,Fog,Car,high
1939,28.517074,77.207249,Mathura Road,Minor,2024-12-21,22:00,2024-12-21 22:00:00,Fog,Truck,medium
1940,28.653324,76.817935,Dwarka Expressway,Severe,2023-06-28,06:00,2023-06-28 06:00:00,Clear,Car,medium
1941,28.698125,77.299002,G T Road,Severe,2023-03-29,20:00,2023-03-29 20:00:00,Rain,Bike,high
1942,28.839212,76.912258,NH-44,Severe,2022-04-09,00:00,2022-04-09 00:00:00,Clear,Auto,high
1943,28.848471,76.886656,NH-44,Minor,2024-11-06,02:00,2024-11-06 02:00:00,Clear,Auto,high
1944,28.636125,76.909957,Dwarka Expressway,Minor,2023-08-25,05:00,2023-08-25 05:00:00,Clear,Auto,medium
1945,28.735925,76.825323,NH-44,Severe,2022-03-06,13:00,2022-03-06 13:00:00,Rain,Bus,high
1946,28.490765,77.2096,Mathura Road,Minor,2022-05-28,03:00,2022-05-28 03:00:00,Fog,Car,medium
1947,28.549682,76.838385,Dwarka Expressway,Minor,2025-01-30,02:00,2025-01-30 02:00:00,Fog,Bike,medium
1948,28.480912,77.199544,Mathura Road,Minor,2024-04-01,11:00,2024-04-01 11:00:00,Rain,Truck,medium
1949,28.730856,77.003531,NH-44,Severe,2024-07-22,00:00,2024-07-22 00:00:00,Clear,Car,high
1950,28.536942,77.15391,Mathura Road,Severe,2023-11-29,21:00,2023-11-29 21:00:00,Clear,Bus,medium
1951,28.874084,77.273237,NH-44,Minor,2024-10-28,06:00,2024-10-28 06:00:00,Fog,Auto,high
1952,28.759014,77.063903,NH-44,Severe,2022-05-08,16:00,2022-05-08 16:00:00,Clear,Car,high
1953,28.685806,77.209421,G T Road,Severe,2022-05-17,12:00,2022-05-17 12:00:00,Clear,Auto,high
1954,28.731509,77.113574,Outer Ring Road,Minor,2024-05-20,01:00,2024-05-20 01:00:00,Clear,Auto,high
1955,28.744439,76.901717,NH-44,Minor,2025-01-16,08:00,2025-01-16 08:00:00,Rain,Truck,high
1956,28.736902,76.84829,NH-44,Fatal,2022-01-12,02:00,2022-01-12 02:00:00,Rain,Auto,high
1957,28.42025,76.87045,MG Road,Minor,2025-02-14,20:00,2025-02-14 20:00:00,Clear,Bike,medium
1958,28.876073,76.950069,NH-44,Minor,2023-09-29,09:00,2023-09-29 09:00:00,Rain,Bus,high
1959,28.440738,77.183425,Mathura Road,Minor,2022-07-24,20:00,2022-07-24 20:00:00,Clear,Car,medium
1960,28.80793,77.070141,NH-44,Minor,2022-01-04,06:00,2022-01-04 06:00:00,Fog,Car,high
1961,28.685633,76.914083,NH-44,Minor,2022-11-26,07:00,2022-11-26 07:00:00,Rain,Auto,high
1962,28.873955,77.120567,NH-44,Minor,2024-02-19,00:00,2024-02-19 00:00:00,Rain,Car,high
1963,28.549737,77.126612,Mathura Road,Minor,2023-04-09,04:00,2023-04-09 04:00:00,Clear,Bike,medium
1964,28.748495,76.969899,NH-44,Minor,2022-06-12,15:00,2022-06-12 15:00:00,Rain,Bike,high
1965,28.774042,77.253749,G T Road,Fatal,2022-11-21,04:00,2022-11-21 04:00:00,Clear,Car,high
1966,28.826228,76.881587,NH-44,Severe,2024-05-27,13:00,2024-05-27 13:00:00,Fog,Auto,high
1967,28.431938,76.921501,MG Road,Minor,2023-05-12,22:00,2023-05-12 22:00:00,Clear,Car,medium
1968,28.409108,77.193118,Mathura Road,Minor,2023-03-27,22:00,2023-03-27 22:00:00,Clear,Bike,medium
1969,28.470345,77.027364,MG Road,Minor,2024-09-22,12:00,2024-09-22 12:00:00,Rain,Car,medium
1970,28.66793,76.944035,Dwarka Expressway,Minor,2025-03-21,03:00,2025-03-21 03:00:00,Rain,Truck,medium
1971,28.794914,77.001675,NH-44,Minor,2024-12-21,06:00,2024-12-21 06:00:00,Rain,Car,high
1972,28.575642,77.043041,Dwarka Expressway,Minor,2022-04-06,10:00,2022-04-06 10:00:00,Clear,Auto,medium
1973,28.857072,76.986434,NH-44,Minor,2024-02-04,23:00,2024-02-04 23:00:00,Rain,Auto,high
1974,28.484758,77.238012,Mathura Road,Fatal,2024-03-25,18:00,2024-03-25 18:00:00,Rain,Truck,medium
1975,28.803439,77.222935,Outer Ring Road,Minor,2025-02-03,14:00,2025-02-03 14:00:00,Rain,Auto,high
1976,28.462233,77.292004,Mathura Road,Minor,2022-05-29,11:00,2022-05-29 11:00:00,Rain,Bike,medium
1977,28.823558,76.873553,NH-44,Severe,2022-02-05,02:00,2022-02-05 02:00:00,Rain,Auto,high
1978,28.543505,76.946271,Dwarka Expressway,Minor,2022-12-24,06:00,2022-12-24 06:00:00,Clear,Bus,medium
1979,28.472686,77.244935,Mathura Road,Minor,2023-10-11,08:00,2023-10-11 08:00:00,Fog,Truck,medium
1980,28.795925,77.251496,G T Road,Minor,2022-03-29,17:00,2022-03-29 17:00:00,Fog,Car,high
1981,28.653288,77.147403,Rohtak Road,Minor,2023-08-08,21:00,2023-08-08 21:00:00,Rain,Car,high
1982,28.44784,77.169279,Mathura Road,Minor,2022-08-01,14:00,2022-08-01 14:00:00,Fog,Bus,medium
1983,28.572882,77.115086,Dwarka Expressway,Minor,2022-06-19,18:00,2022-06-19 18:00:00,Fog,Bus,medium
1984,28.791563,77.070126,NH-44,Severe,2023-08-12,09:00,2023-08-12 09:00:00,Rain,Bus,high
1985,28.616494,76.864382,Dwarka Expressway,Fatal,2024-12-04,15:00,2024-12-04 15:00:00,Clear,Bike,medium
1986,28.549527,77.187549,Mathura Road,Severe,2024-09-21,09:00,2024-09-21 09:00:00,Fog,Bus,medium
1987,28.493936,77.218645,Mathura Road,Minor,2023-05-21,04:00,2023-05-21 04:00:00,Clear,Bus,medium
1988,28.779234,76.870072,NH-44,Severe,2024-07-23,06:00,2024-07-23 06:00:00,Fog,Auto,high
1989,28.701041,76.94401,NH-44,Fatal,2024-01-31,20:00,2024-01-31 20:00:00,Clear,Car,high
1990,28.788632,76.882384,NH-44,Minor,2022-08-02,15:00,2022-08-02 15:00:00,Rain,Bus,high
1991,28.636734,77.017029,Dwarka Expressway,Minor,2025-04-05,21:00,2025-04-05 21:00:00,Rain,Bus,medium
1992,28.601319,77.166615,Ring Road,Minor,2022-09-17,22:00,2022-09-17 22:00:00,Fog,Bus,high
1993,28.465688,76.815207,MG Road,Minor,2022-04-23,09:00,2022-04-23 09:00:00,Clear,Auto,medium
1994,28.664861,77.265314,G T Road,Fatal,2024-10-06,09:00,2024-10-06 09:00:00,Fog,Truck,high
1995,28.571545,77.225773,Lodhi Road,Severe,2022-11-05,03:00,2022-11-05 03:00:00,Rain,Auto,low
1996,28.641736,77.122639,Rohtak Road,Severe,2022-07-04,01:00,2022-07-04 01:00:00,Clear,Truck,high
1997,28.566821,76.865985,Dwarka Expressway,Severe,2023-07-15,13:00,2023-07-15 13:00:00,Fog,Auto,medium
1998,28.75058,76.863337,NH-44,Severe,2022-04-24,17:00,2022-04-24 17:00:00,Clear,Truck,high
1999,28.897758,76.813325,NH-44,Severe,2024-09-07,16:00,2024-09-07 16:00:00,Fog,Truck,high
2000,28.681675,77.187828,G T Road,Minor,2022-03-23,07:00,2022-03-23 07:00:00,Clear,Bike,high
2001,28.559616,77.034809,Dwarka Expressway,Minor,2024-12-11,09:00,2024-12-11 09:00:00,Fog,Auto,medium
2002,28.448063,77.137703,Mathura Road,Fatal,2024-11-08,13:00,2024-11-08 13:00:00,Fog,Car,medium
2003,28.731156,76.878687,NH-44,Minor,2024-03-12,14:00,2024-03-12 14:00:00,Rain,Auto,high
2004,28.564105,77.219862,Lodhi Road,Severe,2023-02-17,17:00,2023-02-17 17:00:00,Clear,Truck,low
2005,28.463581,77.198868,Mathura Road,Minor,2022-02-28,12:00,2022-02-28 12:00:00,Rain,Car,medium
2006,28.792111,77.123487,NH-44,Severe,2024-10-02,08:00,2024-10-02 08:00:00,Fog,Car,high
2007,28.733411,77.28088,G T Road,Minor,2023-05-12,09:00,2023-05-12 09:00:00,Fog,Car,high
2008,28.676282,77.049333,Outer Ring Road,Minor,2022-10-30,02:00,2022-10-30 02:00:00,Fog,Bike,high
2009,28.840993,76.825853,NH-44,Minor,2022-12-14,07:00,2022-12-14 07:00:00,Rain,Bus,high
2010,28.637605,77.296161,G T Road,Minor,2023-11-28,06:00,2023-11-28 06:00:00,Clear,Bus,high
2011,28.416008,76.960468,MG Road,Minor,2023-07-27,09:00,2023-07-27 09:00:00,Rain,Car,medium
2012,28.855203,77.045558,NH-44,Minor,2023-09-26,00:00,2023-09-26 00:00:00,Fog,Auto,high
2013,28.517819,76.869442,MG Road,Severe,2023-02-13,20:00,2023-02-13 20:00:00,Clear,Bike,medium
2014,28.774685,77.201229,Outer Ring Road,Fatal,2024-08-31,10:00,2024-08-31 10:00:00,Rain,Bus,high
2015,28.657531,77.28595,G T Road,Minor,2024-11-08,11:00,2024-11-08 11:00:00,Fog,Car,high
2016,28.633071,77.285386,G T Road,Minor,2024-11-14,04:00,2024-11-14 04:00:00,Clear,Auto,high
2017,28.427859,76.937251,MG Road,Minor,2025-03-13,01:00,2025-03-13 01:00:00,Rain,Bus,medium
2018,28.870517,77.059428,NH-44,Minor,2023-11-09,01:00,2023-11-09 01:00:00,Rain,Truck,high
2019,28.821671,76.940609,NH-44,Minor,2023-03-31,04:00,2023-03-31 04:00:00,Clear,Car,high
2020,28.762904,77.218152,G T Road,Minor,2025-04-09,14:00,2025-04-09 14:00:00,Rain,Bus,high
2021,28.837314,76.978094,NH-44,Severe,2024-05-05,14:00,2024-05-05 14:00:00,Rain,Auto,high
2022,28.466182,76.891007,MG Road,Minor,2022-05-13,21:00,2022-05-13 21:00:00,Clear,Truck,medium
2023,28.866131,76.881812,NH-44,Minor,2024-02-27,18:00,2024-02-27 18:00:00,Rain,Car,high
2024,28.547318,77.20098,Mathura Road,Minor,2024-12-27,01:00,2024-12-27 01:00:00,Clear,Bike,medium
2025,28.786005,77.07378,NH-44,Minor,2024-02-27,20:00,2024-02-27 20:00:00,Fog,Bus,high
2026,28.824828,77.152932,NH-44,Minor,2022-02-27,17:00,2022-02-27 17:00:00,Clear,Auto,high
2027,28.41992,76.940648,MG Road,Fatal,2022-08-16,21:00,2022-08-16 21:00:00,Rain,Bike,medium
2028,28.729662,77.060088,NH-44,Fatal,2024-03-11,01:00,2024-03-11 01:00:00,Clear,Bus,high
2029,28.677228,77.149389,Rohtak Road,Minor,2023-06-10,12:00,2023-06-10 12:00:00,Clear,Car,high
2030,28.736614,77.287961,G T Road,Minor,2022-11-03,13:00,2022-11-03 13:00:00,Rain,Auto,high
2031,28.839961,77.077651,NH-44,Minor,2022-04-24,04:00,2022-04-24 04:00:00,Fog,Auto,high
2032,28.676871,77.166722,Rohtak Road,Severe,2022-10-27,09:00,2022-10-27 09:00:00,Clear,Car,high
2033,28.793289,77.012435,NH-44,Severe,2024-01-08,04:00,2024-01-08 04:00:00,Clear,Truck,high
2034,28.638131,77.194616,Ring Road,Severe,2023-09-06,20:00,2023-09-06 20:00:00,Fog,Car,high
2035,28.40849,76.912928,MG Road,Severe,2024-12-21,02:00,2024-12-21 02:00:00,Rain,Car,medium
2036,28.662915,77.173234,Rohtak Road,Minor,2025-03-13,19:00,2025-03-13 19:00:00,Fog,Truck,high
2037,28.463834,77.033339,MG Road,Minor,2022-04-28,03:00,2022-04-28 03:00:00,Rain,Bike,medium
2038,28.564131,77.086792,Dwarka Expressway,Minor,2022-01-30,04:00,2022-01-30 04:00:00,Rain,Bus,medium
2039,28.732394,76.876521,NH-44,Fatal,2022-04-08,18:00,2022-04-08 18:00:00,Rain,Bike,high
2040,28.518047,76.877551,MG Road,Minor,2025-01-24,14:00,2025-01-24 14:00:00,Rain,Bike,medium
2041,28.881817,76.935006,NH-44,Minor,2023-10-31,16:00,2023-10-31 16:00:00,Rain,Bike,high
2042,28.696505,77.095732,Outer Ring Road,Minor,2024-11-25,17:00,2024-11-25 17:00:00,Clear,Truck,high
2043,28.730346,77.181863,Rohtak Road,Minor,2022-05-06,13:00,2022-05-06 13:00:00,Rain,Truck,high
2044,28.692691,76.880478,NH-44,Severe,2024-04-25,18:00,2024-04-25 18:00:00,Fog,Truck,high
2045,28.713705,77.050413,NH-44,Minor,2024-02-19,06:00,2024-02-19 06:00:00,Rain,Bike,high
2046,28.847535,77.222774,NH-44,Severe,2024-08-06,16:00,2024-08-06 16:00:00,Rain,Bus,high
2047,28.838204,76.960076,NH-44,Minor,2023-12-17,22:00,2023-12-17 22:00:00,Rain,Bus,high
2048,28.532007,76.857003,MG Road,Minor,2023-10-02,14:00,2023-10-02 14:00:00,Clear,Bike,medium
2049,28.45826,76.837126,MG Road,Severe,2022-08-12,13:00,2022-08-12 13:00:00,Rain,Bus,medium
2050,28.417228,76.981585,MG Road,Severe,2022-08-20,13:00,2022-08-20 13:00:00,Rain,Bike,medium
2051,28.546968,77.17195,Mathura Road,Minor,2022-11-06,21:00,2022-11-06 21:00:00,Clear,Car,medium
2052,28.594944,76.963259,Dwarka Expressway,Minor,2024-12-09,12:00,2024-12-09 12:00:00,Fog,Auto,medium
2053,28.639671,77.279886,G T Road,Minor,2024-03-10,17:00,2024-03-10 17:00:00,Rain,Bus,high
2054,28.457525,77.0711,MG Road,Minor,2022-09-21,11:00,2022-09-21 11:00:00,Clear,Car,medium
2055,28.519481,77.130102,Mathura Road,Severe,2024-01-20,17:00,2024-01-20 17:00:00,Rain,Car,medium
2056,28.658316,77.253822,G T Road,Severe,2025-01-13,09:00,2025-01-13 09:00:00,Clear,Bike,high
2057,28.80366,76.890836,NH-44,Minor,2023-07-27,09:00,2023-07-27 09:00:00,Fog,Auto,high
2058,28.848375,76.816375,NH-44,Minor,2025-01-18,20:00,2025-01-18 20:00:00,Rain,Bike,high
2059,28.650577,77.257268,G T Road,Minor,2024-01-21,08:00,2024-01-21 08:00:00,Clear,Bike,high
2060,28.540686,76.968622,Dwarka Expressway,Severe,2022-02-07,23:00,2022-02-07 23:00:00,Clear,Bike,medium
2061,28.78493,77.213112,Outer Ring Road,Minor,2024-11-10,11:00,2024-11-10 11:00:00,Fog,Bus,high
2062,28.87967,77.155353,NH-44,Severe,2024-02-12,13:00,2024-02-12 13:00:00,Clear,Auto,high
2063,28.696989,77.000865,NH-44,Minor,2025-02-02,18:00,2025-02-02 18:00:00,Rain,Bike,high
2064,28.446196,76.946781,MG Road,Fatal,2023-01-15,04:00,2023-01-15 04:00:00,Rain,Bus,medium
2065,28.562441,77.181673,Mathura Road,Minor,2025-03-27,06:00,2025-03-27 06:00:00,Fog,Auto,medium
2066,28.760773,77.290345,G T Road,Minor,2022-12-03,06:00,2022-12-03 06:00:00,Clear,Auto,high
2067,28.604951,76.954904,Dwarka Expressway,Minor,2023-12-20,17:00,2023-12-20 17:00:00,Clear,Truck,medium
2068,28.814758,77.297534,G T Road,Minor,2024-12-12,13:00,2024-12-12 13:00:00,Fog,Auto,high
2069,28.474213,77.253826,Mathura Road,Minor,2024-04-23,19:00,2024-04-23 19:00:00,Fog,Auto,medium
2070,28.844849,77.147852,NH-44,Fatal,2024-05-09,15:00,2024-05-09 15:00:00,Clear,Truck,high
2071,28.540233,77.099945,Dwarka Expressway,Minor,2024-08-25,16:00,2024-08-25 16:00:00,Fog,Bus,medium
2072,28.518174,77.181399,Mathura Road,Minor,2025-03-23,14:00,2025-03-23 14:00:00,Rain,Truck,medium
2073,28.697899,76.87765,NH-44,Fatal,2022-07-26,17:00,2022-07-26 17:00:00,Rain,Car,high
2074,28.882924,76.987461,NH-44,Minor,2022-03-24,07:00,2022-03-24 07:00:00,Rain,Bus,high
2075,28.584584,77.089505,Dwarka Expressway,Minor,2022-11-23,23:00,2022-11-23 23:00:00,Rain,Auto,medium
2076,28.449257,77.231724,Mathura Road,Minor,2022-08-27,05:00,2022-08-27 05:00:00,Clear,Auto,medium
2077,28.899794,77.066805,NH-44,Minor,2025-01-31,04:00,2025-01-31 04:00:00,Fog,Bike,high
2078,28.883883,76.947628,NH-44,Severe,2023-01-18,22:00,2023-01-18 22:00:00,Fog,Bike,high
2079,28.70649,76.844458,NH-44,Minor,2024-04-09,19:00,2024-04-09 19:00:00,Clear,Truck,high
2080,28.410513,77.289879,Mathura Road,Severe,2025-03-31,21:00,2025-03-31 21:00:00,Clear,Truck,medium
2081,28.459074,77.239471,Mathura Road,Fatal,2022-11-07,09:00,2022-11-07 09:00:00,Rain,Bus,medium
2082,28.433948,76.88464,MG Road,Minor,2023-04-28,06:00,2023-04-28 06:00:00,Rain,Auto,medium
2083,28.76778,77.122576,NH-44,Severe,2023-06-30,09:00,2023-06-30 09:00:00,Clear,Truck,high
2084,28.515941,76.881898,MG Road,Minor,2024-06-07,16:00,2024-06-07 16:00:00,Rain,Truck,medium
2085,28.675031,76.829703,Dwarka Expressway,Severe,2025-04-01,07:00,2025-04-01 07:00:00,Fog,Bus,medium
2086,28.438438,77.253291,Mathura Road,Minor,2022-01-23,08:00,2022-01-23 08:00:00,Fog,Auto,medium
2087,28.756528,76.973917,NH-44,Fatal,2022-08-18,02:00,2022-08-18 02:00:00,Rain,Car,high
2088,28.685802,77.17819,Rohtak Road,Minor,2022-12-13,14:00,2022-12-13 14:00:00,Rain,Bus,high
2089,28.81989,76.911823,NH-44,Minor,2025-01-16,18:00,2025-01-16 18:00:00,Clear,Bus,high
2090,28.731215,76.828048,NH-44,Severe,2024-11-24,01:00,2024-11-24 01:00:00,Fog,Auto,high
2091,28.418629,77.215785,Mathura Road,Minor,2024-10-13,13:00,2024-10-13 13:00:00,Fog,Car,medium
2092,28.541322,77.22735,Mathura Road,Fatal,2023-06-18,11:00,2023-06-18 11:00:00,Clear,Auto,medium
2093,28.820322,77.014415,NH-44,Severe,2023-10-21,07:00,2023-10-21 07:00:00,Clear,Bike,high
2094,28.627736,77.184571,Ring Road,Minor,2022-09-01,20:00,2022-09-01 20:00:00,Rain,Bike,high
2095,28.696947,77.297082,G T Road,Severe,2022-05-11,20:00,2022-05-11 20:00:00,Clear,Bus,high
2096,28.503563,77.077252,MG Road,Fatal,2024-06-11,00:00,2024-06-11 00:00:00,Clear,Auto,medium
2097,28.858719,77.058351,NH-44,Minor,2025-04-03,13:00,2025-04-03 13:00:00,Rain,Truck,high
2098,28.766369,77.057169,NH-44,Minor,2024-04-14,13:00,2024-04-14 13:00:00,Clear,Truck,high
2099,28.821859,77.240872,NH-44,Minor,2023-02-23,04:00,2023-02-23 04:00:00,Clear,Bus,high
2100,28.79774,77.061518,NH-44,Severe,2023-03-17,03:00,2023-03-17 03:00:00,Clear,Bike,high
2101,28.787818,76.980139,NH-44,Severe,2023-04-29,08:00,2023-04-29 08:00:00,Clear,Auto,high
2102,28.809148,77.166735,NH-44,Fatal,2023-04-07,04:00,2023-04-07 04:00:00,Clear,Car,high
2103,28.614306,76.933708,Dwarka Expressway,Severe,2022-03-29,20:00,2022-03-29 20:00:00,Rain,Bus,medium
2104,28.490699,77.05212,MG Road,Minor,2024-06-23,22:00,2024-06-23 22:00:00,Fog,Auto,medium
2105,28.544805,77.124045,Mathura Road,Severe,2024-10-10,02:00,2024-10-10 02:00:00,Clear,Auto,medium
2106,28.418027,76.990403,MG Road,Minor,2024-11-19,23:00,2024-11-19 23:00:00,Clear,Truck,medium
2107,28.450671,77.120161,MG Road,Fatal,2024-08-25,18:00,2024-08-25 18:00:00,Rain,Car,medium
2108,28.868358,76.947953,NH-44,Minor,2024-04-02,13:00,2024-04-02 13:00:00,Fog,Bus,high
2109,28.722566,77.112709,Outer Ring Road,Severe,2024-10-25,08:00,2024-10-25 08:00:00,Rain,Truck,high
2110,28.845024,76.915142,NH-44,Minor,2023-08-13,03:00,2023-08-13 03:00:00,Rain,Car,high
2111,28.490008,77.299124,DND Flyway,Severe,2023-03-22,10:00,2023-03-22 10:00:00,Clear,Bike,medium
2112,28.513408,77.140105,Mathura Road,Fatal,2023-08-01,06:00,2023-08-01 06:00:00,Rain,Truck,medium
2113,28.574716,76.933431,Dwarka Expressway,Severe,2024-06-20,19:00,2024-06-20 19:00:00,Rain,Car,medium
2114,28.599067,77.15475,Ring Road,Minor,2025-02-13,02:00,2025-02-13 02:00:00,Rain,Car,high
2115,28.495172,77.263998,Mathura Road,Fatal,2022-03-20,22:00,2022-03-20 22:00:00,Rain,Bike,medium
2116,28.672941,76.941444,Dwarka Expressway,Severe,2024-11-21,00:00,2024-11-21 00:00:00,Rain,Car,medium
2117,28.661205,77.250484,G T Road,Minor,2024-03-03,13:00,2024-03-03 13:00:00,Rain,Truck,high
2118,28.704966,77.161165,Rohtak Road,Severe,2024-01-26,00:00,2024-01-26 00:00:00,Fog,Truck,high
2119,28.494806,77.28767,Mathura Road,Fatal,2025-01-23,01:00,2025-01-23 01:00:00,Rain,Car,medium
2120,28.649546,76.871109,Dwarka Expressway,Minor,2023-06-03,14:00,2023-06-03 14:00:00,Rain,Car,medium
2121,28.867491,77.081788,NH-44,Severe,2022-12-01,19:00,2022-12-01 19:00:00,Fog,Bike,high
2122,28.881819,77.211862,NH-44,Minor,2023-07-25,14:00,2023-07-25 14:00:00,Fog,Bike,high
2123,28.468932,77.004457,MG Road,Fatal,2023-03-08,22:00,2023-03-08 22:00:00,Clear,Auto,medium
2124,28.487008,76.915518,MG Road,Minor,2024-12-30,12:00,2024-12-30 12:00:00,Fog,Truck,medium
2125,28.885554,76.94299,NH-44,Minor,2024-11-02,02:00,2024-11-02 02:00:00,Rain,Car,high
2126,28.687072,77.153733,Rohtak Road,Fatal,2022-02-14,17:00,2022-02-14 17:00:00,Clear,Auto,high
2127,28.539817,76.878975,MG Road,Minor,2024-09-29,08:00,2024-09-29 08:00:00,Rain,Car,medium
2128,28.615932,76.84972,Dwarka Expressway,Severe,2022-12-03,19:00,2022-12-03 19:00:00,Fog,Bike,medium
2129,28.876773,77.065387,NH-44,Severe,2022-05-24,20:00,2022-05-24 20:00:00,Clear,Bus,high
2130,28.724879,77.00858,NH-44,Minor,2022-03-02,12:00,2022-03-02 12:00:00,Clear,Truck,high
2131,28.899765,77.201401,NH-44,Minor,2024-04-02,01:00,2024-04-02 01:00:00,Clear,Car,high
2132,28.828543,77.266161,G T Road,Minor,2022-05-08,17:00,2022-05-08 17:00:00,Rain,Car,high
2133,28.669406,77.183889,G T Road,Severe,2024-06-22,18:00,2024-06-22 18:00:00,Rain,Bike,high
2134,28.875346,77.187099,NH-44,Severe,2023-11-03,01:00,2023-11-03 01:00:00,Rain,Truck,high
2135,28.776524,76.974354,NH-44,Severe,2023-01-23,07:00,2023-01-23 07:00:00,Clear,Bus,high
2136,28.44542,77.216308,Mathura Road,Fatal,2024-03-25,12:00,2024-03-25 12:00:00,Rain,Truck,medium
2137,28.69051,77.083638,Outer Ring Road,Minor,2024-11-26,03:00,2024-11-26 03:00:00,Rain,Auto,high
2138,28.564387,77.020492,Dwarka Expressway,Minor,2022-06-18,02:00,2022-06-18 02:00:00,Rain,Bike,medium
2139,28.806643,77.234642,Outer Ring Road,Minor,2023-03-03,18:00,2023-03-03 18:00:00,Clear,Bus,high
2140,28.582459,76.854146,Dwarka Expressway,Minor,2024-09-09,11:00,2024-09-09 11:00:00,Clear,Auto,medium
2141,28.692562,77.159001,Rohtak Road,Severe,2024-09-08,13:00,2024-09-08 13:00:00,Rain,Auto,high
2142,28.723686,77.225795,G T Road,Fatal,2024-10-13,00:00,2024-10-13 00:00:00,Clear,Car,high
2143,28.588186,77.029291,Dwarka Expressway,Minor,2024-01-19,12:00,2024-01-19 12:00:00,Fog,Auto,medium
2144,28.811574,77.016708,NH-44,Minor,2022-06-20,12:00,2022-06-20 12:00:00,Clear,Bike,high
2145,28.517486,76.997991,MG Road,Severe,2022-02-07,15:00,2022-02-07 15:00:00,Clear,Bus,medium
2146,28.838781,77.138398,NH-44,Minor,2024-08-08,04:00,2024-08-08 04:00:00,Clear,Truck,high
2147,28.553837,76.908864,Dwarka Expressway,Fatal,2025-02-26,03:00,2025-02-26 03:00:00,Clear,Car,medium
2148,28.732523,76.922098,NH-44,Severe,2023-02-16,03:00,2023-02-16 03:00:00,Fog,Bus,high
2149,28.540593,77.084687,Dwarka Expressway,Minor,2023-09-23,23:00,2023-09-23 23:00:00,Rain,Auto,medium
2150,28.866833,77.130533,NH-44,Severe,2024-06-16,16:00,2024-06-16 16:00:00,Rain,Car,high
2151,28.453723,77.251334,Mathura Road,Severe,2022-06-22,14:00,2022-06-22 14:00:00,Rain,Bike,medium
2152,28.494271,76.930814,MG Road,Minor,2025-01-19,18:00,2025-01-19 18:00:00,Rain,Bike,medium
2153,28.624096,77.260058,G T Road,Minor,2022-12-01,16:00,2022-12-01 16:00:00,Fog,Truck,high
2154,28.51799,76.863971,MG Road,Fatal,2022-11-03,11:00,2022-11-03 11:00:00,Rain,Truck,medium
2155,28.482368,77.162653,Mathura Road,Severe,2022-01-24,03:00,2022-01-24 03:00:00,Fog,Bus,medium
2156,28.492085,77.079706,MG Road,Minor,2024-04-25,15:00,2024-04-25 15:00:00,Clear,Truck,medium
2157,28.796932,77.138708,NH-44,Minor,2024-09-22,07:00,2024-09-22 07:00:00,Rain,Bus,high
2158,28.875995,76.844953,NH-44,Minor,2023-04-06,21:00,2023-04-06 21:00:00,Fog,Bike,high
2159,28.456844,77.267369,Mathura Road,Fatal,2024-08-09,00:00,2024-08-09 00:00:00,Rain,Truck,medium
2160,28.456984,76.854768,MG Road,Severe,2024-01-22,15:00,2024-01-22 15:00:00,Clear,Bike,medium
2161,28.857391,77.045164,NH-44,Severe,2022-03-25,08:00,2022-03-25 08:00:00,Fog,Bus,high
2162,28.756163,76.894752,NH-44,Severe,2023-12-10,20:00,2023-12-10 20:00:00,Rain,Bus,high
2163,28.730841,77.183596,Rohtak Road,Fatal,2022-07-13,15:00,2022-07-13 15:00:00,Fog,Auto,high
2164,28.454453,76.822345,MG Road,Minor,2023-04-11,19:00,2023-04-11 19:00:00,Fog,Auto,medium
2165,28.625771,77.186462,Ring Road,Fatal,2022-03-27,00:00,2022-03-27 00:00:00,Rain,Car,high
2166,28.517237,76.843461,MG Road,Fatal,2022-11-27,01:00,2022-11-27 01:00:00,Fog,Auto,medium
2167,28.732312,77.137067,Outer Ring Road,Minor,2023-05-03,21:00,2023-05-03 21:00:00,Clear,Car,high
2168,28.764528,77.237713,G T Road,Severe,2025-01-09,22:00,2025-01-09 22:00:00,Fog,Auto,high
2169,28.559891,76.841125,Dwarka Expressway,Minor,2022-07-18,16:00,2022-07-18 16:00:00,Clear,Car,medium
2170,28.779788,77.276876,G T Road,Severe,2023-07-17,23:00,2023-07-17 23:00:00,Fog,Truck,high
2171,28.721489,77.054932,NH-44,Severe,2023-12-16,05:00,2023-12-16 05:00:00,Clear,Auto,high
2172,28.449229,77.106802,MG Road,Severe,2023-03-15,09:00,2023-03-15 09:00:00,Clear,Bus,medium
2173,28.75558,77.229858,G T Road,Minor,2022-08-17,00:00,2022-08-17 00:00:00,Fog,Car,high
2174,28.606903,76.872001,Dwarka Expressway,Severe,2022-07-13,23:00,2022-07-13 23:00:00,Clear,Bike,medium
2175,28.63212,76.997981,Dwarka Expressway,Minor,2024-05-16,10:00,2024-05-16 10:00:00,Clear,Car,medium
2176,28.624722,77.268991,G T Road,Minor,2025-03-03,11:00,2025-03-03 11:00:00,Fog,Car,high
2177,28.430086,77.059525,MG Road,Minor,2023-12-27,09:00,2023-12-27 09:00:00,Rain,Auto,medium
2178,28.796513,76.812973,NH-44,Minor,2024-08-12,21:00,2024-08-12 21:00:00,Rain,Truck,high
2179,28.794897,76.866561,NH-44,Minor,2023-08-10,04:00,2023-08-10 04:00:00,Clear,Bike,high
2180,28.551568,77.087275,Dwarka Expressway,Fatal,2023-03-06,04:00,2023-03-06 04:00:00,Rain,Truck,medium
2181,28.715811,77.079905,Outer Ring Road,Minor,2022-02-24,19:00,2022-02-24 19:00:00,Rain,Bike,high
2182,28.585244,76.908216,Dwarka Expressway,Severe,2023-07-24,12:00,2023-07-24 12:00:00,Rain,Bike,medium
2183,28.436355,76.821229,MG Road,Severe,2022-11-15,12:00,2022-11-15 12:00:00,Fog,Bike,medium
2184,28.778509,76.852311,NH-44,Minor,2024-07-10,05:00,2024-07-10 05:00:00,Rain,Truck,high
2185,28.703706,76.896874,NH-44,Minor,2024-02-20,02:00,2024-02-20 02:00:00,Clear,Auto,high
2186,28.683215,76.911007,Dwarka Expressway,Minor,2025-02-18,06:00,2025-02-18 06:00:00,Fog,Bike,medium
2187,28.519111,76.84599,MG Road,Severe,2022-10-28,17:00,2022-10-28 17:00:00,Rain,Truck,medium
2188,28.721482,77.189797,Rohtak Road,Severe,2022-09-14,09:00,2022-09-14 09:00:00,Fog,Bus,high
2189,28.451618,77.261855,Mathura Road,Fatal,2024-11-10,18:00,2024-11-10 18:00:00,Fog,Car,medium
2190,28.620869,76.859873,Dwarka Expressway,Severe,2024-08-03,20:00,2024-08-03 20:00:00,Clear,Car,medium
2191,28.558236,77.250556,Lodhi Road,Minor,2024-11-17,14:00,2024-11-17 14:00:00,Fog,Bus,low
2192,28.52201,77.127401,Mathura Road,Severe,2023-08-24,13:00,2023-08-24 13:00:00,Clear,Bike,medium
2193,28.682158,77.225941,G T Road,Minor,2023-06-09,07:00,2023-06-09 07:00:00,Rain,Auto,high
2194,28.83226,77.107759,NH-44,Minor,2023-10-19,14:00,2023-10-19 14:00:00,Rain,Auto,high
2195,28.549818,76.828717,Dwarka Expressway,Minor,2023-05-08,00:00,2023-05-08 00:00:00,Rain,Car,medium
2196,28.803141,77.104744,NH-44,Minor,2022-11-23,03:00,2022-11-23 03:00:00,Clear,Auto,high
2197,28.831109,77.076885,NH-44,Minor,2022-04-27,03:00,2022-04-27 03:00:00,Rain,Truck,high
2198,28.491548,76.941978,MG Road,Minor,2024-08-17,05:00,2024-08-17 05:00:00,Fog,Car,medium
2199,28.42128,77.222508,Mathura Road,Minor,2022-10-20,20:00,2022-10-20 20:00:00,Rain,Truck,medium
2200,28.455969,76.876503,MG Road,Severe,2025-01-24,04:00,2025-01-24 04:00:00,Fog,Truck,medium
2201,28.711143,76.964655,NH-44,Minor,2024-05-15,07:00,2024-05-15 07:00:00,Fog,Auto,high
2202,28.842558,77.260106,NH-44,Minor,2023-08-07,03:00,2023-08-07 03:00:00,Rain,Bike,high
2203,28.823263,77.29701,G T Road,Fatal,2024-08-03,19:00,2024-08-03 19:00:00,Clear,Car,high
2204,28.744001,77.2005,Rohtak Road,Minor,2024-08-11,13:00,2024-08-11 13:00:00,Fog,Truck,high
2205,28.65419,76.849231,Dwarka Expressway,Fatal,2024-07-30,02:00,2024-07-30 02:00:00,Clear,Bus,medium
2206,28.681488,77.221125,G T Road,Minor,2022-12-14,18:00,2022-12-14 18:00:00,Rain,Truck,high
2207,28.628804,76.805545,Dwarka Expressway,Fatal,2022-10-01,10:00,2022-10-01 10:00:00,Clear,Bike,medium
2208,28.702255,76.855971,NH-44,Severe,2023-12-24,22:00,2023-12-24 22:00:00,Rain,Auto,high
2209,28.860874,77.261221,NH-44,Minor,2023-08-11,20:00,2023-08-11 20:00:00,Clear,Auto,high
2210,28.728078,77.259825,G T Road,Minor,2024-05-16,09:00,2024-05-16 09:00:00,Fog,Car,high
2211,28.579094,77.160511,Mathura Road,Minor,2024-02-18,22:00,2024-02-18 22:00:00,Rain,Auto,medium
2212,28.684279,77.246315,G T Road,Fatal,2022-08-21,02:00,2022-08-21 02:00:00,Clear,Car,high
2213,28.550845,77.156131,Mathura Road,Severe,2024-10-16,09:00,2024-10-16 09:00:00,Fog,Bike,medium
2214,28.572384,77.161717,Mathura Road,Severe,2023-06-14,16:00,2023-06-14 16:00:00,Rain,Bus,medium
2215,28.751527,76.982305,NH-44,Minor,2022-11-12,09:00,2022-11-12 09:00:00,Rain,Auto,high
2216,28.67471,77.205009,G T Road,Minor,2023-03-08,01:00,2023-03-08 01:00:00,Clear,Bike,high
2217,28.585204,76.808754,Dwarka Expressway,Minor,2024-03-26,05:00,2024-03-26 05:00:00,Rain,Auto,medium
2218,28.845912,76.937113,NH-44,Fatal,2024-02-22,13:00,2024-02-22 13:00:00,Rain,Bike,high
2219,28.562113,76.851683,Dwarka Expressway,Minor,2023-02-03,09:00,2023-02-03 09:00:00,Clear,Bike,medium
2220,28.812641,77.056914,NH-44,Severe,2024-06-14,00:00,2024-06-14 00:00:00,Clear,Auto,high
2221,28.663853,76.892263,Dwarka Expressway,Minor,2023-07-28,22:00,2023-07-28 22:00:00,Clear,Car,medium
2222,28.496403,77.243613,Mathura Road,Fatal,2023-07-19,04:00,2023-07-19 04:00:00,Clear,Bus,medium
2223,28.703217,77.03166,NH-44,Fatal,2023-02-19,08:00,2023-02-19 08:00:00,Clear,Bike,high
2224,28.559971,77.184052,Mathura Road,Severe,2025-04-15,11:00,2025-04-15 11:00:00,Fog,Bike,medium
2225,28.475272,76.818051,MG Road,Severe,2023-06-16,02:00,2023-06-16 02:00:00,Rain,Bike,medium
2226,28.808112,76.933329,NH-44,Minor,2024-10-05,08:00,2024-10-05 08:00:00,Fog,Car,high
2227,28.403448,77.167475,Mathura Road,Severe,2024-01-06,11:00,2024-01-06 11:00:00,Clear,Car,medium
2228,28.482405,77.140724,Mathura Road,Severe,2024-08-20,19:00,2024-08-20 19:00:00,Rain,Truck,medium
2229,28.495647,76.927634,MG Road,Fatal,2023-05-27,20:00,2023-05-27 20:00:00,Fog,Bus,medium
2230,28.503906,77.159079,Mathura Road,Minor,2022-09-27,04:00,2022-09-27 04:00:00,Clear,Bike,medium
2231,28.737481,77.298422,G T Road,Severe,2023-03-11,11:00,2023-03-11 11:00:00,Clear,Bus,high
2232,28.898429,76.911789,NH-44,Severe,2022-02-20,01:00,2022-02-20 01:00:00,Rain,Auto,high
2233,28.649405,76.946078,Dwarka Expressway,Minor,2024-09-22,19:00,2024-09-22 19:00:00,Fog,Truck,medium
2234,28.638947,76.897282,Dwarka Expressway,Minor,2023-02-04,04:00,2023-02-04 04:00:00,Fog,Auto,medium
2235,28.562082,76.934668,Dwarka Expressway,Severe,2022-04-10,18:00,2022-04-10 18:00:00,Fog,Bike,medium
2236,28.841188,76.842526,NH-44,Minor,2023-11-29,15:00,2023-11-29 15:00:00,Fog,Bike,high
2237,28.742512,76.920729,NH-44,Minor,2023-01-12,13:00,2023-01-12 13:00:00,Fog,Auto,high
2238,28.409004,76.936973,MG Road,Minor,2022-02-28,18:00,2022-02-28 18:00:00,Fog,Truck,medium
2239,28.437373,77.083962,MG Road,Severe,2022-12-19,04:00,2022-12-19 04:00:00,Rain,Truck,medium
2240,28.855888,76.933986,NH-44,Severe,2022-05-23,04:00,2022-05-23 04:00:00,Clear,Auto,high
2241,28.892353,77.045147,NH-44,Severe,2022-10-11,21:00,2022-10-11 21:00:00,Clear,Auto,high
2242,28.709819,76.918568,NH-44,Minor,2024-06-23,15:00,2024-06-23 15:00:00,Clear,Bus,high
2243,28.415561,76.888357,MG Road,Fatal,2022-12-09,04:00,2022-12-09 04:00:00,Clear,Bus,medium
2244,28.498071,76.893442,MG Road,Minor,2022-01-17,23:00,2022-01-17 23:00:00,Rain,Bike,medium
2245,28.707799,76.893983,NH-44,Minor,2024-12-05,07:00,2024-12-05 07:00:00,Rain,Car,high
2246,28.566407,76.852102,Dwarka Expressway,Minor,2023-04-06,05:00,2023-04-06 05:00:00,Clear,Bus,medium
2247,28.507948,77.023196,MG Road,Minor,2024-08-07,01:00,2024-08-07 01:00:00,Fog,Truck,medium
2248,28.694943,77.162568,Rohtak Road,Fatal,2024-02-29,06:00,2024-02-29 06:00:00,Fog,Bus,high
2249,28.407123,76.957432,MG Road,Severe,2022-06-27,19:00,2022-06-27 19:00:00,Clear,Car,medium
2250,28.546185,76.804404,MG Road,Minor,2025-01-25,10:00,2025-01-25 10:00:00,Fog,Auto,medium
2251,28.403243,77.008932,MG Road,Fatal,2023-06-24,04:00,2023-06-24 04:00:00,Clear,Auto,medium
2252,28.504383,77.037652,MG Road,Severe,2022-06-20,05:00,2022-06-20 05:00:00,Clear,Car,medium
2253,28.600858,77.227067,Lodhi Road,Minor,2024-06-08,15:00,2024-06-08 15:00:00,Rain,Bus,low
2254,28.726555,77.031867,NH-44,Fatal,2024-02-08,11:00,2024-02-08 11:00:00,Clear,Bike,high
2255,28.646355,77.057153,Dwarka Expressway,Severe,2025-02-17,02:00,2025-02-17 02:00:00,Clear,Bus,medium
2256,28.404719,77.070428,MG Road,Severe,2022-10-09,07:00,2022-10-09 07:00:00,Rain,Bus,medium
2257,28.530776,77.285024,DND Flyway,Severe,2024-01-23,15:00,2024-01-23 15:00:00,Clear,Auto,medium
2258,28.831197,76.922241,NH-44,Minor,2024-05-29,23:00,2024-05-29 23:00:00,Fog,Bus,high
2259,28.413311,76.920345,MG Road,Severe,2022-04-30,03:00,2022-04-30 03:00:00,Rain,Car,medium
2260,28.592038,77.242225,Lodhi Road,Severe,2023-03-06,08:00,2023-03-06 08:00:00,Fog,Bike,low
2261,28.621242,76.830015,Dwarka Expressway,Fatal,2025-04-07,03:00,2025-04-07 03:00:00,Rain,Car,medium
2262,28.864909,76.800598,NH-44,Minor,2024-08-18,21:00,2024-08-18 21:00:00,Fog,Bus,high
2263,28.845799,77.263606,NH-44,Minor,2022-06-04,04:00,2022-06-04 04:00:00,Clear,Bus,high
2264,28.820206,76.943717,NH-44,Severe,2022-09-16,10:00,2022-09-16 10:00:00,Clear,Truck,high
2265,28.464325,76.919185,MG Road,Fatal,2024-11-03,11:00,2024-11-03 11:00:00,Clear,Bus,medium
2266,28.414765,76.800892,MG Road,Fatal,2025-04-07,13:00,2025-04-07 13:00:00,Rain,Auto,medium
2267,28.716346,77.084578,Outer Ring Road,Fatal,2022-01-01,10:00,2022-01-01 10:00:00,Clear,Bus,high
2268,28.554213,76.959205,Dwarka Expressway,Fatal,2022-07-17,20:00,2022-07-17 20:00:00,Clear,Bus,medium
2269,28.617721,77.056095,Dwarka Expressway,Fatal,2022-09-11,15:00,2022-09-11 15:00:00,Rain,Bike,medium
2270,28.843684,77.049277,NH-44,Minor,2023-10-24,11:00,2023-10-24 11:00:00,Rain,Truck,high
2271,28.666076,76.92412,Dwarka Expressway,Minor,2025-01-04,22:00,2025-01-04 22:00:00,Rain,Bus,medium
2272,28.410276,77.128706,MG Road,Minor,2024-02-08,10:00,2024-02-08 10:00:00,Clear,Car,medium
2273,28.724431,77.074485,NH-44,Fatal,2024-10-10,23:00,2024-10-10 23:00:00,Clear,Car,high
2274,28.886084,77.047892,NH-44,Severe,2025-02-21,23:00,2025-02-21 23:00:00,Rain,Bus,high
2275,28.52402,77.036176,MG Road,Minor,2024-10-18,16:00,2024-10-18 16:00:00,Clear,Bus,medium
2276,28.595369,77.247036,Lodhi Road,Severe,2024-04-05,20:00,2024-04-05 20:00:00,Fog,Bike,low
2277,28.856869,76.975413,NH-44,Fatal,2022-02-09,18:00,2022-02-09 18:00:00,Clear,Bus,high
2278,28.481622,76.950683,MG Road,Minor,2025-01-23,11:00,2025-01-23 11:00:00,Rain,Truck,medium
2279,28.891142,76.88768,NH-44,Minor,2025-03-17,10:00,2025-03-17 10:00:00,Rain,Car,high
2280,28.690478,77.236059,G T Road,Minor,2023-07-07,18:00,2023-07-07 18:00:00,Rain,Bike,high
2281,28.529999,76.915463,MG Road,Severe,2023-01-29,02:00,2023-01-29 02:00:00,Rain,Bus,medium
2282,28.595036,76.950975,Dwarka Expressway,Fatal,2023-12-30,14:00,2023-12-30 14:00:00,Clear,Car,medium
2283,28.582692,77.195,Lodhi Road,Minor,2022-12-21,03:00,2022-12-21 03:00:00,Rain,Truck,low
2284,28.45133,76.898304,MG Road,Minor,2024-11-30,23:00,2024-11-30 23:00:00,Rain,Truck,medium
2285,28.847853,77.188529,NH-44,Minor,2022-07-23,03:00,2022-07-23 03:00:00,Clear,Truck,high
2286,28.468832,77.075936,MG Road,Fatal,2022-12-14,07:00,2022-12-14 07:00:00,Rain,Truck,medium
2287,28.46323,76.955565,MG Road,Minor,2023-04-05,22:00,2023-04-05 22:00:00,Clear,Truck,medium
2288,28.453217,76.853802,MG Road,Fatal,2024-12-22,21:00,2024-12-22 21:00:00,Clear,Bus,medium
2289,28.868297,76.834774,NH-44,Fatal,2025-02-27,22:00,2025-02-27 22:00:00,Fog,Car,high
2290,28.575821,77.296991,DND Flyway,Severe,2025-03-25,00:00,2025-03-25 00:00:00,Rain,Car,medium
2291,28.712299,77.250388,G T Road,Fatal,2023-08-13,14:00,2023-08-13 14:00:00,Fog,Car,high
2292,28.524624,77.227975,Mathura Road,Severe,2022-08-08,07:00,2022-08-08 07:00:00,Fog,Bike,medium
2293,28.708514,77.02751,NH-44,Minor,2023-04-12,06:00,2023-04-12 06:00:00,Rain,Bus,high
2294,28.689489,77.036353,Outer Ring Road,Minor,2023-02-08,11:00,2023-02-08 11:00:00,Clear,Bike,high
2295,28.500614,76.877168,MG Road,Minor,2024-03-10,19:00,2024-03-10 19:00:00,Clear,Truck,medium
2296,28.889542,77.041091,NH-44,Minor,2024-08-12,22:00,2024-08-12 22:00:00,Rain,Car,high
2297,28.528118,77.096073,Dwarka Expressway,Minor,2023-10-11,20:00,2023-10-11 20:00:00,Rain,Bike,medium
2298,28.600315,77.155365,Ring Road,Minor,2025-02-16,09:00,2025-02-16 09:00:00,Clear,Car,high
2299,28.588149,77.145966,Ring Road,Fatal,2023-08-10,04:00,2023-08-10 04:00:00,Fog,Bike,high
2300,28.48846,76.83106,MG Road,Minor,2023-04-19,02:00,2023-04-19 02:00:00,Rain,Bus,medium
2301,28.419732,77.273615,Mathura Road,Minor,2024-03-05,22:00,2024-03-05 22:00:00,Clear,Truck,medium
2302,28.695833,77.089943,Outer Ring Road,Minor,2025-03-06,06:00,2025-03-06 06:00:00,Rain,Car,high
2303,28.780853,77.156825,NH-44,Minor,2024-01-24,19:00,2024-01-24 19:00:00,Rain,Car,high
2304,28.718093,77.166777,Rohtak Road,Minor,2022-07-24,19:00,2022-07-24 19:00:00,Fog,Auto,high
2305,28.504684,77.180292,Mathura Road,Minor,2023-10-16,00:00,2023-10-16 00:00:00,Clear,Auto,medium
2306,28.803534,77.299365,G T Road,Severe,2023-10-09,08:00,2023-10-09 08:00:00,Rain,Bike,high
2307,28.825421,76.836652,NH-44,Minor,2024-07-31,17:00,2024-07-31 17:00:00,Clear,Truck,high
2308,28.767993,77.11492,NH-44,Severe,2024-01-22,06:00,2024-01-22 06:00:00,Fog,Car,high
2309,28.663144,77.071433,Rohtak Road,Minor,2023-06-17,05:00,2023-06-17 05:00:00,Clear,Truck,high
2310,28.87864,77.276443,NH-44,Severe,2025-01-08,11:00,2025-01-08 11:00:00,Clear,Car,high
2311,28.842434,77.072066,NH-44,Minor,2025-03-20,12:00,2025-03-20 12:00:00,Rain,Bus,high
2312,28.656975,77.113728,Rohtak Road,Severe,2022-04-06,08:00,2022-04-06 08:00:00,Rain,Bike,high
2313,28.873733,76.814626,NH-44,Fatal,2023-03-02,02:00,2023-03-02 02:00:00,Clear,Truck,high
2314,28.872774,77.186704,NH-44,Minor,2023-02-28,11:00,2023-02-28 11:00:00,Rain,Car,high
2315,28.409454,77.218902,Mathura Road,Fatal,2022-01-30,10:00,2022-01-30 10:00:00,Clear,Auto,medium
2316,28.692278,77.203558,G T Road,Fatal,2024-09-20,23:00,2024-09-20 23:00:00,Rain,Bus,high
2317,28.732573,76.88378,NH-44,Severe,2023-11-06,13:00,2023-11-06 13:00:00,Clear,Auto,high
2318,28.828307,77.147889,NH-44,Severe,2024-10-01,15:00,2024-10-01 15:00:00,Rain,Bus,high
2319,28.538898,76.806089,MG Road,Severe,2024-09-02,06:00,2024-09-02 06:00:00,Rain,Bike,medium
2320,28.78641,77.280601,G T Road,Minor,2023-03-22,03:00,2023-03-22 03:00:00,Clear,Auto,high
2321,28.690558,76.828846,Dwarka Expressway,Fatal,2022-08-31,22:00,2022-08-31 22:00:00,Fog,Auto,medium
2322,28.576408,77.133579,Dwarka Expressway,Minor,2024-07-29,20:00,2024-07-29 20:00:00,Rain,Bike,medium
2323,28.602969,76.918307,Dwarka Expressway,Minor,2024-06-15,09:00,2024-06-15 09:00:00,Fog,Bike,medium
2324,28.731647,77.010886,NH-44,Severe,2024-01-21,07:00,2024-01-21 07:00:00,Fog,Truck,high
2325,28.660121,77.138032,Rohtak Road,Minor,2024-09-14,01:00,2024-09-14 01:00:00,Fog,Bus,high
2326,28.569191,77.274195,DND Flyway,Severe,2024-05-23,10:00,2024-05-23 10:00:00,Clear,Car,medium
2327,28.575222,77.119533,Dwarka Expressway,Severe,2023-05-16,17:00,2023-05-16 17:00:00,Fog,Truck,medium
2328,28.772384,76.953063,NH-44,Minor,2022-10-04,01:00,2022-10-04 01:00:00,Clear,Auto,high
2329,28.764452,76.839399,NH-44,Severe,2022-07-14,12:00,2022-07-14 12:00:00,Rain,Bus,high
2330,28.705581,76.867388,NH-44,Fatal,2023-12-02,10:00,2023-12-02 10:00:00,Clear,Bus,high
2331,28.771898,77.120895,NH-44,Severe,2022-05-23,07:00,2022-05-23 07:00:00,Rain,Auto,high
2332,28.633707,76.904535,Dwarka Expressway,Severe,2022-02-22,16:00,2022-02-22 16:00:00,Clear,Car,medium
2333,28.8265,76.898108,NH-44,Severe,2023-03-16,12:00,2023-03-16 12:00:00,Fog,Auto,high
2334,28.783557,76.804156,NH-44,Fatal,2023-05-29,19:00,2023-05-29 19:00:00,Fog,Truck,high
2335,28.780311,77.055364,NH-44,Fatal,2023-08-19,07:00,2023-08-19 07:00:00,Rain,Bike,high
2336,28.801959,77.189469,NH-44,Minor,2024-03-03,12:00,2024-03-03 12:00:00,Clear,Auto,high
2337,28.772154,76.824929,NH-44,Minor,2023-01-13,03:00,2023-01-13 03:00:00,Rain,Truck,high
2338,28.831325,77.039783,NH-44,Minor,2024-09-14,01:00,2024-09-14 01:00:00,Rain,Car,high
2339,28.621461,77.133016,Rohtak Road,Minor,2024-08-14,12:00,2024-08-14 12:00:00,Clear,Bus,high
2340,28.522024,77.067158,MG Road,Minor,2022-06-22,17:00,2022-06-22 17:00:00,Rain,Truck,medium
2341,28.888845,77.243977,NH-44,Fatal,2022-01-30,17:00,2022-01-30 17:00:00,Clear,Auto,high
2342,28.555545,76.987973,Dwarka Expressway,Minor,2022-12-22,06:00,2022-12-22 06:00:00,Fog,Bus,medium
2343,28.85516,76.97405,NH-44,Severe,2023-05-08,16:00,2023-05-08 16:00:00,Clear,Bike,high
2344,28.809075,77.160492,NH-44,Minor,2022-04-13,15:00,2022-04-13 15:00:00,Clear,Truck,high
2345,28.78206,77.259763,G T Road,Severe,2025-02-20,06:00,2025-02-20 06:00:00,Clear,Truck,high
2346,28.59473,77.141784,Ring Road,Fatal,2025-01-18,03:00,2025-01-18 03:00:00,Clear,Auto,high
2347,28.571292,76.850931,Dwarka Expressway,Minor,2023-05-16,17:00,2023-05-16 17:00:00,Rain,Car,medium
2348,28.433294,77.064308,MG Road,Minor,2023-11-24,22:00,2023-11-24 22:00:00,Rain,Truck,medium
2349,28.530744,76.889216,MG Road,Minor,2023-04-12,05:00,2023-04-12 05:00:00,Clear,Car,medium
2350,28.681486,77.251598,G T Road,Severe,2024-09-06,01:00,2024-09-06 01:00:00,Fog,Car,high
2351,28.404402,76.891099,MG Road,Minor,2022-04-26,00:00,2022-04-26 00:00:00,Clear,Truck,medium
2352,28.796498,76.974269,NH-44,Severe,2023-03-10,21:00,2023-03-10 21:00:00,Rain,Truck,high
2353,28.576565,77.128373,Dwarka Expressway,Minor,2023-11-14,23:00,2023-11-14 23:00:00,Clear,Auto,medium
2354,28.881948,77.052677,NH-44,Minor,2023-03-23,04:00,2023-03-23 04:00:00,Clear,Truck,high
2355,28.788073,77.094835,NH-44,Fatal,2023-09-25,22:00,2023-09-25 22:00:00,Rain,Car,high
2356,28.511459,77.016998,MG Road,Fatal,2025-01-04,06:00,2025-01-04 06:00:00,Rain,Car,medium
2357,28.515409,77.287666,DND Flyway,Minor,2024-06-02,23:00,2024-06-02 23:00:00,Fog,Bus,medium
2358,28.466969,77.182378,Mathura Road,Minor,2023-07-02,20:00,2023-07-02 20:00:00,Rain,Car,medium
2359,28.683234,76.814044,Dwarka Expressway,Severe,2025-03-03,13:00,2025-03-03 13:00:00,Rain,Auto,medium
2360,28.702333,77.124802,Outer Ring Road,Severe,2024-04-30,19:00,2024-04-30 19:00:00,Fog,Auto,high
2361,28.570547,76.901343,Dwarka Expressway,Minor,2022-07-22,19:00,2022-07-22 19:00:00,Fog,Bike,medium
2362,28.440448,76.907983,MG Road,Severe,2024-04-30,09:00,2024-04-30 09:00:00,Clear,Bus,medium
2363,28.737435,77.047422,NH-44,Minor,2024-01-13,18:00,2024-01-13 18:00:00,Clear,Truck,high
2364,28.567693,77.293623,DND Flyway,Fatal,2024-10-20,00:00,2024-10-20 00:00:00,Rain,Car,medium
2365,28.415924,77.061709,MG Road,Minor,2022-09-17,10:00,2022-09-17 10:00:00,Fog,Bus,medium
2366,28.801612,77.106934,NH-44,Severe,2024-12-18,22:00,2024-12-18 22:00:00,Fog,Auto,high
2367,28.790255,77.25742,G T Road,Minor,2024-11-15,11:00,2024-11-15 11:00:00,Fog,Bike,high
2368,28.661604,77.028803,Dwarka Expressway,Minor,2022-07-21,00:00,2022-07-21 00:00:00,Fog,Auto,medium
2369,28.494695,76.897264,MG Road,Minor,2022-09-09,13:00,2022-09-09 13:00:00,Clear,Truck,medium
2370,28.816894,77.045145,NH-44,Severe,2022-02-25,03:00,2022-02-25 03:00:00,Clear,Truck,high
2371,28.789146,77.156459,NH-44,Minor,2025-03-13,19:00,2025-03-13 19:00:00,Fog,Bike,high
2372,28.559827,77.056212,Dwarka Expressway,Severe,2024-02-01,01:00,2024-02-01 01:00:00,Fog,Auto,medium
2373,28.641917,77.162431,Ring Road,Minor,2022-03-11,05:00,2022-03-11 05:00:00,Rain,Auto,high
2374,28.480285,77.035113,MG Road,Minor,2022-04-30,09:00,2022-04-30 09:00:00,Fog,Car,medium
2375,28.429494,77.253438,Mathura Road,Minor,2023-02-21,21:00,2023-02-21 21:00:00,Fog,Bike,medium
2376,28.856958,77.085583,NH-44,Minor,2024-09-30,02:00,2024-09-30 02:00:00,Rain,Auto,high
2377,28.445561,77.12707,MG Road,Minor,2022-07-18,05:00,2022-07-18 05:00:00,Rain,Bus,medium
2378,28.794279,77.210504,Outer Ring Road,Minor,2022-05-10,17:00,2022-05-10 17:00:00,Rain,Car,high
2379,28.670308,76.883747,Dwarka Expressway,Severe,2023-05-21,01:00,2023-05-21 01:00:00,Clear,Car,medium
2380,28.713597,76.825177,NH-44,Minor,2023-12-24,10:00,2023-12-24 10:00:00,Rain,Auto,high
2381,28.556431,77.299829,DND Flyway,Minor,2022-02-27,12:00,2022-02-27 12:00:00,Fog,Bus,medium
2382,28.677591,77.157103,Rohtak Road,Severe,2024-04-27,09:00,2024-04-27 09:00:00,Rain,Truck,high
2383,28.45615,77.220042,Mathura Road,Minor,2022-08-28,16:00,2022-08-28 16:00:00,Rain,Bus,medium
2384,28.694071,76.899595,NH-44,Minor,2022-04-01,06:00,2022-04-01 06:00:00,Rain,Bike,high
2385,28.657662,76.994929,Dwarka Expressway,Minor,2022-05-14,04:00,2022-05-14 04:00:00,Clear,Bus,medium
2386,28.569633,77.210913,Lodhi Road,Minor,2024-01-14,00:00,2024-01-14 00:00:00,Fog,Bus,low
2387,28.828644,77.171109,NH-44,Minor,2023-04-10,23:00,2023-04-10 23:00:00,Fog,Auto,high
2388,28.559502,77.230447,Lodhi Road,Severe,2022-10-31,23:00,2022-10-31 23:00:00,Clear,Car,low
2389,28.621899,77.063935,Dwarka Expressway,Fatal,2022-07-18,21:00,2022-07-18 21:00:00,Fog,Bus,medium
2390,28.493142,77.164275,Mathura Road,Minor,2023-10-21,15:00,2023-10-21 15:00:00,Clear,Auto,medium
2391,28.482031,77.207753,Mathura Road,Minor,2023-07-29,04:00,2023-07-29 04:00:00,Rain,Bike,medium
2392,28.651855,77.001864,Dwarka Expressway,Minor,2024-10-29,12:00,2024-10-29 12:00:00,Fog,Truck,medium
2393,28.764864,77.030197,NH-44,Fatal,2023-02-08,03:00,2023-02-08 03:00:00,Clear,Bus,high
2394,28.667804,76.930986,Dwarka Expressway,Minor,2023-01-07,13:00,2023-01-07 13:00:00,Rain,Bus,medium
2395,28.871056,77.113904,NH-44,Severe,2023-08-14,04:00,2023-08-14 04:00:00,Rain,Auto,high
2396,28.454719,77.004869,MG Road,Severe,2022-07-13,05:00,2022-07-13 05:00:00,Clear,Car,medium
2397,28.758752,77.174692,Outer Ring Road,Minor,2023-07-12,07:00,2023-07-12 07:00:00,Clear,Car,high
2398,28.865972,77.110553,NH-44,Severe,2023-02-02,00:00,2023-02-02 00:00:00,Fog,Car,high
2399,28.645679,76.967466,Dwarka Expressway,Severe,2022-08-04,19:00,2022-08-04 19:00:00,Rain,Bus,medium
2400,28.591302,76.912551,Dwarka Expressway,Minor,2023-06-29,15:00,2023-06-29 15:00:00,Rain,Auto,medium
2401,28.683271,77.153437,Rohtak Road,Minor,2024-07-27,11:00,2024-07-27 11:00:00,Fog,Car,high
2402,28.614672,76.962849,Dwarka Expressway,Minor,2023-11-26,23:00,2023-11-26 23:00:00,Clear,Car,medium
2403,28.459126,77.128627,MG Road,Minor,2022-02-06,16:00,2022-02-06 16:00:00,Fog,Auto,medium
2404,28.81665,76.866514,NH-44,Severe,2023-04-29,19:00,2023-04-29 19:00:00,Clear,Truck,high
2405,28.60876,77.239537,Lodhi Road,Severe,2024-06-14,14:00,2024-06-14 14:00:00,Rain,Car,low
2406,28.642611,77.099093,Rohtak Road,Minor,2024-12-09,17:00,2024-12-09 17:00:00,Rain,Auto,high
2407,28.46507,77.268465,Mathura Road,Minor,2023-11-30,22:00,2023-11-30 22:00:00,Clear,Truck,medium
2408,28.559287,77.284108,DND Flyway,Minor,2023-02-10,03:00,2023-02-10 03:00:00,Rain,Truck,medium
2409,28.775726,76.859973,NH-44,Minor,2023-09-05,02:00,2023-09-05 02:00:00,Clear,Bike,high
2410,28.674735,76.967222,Dwarka Expressway,Minor,2024-07-07,02:00,2024-07-07 02:00:00,Rain,Bike,medium
2411,28.621911,76.984354,Dwarka Expressway,Minor,2022-08-12,21:00,2022-08-12 21:00:00,Fog,Auto,medium
2412,28.472902,77.272278,Mathura Road,Fatal,2023-01-19,06:00,2023-01-19 06:00:00,Rain,Car,medium
2413,28.402578,77.145229,MG Road,Minor,2024-07-31,12:00,2024-07-31 12:00:00,Fog,Bike,medium
2414,28.793484,77.080146,NH-44,Minor,2024-05-24,11:00,2024-05-24 11:00:00,Clear,Bus,high
2415,28.899148,76.963977,NH-44,Fatal,2023-08-24,09:00,2023-08-24 09:00:00,Rain,Auto,high
2416,28.496215,77.247878,Mathura Road,Minor,2024-07-07,21:00,2024-07-07 21:00:00,Fog,Car,medium
2417,28.834598,76.902863,NH-44,Minor,2024-11-21,17:00,2024-11-21 17:00:00,Fog,Auto,high
2418,28.634542,76.987053,Dwarka Expressway,Minor,2022-10-16,16:00,2022-10-16 16:00:00,Clear,Auto,medium
2419,28.52824,77.042719,Dwarka Expressway,Minor,2024-06-22,02:00,2024-06-22 02:00:00,Rain,Truck,medium
2420,28.787784,76.990511,NH-44,Fatal,2024-11-05,22:00,2024-11-05 22:00:00,Clear,Bus,high
2421,28.697646,76.952918,NH-44,Fatal,2022-06-15,20:00,2022-06-15 20:00:00,Rain,Bike,high
2422,28.79562,77.170553,NH-44,Minor,2024-07-18,16:00,2024-07-18 16:00:00,Clear,Bus,high
2423,28.771822,77.169067,Outer Ring Road,Severe,2023-11-21,23:00,2023-11-21 23:00:00,Clear,Truck,high
2424,28.64922,76.886722,Dwarka Expressway,Severe,2024-08-10,08:00,2024-08-10 08:00:00,Clear,Bus,medium
2425,28.764481,76.874806,NH-44,Severe,2025-02-10,19:00,2025-02-10 19:00:00,Clear,Truck,high
2426,28.615273,76.959111,Dwarka Expressway,Minor,2024-04-09,03:00,2024-04-09 03:00:00,Rain,Auto,medium
2427,28.596518,77.122408,Dwarka Expressway,Minor,2022-10-15,22:00,2022-10-15 22:00:00,Rain,Auto,medium
2428,28.654699,76.92305,Dwarka Expressway,Severe,2023-10-15,08:00,2023-10-15 08:00:00,Fog,Bike,medium
2429,28.80686,77.012268,NH-44,Severe,2022-10-16,00:00,2022-10-16 00:00:00,Fog,Bus,high
2430,28.798462,77.242472,G T Road,Severe,2023-05-23,14:00,2023-05-23 14:00:00,Clear,Car,high
2431,28.883942,77.12935,NH-44,Severe,2023-12-10,18:00,2023-12-10 18:00:00,Clear,Bus,high
2432,28.655685,77.090053,Rohtak Road,Severe,2024-09-04,18:00,2024-09-04 18:00:00,Clear,Truck,high
2433,28.510266,77.065301,MG Road,Minor,2024-07-05,23:00,2024-07-05 23:00:00,Rain,Bike,medium
