id,latitude,longitude,road_name,severity,date,time,datetime,weather,vehicle_type,road_risk_level
1,22.459848,88.361745,AJC Bose Road,Fatal,2022-11-04,01:00,2022-11-04 01:00:00,Fog,Car,high
2,22.692541,88.209956,Park Street,Minor,2023-12-09,00:00,2023-12-09 00:00:00,Fog,Truck,medium
3,22.644485,88.376914,EM Bypass,Minor,2024-10-11,07:00,2024-10-11 07:00:00,Fog,Truck,high
4,22.568337,88.326718,Park Street,Minor,2023-09-02,01:00,2023-09-02 01:00:00,Rain,Car,medium
5,22.641847,88.381884,EM Bypass,Minor,2024-11-05,22:00,2024-11-05 22:00:00,Fog,Car,high
6,22.48522,88.321126,AJC Bose Road,Minor,2022-09-05,02:00,2022-09-05 02:00:00,Clear,Car,high
7,22.537913,88.323836,AJC Bose Road,Minor,2023-07-16,23:00,2023-07-16 23:00:00,Rain,Car,high
8,22.686595,88.399393,EM Bypass,Fatal,2024-08-31,15:00,2024-08-31 15:00:00,Fog,Auto,high
9,22.615566,88.245733,Park Street,Severe,2022-09-02,13:00,2022-09-02 13:00:00,Clear,Auto,medium
10,22.605036,88.211938,Park Street,Severe,2022-07-06,20:00,2022-07-06 20:00:00,Rain,Bike,medium
11,22.408139,88.322983,AJC Bose Road,Minor,2023-12-27,21:00,2023-12-27 21:00:00,Rain,Car,high
12,22.470344,88.318475,AJC Bose Road,Minor,2022-06-05,06:00,2022-06-05 06:00:00,Clear,Auto,high
13,22.672696,88.400666,EM Bypass,Severe,2023-01-27,15:00,2023-01-27 15:00:00,Clear,Auto,high
14,22.524367,88.453597,EM Bypass,Minor,2024-07-31,01:00,2024-07-31 01:00:00,Rain,Bike,high
15,22.535434,88.290362,AJC Bose Road,Severe,2025-01-09,08:00,2025-01-09 08:00:00,Clear,Bike,high
16,22.643283,88.434764,EM Bypass,Minor,2024-04-09,14:00,2024-04-09 14:00:00,Fog,Bike,high
17,22.453114,88.383374,AJC Bose Road,Fatal,2022-01-31,21:00,2022-01-31 21:00:00,Clear,Truck,high
18,22.563456,88.315626,Park Street,Fatal,2024-03-06,19:00,2024-03-06 19:00:00,Rain,Car,medium
19,22.48019,88.366839,AJC Bose Road,Minor,2022-03-11,16:00,2022-03-11 16:00:00,Rain,Truck,high
20,22.648231,88.411475,EM Bypass,Minor,2023-01-28,15:00,2023-01-28 15:00:00,Rain,Auto,high
21,22.641019,88.468147,EM Bypass,Minor,2023-12-28,14:00,2023-12-28 14:00:00,Clear,Auto,high
22,22.421859,88.374025,AJC Bose Road,Severe,2022-05-05,09:00,2022-05-05 09:00:00,Clear,Bike,high
23,22.582986,88.286863,Park Street,Fatal,2024-09-20,06:00,2024-09-20 06:00:00,Clear,Truck,medium
24,22.542146,88.249395,Park Street,Minor,2024-08-13,11:00,2024-08-13 11:00:00,Rain,Bike,medium
25,22.691684,88.380487,EM Bypass,Minor,2024-08-04,15:00,2024-08-04 15:00:00,Fog,Bike,high
26,22.628792,88.377574,EM Bypass,Minor,2024-12-20,11:00,2024-12-20 11:00:00,Fog,Auto,high
27,22.494643,88.492238,EM Bypass,Minor,2024-02-24,17:00,2024-02-24 17:00:00,Clear,Car,high
28,22.63079,88.274384,Park Street,Severe,2023-03-20,20:00,2023-03-20 20:00:00,Fog,Car,medium
29,22.449438,88.268509,AJC Bose Road,Severe,2023-05-14,20:00,2023-05-14 20:00:00,Fog,Auto,high
30,22.542201,88.296251,Park Street,Severe,2022-07-08,11:00,2022-07-08 11:00:00,Clear,Truck,medium
31,22.419317,88.310364,AJC Bose Road,Severe,2024-11-11,23:00,2024-11-11 23:00:00,Fog,Auto,high
32,22.542294,88.440962,EM Bypass,Fatal,2022-12-16,09:00,2022-12-16 09:00:00,Rain,Auto,high
33,22.578646,88.267103,Park Street,Minor,2022-04-28,01:00,2022-04-28 01:00:00,Clear,Truck,medium
34,22.617531,88.294685,Park Street,Minor,2022-11-28,01:00,2022-11-28 01:00:00,Fog,Bike,medium
35,22.505115,88.233239,AJC Bose Road,Minor,2024-07-31,02:00,2024-07-31 02:00:00,Clear,Bike,high
36,22.423409,88.23046,AJC Bose Road,Minor,2023-01-30,04:00,2023-01-30 04:00:00,Clear,Auto,high
37,22.68123,88.384248,EM Bypass,Fatal,2023-04-02,20:00,2023-04-02 20:00:00,Clear,Bus,high
38,22.403454,88.206231,AJC Bose Road,Minor,2024-11-26,11:00,2024-11-26 11:00:00,Rain,Bike,high
39,22.624284,88.344232,Park Street,Fatal,2024-03-25,11:00,2024-03-25 11:00:00,Fog,Bike,medium
40,22.460049,88.33137,AJC Bose Road,Minor,2025-02-01,01:00,2025-02-01 01:00:00,Rain,Bike,high
41,22.574229,88.208361,Park Street,Severe,2024-08-06,13:00,2024-08-06 13:00:00,Fog,Bus,medium
42,22.464831,88.413777,AJC Bose Road,Severe,2022-06-18,15:00,2022-06-18 15:00:00,Fog,Auto,high
43,22.415844,88.203608,AJC Bose Road,Minor,2022-08-11,17:00,2022-08-11 17:00:00,Fog,Car,high
44,22.681957,88.304039,Park Street,Fatal,2022-06-09,17:00,2022-06-09 17:00:00,Rain,Bike,medium
45,22.555692,88.47553,EM Bypass,Fatal,2023-05-23,21:00,2023-05-23 21:00:00,Rain,Auto,high
46,22.410099,88.480776,EM Bypass,Minor,2023-02-27,21:00,2023-02-27 21:00:00,Fog,Car,high
47,22.450379,88.232242,AJC Bose Road,Minor,2022-05-22,08:00,2022-05-22 08:00:00,Clear,Bike,high
48,22.626785,88.286183,Park Street,Minor,2022-11-19,07:00,2022-11-19 07:00:00,Rain,Auto,medium
49,22.566676,88.461604,EM Bypass,Minor,2022-02-20,19:00,2022-02-20 19:00:00,Rain,Bike,high
50,22.602764,88.310036,Park Street,Severe,2023-02-03,13:00,2023-02-03 13:00:00,Rain,Car,medium
51,22.472822,88.343699,AJC Bose Road,Severe,2022-03-08,12:00,2022-03-08 12:00:00,Rain,Bus,high
52,22.4837,88.332035,AJC Bose Road,Severe,2022-02-11,20:00,2022-02-11 20:00:00,Clear,Auto,high
53,22.582338,88.4844,EM Bypass,Minor,2024-08-28,18:00,2024-08-28 18:00:00,Rain,Truck,high
54,22.44045,88.280446,AJC Bose Road,Minor,2024-05-19,22:00,2024-05-19 22:00:00,Fog,Truck,high
55,22.613843,88.254254,Park Street,Minor,2024-09-01,03:00,2024-09-01 03:00:00,Clear,Auto,medium
56,22.565839,88.272514,Park Street,Severe,2022-11-14,11:00,2022-11-14 11:00:00,Rain,Car,medium
57,22.564509,88.414116,EM Bypass,Severe,2022-10-17,12:00,2022-10-17 12:00:00,Clear,Bus,high
58,22.559989,88.4151,EM Bypass,Minor,2024-10-18,12:00,2024-10-18 12:00:00,Rain,Truck,high
59,22.560204,88.468459,EM Bypass,Severe,2024-02-09,02:00,2024-02-09 02:00:00,Fog,Bike,high
60,22.631425,88.259076,Park Street,Minor,2022-07-19,01:00,2022-07-19 01:00:00,Clear,Bus,medium
61,22.445287,88.427148,AJC Bose Road,Severe,2024-05-05,09:00,2024-05-05 09:00:00,Fog,Auto,high
62,22.651052,88.416992,EM Bypass,Minor,2024-01-12,09:00,2024-01-12 09:00:00,Rain,Truck,high
63,22.527311,88.256941,AJC Bose Road,Minor,2023-12-15,00:00,2023-12-15 00:00:00,Fog,Bus,high
64,22.655639,88.262162,Park Street,Severe,2022-07-13,02:00,2022-07-13 02:00:00,Clear,Truck,medium
65,22.557039,88.250542,Park Street,Minor,2022-10-14,12:00,2022-10-14 12:00:00,Clear,Auto,medium
66,22.572038,88.303193,Park Street,Minor,2024-12-31,09:00,2024-12-31 09:00:00,Fog,Bus,medium
67,22.541313,88.375334,AJC Bose Road,Severe,2023-08-08,19:00,2023-08-08 19:00:00,Fog,Auto,high
68,22.43256,88.418923,AJC Bose Road,Fatal,2024-12-08,21:00,2024-12-08 21:00:00,Clear,Truck,high
69,22.437259,88.297527,AJC Bose Road,Minor,2022-10-20,08:00,2022-10-20 08:00:00,Clear,Auto,high
70,22.402947,88.323779,AJC Bose Road,Minor,2023-01-09,08:00,2023-01-09 08:00:00,Fog,Car,high
71,22.677292,88.426894,EM Bypass,Minor,2022-07-18,04:00,2022-07-18 04:00:00,Rain,Car,high
72,22.597287,88.318117,Park Street,Fatal,2022-04-05,17:00,2022-04-05 17:00:00,Fog,Bike,medium
73,22.458366,88.401007,AJC Bose Road,Severe,2023-06-09,06:00,2023-06-09 06:00:00,Rain,Bus,high
74,22.627804,88.336734,Park Street,Fatal,2022-05-27,21:00,2022-05-27 21:00:00,Fog,Bus,medium
75,22.584957,88.403218,EM Bypass,Fatal,2023-03-22,04:00,2023-03-22 04:00:00,Clear,Bike,high
76,22.57034,88.269589,Park Street,Severe,2025-01-14,20:00,2025-01-14 20:00:00,Fog,Truck,medium
77,22.551975,88.46929,EM Bypass,Severe,2025-02-14,11:00,2025-02-14 11:00:00,Rain,Car,high
78,22.462673,88.333963,AJC Bose Road,Minor,2022-08-24,07:00,2022-08-24 07:00:00,Clear,Car,high
79,22.60842,88.417758,EM Bypass,Minor,2024-04-25,09:00,2024-04-25 09:00:00,Rain,Bike,high
80,22.579715,88.277369,Park Street,Minor,2022-09-09,02:00,2022-09-09 02:00:00,Clear,Car,medium
81,22.511567,88.420675,EM Bypass,Fatal,2023-04-03,07:00,2023-04-03 07:00:00,Fog,Auto,high
82,22.57938,88.349677,Park Street,Minor,2024-06-24,15:00,2024-06-24 15:00:00,Rain,Auto,medium
83,22.470777,88.377662,AJC Bose Road,Minor,2024-05-19,20:00,2024-05-19 20:00:00,Clear,Car,high
84,22.673246,88.281776,Park Street,Severe,2023-10-10,08:00,2023-10-10 08:00:00,Fog,Bus,medium
85,22.502293,88.412058,AJC Bose Road,Minor,2024-11-15,05:00,2024-11-15 05:00:00,Fog,Bus,high
86,22.526028,88.413271,EM Bypass,Severe,2024-06-11,05:00,2024-06-11 05:00:00,Rain,Truck,high
87,22.55675,88.348977,Park Street,Minor,2024-10-25,09:00,2024-10-25 09:00:00,Rain,Bus,medium
88,22.645126,88.334107,Park Street,Severe,2024-04-30,18:00,2024-04-30 18:00:00,Rain,Auto,medium
89,22.544036,88.446209,EM Bypass,Minor,2022-10-10,11:00,2022-10-10 11:00:00,Clear,Bike,high
90,22.443348,88.430429,AJC Bose Road,Minor,2023-08-23,01:00,2023-08-23 01:00:00,Rain,Bus,high
91,22.480537,88.203699,AJC Bose Road,Minor,2022-01-24,04:00,2022-01-24 04:00:00,Fog,Car,high
92,22.649567,88.350327,Park Street,Fatal,2024-04-01,21:00,2024-04-01 21:00:00,Fog,Truck,medium
93,22.448523,88.445166,EM Bypass,Minor,2024-10-22,22:00,2024-10-22 22:00:00,Fog,Auto,high
94,22.526324,88.264251,AJC Bose Road,Fatal,2024-04-01,06:00,2024-04-01 06:00:00,Clear,Auto,high
95,22.554379,88.281077,Park Street,Minor,2022-02-09,04:00,2022-02-09 04:00:00,Fog,Bus,medium
96,22.450699,88.26753,AJC Bose Road,Minor,2024-02-10,06:00,2024-02-10 06:00:00,Rain,Auto,high
97,22.570737,88.295563,Park Street,Severe,2023-04-01,01:00,2023-04-01 01:00:00,Rain,Bike,medium
98,22.672339,88.441643,EM Bypass,Severe,2023-09-08,09:00,2023-09-08 09:00:00,Rain,Car,high
99,22.450804,88.309159,AJC Bose Road,Minor,2024-10-25,18:00,2024-10-25 18:00:00,Fog,Bus,high
100,22.448573,88.284688,AJC Bose Road,Minor,2022-02-24,08:00,2022-02-24 08:00:00,Clear,Bike,high
101,22.48767,88.28897,AJC Bose Road,Fatal,2025-03-22,05:00,2025-03-22 05:00:00,Rain,Bike,high
102,22.677765,88.327468,Park Street,Minor,2024-06-01,13:00,2024-06-01 13:00:00,Fog,Truck,medium
103,22.579987,88.329092,Park Street,Severe,2023-07-30,09:00,2023-07-30 09:00:00,Fog,Bus,medium
104,22.537908,88.381626,AJC Bose Road,Fatal,2023-02-05,10:00,2023-02-05 10:00:00,Clear,Car,high
105,22.596021,88.204184,Park Street,Severe,2023-07-15,13:00,2023-07-15 13:00:00,Rain,Truck,medium
106,22.517805,88.333745,AJC Bose Road,Fatal,2024-09-09,11:00,2024-09-09 11:00:00,Clear,Truck,high
107,22.434736,88.251284,AJC Bose Road,Fatal,2024-03-17,22:00,2024-03-17 22:00:00,Fog,Truck,high
108,22.456237,88.317724,AJC Bose Road,Fatal,2025-03-29,13:00,2025-03-29 13:00:00,Clear,Auto,high
109,22.492124,88.392193,AJC Bose Road,Severe,2023-03-21,13:00,2023-03-21 13:00:00,Clear,Auto,high
110,22.517476,88.492034,EM Bypass,Severe,2022-08-13,01:00,2022-08-13 01:00:00,Rain,Car,high
111,22.57513,88.319921,Park Street,Minor,2022-07-13,13:00,2022-07-13 13:00:00,Rain,Truck,medium
112,22.443025,88.300243,AJC Bose Road,Minor,2023-11-14,13:00,2023-11-14 13:00:00,Fog,Car,high
113,22.643797,88.480203,EM Bypass,Minor,2023-11-25,19:00,2023-11-25 19:00:00,Fog,Bike,high
114,22.522125,88.234059,AJC Bose Road,Fatal,2022-01-23,10:00,2022-01-23 10:00:00,Fog,Auto,high
115,22.535502,88.412769,EM Bypass,Minor,2024-02-13,13:00,2024-02-13 13:00:00,Fog,Bus,high
116,22.415701,88.457396,AJC Bose Road,Minor,2025-02-13,10:00,2025-02-13 10:00:00,Rain,Car,high
117,22.417997,88.348912,AJC Bose Road,Minor,2024-05-23,00:00,2024-05-23 00:00:00,Rain,Car,high
118,22.599208,88.445836,EM Bypass,Fatal,2025-03-25,16:00,2025-03-25 16:00:00,Rain,Truck,high
119,22.478206,88.305246,AJC Bose Road,Severe,2023-03-29,01:00,2023-03-29 01:00:00,Fog,Bike,high
120,22.403587,88.275378,AJC Bose Road,Minor,2022-07-24,07:00,2022-07-24 07:00:00,Fog,Truck,high
121,22.551192,88.47391,EM Bypass,Minor,2024-03-23,02:00,2024-03-23 02:00:00,Rain,Bike,high
122,22.456319,88.268281,AJC Bose Road,Minor,2024-10-21,18:00,2024-10-21 18:00:00,Rain,Bike,high
123,22.696824,88.238834,Park Street,Minor,2024-06-16,00:00,2024-06-16 00:00:00,Rain,Car,medium
124,22.477827,88.413359,AJC Bose Road,Fatal,2022-05-09,15:00,2022-05-09 15:00:00,Clear,Bus,high
125,22.660921,88.350744,EM Bypass,Severe,2023-02-15,07:00,2023-02-15 07:00:00,Clear,Truck,high
126,22.673127,88.289099,Park Street,Fatal,2023-03-06,06:00,2023-03-06 06:00:00,Rain,Bike,medium
127,22.538777,88.494385,EM Bypass,Minor,2022-11-03,02:00,2022-11-03 02:00:00,Rain,Car,high
128,22.66205,88.343272,Park Street,Severe,2023-03-14,06:00,2023-03-14 06:00:00,Fog,Bus,medium
129,22.580433,88.497598,EM Bypass,Severe,2023-11-07,04:00,2023-11-07 04:00:00,Clear,Auto,high
130,22.497921,88.266707,AJC Bose Road,Severe,2022-07-06,20:00,2022-07-06 20:00:00,Rain,Bike,high
131,22.60261,88.250945,Park Street,Minor,2023-05-04,09:00,2023-05-04 09:00:00,Rain,Bike,medium
132,22.449789,88.338048,AJC Bose Road,Minor,2022-05-16,23:00,2022-05-16 23:00:00,Rain,Truck,high
133,22.522831,88.326072,AJC Bose Road,Minor,2022-11-07,16:00,2022-11-07 16:00:00,Clear,Car,high
134,22.595802,88.28374,Park Street,Fatal,2024-01-27,04:00,2024-01-27 04:00:00,Rain,Car,medium
135,22.482398,88.205861,AJC Bose Road,Minor,2022-06-01,08:00,2022-06-01 08:00:00,Clear,Bus,high
136,22.666097,88.37372,EM Bypass,Minor,2024-12-27,09:00,2024-12-27 09:00:00,Rain,Truck,high
137,22.661033,88.420417,EM Bypass,Severe,2022-10-11,14:00,2022-10-11 14:00:00,Rain,Truck,high
138,22.493189,88.421944,EM Bypass,Severe,2024-10-08,04:00,2024-10-08 04:00:00,Rain,Bike,high
139,22.601344,88.219433,Park Street,Fatal,2022-08-20,09:00,2022-08-20 09:00:00,Clear,Truck,medium
140,22.52625,88.30521,AJC Bose Road,Severe,2025-03-22,00:00,2025-03-22 00:00:00,Rain,Bike,high
141,22.45261,88.267669,AJC Bose Road,Minor,2024-08-07,04:00,2024-08-07 04:00:00,Fog,Auto,high
142,22.527538,88.308559,AJC Bose Road,Fatal,2024-11-19,03:00,2024-11-19 03:00:00,Fog,Bus,high
143,22.613682,88.266273,Park Street,Minor,2023-04-10,09:00,2023-04-10 09:00:00,Rain,Auto,medium
144,22.67407,88.42405,EM Bypass,Severe,2022-06-09,13:00,2022-06-09 13:00:00,Clear,Bike,high
145,22.679059,88.215079,Park Street,Minor,2023-06-29,12:00,2023-06-29 12:00:00,Rain,Truck,medium
146,22.54351,88.321421,Park Street,Severe,2024-08-07,18:00,2024-08-07 18:00:00,Clear,Auto,medium
147,22.539784,88.368192,AJC Bose Road,Fatal,2024-12-14,22:00,2024-12-14 22:00:00,Clear,Car,high
148,22.560295,88.327778,Park Street,Minor,2024-01-15,21:00,2024-01-15 21:00:00,Clear,Bus,medium
149,22.551766,88.203644,Park Street,Minor,2024-09-22,04:00,2024-09-22 04:00:00,Rain,Truck,medium
150,22.639491,88.26389,Park Street,Minor,2025-03-01,05:00,2025-03-01 05:00:00,Clear,Truck,medium
151,22.615026,88.482765,EM Bypass,Severe,2024-02-02,11:00,2024-02-02 11:00:00,Clear,Car,high
152,22.575439,88.458462,EM Bypass,Minor,2025-01-08,04:00,2025-01-08 04:00:00,Rain,Bike,high
153,22.571917,88.442391,EM Bypass,Minor,2022-10-01,17:00,2022-10-01 17:00:00,Fog,Bike,high
154,22.696294,88.394839,EM Bypass,Minor,2025-01-04,16:00,2025-01-04 16:00:00,Fog,Car,high
155,22.527289,88.379706,AJC Bose Road,Minor,2023-05-03,01:00,2023-05-03 01:00:00,Rain,Bike,high
156,22.627199,88.314359,Park Street,Minor,2022-04-26,12:00,2022-04-26 12:00:00,Rain,Auto,medium
157,22.561671,88.470379,EM Bypass,Fatal,2022-01-14,05:00,2022-01-14 05:00:00,Rain,Bus,high
158,22.522013,88.438556,EM Bypass,Minor,2024-03-27,17:00,2024-03-27 17:00:00,Fog,Car,high
159,22.403109,88.246932,AJC Bose Road,Severe,2024-07-06,17:00,2024-07-06 17:00:00,Rain,Truck,high
160,22.458144,88.466891,EM Bypass,Minor,2024-10-25,20:00,2024-10-25 20:00:00,Clear,Auto,high
161,22.590413,88.380756,EM Bypass,Minor,2022-07-12,08:00,2022-07-12 08:00:00,Clear,Auto,high
162,22.605232,88.412567,EM Bypass,Minor,2025-04-06,17:00,2025-04-06 17:00:00,Clear,Car,high
163,22.499013,88.449969,EM Bypass,Minor,2025-03-27,10:00,2025-03-27 10:00:00,Fog,Bus,high
164,22.421473,88.433073,AJC Bose Road,Severe,2025-02-21,15:00,2025-02-21 15:00:00,Fog,Bike,high
165,22.433359,88.267122,AJC Bose Road,Minor,2023-04-09,04:00,2023-04-09 04:00:00,Fog,Bus,high
166,22.690232,88.396846,EM Bypass,Fatal,2022-01-16,12:00,2022-01-16 12:00:00,Fog,Car,high
167,22.561182,88.302673,Park Street,Minor,2024-07-28,11:00,2024-07-28 11:00:00,Rain,Bus,medium
168,22.63206,88.464961,EM Bypass,Minor,2024-12-16,13:00,2024-12-16 13:00:00,Rain,Truck,high
169,22.416717,88.494636,EM Bypass,Severe,2022-11-14,02:00,2022-11-14 02:00:00,Rain,Bus,high
170,22.446807,88.431883,AJC Bose Road,Minor,2025-01-30,23:00,2025-01-30 23:00:00,Rain,Bike,high
171,22.675377,88.430392,EM Bypass,Minor,2023-04-20,14:00,2023-04-20 14:00:00,Rain,Car,high
172,22.54213,88.432038,EM Bypass,Minor,2023-12-05,14:00,2023-12-05 14:00:00,Rain,Car,high
173,22.402669,88.281551,AJC Bose Road,Severe,2022-01-21,04:00,2022-01-21 04:00:00,Clear,Auto,high
174,22.570326,88.366731,Park Street,Severe,2024-09-14,07:00,2024-09-14 07:00:00,Clear,Truck,medium
175,22.671288,88.396398,EM Bypass,Severe,2024-08-03,00:00,2024-08-03 00:00:00,Fog,Auto,high
176,22.610872,88.444812,EM Bypass,Minor,2024-12-13,01:00,2024-12-13 01:00:00,Rain,Bike,high
177,22.60333,88.455451,EM Bypass,Severe,2022-10-04,04:00,2022-10-04 04:00:00,Rain,Car,high
178,22.659619,88.421787,EM Bypass,Severe,2022-03-31,07:00,2022-03-31 07:00:00,Clear,Truck,high
179,22.563104,88.422016,EM Bypass,Fatal,2022-10-18,03:00,2022-10-18 03:00:00,Rain,Auto,high
180,22.569034,88.407369,EM Bypass,Minor,2024-11-03,14:00,2024-11-03 14:00:00,Rain,Bike,high
181,22.652268,88.292844,Park Street,Minor,2022-12-16,23:00,2022-12-16 23:00:00,Fog,Truck,medium
182,22.658066,88.408248,EM Bypass,Severe,2024-07-27,13:00,2024-07-27 13:00:00,Clear,Car,high
183,22.485791,88.348865,AJC Bose Road,Minor,2023-11-09,12:00,2023-11-09 12:00:00,Rain,Bus,high
184,22.58555,88.214145,Park Street,Minor,2024-08-02,05:00,2024-08-02 05:00:00,Rain,Car,medium
185,22.42799,88.250585,AJC Bose Road,Minor,2022-07-07,09:00,2022-07-07 09:00:00,Clear,Auto,high
186,22.626079,88.220998,Park Street,Minor,2023-05-14,06:00,2023-05-14 06:00:00,Rain,Car,medium
187,22.667202,88.249563,Park Street,Minor,2024-06-26,02:00,2024-06-26 02:00:00,Clear,Truck,medium
188,22.697841,88.240504,Park Street,Minor,2022-05-28,00:00,2022-05-28 00:00:00,Clear,Truck,medium
189,22.472818,88.334512,AJC Bose Road,Fatal,2022-10-31,00:00,2022-10-31 00:00:00,Fog,Bus,high
190,22.597737,88.42107,EM Bypass,Minor,2022-10-09,06:00,2022-10-09 06:00:00,Clear,Bus,high
191,22.698282,88.348881,EM Bypass,Severe,2023-04-09,17:00,2023-04-09 17:00:00,Clear,Bike,high
192,22.578041,88.20674,Park Street,Minor,2024-12-31,09:00,2024-12-31 09:00:00,Clear,Bus,medium
193,22.570764,88.448747,EM Bypass,Severe,2022-07-08,18:00,2022-07-08 18:00:00,Rain,Bus,high
194,22.467402,88.288174,AJC Bose Road,Severe,2023-02-06,05:00,2023-02-06 05:00:00,Clear,Bike,high
195,22.435421,88.380461,AJC Bose Road,Minor,2023-12-15,11:00,2023-12-15 11:00:00,Clear,Auto,high
196,22.531338,88.445712,EM Bypass,Minor,2025-01-09,01:00,2025-01-09 01:00:00,Fog,Car,high
197,22.572015,88.298263,Park Street,Minor,2022-08-23,01:00,2022-08-23 01:00:00,Clear,Bike,medium
198,22.666334,88.324867,Park Street,Minor,2024-09-24,20:00,2024-09-24 20:00:00,Clear,Car,medium
199,22.470303,88.393464,AJC Bose Road,Minor,2022-07-19,20:00,2022-07-19 20:00:00,Fog,Bus,high
200,22.522611,88.241685,AJC Bose Road,Minor,2024-03-04,14:00,2024-03-04 14:00:00,Fog,Bus,high
201,22.515771,88.226447,AJC Bose Road,Minor,2022-05-18,05:00,2022-05-18 05:00:00,Fog,Car,high
202,22.607904,88.23463,Park Street,Minor,2022-09-16,21:00,2022-09-16 21:00:00,Clear,Car,medium
203,22.515789,88.301806,AJC Bose Road,Severe,2022-02-08,04:00,2022-02-08 04:00:00,Rain,Auto,high
204,22.641091,88.303329,Park Street,Minor,2023-10-07,12:00,2023-10-07 12:00:00,Clear,Car,medium
205,22.456272,88.291674,AJC Bose Road,Minor,2024-03-22,18:00,2024-03-22 18:00:00,Rain,Car,high
206,22.530795,88.464028,EM Bypass,Minor,2024-09-25,20:00,2024-09-25 20:00:00,Rain,Car,high
207,22.516768,88.285012,AJC Bose Road,Minor,2022-02-07,14:00,2022-02-07 14:00:00,Clear,Bus,high
208,22.633806,88.488096,EM Bypass,Severe,2024-09-19,22:00,2024-09-19 22:00:00,Clear,Bus,high
209,22.420891,88.434028,AJC Bose Road,Minor,2022-04-30,20:00,2022-04-30 20:00:00,Clear,Bus,high
210,22.664854,88.260996,Park Street,Fatal,2024-01-11,12:00,2024-01-11 12:00:00,Clear,Truck,medium
211,22.457708,88.204325,AJC Bose Road,Fatal,2023-05-15,00:00,2023-05-15 00:00:00,Rain,Auto,high
212,22.582181,88.374677,EM Bypass,Minor,2024-01-01,05:00,2024-01-01 05:00:00,Clear,Bus,high
213,22.413804,88.204001,AJC Bose Road,Severe,2023-04-06,11:00,2023-04-06 11:00:00,Clear,Car,high
214,22.534993,88.313544,AJC Bose Road,Fatal,2022-04-10,19:00,2022-04-10 19:00:00,Clear,Auto,high
215,22.587672,88.370645,Park Street,Severe,2022-06-24,15:00,2022-06-24 15:00:00,Clear,Car,medium
216,22.537315,88.436364,EM Bypass,Minor,2023-11-13,01:00,2023-11-13 01:00:00,Fog,Car,high
217,22.67901,88.411153,EM Bypass,Minor,2022-05-21,19:00,2022-05-21 19:00:00,Rain,Auto,high
218,22.532279,88.495263,EM Bypass,Minor,2025-03-18,22:00,2025-03-18 22:00:00,Clear,Auto,high
219,22.66085,88.264582,Park Street,Severe,2023-01-23,06:00,2023-01-23 06:00:00,Rain,Truck,medium
220,22.556365,88.490168,EM Bypass,Severe,2023-12-29,06:00,2023-12-29 06:00:00,Rain,Auto,high
221,22.581594,88.386157,EM Bypass,Severe,2025-01-30,17:00,2025-01-30 17:00:00,Fog,Car,high
222,22.576134,88.29245,Park Street,Minor,2023-09-14,16:00,2023-09-14 16:00:00,Rain,Bike,medium
223,22.448957,88.226478,AJC Bose Road,Severe,2022-04-20,18:00,2022-04-20 18:00:00,Rain,Bus,high
224,22.565,88.444385,EM Bypass,Minor,2025-02-21,16:00,2025-02-21 16:00:00,Fog,Bus,high
225,22.534388,88.449037,EM Bypass,Severe,2023-06-26,15:00,2023-06-26 15:00:00,Fog,Bus,high
226,22.509471,88.366408,AJC Bose Road,Minor,2024-02-06,02:00,2024-02-06 02:00:00,Clear,Bus,high
227,22.409028,88.428215,AJC Bose Road,Minor,2022-04-28,10:00,2022-04-28 10:00:00,Fog,Bus,high
228,22.477527,88.342295,AJC Bose Road,Minor,2024-06-24,14:00,2024-06-24 14:00:00,Clear,Truck,high
229,22.524511,88.322611,AJC Bose Road,Severe,2023-11-11,21:00,2023-11-11 21:00:00,Fog,Bike,high
230,22.621297,88.313108,Park Street,Severe,2024-03-08,23:00,2024-03-08 23:00:00,Clear,Truck,medium
231,22.684151,88.376374,EM Bypass,Minor,2022-07-24,15:00,2022-07-24 15:00:00,Rain,Auto,high
232,22.635705,88.447946,EM Bypass,Severe,2023-12-05,22:00,2023-12-05 22:00:00,Clear,Car,high
233,22.644888,88.414783,EM Bypass,Minor,2024-11-11,08:00,2024-11-11 08:00:00,Clear,Truck,high
234,22.635438,88.49229,EM Bypass,Fatal,2024-10-17,00:00,2024-10-17 00:00:00,Rain,Car,high
235,22.566868,88.469206,EM Bypass,Fatal,2022-11-16,11:00,2022-11-16 11:00:00,Fog,Bike,high
236,22.593698,88.417231,EM Bypass,Minor,2022-05-26,14:00,2022-05-26 14:00:00,Rain,Truck,high
237,22.539371,88.370616,AJC Bose Road,Minor,2022-03-20,17:00,2022-03-20 17:00:00,Clear,Bike,high
238,22.494663,88.203471,AJC Bose Road,Fatal,2022-06-26,23:00,2022-06-26 23:00:00,Rain,Truck,high
239,22.53316,88.350396,AJC Bose Road,Fatal,2025-04-10,11:00,2025-04-10 11:00:00,Clear,Car,high
240,22.549128,88.402182,EM Bypass,Minor,2023-11-17,22:00,2023-11-17 22:00:00,Clear,Truck,high
241,22.652647,88.414545,EM Bypass,Minor,2023-04-19,22:00,2023-04-19 22:00:00,Clear,Bus,high
242,22.534599,88.245686,AJC Bose Road,Minor,2024-04-25,16:00,2024-04-25 16:00:00,Rain,Bus,high
243,22.424435,88.407873,AJC Bose Road,Minor,2025-01-09,02:00,2025-01-09 02:00:00,Fog,Bike,high
244,22.686903,88.405853,EM Bypass,Fatal,2023-01-07,16:00,2023-01-07 16:00:00,Rain,Car,high
245,22.581277,88.473278,EM Bypass,Minor,2024-05-03,12:00,2024-05-03 12:00:00,Rain,Truck,high
246,22.683022,88.312948,Park Street,Severe,2023-04-11,13:00,2023-04-11 13:00:00,Clear,Auto,medium
247,22.496633,88.270313,AJC Bose Road,Minor,2023-10-02,05:00,2023-10-02 05:00:00,Rain,Bike,high
248,22.595077,88.463473,EM Bypass,Minor,2023-03-16,08:00,2023-03-16 08:00:00,Fog,Truck,high
249,22.66804,88.34708,EM Bypass,Minor,2023-09-06,20:00,2023-09-06 20:00:00,Clear,Bike,high
250,22.628492,88.499209,EM Bypass,Severe,2024-08-23,00:00,2024-08-23 00:00:00,Rain,Auto,high
251,22.698947,88.369927,EM Bypass,Minor,2024-06-16,00:00,2024-06-16 00:00:00,Rain,Car,high
252,22.465804,88.217169,AJC Bose Road,Severe,2024-05-04,14:00,2024-05-04 14:00:00,Rain,Car,high
253,22.412229,88.473557,EM Bypass,Minor,2023-10-30,17:00,2023-10-30 17:00:00,Rain,Bike,high
254,22.530717,88.249209,AJC Bose Road,Fatal,2024-11-03,05:00,2024-11-03 05:00:00,Fog,Truck,high
255,22.412658,88.449375,AJC Bose Road,Minor,2023-12-29,14:00,2023-12-29 14:00:00,Rain,Truck,high
256,22.430627,88.368433,AJC Bose Road,Severe,2023-08-30,01:00,2023-08-30 01:00:00,Clear,Bus,high
257,22.57971,88.439761,EM Bypass,Minor,2023-11-03,21:00,2023-11-03 21:00:00,Fog,Truck,high
258,22.48771,88.494916,EM Bypass,Fatal,2025-01-19,17:00,2025-01-19 17:00:00,Fog,Auto,high
259,22.695296,88.288749,Park Street,Fatal,2023-02-09,16:00,2023-02-09 16:00:00,Clear,Bike,medium
260,22.672426,88.302734,Park Street,Severe,2024-02-25,07:00,2024-02-25 07:00:00,Rain,Car,medium
261,22.434377,88.359683,AJC Bose Road,Minor,2024-07-09,05:00,2024-07-09 05:00:00,Clear,Bike,high
262,22.508311,88.491948,EM Bypass,Fatal,2022-01-26,10:00,2022-01-26 10:00:00,Fog,Bus,high
263,22.512554,88.466723,EM Bypass,Severe,2022-06-08,22:00,2022-06-08 22:00:00,Rain,Truck,high
264,22.560919,88.477527,EM Bypass,Fatal,2024-08-16,20:00,2024-08-16 20:00:00,Clear,Bike,high
265,22.627298,88.36416,EM Bypass,Minor,2023-11-26,05:00,2023-11-26 05:00:00,Clear,Bike,high
266,22.529607,88.333145,AJC Bose Road,Minor,2022-06-27,16:00,2022-06-27 16:00:00,Clear,Auto,high
267,22.436674,88.384423,AJC Bose Road,Severe,2024-01-06,13:00,2024-01-06 13:00:00,Fog,Bus,high
268,22.425006,88.216654,AJC Bose Road,Minor,2022-07-16,03:00,2022-07-16 03:00:00,Fog,Truck,high
269,22.670423,88.35944,EM Bypass,Minor,2022-02-28,08:00,2022-02-28 08:00:00,Fog,Bike,high
270,22.609016,88.439939,EM Bypass,Fatal,2024-07-29,12:00,2024-07-29 12:00:00,Clear,Bus,high
271,22.555007,88.428417,EM Bypass,Severe,2024-08-28,09:00,2024-08-28 09:00:00,Fog,Auto,high
272,22.427674,88.46491,EM Bypass,Minor,2024-04-20,18:00,2024-04-20 18:00:00,Clear,Car,high
273,22.527509,88.241149,AJC Bose Road,Minor,2024-03-25,22:00,2024-03-25 22:00:00,Fog,Auto,high
274,22.523337,88.273255,AJC Bose Road,Severe,2022-06-26,08:00,2022-06-26 08:00:00,Clear,Truck,high
275,22.633579,88.466428,EM Bypass,Minor,2022-08-09,02:00,2022-08-09 02:00:00,Rain,Bike,high
276,22.425997,88.406821,AJC Bose Road,Fatal,2024-01-09,14:00,2024-01-09 14:00:00,Clear,Bike,high
277,22.690373,88.261713,Park Street,Fatal,2022-06-17,02:00,2022-06-17 02:00:00,Clear,Auto,medium
278,22.537158,88.388171,AJC Bose Road,Minor,2024-10-24,09:00,2024-10-24 09:00:00,Fog,Auto,high
279,22.424544,88.385466,AJC Bose Road,Minor,2022-04-12,02:00,2022-04-12 02:00:00,Fog,Bike,high
280,22.485382,88.292766,AJC Bose Road,Minor,2022-07-30,08:00,2022-07-30 08:00:00,Clear,Bike,high
281,22.52751,88.473342,EM Bypass,Severe,2024-12-27,19:00,2024-12-27 19:00:00,Clear,Truck,high
282,22.519959,88.370743,AJC Bose Road,Severe,2023-05-24,11:00,2023-05-24 11:00:00,Fog,Truck,high
283,22.587213,88.27572,Park Street,Minor,2022-05-22,14:00,2022-05-22 14:00:00,Fog,Car,medium
284,22.591772,88.310207,Park Street,Minor,2022-01-02,08:00,2022-01-02 08:00:00,Clear,Bike,medium
285,22.410484,88.351657,AJC Bose Road,Minor,2022-07-15,22:00,2022-07-15 22:00:00,Fog,Auto,high
286,22.418639,88.356631,AJC Bose Road,Minor,2022-11-09,19:00,2022-11-09 19:00:00,Clear,Truck,high
287,22.605072,88.357942,Park Street,Minor,2022-12-06,20:00,2022-12-06 20:00:00,Clear,Car,medium
288,22.698343,88.349135,EM Bypass,Severe,2025-01-22,06:00,2025-01-22 06:00:00,Rain,Auto,high
289,22.404595,88.438663,AJC Bose Road,Severe,2024-08-16,22:00,2024-08-16 22:00:00,Fog,Truck,high
290,22.589456,88.411924,EM Bypass,Severe,2023-08-05,11:00,2023-08-05 11:00:00,Clear,Bike,high
291,22.550594,88.448012,EM Bypass,Fatal,2023-07-05,02:00,2023-07-05 02:00:00,Rain,Car,high
292,22.41348,88.438892,AJC Bose Road,Minor,2023-10-18,11:00,2023-10-18 11:00:00,Fog,Auto,high
293,22.616078,88.203883,Park Street,Severe,2024-03-26,11:00,2024-03-26 11:00:00,Rain,Truck,medium
294,22.592561,88.423715,EM Bypass,Fatal,2022-08-15,13:00,2022-08-15 13:00:00,Rain,Bus,high
295,22.671103,88.411636,EM Bypass,Severe,2022-01-31,07:00,2022-01-31 07:00:00,Fog,Truck,high
296,22.408983,88.407808,AJC Bose Road,Fatal,2024-08-14,03:00,2024-08-14 03:00:00,Clear,Auto,high
297,22.668617,88.45341,EM Bypass,Minor,2023-08-25,15:00,2023-08-25 15:00:00,Fog,Auto,high
298,22.410018,88.259945,AJC Bose Road,Severe,2022-05-16,17:00,2022-05-16 17:00:00,Fog,Bike,high
299,22.6068,88.297306,Park Street,Minor,2023-06-05,13:00,2023-06-05 13:00:00,Clear,Auto,medium
300,22.440377,88.432857,AJC Bose Road,Minor,2024-03-24,20:00,2024-03-24 20:00:00,Fog,Truck,high
301,22.487804,88.315584,AJC Bose Road,Minor,2023-12-29,01:00,2023-12-29 01:00:00,Rain,Bus,high
302,22.691949,88.318388,Park Street,Severe,2023-08-07,11:00,2023-08-07 11:00:00,Fog,Auto,medium
303,22.671224,88.228222,Park Street,Severe,2022-08-25,17:00,2022-08-25 17:00:00,Clear,Bike,medium
304,22.498935,88.355763,AJC Bose Road,Minor,2022-03-17,22:00,2022-03-17 22:00:00,Fog,Bus,high
305,22.62022,88.214783,Park Street,Fatal,2022-07-18,11:00,2022-07-18 11:00:00,Rain,Truck,medium
306,22.625905,88.20373,Park Street,Severe,2024-05-09,07:00,2024-05-09 07:00:00,Clear,Bike,medium
307,22.592656,88.382036,EM Bypass,Minor,2024-05-20,10:00,2024-05-20 10:00:00,Fog,Bike,high
308,22.584745,88.4796,EM Bypass,Minor,2024-02-17,06:00,2024-02-17 06:00:00,Rain,Car,high
309,22.678329,88.423768,EM Bypass,Minor,2022-05-01,06:00,2022-05-01 06:00:00,Clear,Bike,high
310,22.50441,88.357629,AJC Bose Road,Minor,2024-08-24,19:00,2024-08-24 19:00:00,Clear,Car,high
311,22.433895,88.328582,AJC Bose Road,Severe,2024-01-03,23:00,2024-01-03 23:00:00,Rain,Car,high
312,22.417961,88.346729,AJC Bose Road,Minor,2023-07-26,16:00,2023-07-26 16:00:00,Fog,Car,high
313,22.670542,88.203291,Park Street,Severe,2024-03-23,04:00,2024-03-23 04:00:00,Rain,Auto,medium
314,22.414432,88.440416,AJC Bose Road,Severe,2022-02-03,19:00,2022-02-03 19:00:00,Clear,Bus,high
315,22.416125,88.287268,AJC Bose Road,Fatal,2025-02-20,17:00,2025-02-20 17:00:00,Clear,Bus,high
316,22.553603,88.202622,Park Street,Minor,2022-01-26,10:00,2022-01-26 10:00:00,Fog,Bike,medium
317,22.472392,88.481919,EM Bypass,Minor,2024-07-22,17:00,2024-07-22 17:00:00,Fog,Car,high
318,22.670559,88.271431,Park Street,Minor,2023-08-21,08:00,2023-08-21 08:00:00,Fog,Truck,medium
319,22.548995,88.368713,Park Street,Fatal,2024-07-30,21:00,2024-07-30 21:00:00,Rain,Truck,medium
320,22.599456,88.431784,EM Bypass,Fatal,2023-09-16,16:00,2023-09-16 16:00:00,Clear,Truck,high
321,22.541484,88.38391,AJC Bose Road,Minor,2022-10-26,03:00,2022-10-26 03:00:00,Fog,Bike,high
322,22.682095,88.498795,EM Bypass,Severe,2023-02-27,15:00,2023-02-27 15:00:00,Fog,Car,high
323,22.496702,88.324162,AJC Bose Road,Minor,2022-08-03,14:00,2022-08-03 14:00:00,Rain,Auto,high
324,22.487759,88.228821,AJC Bose Road,Severe,2025-03-23,12:00,2025-03-23 12:00:00,Rain,Bike,high
325,22.407079,88.484688,EM Bypass,Minor,2024-04-25,01:00,2024-04-25 01:00:00,Fog,Bike,high
326,22.593687,88.401272,EM Bypass,Severe,2024-06-26,18:00,2024-06-26 18:00:00,Rain,Bike,high
327,22.678126,88.400684,EM Bypass,Minor,2023-06-08,06:00,2023-06-08 06:00:00,Clear,Bike,high
328,22.518449,88.343558,AJC Bose Road,Minor,2022-05-31,08:00,2022-05-31 08:00:00,Rain,Auto,high
329,22.405385,88.431247,AJC Bose Road,Minor,2023-11-29,17:00,2023-11-29 17:00:00,Fog,Truck,high
330,22.585445,88.43311,EM Bypass,Severe,2022-07-25,21:00,2022-07-25 21:00:00,Fog,Car,high
331,22.427389,88.268366,AJC Bose Road,Minor,2025-01-18,09:00,2025-01-18 09:00:00,Clear,Bike,high
332,22.592799,88.367815,Park Street,Minor,2025-01-26,11:00,2025-01-26 11:00:00,Fog,Bus,medium
333,22.426477,88.419657,AJC Bose Road,Minor,2022-12-29,02:00,2022-12-29 02:00:00,Fog,Truck,high
334,22.474813,88.479988,EM Bypass,Minor,2023-06-28,00:00,2023-06-28 00:00:00,Fog,Bus,high
335,22.435021,88.20216,AJC Bose Road,Fatal,2023-01-12,06:00,2023-01-12 06:00:00,Fog,Car,high
336,22.536579,88.351453,AJC Bose Road,Minor,2024-12-16,10:00,2024-12-16 10:00:00,Clear,Bus,high
337,22.584796,88.428318,EM Bypass,Fatal,2023-11-26,03:00,2023-11-26 03:00:00,Clear,Bike,high
338,22.660976,88.289106,Park Street,Fatal,2024-05-23,07:00,2024-05-23 07:00:00,Rain,Car,medium
339,22.699724,88.345146,EM Bypass,Minor,2023-04-01,13:00,2023-04-01 13:00:00,Fog,Truck,high
340,22.536516,88.439018,EM Bypass,Minor,2023-09-30,17:00,2023-09-30 17:00:00,Clear,Truck,high
341,22.401788,88.240844,AJC Bose Road,Minor,2022-02-25,12:00,2022-02-25 12:00:00,Rain,Truck,high
342,22.567329,88.363352,Park Street,Fatal,2022-07-04,08:00,2022-07-04 08:00:00,Clear,Bus,medium
343,22.407155,88.280411,AJC Bose Road,Severe,2024-05-26,09:00,2024-05-26 09:00:00,Rain,Auto,high
344,22.483328,88.358302,AJC Bose Road,Minor,2025-03-22,09:00,2025-03-22 09:00:00,Rain,Bus,high
345,22.470689,88.461808,EM Bypass,Minor,2024-05-15,03:00,2024-05-15 03:00:00,Fog,Truck,high
346,22.645012,88.270395,Park Street,Fatal,2025-02-19,01:00,2025-02-19 01:00:00,Rain,Auto,medium
347,22.447915,88.449978,EM Bypass,Fatal,2022-05-14,14:00,2022-05-14 14:00:00,Clear,Truck,high
348,22.49379,88.390427,AJC Bose Road,Minor,2023-10-15,19:00,2023-10-15 19:00:00,Fog,Bike,high
349,22.687467,88.382552,EM Bypass,Minor,2023-10-22,07:00,2023-10-22 07:00:00,Clear,Bike,high
350,22.51352,88.3618,AJC Bose Road,Fatal,2024-03-25,21:00,2024-03-25 21:00:00,Clear,Bike,high
351,22.586812,88.356415,Park Street,Minor,2024-10-28,17:00,2024-10-28 17:00:00,Clear,Auto,medium
352,22.56654,88.344719,Park Street,Severe,2022-08-06,06:00,2022-08-06 06:00:00,Clear,Truck,medium
353,22.542835,88.33919,AJC Bose Road,Severe,2023-05-28,16:00,2023-05-28 16:00:00,Rain,Car,high
354,22.610657,88.375883,EM Bypass,Minor,2024-05-16,18:00,2024-05-16 18:00:00,Clear,Bike,high
355,22.579459,88.273811,Park Street,Minor,2023-10-06,20:00,2023-10-06 20:00:00,Fog,Auto,medium
356,22.618332,88.45236,EM Bypass,Minor,2024-01-03,17:00,2024-01-03 17:00:00,Fog,Truck,high
357,22.515961,88.373223,AJC Bose Road,Fatal,2023-08-14,06:00,2023-08-14 06:00:00,Fog,Truck,high
358,22.594856,88.434512,EM Bypass,Severe,2022-02-17,23:00,2022-02-17 23:00:00,Clear,Bike,high
359,22.44339,88.499861,EM Bypass,Minor,2024-05-02,22:00,2024-05-02 22:00:00,Rain,Truck,high
360,22.604183,88.356402,Park Street,Minor,2023-05-15,20:00,2023-05-15 20:00:00,Fog,Bus,medium
361,22.531946,88.473549,EM Bypass,Fatal,2024-09-22,21:00,2024-09-22 21:00:00,Rain,Bus,high
362,22.490683,88.234489,AJC Bose Road,Minor,2022-04-17,22:00,2022-04-17 22:00:00,Rain,Auto,high
363,22.668242,88.335168,Park Street,Severe,2022-05-31,09:00,2022-05-31 09:00:00,Clear,Bus,medium
364,22.417218,88.428889,AJC Bose Road,Severe,2023-06-12,03:00,2023-06-12 03:00:00,Clear,Bus,high
365,22.495463,88.446222,EM Bypass,Severe,2023-07-08,21:00,2023-07-08 21:00:00,Fog,Car,high
366,22.690437,88.315495,Park Street,Minor,2022-12-08,03:00,2022-12-08 03:00:00,Fog,Truck,medium
367,22.696949,88.482966,EM Bypass,Severe,2023-07-23,01:00,2023-07-23 01:00:00,Fog,Car,high
368,22.504067,88.257529,AJC Bose Road,Minor,2023-08-13,17:00,2023-08-13 17:00:00,Clear,Car,high
369,22.486988,88.423855,EM Bypass,Severe,2022-03-29,17:00,2022-03-29 17:00:00,Clear,Auto,high
370,22.459145,88.233687,AJC Bose Road,Minor,2023-11-12,15:00,2023-11-12 15:00:00,Clear,Bike,high
371,22.655635,88.294859,Park Street,Severe,2024-05-09,11:00,2024-05-09 11:00:00,Fog,Car,medium
372,22.676962,88.484402,EM Bypass,Severe,2024-01-16,14:00,2024-01-16 14:00:00,Clear,Bike,high
373,22.546143,88.222943,Park Street,Minor,2024-04-02,22:00,2024-04-02 22:00:00,Clear,Truck,medium
374,22.483988,88.487634,EM Bypass,Minor,2022-01-27,20:00,2022-01-27 20:00:00,Fog,Auto,high
375,22.485832,88.324234,AJC Bose Road,Severe,2023-12-11,01:00,2023-12-11 01:00:00,Clear,Car,high
376,22.656881,88.484156,EM Bypass,Minor,2024-01-03,19:00,2024-01-03 19:00:00,Rain,Bus,high
377,22.571969,88.450406,EM Bypass,Minor,2023-06-30,15:00,2023-06-30 15:00:00,Clear,Truck,high
378,22.692417,88.452363,EM Bypass,Minor,2024-11-03,08:00,2024-11-03 08:00:00,Fog,Auto,high
379,22.56724,88.496015,EM Bypass,Fatal,2023-11-16,09:00,2023-11-16 09:00:00,Clear,Bus,high
380,22.675297,88.468208,EM Bypass,Minor,2024-11-28,23:00,2024-11-28 23:00:00,Clear,Bike,high
381,22.578662,88.266845,Park Street,Fatal,2022-09-03,10:00,2022-09-03 10:00:00,Clear,Car,medium
382,22.681054,88.474906,EM Bypass,Minor,2025-01-30,05:00,2025-01-30 05:00:00,Rain,Bike,high
383,22.651224,88.277829,Park Street,Minor,2022-06-04,12:00,2022-06-04 12:00:00,Clear,Bus,medium
384,22.411694,88.475314,EM Bypass,Minor,2024-02-14,01:00,2024-02-14 01:00:00,Clear,Car,high
385,22.61819,88.240759,Park Street,Minor,2025-01-28,15:00,2025-01-28 15:00:00,Rain,Bus,medium
386,22.403203,88.228927,AJC Bose Road,Minor,2022-04-04,05:00,2022-04-04 05:00:00,Clear,Bus,high
387,22.646192,88.403398,EM Bypass,Severe,2024-01-17,07:00,2024-01-17 07:00:00,Rain,Auto,high
388,22.573103,88.205978,Park Street,Minor,2023-07-27,00:00,2023-07-27 00:00:00,Rain,Bus,medium
389,22.559576,88.256339,Park Street,Fatal,2022-07-07,03:00,2022-07-07 03:00:00,Fog,Car,medium
390,22.5633,88.291421,Park Street,Fatal,2025-02-13,04:00,2025-02-13 04:00:00,Fog,Bike,medium
391,22.471562,88.357259,AJC Bose Road,Fatal,2022-08-11,14:00,2022-08-11 14:00:00,Rain,Truck,high
392,22.519185,88.230684,AJC Bose Road,Severe,2023-01-14,02:00,2023-01-14 02:00:00,Rain,Bike,high
393,22.608703,88.232753,Park Street,Severe,2024-09-27,17:00,2024-09-27 17:00:00,Clear,Bike,medium
394,22.584808,88.493425,EM Bypass,Minor,2022-07-30,20:00,2022-07-30 20:00:00,Rain,Auto,high
395,22.672826,88.362501,EM Bypass,Fatal,2022-09-16,02:00,2022-09-16 02:00:00,Clear,Truck,high
396,22.479474,88.473623,EM Bypass,Minor,2023-06-10,03:00,2023-06-10 03:00:00,Clear,Bike,high
397,22.612347,88.204797,Park Street,Minor,2024-06-18,06:00,2024-06-18 06:00:00,Rain,Bus,medium
398,22.418312,88.487999,EM Bypass,Fatal,2025-01-19,05:00,2025-01-19 05:00:00,Fog,Bus,high
399,22.466756,88.444865,EM Bypass,Minor,2023-05-19,06:00,2023-05-19 06:00:00,Fog,Car,high
400,22.695358,88.236861,Park Street,Minor,2025-01-27,08:00,2025-01-27 08:00:00,Fog,Truck,medium
401,22.665425,88.353948,EM Bypass,Minor,2022-09-28,13:00,2022-09-28 13:00:00,Fog,Auto,high
402,22.661025,88.395412,EM Bypass,Severe,2023-04-15,22:00,2023-04-15 22:00:00,Rain,Car,high
403,22.598478,88.264685,Park Street,Severe,2022-03-09,01:00,2022-03-09 01:00:00,Rain,Auto,medium
404,22.521575,88.40904,EM Bypass,Minor,2022-07-06,14:00,2022-07-06 14:00:00,Rain,Auto,high
405,22.592706,88.483843,EM Bypass,Minor,2023-08-06,23:00,2023-08-06 23:00:00,Fog,Bus,high
406,22.537574,88.236587,Park Street,Minor,2024-02-27,07:00,2024-02-27 07:00:00,Fog,Bike,medium
407,22.699473,88.401779,EM Bypass,Minor,2023-04-22,16:00,2023-04-22 16:00:00,Fog,Car,high
408,22.663687,88.383425,EM Bypass,Minor,2022-04-07,20:00,2022-04-07 20:00:00,Rain,Car,high
409,22.573213,88.247562,Park Street,Fatal,2023-05-16,21:00,2023-05-16 21:00:00,Clear,Auto,medium
410,22.454607,88.264428,AJC Bose Road,Minor,2024-08-20,15:00,2024-08-20 15:00:00,Clear,Bus,high
411,22.660241,88.287359,Park Street,Minor,2023-11-01,09:00,2023-11-01 09:00:00,Fog,Auto,medium
412,22.636278,88.22678,Park Street,Fatal,2022-07-31,00:00,2022-07-31 00:00:00,Clear,Bike,medium
413,22.695569,88.256138,Park Street,Minor,2024-02-25,14:00,2024-02-25 14:00:00,Clear,Auto,medium
414,22.573734,88.322205,Park Street,Severe,2022-02-06,20:00,2022-02-06 20:00:00,Clear,Truck,medium
415,22.6732,88.356071,EM Bypass,Minor,2022-01-22,06:00,2022-01-22 06:00:00,Clear,Truck,high
416,22.523352,88.269678,AJC Bose Road,Minor,2022-05-06,05:00,2022-05-06 05:00:00,Fog,Bike,high
417,22.422178,88.230081,AJC Bose Road,Fatal,2022-02-13,00:00,2022-02-13 00:00:00,Fog,Truck,high
418,22.550695,88.20961,Park Street,Severe,2023-11-09,04:00,2023-11-09 04:00:00,Rain,Car,medium
419,22.432978,88.475691,EM Bypass,Minor,2023-01-19,04:00,2023-01-19 04:00:00,Clear,Truck,high
420,22.585119,88.400528,EM Bypass,Minor,2024-02-13,18:00,2024-02-13 18:00:00,Rain,Auto,high
421,22.661846,88.304153,Park Street,Severe,2023-04-11,00:00,2023-04-11 00:00:00,Rain,Truck,medium
422,22.53332,88.458056,EM Bypass,Minor,2024-05-27,06:00,2024-05-27 06:00:00,Fog,Truck,high
423,22.523302,88.293543,AJC Bose Road,Fatal,2024-12-22,08:00,2024-12-22 08:00:00,Rain,Bus,high
424,22.613098,88.39402,EM Bypass,Minor,2024-02-25,04:00,2024-02-25 04:00:00,Fog,Car,high
425,22.471598,88.284811,AJC Bose Road,Severe,2024-09-02,18:00,2024-09-02 18:00:00,Rain,Bus,high
426,22.683818,88.485457,EM Bypass,Minor,2023-08-28,18:00,2023-08-28 18:00:00,Clear,Car,high
427,22.496326,88.308396,AJC Bose Road,Severe,2022-11-10,00:00,2022-11-10 00:00:00,Rain,Car,high
428,22.546305,88.397578,EM Bypass,Severe,2023-08-29,06:00,2023-08-29 06:00:00,Clear,Auto,high
429,22.650339,88.432502,EM Bypass,Minor,2023-03-13,05:00,2023-03-13 05:00:00,Rain,Auto,high
430,22.555633,88.361319,Park Street,Minor,2022-08-16,21:00,2022-08-16 21:00:00,Clear,Bus,medium
431,22.649279,88.472454,EM Bypass,Minor,2024-06-20,07:00,2024-06-20 07:00:00,Fog,Truck,high
432,22.614203,88.449775,EM Bypass,Minor,2022-01-20,16:00,2022-01-20 16:00:00,Clear,Car,high
433,22.601047,88.264448,Park Street,Minor,2024-10-08,06:00,2024-10-08 06:00:00,Fog,Bus,medium
434,22.54338,88.492537,EM Bypass,Minor,2023-03-31,11:00,2023-03-31 11:00:00,Rain,Bus,high
435,22.519695,88.330954,AJC Bose Road,Minor,2023-05-14,18:00,2023-05-14 18:00:00,Rain,Bike,high
436,22.484746,88.451787,EM Bypass,Fatal,2022-06-03,10:00,2022-06-03 10:00:00,Fog,Auto,high
437,22.635808,88.315933,Park Street,Minor,2024-09-05,18:00,2024-09-05 18:00:00,Clear,Auto,medium
438,22.531518,88.272986,AJC Bose Road,Minor,2025-03-03,22:00,2025-03-03 22:00:00,Fog,Auto,high
439,22.461949,88.229284,AJC Bose Road,Minor,2023-05-08,22:00,2023-05-08 22:00:00,Clear,Truck,high
440,22.433357,88.442192,AJC Bose Road,Minor,2022-08-22,18:00,2022-08-22 18:00:00,Clear,Bus,high
441,22.617457,88.273167,Park Street,Severe,2022-06-04,10:00,2022-06-04 10:00:00,Fog,Car,medium
442,22.491823,88.435844,EM Bypass,Fatal,2025-02-14,21:00,2025-02-14 21:00:00,Rain,Bike,high
443,22.407117,88.386823,AJC Bose Road,Severe,2024-03-05,08:00,2024-03-05 08:00:00,Fog,Bus,high
444,22.603131,88.35729,Park Street,Minor,2022-04-13,17:00,2022-04-13 17:00:00,Clear,Auto,medium
445,22.659017,88.33785,Park Street,Severe,2023-09-03,05:00,2023-09-03 05:00:00,Clear,Auto,medium
446,22.551641,88.346714,Park Street,Minor,2022-07-02,05:00,2022-07-02 05:00:00,Fog,Bus,medium
447,22.520416,88.32951,AJC Bose Road,Minor,2023-03-21,05:00,2023-03-21 05:00:00,Rain,Car,high
448,22.520459,88.228617,AJC Bose Road,Fatal,2023-04-25,13:00,2023-04-25 13:00:00,Clear,Bus,high
449,22.455618,88.312759,AJC Bose Road,Minor,2023-08-11,19:00,2023-08-11 19:00:00,Fog,Truck,high
450,22.414037,88.358371,AJC Bose Road,Minor,2022-08-31,22:00,2022-08-31 22:00:00,Fog,Truck,high
451,22.416895,88.442358,AJC Bose Road,Minor,2025-01-10,14:00,2025-01-10 14:00:00,Fog,Bus,high
452,22.538516,88.32747,AJC Bose Road,Fatal,2023-07-16,13:00,2023-07-16 13:00:00,Clear,Car,high
453,22.419916,88.292227,AJC Bose Road,Minor,2023-05-12,05:00,2023-05-12 05:00:00,Rain,Auto,high
454,22.670533,88.249686,Park Street,Minor,2023-11-07,17:00,2023-11-07 17:00:00,Clear,Bike,medium
455,22.501133,88.204688,AJC Bose Road,Severe,2023-05-29,03:00,2023-05-29 03:00:00,Clear,Bus,high
456,22.437033,88.254517,AJC Bose Road,Minor,2024-06-25,00:00,2024-06-25 00:00:00,Clear,Auto,high
457,22.576922,88.360403,Park Street,Minor,2023-05-20,17:00,2023-05-20 17:00:00,Clear,Car,medium
458,22.591167,88.241258,Park Street,Severe,2023-07-07,11:00,2023-07-07 11:00:00,Fog,Truck,medium
459,22.528534,88.321597,AJC Bose Road,Severe,2024-07-18,11:00,2024-07-18 11:00:00,Fog,Bus,high
460,22.673979,88.330931,Park Street,Minor,2023-06-09,14:00,2023-06-09 14:00:00,Rain,Auto,medium
461,22.540979,88.470003,EM Bypass,Minor,2022-11-16,12:00,2022-11-16 12:00:00,Fog,Truck,high
462,22.444713,88.495491,EM Bypass,Fatal,2023-06-11,11:00,2023-06-11 11:00:00,Rain,Truck,high
463,22.436621,88.288801,AJC Bose Road,Fatal,2022-07-23,05:00,2022-07-23 05:00:00,Clear,Car,high
464,22.416646,88.480688,EM Bypass,Severe,2022-02-09,10:00,2022-02-09 10:00:00,Clear,Auto,high
465,22.507144,88.205274,AJC Bose Road,Severe,2024-08-30,13:00,2024-08-30 13:00:00,Rain,Bus,high
466,22.485795,88.380873,AJC Bose Road,Severe,2022-03-29,12:00,2022-03-29 12:00:00,Fog,Bike,high
467,22.517854,88.293914,AJC Bose Road,Severe,2023-06-06,00:00,2023-06-06 00:00:00,Fog,Car,high
468,22.602779,88.221369,Park Street,Minor,2023-01-03,04:00,2023-01-03 04:00:00,Rain,Bike,medium
469,22.595194,88.392962,EM Bypass,Minor,2022-12-14,01:00,2022-12-14 01:00:00,Fog,Truck,high
470,22.685269,88.262609,Park Street,Minor,2023-04-21,13:00,2023-04-21 13:00:00,Clear,Car,medium
471,22.584819,88.358872,Park Street,Severe,2024-01-04,21:00,2024-01-04 21:00:00,Fog,Bike,medium
472,22.673317,88.247213,Park Street,Severe,2024-12-29,18:00,2024-12-29 18:00:00,Clear,Truck,medium
473,22.460381,88.248703,AJC Bose Road,Fatal,2024-09-17,14:00,2024-09-17 14:00:00,Clear,Car,high
474,22.697711,88.211567,Park Street,Severe,2022-12-10,08:00,2022-12-10 08:00:00,Clear,Bus,medium
475,22.64317,88.244975,Park Street,Minor,2022-02-27,03:00,2022-02-27 03:00:00,Clear,Car,medium
476,22.48363,88.262524,AJC Bose Road,Fatal,2022-06-03,11:00,2022-06-03 11:00:00,Rain,Bike,high
477,22.51084,88.252021,AJC Bose Road,Minor,2024-01-09,21:00,2024-01-09 21:00:00,Fog,Bike,high
478,22.576632,88.449312,EM Bypass,Minor,2024-06-10,17:00,2024-06-10 17:00:00,Clear,Car,high
479,22.568839,88.465293,EM Bypass,Fatal,2022-10-20,02:00,2022-10-20 02:00:00,Clear,Bus,high
480,22.534968,88.4907,EM Bypass,Minor,2024-02-12,19:00,2024-02-12 19:00:00,Fog,Truck,high
481,22.654953,88.328793,Park Street,Severe,2024-02-25,17:00,2024-02-25 17:00:00,Rain,Car,medium
482,22.653299,88.37648,EM Bypass,Fatal,2022-04-30,10:00,2022-04-30 10:00:00,Fog,Car,high
483,22.416009,88.468054,EM Bypass,Minor,2022-06-27,00:00,2022-06-27 00:00:00,Fog,Bus,high
484,22.45338,88.369558,AJC Bose Road,Minor,2023-08-19,15:00,2023-08-19 15:00:00,Rain,Bike,high
485,22.411848,88.267587,AJC Bose Road,Minor,2024-06-25,13:00,2024-06-25 13:00:00,Clear,Bus,high
486,22.664341,88.42852,EM Bypass,Fatal,2022-06-05,00:00,2022-06-05 00:00:00,Fog,Bike,high
487,22.672946,88.393015,EM Bypass,Severe,2024-11-12,21:00,2024-11-12 21:00:00,Rain,Bike,high
488,22.686838,88.314995,Park Street,Minor,2024-10-26,19:00,2024-10-26 19:00:00,Clear,Auto,medium
489,22.499213,88.306986,AJC Bose Road,Minor,2025-03-12,18:00,2025-03-12 18:00:00,Clear,Car,high
490,22.439475,88.475393,EM Bypass,Minor,2024-08-18,08:00,2024-08-18 08:00:00,Clear,Bus,high
491,22.563882,88.322423,Park Street,Severe,2024-05-04,12:00,2024-05-04 12:00:00,Rain,Truck,medium
492,22.519582,88.440427,EM Bypass,Minor,2023-04-05,20:00,2023-04-05 20:00:00,Fog,Bike,high
493,22.594553,88.252899,Park Street,Minor,2023-04-01,08:00,2023-04-01 08:00:00,Rain,Car,medium
494,22.553292,88.487983,EM Bypass,Severe,2023-05-28,08:00,2023-05-28 08:00:00,Clear,Bus,high
495,22.682524,88.412972,EM Bypass,Severe,2023-10-31,11:00,2023-10-31 11:00:00,Clear,Car,high
496,22.560403,88.436917,EM Bypass,Minor,2024-08-04,11:00,2024-08-04 11:00:00,Clear,Auto,high
497,22.564657,88.425202,EM Bypass,Fatal,2025-02-02,19:00,2025-02-02 19:00:00,Rain,Car,high
498,22.530159,88.297576,AJC Bose Road,Minor,2022-04-01,22:00,2022-04-01 22:00:00,Rain,Bike,high
499,22.496383,88.41414,AJC Bose Road,Minor,2024-06-03,16:00,2024-06-03 16:00:00,Fog,Bus,high
500,22.49166,88.461515,EM Bypass,Minor,2023-05-12,00:00,2023-05-12 00:00:00,Fog,Bus,high
501,22.622113,88.277919,Park Street,Minor,2023-11-19,09:00,2023-11-19 09:00:00,Fog,Bike,medium
502,22.537343,88.273101,AJC Bose Road,Minor,2022-10-23,17:00,2022-10-23 17:00:00,Fog,Auto,high
503,22.478623,88.261189,AJC Bose Road,Minor,2023-03-27,23:00,2023-03-27 23:00:00,Clear,Bus,high
504,22.485331,88.423892,EM Bypass,Fatal,2024-04-30,18:00,2024-04-30 18:00:00,Rain,Car,high
505,22.557435,88.439322,EM Bypass,Severe,2023-03-03,10:00,2023-03-03 10:00:00,Clear,Bus,high
506,22.462258,88.49694,EM Bypass,Minor,2023-01-06,04:00,2023-01-06 04:00:00,Clear,Bus,high
507,22.576587,88.42122,EM Bypass,Minor,2022-02-23,09:00,2022-02-23 09:00:00,Rain,Truck,high
508,22.490899,88.333266,AJC Bose Road,Minor,2022-06-01,17:00,2022-06-01 17:00:00,Rain,Auto,high
509,22.605164,88.332943,Park Street,Severe,2023-01-29,00:00,2023-01-29 00:00:00,Fog,Bus,medium
510,22.664121,88.312333,Park Street,Severe,2022-08-13,18:00,2022-08-13 18:00:00,Clear,Truck,medium
511,22.620137,88.386275,EM Bypass,Minor,2023-05-10,02:00,2023-05-10 02:00:00,Clear,Truck,high
512,22.632893,88.325298,Park Street,Minor,2022-06-28,15:00,2022-06-28 15:00:00,Rain,Auto,medium
513,22.50447,88.21101,AJC Bose Road,Minor,2024-12-14,01:00,2024-12-14 01:00:00,Rain,Bus,high
514,22.631127,88.223134,Park Street,Minor,2024-04-27,08:00,2024-04-27 08:00:00,Rain,Bus,medium
515,22.688418,88.478996,EM Bypass,Minor,2024-06-24,07:00,2024-06-24 07:00:00,Clear,Car,high
516,22.607634,88.277408,Park Street,Severe,2024-02-09,21:00,2024-02-09 21:00:00,Clear,Truck,medium
517,22.652383,88.253431,Park Street,Minor,2022-08-19,15:00,2022-08-19 15:00:00,Rain,Bike,medium
518,22.487598,88.329314,AJC Bose Road,Severe,2025-03-10,08:00,2025-03-10 08:00:00,Fog,Bike,high
519,22.524726,88.434302,EM Bypass,Minor,2022-02-10,01:00,2022-02-10 01:00:00,Rain,Auto,high
520,22.464726,88.450735,EM Bypass,Minor,2022-01-19,07:00,2022-01-19 07:00:00,Fog,Bike,high
521,22.409035,88.279007,AJC Bose Road,Minor,2023-02-19,01:00,2023-02-19 01:00:00,Rain,Truck,high
522,22.429145,88.470685,EM Bypass,Minor,2022-12-17,21:00,2022-12-17 21:00:00,Clear,Auto,high
523,22.650598,88.310631,Park Street,Minor,2022-08-05,05:00,2022-08-05 05:00:00,Rain,Bus,medium
524,22.42361,88.3715,AJC Bose Road,Severe,2023-09-30,07:00,2023-09-30 07:00:00,Clear,Bus,high
525,22.545402,88.474295,EM Bypass,Severe,2024-05-09,17:00,2024-05-09 17:00:00,Rain,Truck,high
526,22.619089,88.216303,Park Street,Minor,2024-06-23,03:00,2024-06-23 03:00:00,Clear,Auto,medium
527,22.680656,88.290043,Park Street,Minor,2025-01-22,07:00,2025-01-22 07:00:00,Fog,Bike,medium
528,22.613797,88.296857,Park Street,Fatal,2023-09-06,06:00,2023-09-06 06:00:00,Clear,Truck,medium
529,22.469999,88.432047,AJC Bose Road,Severe,2024-06-14,01:00,2024-06-14 01:00:00,Clear,Car,high
530,22.428765,88.417363,AJC Bose Road,Minor,2022-07-09,13:00,2022-07-09 13:00:00,Fog,Car,high
531,22.654035,88.436572,EM Bypass,Severe,2022-10-26,11:00,2022-10-26 11:00:00,Clear,Bus,high
532,22.478245,88.280333,AJC Bose Road,Minor,2022-11-29,18:00,2022-11-29 18:00:00,Fog,Bike,high
533,22.4033,88.308644,AJC Bose Road,Minor,2024-04-30,04:00,2024-04-30 04:00:00,Fog,Bike,high
534,22.601063,88.368991,EM Bypass,Severe,2022-04-10,02:00,2022-04-10 02:00:00,Clear,Truck,high
535,22.527068,88.260014,AJC Bose Road,Severe,2023-07-23,03:00,2023-07-23 03:00:00,Fog,Bus,high
536,22.427286,88.445995,AJC Bose Road,Severe,2022-04-02,01:00,2022-04-02 01:00:00,Fog,Bus,high
537,22.681133,88.376965,EM Bypass,Minor,2023-07-02,21:00,2023-07-02 21:00:00,Fog,Car,high
538,22.517101,88.48449,EM Bypass,Severe,2024-11-02,03:00,2024-11-02 03:00:00,Clear,Auto,high
539,22.456162,88.336007,AJC Bose Road,Minor,2023-05-24,19:00,2023-05-24 19:00:00,Clear,Bus,high
540,22.675115,88.201467,Park Street,Severe,2024-01-11,04:00,2024-01-11 04:00:00,Fog,Auto,medium
541,22.658645,88.300047,Park Street,Minor,2022-06-12,00:00,2022-06-12 00:00:00,Rain,Bus,medium
542,22.620993,88.331566,Park Street,Severe,2023-09-24,14:00,2023-09-24 14:00:00,Fog,Truck,medium
543,22.556761,88.338497,Park Street,Minor,2025-02-14,03:00,2025-02-14 03:00:00,Clear,Bus,medium
544,22.416418,88.389208,AJC Bose Road,Severe,2023-11-14,01:00,2023-11-14 01:00:00,Clear,Truck,high
545,22.56422,88.417189,EM Bypass,Fatal,2024-06-25,23:00,2024-06-25 23:00:00,Fog,Car,high
546,22.660956,88.338036,Park Street,Minor,2025-03-27,18:00,2025-03-27 18:00:00,Clear,Bus,medium
547,22.480164,88.337058,AJC Bose Road,Fatal,2023-06-23,13:00,2023-06-23 13:00:00,Fog,Truck,high
548,22.492985,88.487244,EM Bypass,Minor,2024-02-10,19:00,2024-02-10 19:00:00,Rain,Truck,high
549,22.581601,88.36627,Park Street,Minor,2022-10-30,17:00,2022-10-30 17:00:00,Clear,Car,medium
550,22.631557,88.469883,EM Bypass,Fatal,2024-05-08,23:00,2024-05-08 23:00:00,Clear,Bus,high
551,22.690245,88.324036,Park Street,Minor,2025-01-17,09:00,2025-01-17 09:00:00,Clear,Car,medium
552,22.579586,88.321617,Park Street,Minor,2022-10-06,10:00,2022-10-06 10:00:00,Clear,Bike,medium
553,22.670941,88.386594,EM Bypass,Minor,2025-02-16,21:00,2025-02-16 21:00:00,Rain,Bus,high
554,22.621058,88.472902,EM Bypass,Severe,2024-04-18,00:00,2024-04-18 00:00:00,Fog,Bike,high
555,22.50187,88.350328,AJC Bose Road,Severe,2024-06-25,22:00,2024-06-25 22:00:00,Clear,Car,high
556,22.597394,88.235324,Park Street,Minor,2023-01-30,15:00,2023-01-30 15:00:00,Clear,Truck,medium
557,22.428174,88.456379,AJC Bose Road,Fatal,2023-09-17,00:00,2023-09-17 00:00:00,Clear,Bike,high
558,22.435357,88.49786,EM Bypass,Minor,2024-03-19,10:00,2024-03-19 10:00:00,Rain,Bus,high
559,22.540231,88.46816,EM Bypass,Minor,2023-10-01,22:00,2023-10-01 22:00:00,Rain,Bus,high
560,22.641426,88.268259,Park Street,Minor,2022-07-04,17:00,2022-07-04 17:00:00,Fog,Car,medium
561,22.62706,88.491476,EM Bypass,Fatal,2023-03-09,06:00,2023-03-09 06:00:00,Rain,Bus,high
562,22.602103,88.214906,Park Street,Minor,2025-03-30,23:00,2025-03-30 23:00:00,Rain,Bus,medium
563,22.530333,88.350731,AJC Bose Road,Minor,2025-03-17,13:00,2025-03-17 13:00:00,Clear,Bus,high
564,22.693291,88.393554,EM Bypass,Minor,2023-11-25,07:00,2023-11-25 07:00:00,Fog,Truck,high
565,22.441032,88.272109,AJC Bose Road,Minor,2024-09-14,05:00,2024-09-14 05:00:00,Clear,Truck,high
566,22.554235,88.390813,EM Bypass,Minor,2025-03-19,18:00,2025-03-19 18:00:00,Clear,Auto,high
567,22.48751,88.342808,AJC Bose Road,Minor,2023-06-29,10:00,2023-06-29 10:00:00,Clear,Bus,high
568,22.548672,88.226945,Park Street,Minor,2023-03-29,18:00,2023-03-29 18:00:00,Fog,Bike,medium
569,22.440269,88.409745,AJC Bose Road,Severe,2022-01-24,12:00,2022-01-24 12:00:00,Fog,Bus,high
570,22.418486,88.431546,AJC Bose Road,Minor,2023-04-19,05:00,2023-04-19 05:00:00,Clear,Bike,high
571,22.649831,88.304298,Park Street,Minor,2023-01-31,03:00,2023-01-31 03:00:00,Rain,Bus,medium
572,22.474731,88.332401,AJC Bose Road,Minor,2023-12-19,10:00,2023-12-19 10:00:00,Fog,Car,high
573,22.494697,88.415278,AJC Bose Road,Minor,2024-05-05,02:00,2024-05-05 02:00:00,Fog,Truck,high
574,22.625474,88.304483,Park Street,Minor,2023-04-20,13:00,2023-04-20 13:00:00,Fog,Bike,medium
575,22.539847,88.22542,Park Street,Minor,2022-10-09,12:00,2022-10-09 12:00:00,Rain,Bus,medium
576,22.60992,88.368616,EM Bypass,Minor,2025-01-26,16:00,2025-01-26 16:00:00,Clear,Bike,high
577,22.67743,88.37875,EM Bypass,Minor,2022-04-25,14:00,2022-04-25 14:00:00,Clear,Bus,high
578,22.484686,88.377901,AJC Bose Road,Severe,2023-08-31,00:00,2023-08-31 00:00:00,Fog,Bus,high
579,22.480321,88.268155,AJC Bose Road,Minor,2024-11-06,16:00,2024-11-06 16:00:00,Fog,Truck,high
580,22.504275,88.290376,AJC Bose Road,Minor,2022-05-20,21:00,2022-05-20 21:00:00,Rain,Auto,high
581,22.46574,88.354117,AJC Bose Road,Fatal,2024-08-08,00:00,2024-08-08 00:00:00,Rain,Bike,high
582,22.632819,88.431502,EM Bypass,Minor,2023-12-25,06:00,2023-12-25 06:00:00,Fog,Bike,high
583,22.546634,88.417442,EM Bypass,Severe,2023-03-05,08:00,2023-03-05 08:00:00,Rain,Bus,high
584,22.62137,88.21319,Park Street,Severe,2024-10-01,15:00,2024-10-01 15:00:00,Clear,Bus,medium
585,22.504583,88.403316,AJC Bose Road,Minor,2024-07-31,05:00,2024-07-31 05:00:00,Clear,Car,high
586,22.457002,88.253502,AJC Bose Road,Minor,2024-03-13,00:00,2024-03-13 00:00:00,Rain,Bike,high
587,22.650246,88.206184,Park Street,Severe,2023-02-13,14:00,2023-02-13 14:00:00,Fog,Auto,medium
588,22.469035,88.244548,AJC Bose Road,Minor,2025-04-14,04:00,2025-04-14 04:00:00,Clear,Bike,high
589,22.464793,88.462747,EM Bypass,Severe,2022-06-18,14:00,2022-06-18 14:00:00,Rain,Car,high
590,22.62167,88.319985,Park Street,Minor,2023-08-28,12:00,2023-08-28 12:00:00,Rain,Bike,medium
591,22.58999,88.44602,EM Bypass,Minor,2022-06-27,00:00,2022-06-27 00:00:00,Clear,Car,high
592,22.400223,88.365324,AJC Bose Road,Minor,2023-10-15,17:00,2023-10-15 17:00:00,Fog,Car,high
593,22.645225,88.360481,EM Bypass,Minor,2024-01-15,00:00,2024-01-15 00:00:00,Rain,Auto,high
594,22.659589,88.278234,Park Street,Minor,2022-05-10,16:00,2022-05-10 16:00:00,Fog,Bus,medium
595,22.580241,88.348485,Park Street,Severe,2024-12-02,08:00,2024-12-02 08:00:00,Rain,Bus,medium
596,22.609356,88.234742,Park Street,Severe,2023-10-19,07:00,2023-10-19 07:00:00,Rain,Auto,medium
597,22.451562,88.381596,AJC Bose Road,Fatal,2023-11-27,22:00,2023-11-27 22:00:00,Clear,Truck,high
598,22.517376,88.437882,EM Bypass,Severe,2024-03-08,14:00,2024-03-08 14:00:00,Fog,Truck,high
599,22.412851,88.35714,AJC Bose Road,Severe,2024-11-28,13:00,2024-11-28 13:00:00,Fog,Bus,high
600,22.587807,88.461469,EM Bypass,Minor,2023-01-07,13:00,2023-01-07 13:00:00,Rain,Auto,high
601,22.463598,88.476178,EM Bypass,Minor,2024-09-16,14:00,2024-09-16 14:00:00,Fog,Auto,high
602,22.503917,88.264081,AJC Bose Road,Minor,2024-06-02,15:00,2024-06-02 15:00:00,Fog,Truck,high
603,22.451986,88.357302,AJC Bose Road,Severe,2022-02-03,17:00,2022-02-03 17:00:00,Fog,Car,high
604,22.455379,88.434106,AJC Bose Road,Minor,2022-12-09,22:00,2022-12-09 22:00:00,Fog,Auto,high
605,22.668494,88.307863,Park Street,Minor,2023-10-19,11:00,2023-10-19 11:00:00,Clear,Bus,medium
606,22.40948,88.201673,AJC Bose Road,Minor,2023-06-08,02:00,2023-06-08 02:00:00,Fog,Bus,high
607,22.635597,88.464625,EM Bypass,Fatal,2023-09-18,17:00,2023-09-18 17:00:00,Clear,Truck,high
608,22.655954,88.434865,EM Bypass,Minor,2022-05-23,00:00,2022-05-23 00:00:00,Fog,Bike,high
609,22.488629,88.202885,AJC Bose Road,Minor,2025-03-19,19:00,2025-03-19 19:00:00,Clear,Bus,high
610,22.546738,88.307781,Park Street,Severe,2022-07-12,15:00,2022-07-12 15:00:00,Fog,Truck,medium
611,22.671471,88.341778,Park Street,Severe,2022-05-25,21:00,2022-05-25 21:00:00,Fog,Bus,medium
612,22.524592,88.408032,EM Bypass,Severe,2023-11-06,20:00,2023-11-06 20:00:00,Clear,Car,high
613,22.590114,88.215712,Park Street,Minor,2023-08-19,18:00,2023-08-19 18:00:00,Clear,Truck,medium
614,22.539827,88.203269,Park Street,Minor,2023-10-25,21:00,2023-10-25 21:00:00,Rain,Bus,medium
615,22.689648,88.318854,Park Street,Minor,2024-02-24,14:00,2024-02-24 14:00:00,Rain,Car,medium
616,22.636275,88.437382,EM Bypass,Fatal,2024-04-11,03:00,2024-04-11 03:00:00,Rain,Bus,high
617,22.644906,88.472696,EM Bypass,Minor,2023-09-02,11:00,2023-09-02 11:00:00,Rain,Bus,high
618,22.569694,88.237113,Park Street,Severe,2022-05-08,21:00,2022-05-08 21:00:00,Fog,Bike,medium
619,22.6316,88.412437,EM Bypass,Minor,2023-05-31,06:00,2023-05-31 06:00:00,Clear,Truck,high
620,22.475508,88.486413,EM Bypass,Severe,2022-07-29,07:00,2022-07-29 07:00:00,Rain,Bike,high
621,22.562763,88.213127,Park Street,Fatal,2022-07-18,18:00,2022-07-18 18:00:00,Fog,Truck,medium
622,22.406219,88.456628,AJC Bose Road,Minor,2024-06-10,04:00,2024-06-10 04:00:00,Fog,Bus,high
623,22.646284,88.318545,Park Street,Fatal,2024-02-08,15:00,2024-02-08 15:00:00,Fog,Auto,medium
624,22.409995,88.392924,AJC Bose Road,Minor,2024-01-04,01:00,2024-01-04 01:00:00,Fog,Bike,high
625,22.438367,88.354254,AJC Bose Road,Fatal,2023-07-25,18:00,2023-07-25 18:00:00,Clear,Car,high
626,22.428162,88.361637,AJC Bose Road,Fatal,2023-03-11,23:00,2023-03-11 23:00:00,Fog,Bus,high
627,22.430246,88.253454,AJC Bose Road,Fatal,2024-02-14,03:00,2024-02-14 03:00:00,Rain,Bike,high
628,22.46101,88.388712,AJC Bose Road,Severe,2024-06-16,04:00,2024-06-16 04:00:00,Rain,Truck,high
629,22.684922,88.218108,Park Street,Minor,2023-08-27,03:00,2023-08-27 03:00:00,Fog,Truck,medium
630,22.614689,88.443959,EM Bypass,Severe,2024-08-17,07:00,2024-08-17 07:00:00,Fog,Auto,high
631,22.514579,88.252914,AJC Bose Road,Fatal,2024-05-31,11:00,2024-05-31 11:00:00,Fog,Bike,high
632,22.61092,88.251729,Park Street,Minor,2025-02-05,22:00,2025-02-05 22:00:00,Fog,Bus,medium
633,22.42237,88.408068,AJC Bose Road,Minor,2022-05-04,13:00,2022-05-04 13:00:00,Rain,Car,high
634,22.481887,88.359367,AJC Bose Road,Severe,2022-07-11,15:00,2022-07-11 15:00:00,Fog,Bike,high
635,22.57082,88.444098,EM Bypass,Minor,2024-12-07,22:00,2024-12-07 22:00:00,Rain,Auto,high
636,22.666585,88.46335,EM Bypass,Severe,2022-11-21,05:00,2022-11-21 05:00:00,Fog,Truck,high
637,22.652502,88.306697,Park Street,Severe,2024-01-16,03:00,2024-01-16 03:00:00,Clear,Truck,medium
638,22.662295,88.45418,EM Bypass,Minor,2023-10-20,10:00,2023-10-20 10:00:00,Clear,Auto,high
639,22.459466,88.404622,AJC Bose Road,Fatal,2023-07-27,01:00,2023-07-27 01:00:00,Clear,Bus,high
640,22.587226,88.226496,Park Street,Severe,2023-01-15,19:00,2023-01-15 19:00:00,Rain,Truck,medium
641,22.512722,88.413271,EM Bypass,Minor,2022-05-20,21:00,2022-05-20 21:00:00,Fog,Car,high
642,22.462233,88.240621,AJC Bose Road,Minor,2023-11-25,05:00,2023-11-25 05:00:00,Fog,Car,high
643,22.527019,88.410585,EM Bypass,Severe,2023-08-06,17:00,2023-08-06 17:00:00,Clear,Auto,high
644,22.634417,88.47518,EM Bypass,Severe,2023-09-14,11:00,2023-09-14 11:00:00,Fog,Truck,high
645,22.59886,88.327017,Park Street,Minor,2025-02-21,11:00,2025-02-21 11:00:00,Clear,Car,medium
646,22.600604,88.493144,EM Bypass,Minor,2022-11-06,15:00,2022-11-06 15:00:00,Clear,Car,high
647,22.457501,88.440307,EM Bypass,Fatal,2022-10-08,23:00,2022-10-08 23:00:00,Fog,Car,high
648,22.541747,88.419612,EM Bypass,Minor,2022-08-15,02:00,2022-08-15 02:00:00,Fog,Bike,high
649,22.536864,88.450788,EM Bypass,Minor,2024-12-20,00:00,2024-12-20 00:00:00,Clear,Bus,high
650,22.592501,88.447626,EM Bypass,Severe,2024-09-23,07:00,2024-09-23 07:00:00,Fog,Truck,high
651,22.439662,88.386289,AJC Bose Road,Minor,2024-02-20,13:00,2024-02-20 13:00:00,Rain,Truck,high
652,22.577252,88.33137,Park Street,Severe,2023-11-28,18:00,2023-11-28 18:00:00,Rain,Bus,medium
653,22.559082,88.404331,EM Bypass,Severe,2023-12-07,21:00,2023-12-07 21:00:00,Clear,Bike,high
654,22.680277,88.413277,EM Bypass,Severe,2023-03-28,13:00,2023-03-28 13:00:00,Clear,Bus,high
655,22.610398,88.422683,EM Bypass,Minor,2022-09-01,03:00,2022-09-01 03:00:00,Rain,Bike,high
656,22.578619,88.434632,EM Bypass,Severe,2025-03-17,11:00,2025-03-17 11:00:00,Clear,Bus,high
657,22.547589,88.485437,EM Bypass,Minor,2024-07-20,16:00,2024-07-20 16:00:00,Rain,Auto,high
658,22.686659,88.467123,EM Bypass,Fatal,2024-02-03,10:00,2024-02-03 10:00:00,Clear,Car,high
659,22.564424,88.295053,Park Street,Minor,2025-01-02,09:00,2025-01-02 09:00:00,Rain,Car,medium
660,22.596609,88.363628,Park Street,Fatal,2024-07-21,13:00,2024-07-21 13:00:00,Rain,Bike,medium
661,22.512132,88.36229,AJC Bose Road,Severe,2024-09-26,20:00,2024-09-26 20:00:00,Clear,Bus,high
662,22.60692,88.438905,EM Bypass,Severe,2023-03-01,05:00,2023-03-01 05:00:00,Fog,Auto,high
663,22.495954,88.200316,AJC Bose Road,Severe,2022-03-15,18:00,2022-03-15 18:00:00,Clear,Bike,high
664,22.458235,88.360138,AJC Bose Road,Minor,2024-06-23,22:00,2024-06-23 22:00:00,Clear,Bike,high
665,22.489087,88.216227,AJC Bose Road,Minor,2024-09-15,10:00,2024-09-15 10:00:00,Rain,Truck,high
666,22.563053,88.368433,Park Street,Minor,2023-02-25,11:00,2023-02-25 11:00:00,Clear,Bike,medium
667,22.447694,88.392106,AJC Bose Road,Minor,2023-02-01,15:00,2023-02-01 15:00:00,Rain,Bus,high
668,22.52896,88.20754,AJC Bose Road,Minor,2022-08-15,21:00,2022-08-15 21:00:00,Fog,Bus,high
669,22.405189,88.254042,AJC Bose Road,Minor,2024-06-23,18:00,2024-06-23 18:00:00,Rain,Car,high
670,22.434836,88.482318,EM Bypass,Severe,2023-01-23,21:00,2023-01-23 21:00:00,Clear,Bus,high
671,22.414207,88.399666,AJC Bose Road,Minor,2022-06-14,12:00,2022-06-14 12:00:00,Clear,Bus,high
672,22.695437,88.440492,EM Bypass,Minor,2022-03-26,04:00,2022-03-26 04:00:00,Rain,Car,high
673,22.662919,88.467655,EM Bypass,Minor,2023-11-16,16:00,2023-11-16 16:00:00,Fog,Bus,high
674,22.689529,88.362764,EM Bypass,Fatal,2025-02-18,03:00,2025-02-18 03:00:00,Clear,Auto,high
675,22.497391,88.366134,AJC Bose Road,Severe,2024-01-20,16:00,2024-01-20 16:00:00,Clear,Bike,high
676,22.614283,88.392594,EM Bypass,Minor,2024-06-26,13:00,2024-06-26 13:00:00,Clear,Bus,high
677,22.672226,88.277731,Park Street,Severe,2022-03-03,20:00,2022-03-03 20:00:00,Rain,Bus,medium
678,22.534785,88.21166,Park Street,Minor,2022-01-22,21:00,2022-01-22 21:00:00,Clear,Bus,medium
679,22.599907,88.313503,Park Street,Fatal,2025-01-27,14:00,2025-01-27 14:00:00,Fog,Bike,medium
680,22.598023,88.29391,Park Street,Minor,2023-02-28,07:00,2023-02-28 07:00:00,Fog,Truck,medium
681,22.483349,88.239855,AJC Bose Road,Minor,2023-01-09,18:00,2023-01-09 18:00:00,Fog,Auto,high
682,22.566608,88.440481,EM Bypass,Severe,2023-09-03,06:00,2023-09-03 06:00:00,Fog,Bus,high
683,22.637723,88.45392,EM Bypass,Minor,2022-06-06,18:00,2022-06-06 18:00:00,Rain,Bike,high
684,22.565814,88.396019,EM Bypass,Fatal,2024-07-11,19:00,2024-07-11 19:00:00,Clear,Car,high
685,22.594264,88.246819,Park Street,Severe,2024-10-10,02:00,2024-10-10 02:00:00,Clear,Car,medium
686,22.456847,88.244388,AJC Bose Road,Fatal,2023-12-18,22:00,2023-12-18 22:00:00,Clear,Bus,high
687,22.664525,88.240208,Park Street,Minor,2024-11-10,06:00,2024-11-10 06:00:00,Rain,Bus,medium
688,22.652824,88.259113,Park Street,Minor,2024-07-26,16:00,2024-07-26 16:00:00,Clear,Bike,medium
689,22.463104,88.215734,AJC Bose Road,Minor,2023-02-23,02:00,2023-02-23 02:00:00,Clear,Bus,high
690,22.614065,88.246696,Park Street,Minor,2025-02-24,14:00,2025-02-24 14:00:00,Rain,Bus,medium
691,22.477502,88.258331,AJC Bose Road,Severe,2022-05-21,03:00,2022-05-21 03:00:00,Clear,Truck,high
692,22.459095,88.337411,AJC Bose Road,Minor,2022-06-10,10:00,2022-06-10 10:00:00,Rain,Car,high
693,22.572847,88.467537,EM Bypass,Severe,2022-03-12,06:00,2022-03-12 06:00:00,Rain,Truck,high
694,22.461338,88.200049,AJC Bose Road,Minor,2022-04-27,00:00,2022-04-27 00:00:00,Fog,Auto,high
695,22.478556,88.385061,AJC Bose Road,Minor,2022-06-14,08:00,2022-06-14 08:00:00,Rain,Car,high
696,22.467268,88.288742,AJC Bose Road,Minor,2023-05-17,03:00,2023-05-17 03:00:00,Clear,Truck,high
697,22.446179,88.301967,AJC Bose Road,Minor,2023-10-29,05:00,2023-10-29 05:00:00,Fog,Bus,high
698,22.521059,88.369615,AJC Bose Road,Minor,2022-12-21,11:00,2022-12-21 11:00:00,Rain,Car,high
699,22.438042,88.314776,AJC Bose Road,Minor,2022-11-14,12:00,2022-11-14 12:00:00,Fog,Auto,high
700,22.612759,88.313518,Park Street,Severe,2023-11-04,19:00,2023-11-04 19:00:00,Fog,Bike,medium
701,22.662486,88.283075,Park Street,Severe,2022-07-07,18:00,2022-07-07 18:00:00,Rain,Bus,medium
702,22.517582,88.412286,EM Bypass,Minor,2023-12-28,12:00,2023-12-28 12:00:00,Fog,Truck,high
703,22.448164,88.285879,AJC Bose Road,Fatal,2022-09-02,14:00,2022-09-02 14:00:00,Clear,Bike,high
704,22.526402,88.495105,EM Bypass,Minor,2024-05-27,21:00,2024-05-27 21:00:00,Clear,Car,high
705,22.413182,88.249893,AJC Bose Road,Minor,2024-04-28,18:00,2024-04-28 18:00:00,Fog,Bike,high
706,22.50786,88.317822,AJC Bose Road,Minor,2024-12-31,06:00,2024-12-31 06:00:00,Clear,Bus,high
707,22.601622,88.268037,Park Street,Minor,2022-04-15,07:00,2022-04-15 07:00:00,Clear,Bus,medium
708,22.505629,88.284091,AJC Bose Road,Minor,2025-01-20,04:00,2025-01-20 04:00:00,Rain,Bike,high
709,22.545617,88.485237,EM Bypass,Minor,2024-08-11,11:00,2024-08-11 11:00:00,Clear,Truck,high
710,22.414889,88.236353,AJC Bose Road,Fatal,2023-10-30,23:00,2023-10-30 23:00:00,Fog,Truck,high
711,22.406971,88.443737,AJC Bose Road,Severe,2023-12-05,17:00,2023-12-05 17:00:00,Clear,Car,high
712,22.529362,88.432478,EM Bypass,Minor,2023-03-29,10:00,2023-03-29 10:00:00,Fog,Auto,high
713,22.513599,88.263734,AJC Bose Road,Fatal,2022-09-11,23:00,2022-09-11 23:00:00,Rain,Car,high
714,22.640432,88.371443,EM Bypass,Severe,2022-07-21,07:00,2022-07-21 07:00:00,Rain,Auto,high
715,22.657908,88.230419,Park Street,Fatal,2022-01-23,21:00,2022-01-23 21:00:00,Fog,Truck,medium
716,22.476679,88.264731,AJC Bose Road,Fatal,2023-07-16,09:00,2023-07-16 09:00:00,Clear,Bike,high
717,22.582958,88.228218,Park Street,Fatal,2023-06-28,20:00,2023-06-28 20:00:00,Fog,Bus,medium
718,22.483277,88.417244,AJC Bose Road,Minor,2025-04-07,01:00,2025-04-07 01:00:00,Rain,Auto,high
719,22.403543,88.347811,AJC Bose Road,Minor,2024-08-28,18:00,2024-08-28 18:00:00,Fog,Car,high
720,22.575034,88.43308,EM Bypass,Severe,2022-12-20,08:00,2022-12-20 08:00:00,Clear,Bike,high
721,22.571457,88.488607,EM Bypass,Fatal,2024-07-29,06:00,2024-07-29 06:00:00,Rain,Truck,high
722,22.59554,88.265245,Park Street,Severe,2023-05-12,05:00,2023-05-12 05:00:00,Fog,Truck,medium
723,22.582868,88.293147,Park Street,Minor,2022-10-20,21:00,2022-10-20 21:00:00,Fog,Bike,medium
724,22.574911,88.357193,Park Street,Minor,2025-01-31,14:00,2025-01-31 14:00:00,Rain,Car,medium
725,22.643554,88.428757,EM Bypass,Fatal,2022-03-31,13:00,2022-03-31 13:00:00,Clear,Truck,high
726,22.427939,88.393498,AJC Bose Road,Minor,2022-05-29,05:00,2022-05-29 05:00:00,Clear,Car,high
727,22.495253,88.263516,AJC Bose Road,Minor,2023-01-08,07:00,2023-01-08 07:00:00,Fog,Car,high
728,22.437811,88.328293,AJC Bose Road,Fatal,2022-04-13,10:00,2022-04-13 10:00:00,Clear,Bus,high
729,22.596643,88.386678,EM Bypass,Fatal,2023-07-12,07:00,2023-07-12 07:00:00,Clear,Bus,high
730,22.541155,88.378871,AJC Bose Road,Severe,2023-11-17,14:00,2023-11-17 14:00:00,Clear,Bike,high
731,22.49133,88.245292,AJC Bose Road,Minor,2024-04-09,23:00,2024-04-09 23:00:00,Rain,Bike,high
732,22.659301,88.249701,Park Street,Severe,2025-03-03,00:00,2025-03-03 00:00:00,Rain,Bus,medium
733,22.581101,88.393455,EM Bypass,Minor,2022-07-24,17:00,2022-07-24 17:00:00,Clear,Auto,high
734,22.53968,88.484169,EM Bypass,Severe,2022-05-26,06:00,2022-05-26 06:00:00,Fog,Bus,high
735,22.411299,88.276875,AJC Bose Road,Minor,2024-09-30,05:00,2024-09-30 05:00:00,Rain,Auto,high
736,22.455271,88.409186,AJC Bose Road,Severe,2023-06-01,16:00,2023-06-01 16:00:00,Fog,Bike,high
737,22.477369,88.408022,AJC Bose Road,Minor,2022-04-17,16:00,2022-04-17 16:00:00,Clear,Car,high
738,22.61805,88.312953,Park Street,Fatal,2024-12-15,16:00,2024-12-15 16:00:00,Rain,Bike,medium
739,22.445813,88.455873,EM Bypass,Minor,2022-10-10,21:00,2022-10-10 21:00:00,Rain,Auto,high
740,22.478795,88.373545,AJC Bose Road,Minor,2023-04-11,06:00,2023-04-11 06:00:00,Clear,Bike,high
741,22.54683,88.374619,AJC Bose Road,Minor,2022-05-10,23:00,2022-05-10 23:00:00,Clear,Car,high
742,22.474047,88.399028,AJC Bose Road,Minor,2022-10-15,17:00,2022-10-15 17:00:00,Rain,Truck,high
743,22.693916,88.360588,EM Bypass,Severe,2024-12-20,11:00,2024-12-20 11:00:00,Fog,Bus,high
744,22.623348,88.297999,Park Street,Minor,2023-12-24,06:00,2023-12-24 06:00:00,Fog,Bus,medium
745,22.561398,88.374184,Park Street,Severe,2024-03-04,14:00,2024-03-04 14:00:00,Clear,Bike,medium
746,22.623927,88.350456,Park Street,Severe,2022-04-22,18:00,2022-04-22 18:00:00,Rain,Bike,medium
747,22.567428,88.421353,EM Bypass,Severe,2025-02-20,22:00,2025-02-20 22:00:00,Rain,Auto,high
748,22.474853,88.264845,AJC Bose Road,Minor,2022-05-05,13:00,2022-05-05 13:00:00,Rain,Bus,high
749,22.570178,88.480081,EM Bypass,Severe,2022-09-21,04:00,2022-09-21 04:00:00,Rain,Car,high
750,22.441399,88.421829,AJC Bose Road,Minor,2022-10-06,08:00,2022-10-06 08:00:00,Fog,Truck,high
751,22.615413,88.334062,Park Street,Minor,2024-08-09,15:00,2024-08-09 15:00:00,Fog,Truck,medium
752,22.684323,88.493099,EM Bypass,Minor,2022-02-20,19:00,2022-02-20 19:00:00,Fog,Bike,high
753,22.563577,88.431908,EM Bypass,Minor,2025-03-23,03:00,2025-03-23 03:00:00,Clear,Auto,high
754,22.442999,88.259465,AJC Bose Road,Fatal,2022-10-12,15:00,2022-10-12 15:00:00,Clear,Car,high
755,22.542246,88.447533,EM Bypass,Minor,2022-01-09,03:00,2022-01-09 03:00:00,Rain,Bike,high
756,22.444377,88.357358,AJC Bose Road,Fatal,2022-07-25,17:00,2022-07-25 17:00:00,Fog,Car,high
757,22.555142,88.467169,EM Bypass,Severe,2022-08-29,02:00,2022-08-29 02:00:00,Fog,Bus,high
758,22.614025,88.47062,EM Bypass,Minor,2023-04-16,05:00,2023-04-16 05:00:00,Fog,Bus,high
759,22.529255,88.226546,AJC Bose Road,Minor,2023-01-13,02:00,2023-01-13 02:00:00,Rain,Truck,high
760,22.589548,88.367924,Park Street,Minor,2023-09-30,13:00,2023-09-30 13:00:00,Clear,Bike,medium
761,22.629858,88.473226,EM Bypass,Fatal,2022-10-23,15:00,2022-10-23 15:00:00,Rain,Bus,high
762,22.445071,88.354213,AJC Bose Road,Minor,2024-06-09,00:00,2024-06-09 00:00:00,Clear,Truck,high
763,22.582413,88.304083,Park Street,Severe,2023-03-24,04:00,2023-03-24 04:00:00,Fog,Truck,medium
764,22.561936,88.207164,Park Street,Minor,2024-06-24,17:00,2024-06-24 17:00:00,Clear,Auto,medium
765,22.465816,88.389577,AJC Bose Road,Minor,2024-07-28,20:00,2024-07-28 20:00:00,Clear,Car,high
766,22.479079,88.327396,AJC Bose Road,Fatal,2023-10-09,16:00,2023-10-09 16:00:00,Rain,Truck,high
767,22.505391,88.259533,AJC Bose Road,Severe,2025-02-26,04:00,2025-02-26 04:00:00,Fog,Auto,high
768,22.692798,88.377761,EM Bypass,Severe,2023-08-31,01:00,2023-08-31 01:00:00,Fog,Car,high
769,22.66454,88.320737,Park Street,Fatal,2022-06-12,21:00,2022-06-12 21:00:00,Clear,Bus,medium
770,22.466857,88.464809,EM Bypass,Minor,2024-11-19,15:00,2024-11-19 15:00:00,Rain,Bus,high
771,22.494387,88.301499,AJC Bose Road,Severe,2023-05-11,23:00,2023-05-11 23:00:00,Rain,Car,high
772,22.65659,88.285505,Park Street,Fatal,2023-05-11,10:00,2023-05-11 10:00:00,Clear,Auto,medium
773,22.511008,88.429819,EM Bypass,Fatal,2023-12-15,15:00,2023-12-15 15:00:00,Fog,Auto,high
774,22.45413,88.387882,AJC Bose Road,Minor,2022-10-16,03:00,2022-10-16 03:00:00,Rain,Bike,high
775,22.607663,88.28498,Park Street,Severe,2024-12-06,07:00,2024-12-06 07:00:00,Rain,Car,medium
776,22.654921,88.398069,EM Bypass,Minor,2023-07-08,22:00,2023-07-08 22:00:00,Clear,Car,high
777,22.622264,88.455042,EM Bypass,Minor,2024-05-22,05:00,2024-05-22 05:00:00,Fog,Bus,high
778,22.629107,88.361253,EM Bypass,Fatal,2022-11-15,23:00,2022-11-15 23:00:00,Rain,Truck,high
779,22.581571,88.476064,EM Bypass,Fatal,2024-12-15,01:00,2024-12-15 01:00:00,Fog,Truck,high
780,22.484577,88.233067,AJC Bose Road,Minor,2024-06-20,12:00,2024-06-20 12:00:00,Clear,Auto,high
781,22.402556,88.458702,AJC Bose Road,Severe,2022-09-11,13:00,2022-09-11 13:00:00,Clear,Car,high
782,22.40588,88.356768,AJC Bose Road,Minor,2024-03-27,08:00,2024-03-27 08:00:00,Clear,Truck,high
783,22.403986,88.258258,AJC Bose Road,Minor,2024-03-19,17:00,2024-03-19 17:00:00,Rain,Bus,high
784,22.527946,88.270198,AJC Bose Road,Minor,2024-09-30,10:00,2024-09-30 10:00:00,Fog,Auto,high
785,22.414081,88.440232,AJC Bose Road,Minor,2024-07-18,02:00,2024-07-18 02:00:00,Fog,Truck,high
786,22.651796,88.279604,Park Street,Severe,2024-12-19,03:00,2024-12-19 03:00:00,Clear,Bike,medium
787,22.694613,88.290896,Park Street,Severe,2023-06-01,11:00,2023-06-01 11:00:00,Rain,Bike,medium
788,22.639062,88.385362,EM Bypass,Minor,2025-02-09,05:00,2025-02-09 05:00:00,Fog,Auto,high
789,22.481912,88.35461,AJC Bose Road,Minor,2023-04-03,04:00,2023-04-03 04:00:00,Fog,Truck,high
790,22.489338,88.421323,EM Bypass,Severe,2024-08-13,06:00,2024-08-13 06:00:00,Fog,Bus,high
791,22.471183,88.3779,AJC Bose Road,Minor,2022-07-06,10:00,2022-07-06 10:00:00,Fog,Auto,high
792,22.625232,88.36592,EM Bypass,Minor,2024-06-29,13:00,2024-06-29 13:00:00,Clear,Bike,high
793,22.569177,88.461925,EM Bypass,Minor,2022-06-18,17:00,2022-06-18 17:00:00,Rain,Truck,high
794,22.603961,88.342762,Park Street,Minor,2022-02-24,00:00,2022-02-24 00:00:00,Fog,Auto,medium
795,22.541677,88.232354,Park Street,Fatal,2025-03-25,03:00,2025-03-25 03:00:00,Clear,Truck,medium
796,22.506324,88.439326,EM Bypass,Minor,2023-08-25,02:00,2023-08-25 02:00:00,Clear,Car,high
797,22.424789,88.422195,AJC Bose Road,Minor,2024-10-17,10:00,2024-10-17 10:00:00,Fog,Auto,high
798,22.446935,88.380338,AJC Bose Road,Minor,2022-06-06,06:00,2022-06-06 06:00:00,Rain,Auto,high
799,22.418917,88.313926,AJC Bose Road,Minor,2022-04-11,09:00,2022-04-11 09:00:00,Clear,Auto,high
800,22.562917,88.233933,Park Street,Minor,2023-10-22,13:00,2023-10-22 13:00:00,Clear,Auto,medium
801,22.602949,88.300842,Park Street,Severe,2022-07-14,20:00,2022-07-14 20:00:00,Fog,Auto,medium
802,22.60664,88.219539,Park Street,Minor,2024-12-19,11:00,2024-12-19 11:00:00,Fog,Auto,medium
803,22.547412,88.353622,Park Street,Minor,2024-06-09,12:00,2024-06-09 12:00:00,Fog,Bike,medium
804,22.563253,88.320695,Park Street,Severe,2024-08-04,08:00,2024-08-04 08:00:00,Clear,Auto,medium
805,22.426122,88.496454,EM Bypass,Minor,2025-04-08,08:00,2025-04-08 08:00:00,Clear,Bus,high
806,22.56203,88.467715,EM Bypass,Minor,2023-08-05,10:00,2023-08-05 10:00:00,Fog,Bike,high
807,22.448955,88.429741,AJC Bose Road,Minor,2023-04-12,08:00,2023-04-12 08:00:00,Rain,Bus,high
808,22.689268,88.301178,Park Street,Severe,2024-04-05,09:00,2024-04-05 09:00:00,Fog,Truck,medium
809,22.43439,88.281639,AJC Bose Road,Severe,2023-08-16,06:00,2023-08-16 06:00:00,Clear,Auto,high
810,22.512157,88.463056,EM Bypass,Minor,2023-05-30,15:00,2023-05-30 15:00:00,Clear,Truck,high
811,22.625977,88.223833,Park Street,Minor,2022-04-07,05:00,2022-04-07 05:00:00,Fog,Auto,medium
812,22.6147,88.217984,Park Street,Minor,2023-11-08,05:00,2023-11-08 05:00:00,Rain,Auto,medium
813,22.55247,88.286122,Park Street,Minor,2024-06-14,22:00,2024-06-14 22:00:00,Fog,Bus,medium
814,22.553193,88.458297,EM Bypass,Severe,2022-09-04,19:00,2022-09-04 19:00:00,Clear,Auto,high
815,22.411318,88.274785,AJC Bose Road,Minor,2023-08-22,12:00,2023-08-22 12:00:00,Clear,Bike,high
816,22.610541,88.395879,EM Bypass,Severe,2023-03-06,08:00,2023-03-06 08:00:00,Rain,Truck,high
817,22.567854,88.279075,Park Street,Minor,2024-06-19,12:00,2024-06-19 12:00:00,Fog,Bus,medium
818,22.600292,88.203449,Park Street,Minor,2024-02-10,13:00,2024-02-10 13:00:00,Clear,Bike,medium
819,22.461962,88.219782,AJC Bose Road,Severe,2022-11-10,13:00,2022-11-10 13:00:00,Fog,Auto,high
820,22.578554,88.367555,Park Street,Minor,2024-09-20,10:00,2024-09-20 10:00:00,Fog,Bus,medium
821,22.492246,88.363712,AJC Bose Road,Minor,2022-05-18,09:00,2022-05-18 09:00:00,Fog,Truck,high
822,22.461378,88.262113,AJC Bose Road,Minor,2024-10-05,19:00,2024-10-05 19:00:00,Fog,Bus,high
823,22.558713,88.223893,Park Street,Minor,2022-05-22,22:00,2022-05-22 22:00:00,Clear,Truck,medium
824,22.479275,88.389977,AJC Bose Road,Fatal,2022-11-14,10:00,2022-11-14 10:00:00,Fog,Auto,high
825,22.460429,88.260755,AJC Bose Road,Severe,2024-12-28,02:00,2024-12-28 02:00:00,Fog,Truck,high
826,22.652531,88.29266,Park Street,Severe,2024-10-12,19:00,2024-10-12 19:00:00,Fog,Truck,medium
827,22.438467,88.287763,AJC Bose Road,Severe,2023-09-12,08:00,2023-09-12 08:00:00,Rain,Car,high
828,22.493836,88.217842,AJC Bose Road,Minor,2024-04-18,03:00,2024-04-18 03:00:00,Fog,Car,high
829,22.447504,88.236008,AJC Bose Road,Severe,2024-05-14,13:00,2024-05-14 13:00:00,Fog,Truck,high
830,22.511872,88.320705,AJC Bose Road,Minor,2023-05-15,08:00,2023-05-15 08:00:00,Clear,Truck,high
831,22.510356,88.466552,EM Bypass,Minor,2023-11-12,03:00,2023-11-12 03:00:00,Rain,Bike,high
832,22.422378,88.221346,AJC Bose Road,Severe,2023-06-09,12:00,2023-06-09 12:00:00,Fog,Bus,high
833,22.528225,88.39213,AJC Bose Road,Minor,2024-01-05,16:00,2024-01-05 16:00:00,Fog,Truck,high
834,22.547646,88.337932,Park Street,Fatal,2023-08-03,03:00,2023-08-03 03:00:00,Clear,Bike,medium
835,22.639926,88.342278,Park Street,Severe,2024-10-18,03:00,2024-10-18 03:00:00,Rain,Bus,medium
836,22.542527,88.341373,AJC Bose Road,Fatal,2022-05-08,05:00,2022-05-08 05:00:00,Fog,Bike,high
837,22.479199,88.320859,AJC Bose Road,Minor,2022-07-25,11:00,2022-07-25 11:00:00,Fog,Bus,high
838,22.413519,88.405367,AJC Bose Road,Minor,2023-06-18,22:00,2023-06-18 22:00:00,Clear,Bike,high
839,22.615153,88.342485,Park Street,Minor,2023-08-30,10:00,2023-08-30 10:00:00,Fog,Bus,medium
840,22.68592,88.202524,Park Street,Minor,2023-12-02,15:00,2023-12-02 15:00:00,Clear,Truck,medium
841,22.588609,88.221784,Park Street,Fatal,2024-08-12,18:00,2024-08-12 18:00:00,Rain,Bike,medium
842,22.691109,88.320387,Park Street,Severe,2022-07-25,01:00,2022-07-25 01:00:00,Rain,Auto,medium
843,22.551512,88.298657,Park Street,Severe,2024-12-21,00:00,2024-12-21 00:00:00,Rain,Auto,medium
844,22.684219,88.293285,Park Street,Minor,2023-12-29,08:00,2023-12-29 08:00:00,Fog,Auto,medium
845,22.616805,88.412419,EM Bypass,Severe,2024-04-12,19:00,2024-04-12 19:00:00,Rain,Car,high
846,22.569242,88.227061,Park Street,Minor,2022-03-21,16:00,2022-03-21 16:00:00,Clear,Bike,medium
847,22.660103,88.458964,EM Bypass,Minor,2022-02-16,16:00,2022-02-16 16:00:00,Fog,Truck,high
848,22.692671,88.276642,Park Street,Severe,2024-10-06,01:00,2024-10-06 01:00:00,Clear,Auto,medium
849,22.4224,88.3374,AJC Bose Road,Severe,2025-02-05,02:00,2025-02-05 02:00:00,Rain,Bus,high
850,22.561878,88.497974,EM Bypass,Severe,2023-02-13,19:00,2023-02-13 19:00:00,Fog,Bike,high
851,22.668353,88.212211,Park Street,Minor,2025-02-09,07:00,2025-02-09 07:00:00,Clear,Bus,medium
852,22.564787,88.288571,Park Street,Minor,2022-09-27,20:00,2022-09-27 20:00:00,Fog,Truck,medium
853,22.510788,88.322551,AJC Bose Road,Fatal,2022-09-05,09:00,2022-09-05 09:00:00,Fog,Bus,high
854,22.529273,88.406271,EM Bypass,Severe,2022-03-21,14:00,2022-03-21 14:00:00,Clear,Bus,high
855,22.63471,88.459001,EM Bypass,Severe,2022-06-18,18:00,2022-06-18 18:00:00,Rain,Bus,high
856,22.638923,88.452604,EM Bypass,Minor,2024-05-09,00:00,2024-05-09 00:00:00,Clear,Bike,high
857,22.445674,88.202704,AJC Bose Road,Severe,2024-04-28,02:00,2024-04-28 02:00:00,Clear,Truck,high
858,22.515205,88.366807,AJC Bose Road,Severe,2022-07-11,23:00,2022-07-11 23:00:00,Clear,Bike,high
859,22.443139,88.32732,AJC Bose Road,Minor,2024-08-01,06:00,2024-08-01 06:00:00,Fog,Car,high
860,22.429394,88.363851,AJC Bose Road,Fatal,2022-09-29,08:00,2022-09-29 08:00:00,Fog,Bike,high
861,22.576257,88.264422,Park Street,Severe,2023-12-05,14:00,2023-12-05 14:00:00,Fog,Bike,medium
862,22.438213,88.475929,EM Bypass,Minor,2022-10-28,19:00,2022-10-28 19:00:00,Rain,Bike,high
863,22.548243,88.343009,Park Street,Severe,2023-09-24,09:00,2023-09-24 09:00:00,Rain,Car,medium
864,22.679776,88.229787,Park Street,Minor,2023-05-31,14:00,2023-05-31 14:00:00,Fog,Bike,medium
865,22.562865,88.321393,Park Street,Minor,2022-02-09,11:00,2022-02-09 11:00:00,Clear,Auto,medium
866,22.608494,88.22853,Park Street,Minor,2024-09-20,22:00,2024-09-20 22:00:00,Rain,Bike,medium
867,22.409519,88.412897,AJC Bose Road,Minor,2025-04-03,13:00,2025-04-03 13:00:00,Clear,Truck,high
868,22.490999,88.494939,EM Bypass,Minor,2023-07-31,05:00,2023-07-31 05:00:00,Clear,Bike,high
869,22.669655,88.304302,Park Street,Severe,2025-01-24,16:00,2025-01-24 16:00:00,Clear,Auto,medium
870,22.498452,88.475685,EM Bypass,Minor,2024-02-21,23:00,2024-02-21 23:00:00,Clear,Car,high
871,22.533952,88.277702,AJC Bose Road,Minor,2023-02-23,03:00,2023-02-23 03:00:00,Clear,Bike,high
872,22.690957,88.397998,EM Bypass,Minor,2024-04-21,10:00,2024-04-21 10:00:00,Clear,Bike,high
873,22.555518,88.337499,Park Street,Minor,2024-01-10,20:00,2024-01-10 20:00:00,Clear,Bus,medium
874,22.519947,88.204981,AJC Bose Road,Minor,2024-09-22,22:00,2024-09-22 22:00:00,Rain,Bike,high
875,22.699551,88.426448,EM Bypass,Fatal,2024-05-27,06:00,2024-05-27 06:00:00,Rain,Bus,high
876,22.435984,88.293579,AJC Bose Road,Minor,2023-01-22,18:00,2023-01-22 18:00:00,Clear,Bus,high
877,22.618878,88.366397,EM Bypass,Severe,2024-10-16,18:00,2024-10-16 18:00:00,Clear,Bus,high
878,22.482278,88.395216,AJC Bose Road,Minor,2025-03-08,14:00,2025-03-08 14:00:00,Fog,Auto,high
879,22.647791,88.311917,Park Street,Fatal,2022-01-07,12:00,2022-01-07 12:00:00,Rain,Bus,medium
880,22.4563,88.434516,AJC Bose Road,Minor,2023-03-13,02:00,2023-03-13 02:00:00,Fog,Truck,high
881,22.636536,88.309581,Park Street,Minor,2023-04-24,12:00,2023-04-24 12:00:00,Rain,Car,medium
882,22.537606,88.292249,AJC Bose Road,Minor,2022-09-07,04:00,2022-09-07 04:00:00,Rain,Car,high
883,22.508626,88.482282,EM Bypass,Fatal,2024-08-11,11:00,2024-08-11 11:00:00,Clear,Bike,high
884,22.407135,88.284723,AJC Bose Road,Minor,2022-03-16,15:00,2022-03-16 15:00:00,Fog,Car,high
885,22.530201,88.238782,AJC Bose Road,Minor,2024-12-28,09:00,2024-12-28 09:00:00,Clear,Auto,high
886,22.631301,88.419637,EM Bypass,Minor,2024-09-12,02:00,2024-09-12 02:00:00,Rain,Bike,high
887,22.458478,88.274216,AJC Bose Road,Severe,2024-10-29,21:00,2024-10-29 21:00:00,Rain,Bus,high
888,22.683216,88.397073,EM Bypass,Minor,2024-01-16,04:00,2024-01-16 04:00:00,Fog,Auto,high
889,22.610021,88.279228,Park Street,Minor,2022-10-13,19:00,2022-10-13 19:00:00,Fog,Auto,medium
890,22.536832,88.237865,Park Street,Severe,2025-04-08,14:00,2025-04-08 14:00:00,Fog,Bus,medium
891,22.590122,88.492781,EM Bypass,Minor,2022-02-13,15:00,2022-02-13 15:00:00,Clear,Auto,high
892,22.502286,88.302865,AJC Bose Road,Severe,2024-03-01,08:00,2024-03-01 08:00:00,Fog,Bike,high
893,22.538763,88.494347,EM Bypass,Severe,2022-10-19,08:00,2022-10-19 08:00:00,Clear,Truck,high
894,22.509723,88.312901,AJC Bose Road,Severe,2025-01-24,14:00,2025-01-24 14:00:00,Clear,Truck,high
895,22.667754,88.369384,EM Bypass,Minor,2023-05-02,17:00,2023-05-02 17:00:00,Rain,Car,high
896,22.65587,88.404328,EM Bypass,Minor,2025-03-26,15:00,2025-03-26 15:00:00,Fog,Auto,high
897,22.554659,88.204688,Park Street,Minor,2024-06-16,01:00,2024-06-16 01:00:00,Fog,Truck,medium
898,22.695972,88.432668,EM Bypass,Minor,2023-07-10,17:00,2023-07-10 17:00:00,Fog,Truck,high
899,22.521108,88.445105,EM Bypass,Severe,2023-12-25,14:00,2023-12-25 14:00:00,Clear,Car,high
900,22.468976,88.24134,AJC Bose Road,Severe,2024-09-27,02:00,2024-09-27 02:00:00,Fog,Bus,high
901,22.504757,88.435933,EM Bypass,Severe,2023-09-16,07:00,2023-09-16 07:00:00,Fog,Auto,high
902,22.663622,88.225341,Park Street,Severe,2023-04-07,19:00,2023-04-07 19:00:00,Fog,Truck,medium
903,22.646027,88.204917,Park Street,Minor,2022-05-09,01:00,2022-05-09 01:00:00,Rain,Auto,medium
904,22.694108,88.405591,EM Bypass,Fatal,2022-11-17,04:00,2022-11-17 04:00:00,Fog,Bus,high
905,22.540249,88.461474,EM Bypass,Minor,2023-11-27,20:00,2023-11-27 20:00:00,Rain,Car,high
906,22.527701,88.462196,EM Bypass,Severe,2024-04-13,04:00,2024-04-13 04:00:00,Fog,Car,high
907,22.638994,88.308154,Park Street,Severe,2022-12-02,05:00,2022-12-02 05:00:00,Fog,Bus,medium
908,22.477888,88.311464,AJC Bose Road,Minor,2022-06-05,04:00,2022-06-05 04:00:00,Clear,Truck,high
909,22.666498,88.203968,Park Street,Severe,2024-11-25,10:00,2024-11-25 10:00:00,Rain,Bus,medium
910,22.645942,88.30055,Park Street,Minor,2022-03-15,04:00,2022-03-15 04:00:00,Fog,Bike,medium
911,22.666023,88.467831,EM Bypass,Minor,2022-12-08,11:00,2022-12-08 11:00:00,Rain,Truck,high
912,22.645547,88.434773,EM Bypass,Minor,2022-02-20,02:00,2022-02-20 02:00:00,Rain,Bike,high
913,22.535211,88.244387,Park Street,Fatal,2023-05-26,22:00,2023-05-26 22:00:00,Rain,Car,medium
914,22.579601,88.353571,Park Street,Fatal,2022-01-24,04:00,2022-01-24 04:00:00,Fog,Bike,medium
915,22.594794,88.494733,EM Bypass,Fatal,2024-03-11,20:00,2024-03-11 20:00:00,Fog,Bike,high
916,22.427574,88.236412,AJC Bose Road,Severe,2024-06-19,00:00,2024-06-19 00:00:00,Fog,Truck,high
917,22.690129,88.497737,EM Bypass,Severe,2022-12-03,21:00,2022-12-03 21:00:00,Clear,Truck,high
918,22.406618,88.285438,AJC Bose Road,Severe,2023-12-14,11:00,2023-12-14 11:00:00,Rain,Bus,high
919,22.486222,88.337665,AJC Bose Road,Severe,2025-03-14,05:00,2025-03-14 05:00:00,Clear,Auto,high
920,22.634559,88.213887,Park Street,Fatal,2023-06-17,04:00,2023-06-17 04:00:00,Clear,Car,medium
921,22.414262,88.375698,AJC Bose Road,Minor,2024-06-23,09:00,2024-06-23 09:00:00,Fog,Bus,high
922,22.543644,88.452672,EM Bypass,Minor,2022-08-11,19:00,2022-08-11 19:00:00,Fog,Bike,high
923,22.516057,88.39298,AJC Bose Road,Minor,2025-01-19,21:00,2025-01-19 21:00:00,Rain,Bus,high
924,22.502879,88.473941,EM Bypass,Minor,2025-01-19,19:00,2025-01-19 19:00:00,Rain,Truck,high
925,22.614724,88.290693,Park Street,Severe,2024-05-05,14:00,2024-05-05 14:00:00,Rain,Bike,medium
926,22.420292,88.418006,AJC Bose Road,Minor,2024-11-23,04:00,2024-11-23 04:00:00,Clear,Car,high
927,22.637324,88.216389,Park Street,Minor,2024-07-12,13:00,2024-07-12 13:00:00,Rain,Car,medium
928,22.547002,88.322788,Park Street,Severe,2023-09-11,11:00,2023-09-11 11:00:00,Clear,Auto,medium
929,22.466886,88.339052,AJC Bose Road,Minor,2024-12-01,13:00,2024-12-01 13:00:00,Clear,Bus,high
930,22.512887,88.446596,EM Bypass,Minor,2024-08-11,03:00,2024-08-11 03:00:00,Fog,Bike,high
931,22.406359,88.35716,AJC Bose Road,Minor,2022-05-23,11:00,2022-05-23 11:00:00,Clear,Bike,high
932,22.696577,88.324173,Park Street,Fatal,2022-03-26,08:00,2022-03-26 08:00:00,Rain,Truck,medium
933,22.499448,88.471246,EM Bypass,Minor,2022-04-10,22:00,2022-04-10 22:00:00,Rain,Truck,high
934,22.663742,88.224888,Park Street,Severe,2024-03-23,21:00,2024-03-23 21:00:00,Rain,Car,medium
935,22.427946,88.268401,AJC Bose Road,Minor,2022-11-17,09:00,2022-11-17 09:00:00,Rain,Truck,high
936,22.535673,88.282394,AJC Bose Road,Fatal,2022-06-24,23:00,2022-06-24 23:00:00,Fog,Bus,high
937,22.521412,88.350779,AJC Bose Road,Fatal,2022-11-12,20:00,2022-11-12 20:00:00,Fog,Bus,high
938,22.650307,88.38639,EM Bypass,Minor,2023-02-23,13:00,2023-02-23 13:00:00,Rain,Car,high
939,22.657852,88.390062,EM Bypass,Fatal,2024-10-03,18:00,2024-10-03 18:00:00,Fog,Auto,high
940,22.577133,88.375484,Park Street,Severe,2024-04-04,12:00,2024-04-04 12:00:00,Fog,Car,medium
941,22.42655,88.430553,AJC Bose Road,Minor,2022-11-07,18:00,2022-11-07 18:00:00,Clear,Truck,high
942,22.563265,88.353735,Park Street,Fatal,2024-10-25,12:00,2024-10-25 12:00:00,Rain,Truck,medium
943,22.69868,88.296848,Park Street,Fatal,2022-03-31,01:00,2022-03-31 01:00:00,Rain,Car,medium
944,22.651251,88.474435,EM Bypass,Minor,2024-01-22,22:00,2024-01-22 22:00:00,Fog,Bike,high
945,22.545868,88.470241,EM Bypass,Severe,2025-02-19,23:00,2025-02-19 23:00:00,Clear,Truck,high
946,22.539892,88.368322,AJC Bose Road,Minor,2022-08-08,20:00,2022-08-08 20:00:00,Clear,Bike,high
947,22.583367,88.393054,EM Bypass,Minor,2024-05-23,23:00,2024-05-23 23:00:00,Clear,Car,high
948,22.493741,88.215398,AJC Bose Road,Severe,2022-09-15,18:00,2022-09-15 18:00:00,Rain,Truck,high
949,22.542891,88.38983,EM Bypass,Severe,2024-12-01,23:00,2024-12-01 23:00:00,Fog,Bike,high
950,22.544519,88.232212,Park Street,Minor,2025-01-06,06:00,2025-01-06 06:00:00,Fog,Bus,medium
951,22.426837,88.373056,AJC Bose Road,Minor,2024-12-28,01:00,2024-12-28 01:00:00,Rain,Auto,high
952,22.625822,88.378674,EM Bypass,Minor,2024-06-28,14:00,2024-06-28 14:00:00,Clear,Auto,high
953,22.617191,88.330899,Park Street,Fatal,2022-05-24,17:00,2022-05-24 17:00:00,Fog,Bike,medium
954,22.460252,88.290495,AJC Bose Road,Minor,2023-08-17,06:00,2023-08-17 06:00:00,Fog,Auto,high
955,22.569467,88.444806,EM Bypass,Severe,2023-07-12,20:00,2023-07-12 20:00:00,Clear,Auto,high
956,22.421635,88.492932,EM Bypass,Fatal,2022-07-02,16:00,2022-07-02 16:00:00,Fog,Auto,high
957,22.441348,88.378406,AJC Bose Road,Minor,2022-05-07,21:00,2022-05-07 21:00:00,Fog,Bus,high
958,22.625094,88.434714,EM Bypass,Minor,2024-01-17,02:00,2024-01-17 02:00:00,Rain,Bike,high
959,22.673819,88.429027,EM Bypass,Minor,2025-04-09,15:00,2025-04-09 15:00:00,Rain,Car,high
960,22.467572,88.35796,AJC Bose Road,Minor,2022-08-22,01:00,2022-08-22 01:00:00,Clear,Car,high
961,22.500167,88.261372,AJC Bose Road,Minor,2022-02-11,13:00,2022-02-11 13:00:00,Clear,Bike,high
962,22.63254,88.406997,EM Bypass,Minor,2023-05-08,15:00,2023-05-08 15:00:00,Rain,Car,high
963,22.574005,88.475859,EM Bypass,Minor,2022-04-29,10:00,2022-04-29 10:00:00,Rain,Bike,high
964,22.698295,88.354865,EM Bypass,Minor,2022-03-25,09:00,2022-03-25 09:00:00,Rain,Bike,high
965,22.456464,88.436647,AJC Bose Road,Severe,2025-01-05,08:00,2025-01-05 08:00:00,Clear,Bus,high
966,22.496463,88.350934,AJC Bose Road,Minor,2023-01-06,01:00,2023-01-06 01:00:00,Clear,Car,high
967,22.64261,88.494435,EM Bypass,Minor,2025-04-12,19:00,2025-04-12 19:00:00,Rain,Auto,high
968,22.614005,88.302562,Park Street,Minor,2022-03-21,02:00,2022-03-21 02:00:00,Rain,Bus,medium
969,22.469228,88.373552,AJC Bose Road,Severe,2023-07-06,02:00,2023-07-06 02:00:00,Fog,Car,high
970,22.697101,88.294862,Park Street,Severe,2022-06-29,17:00,2022-06-29 17:00:00,Rain,Bike,medium
971,22.618947,88.383793,EM Bypass,Minor,2024-02-02,20:00,2024-02-02 20:00:00,Rain,Bike,high
972,22.564936,88.219594,Park Street,Minor,2023-06-10,20:00,2023-06-10 20:00:00,Fog,Bike,medium
973,22.662458,88.222528,Park Street,Minor,2024-05-16,11:00,2024-05-16 11:00:00,Fog,Truck,medium
974,22.586151,88.331787,Park Street,Severe,2023-01-15,01:00,2023-01-15 01:00:00,Clear,Car,medium
975,22.463007,88.372673,AJC Bose Road,Fatal,2024-11-20,21:00,2024-11-20 21:00:00,Rain,Auto,high
976,22.556337,88.457789,EM Bypass,Minor,2022-07-12,11:00,2022-07-12 11:00:00,Clear,Auto,high
977,22.498733,88.44132,EM Bypass,Severe,2023-10-29,22:00,2023-10-29 22:00:00,Fog,Bus,high
978,22.570766,88.407623,EM Bypass,Severe,2024-09-30,00:00,2024-09-30 00:00:00,Fog,Auto,high
979,22.63795,88.212299,Park Street,Minor,2023-11-23,22:00,2023-11-23 22:00:00,Rain,Bus,medium
980,22.610451,88.39417,EM Bypass,Severe,2022-09-11,15:00,2022-09-11 15:00:00,Clear,Car,high
981,22.622599,88.459719,EM Bypass,Minor,2022-03-27,19:00,2022-03-27 19:00:00,Rain,Truck,high
982,22.684128,88.300837,Park Street,Minor,2023-04-06,21:00,2023-04-06 21:00:00,Clear,Truck,medium
983,22.555081,88.474856,EM Bypass,Minor,2024-04-01,05:00,2024-04-01 05:00:00,Fog,Truck,high
984,22.544399,88.469358,EM Bypass,Severe,2022-02-12,01:00,2022-02-12 01:00:00,Rain,Car,high
985,22.439897,88.400428,AJC Bose Road,Fatal,2022-07-12,13:00,2022-07-12 13:00:00,Rain,Auto,high
986,22.404468,88.271095,AJC Bose Road,Minor,2023-02-16,12:00,2023-02-16 12:00:00,Clear,Car,high
987,22.519074,88.273875,AJC Bose Road,Severe,2025-03-19,21:00,2025-03-19 21:00:00,Clear,Car,high
988,22.643841,88.424733,EM Bypass,Minor,2024-04-09,07:00,2024-04-09 07:00:00,Fog,Auto,high
989,22.611403,88.436412,EM Bypass,Severe,2025-01-07,01:00,2025-01-07 01:00:00,Clear,Bus,high
990,22.53829,88.443748,EM Bypass,Minor,2023-03-08,13:00,2023-03-08 13:00:00,Clear,Car,high
991,22.439403,88.469635,EM Bypass,Fatal,2022-09-17,13:00,2022-09-17 13:00:00,Rain,Truck,high
992,22.622896,88.287929,Park Street,Minor,2025-03-24,12:00,2025-03-24 12:00:00,Fog,Bike,medium
993,22.635427,88.206598,Park Street,Minor,2023-12-08,13:00,2023-12-08 13:00:00,Clear,Truck,medium
994,22.612866,88.368192,EM Bypass,Fatal,2022-04-01,15:00,2022-04-01 15:00:00,Clear,Bus,high
995,22.527911,88.233762,AJC Bose Road,Minor,2024-06-21,08:00,2024-06-21 08:00:00,Clear,Bike,high
996,22.580106,88.474785,EM Bypass,Minor,2023-03-18,02:00,2023-03-18 02:00:00,Clear,Auto,high
997,22.440242,88.390674,AJC Bose Road,Minor,2024-12-15,17:00,2024-12-15 17:00:00,Rain,Car,high
998,22.442687,88.388039,AJC Bose Road,Fatal,2022-10-07,09:00,2022-10-07 09:00:00,Fog,Auto,high
999,22.558365,88.49463,EM Bypass,Severe,2023-11-21,18:00,2023-11-21 18:00:00,Clear,Bus,high
1000,22.489573,88.385542,AJC Bose Road,Minor,2024-03-26,06:00,2024-03-26 06:00:00,Clear,Truck,high
1001,22.685182,88.460935,EM Bypass,Severe,2022-10-01,14:00,2022-10-01 14:00:00,Fog,Bus,high
1002,22.661322,88.211346,Park Street,Severe,2023-11-17,22:00,2023-11-17 22:00:00,Rain,Auto,medium
1003,22.498072,88.408375,AJC Bose Road,Minor,2023-01-27,11:00,2023-01-27 11:00:00,Clear,Truck,high
1004,22.690799,88.480428,EM Bypass,Fatal,2023-12-07,10:00,2023-12-07 10:00:00,Clear,Truck,high
1005,22.443611,88.259353,AJC Bose Road,Fatal,2023-01-21,08:00,2023-01-21 08:00:00,Fog,Bus,high
1006,22.571175,88.484656,EM Bypass,Severe,2024-11-24,13:00,2024-11-24 13:00:00,Rain,Car,high
1007,22.540649,88.327442,AJC Bose Road,Minor,2023-03-01,11:00,2023-03-01 11:00:00,Fog,Car,high
1008,22.659689,88.491985,EM Bypass,Severe,2023-06-07,06:00,2023-06-07 06:00:00,Fog,Truck,high
1009,22.565786,88.494986,EM Bypass,Minor,2022-06-21,21:00,2022-06-21 21:00:00,Rain,Car,high
1010,22.638969,88.291889,Park Street,Fatal,2023-05-08,09:00,2023-05-08 09:00:00,Clear,Auto,medium
1011,22.534404,88.406988,EM Bypass,Minor,2022-04-14,11:00,2022-04-14 11:00:00,Clear,Bike,high
1012,22.509415,88.224934,AJC Bose Road,Severe,2022-12-07,00:00,2022-12-07 00:00:00,Clear,Truck,high
1013,22.468037,88.200738,AJC Bose Road,Severe,2024-03-25,01:00,2024-03-25 01:00:00,Fog,Bike,high
1014,22.638872,88.32242,Park Street,Minor,2024-12-06,12:00,2024-12-06 12:00:00,Clear,Truck,medium
1015,22.641197,88.425718,EM Bypass,Minor,2023-02-16,18:00,2023-02-16 18:00:00,Fog,Bus,high
1016,22.590893,88.213159,Park Street,Severe,2022-09-30,08:00,2022-09-30 08:00:00,Rain,Car,medium
1017,22.444432,88.344551,AJC Bose Road,Severe,2024-06-27,18:00,2024-06-27 18:00:00,Clear,Car,high
1018,22.612974,88.303693,Park Street,Severe,2023-01-05,15:00,2023-01-05 15:00:00,Rain,Bus,medium
1019,22.636415,88.49926,EM Bypass,Minor,2022-08-07,10:00,2022-08-07 10:00:00,Fog,Bike,high
1020,22.441691,88.317933,AJC Bose Road,Fatal,2022-05-30,22:00,2022-05-30 22:00:00,Rain,Bike,high
1021,22.554623,88.494683,EM Bypass,Severe,2022-02-12,23:00,2022-02-12 23:00:00,Clear,Auto,high
1022,22.667883,88.349788,EM Bypass,Minor,2023-06-30,02:00,2023-06-30 02:00:00,Fog,Bike,high
1023,22.56989,88.284308,Park Street,Fatal,2022-08-05,17:00,2022-08-05 17:00:00,Clear,Bike,medium
1024,22.651517,88.329146,Park Street,Minor,2024-08-01,10:00,2024-08-01 10:00:00,Rain,Bike,medium
1025,22.499373,88.311309,AJC Bose Road,Fatal,2022-01-11,15:00,2022-01-11 15:00:00,Clear,Car,high
1026,22.687503,88.404481,EM Bypass,Minor,2022-01-02,10:00,2022-01-02 10:00:00,Fog,Bike,high
1027,22.529973,88.420194,EM Bypass,Minor,2022-09-23,00:00,2022-09-23 00:00:00,Fog,Bike,high
1028,22.603415,88.237714,Park Street,Severe,2024-03-30,15:00,2024-03-30 15:00:00,Rain,Auto,medium
1029,22.452939,88.438358,AJC Bose Road,Minor,2022-07-25,05:00,2022-07-25 05:00:00,Rain,Bus,high
1030,22.404779,88.226933,AJC Bose Road,Severe,2022-01-27,06:00,2022-01-27 06:00:00,Fog,Car,high
1031,22.56007,88.332753,Park Street,Minor,2023-10-24,09:00,2023-10-24 09:00:00,Fog,Truck,medium
1032,22.441141,88.399045,AJC Bose Road,Minor,2023-11-19,18:00,2023-11-19 18:00:00,Fog,Car,high
1033,22.472483,88.278633,AJC Bose Road,Severe,2023-03-26,07:00,2023-03-26 07:00:00,Rain,Auto,high
1034,22.578565,88.312603,Park Street,Severe,2024-07-08,02:00,2024-07-08 02:00:00,Clear,Bus,medium
1035,22.436687,88.303709,AJC Bose Road,Minor,2025-03-05,01:00,2025-03-05 01:00:00,Fog,Auto,high
1036,22.608659,88.46935,EM Bypass,Minor,2022-12-18,05:00,2022-12-18 05:00:00,Clear,Bike,high
1037,22.576176,88.352237,Park Street,Minor,2022-11-11,01:00,2022-11-11 01:00:00,Fog,Auto,medium
1038,22.532753,88.469948,EM Bypass,Minor,2024-05-27,22:00,2024-05-27 22:00:00,Rain,Bike,high
1039,22.42305,88.218506,AJC Bose Road,Severe,2022-02-03,17:00,2022-02-03 17:00:00,Clear,Bike,high
1040,22.450868,88.367268,AJC Bose Road,Minor,2025-01-03,06:00,2025-01-03 06:00:00,Fog,Bike,high
1041,22.497248,88.407713,AJC Bose Road,Severe,2024-03-29,08:00,2024-03-29 08:00:00,Fog,Auto,high
1042,22.50678,88.482823,EM Bypass,Minor,2022-07-01,16:00,2022-07-01 16:00:00,Fog,Bus,high
1043,22.552026,88.418891,EM Bypass,Severe,2022-09-04,11:00,2022-09-04 11:00:00,Clear,Bike,high
1044,22.685859,88.223367,Park Street,Minor,2023-06-18,05:00,2023-06-18 05:00:00,Fog,Bike,medium
1045,22.614383,88.485398,EM Bypass,Fatal,2022-02-24,09:00,2022-02-24 09:00:00,Fog,Auto,high
1046,22.534106,88.211399,Park Street,Minor,2023-02-08,10:00,2023-02-08 10:00:00,Fog,Truck,medium
1047,22.440188,88.292156,AJC Bose Road,Minor,2024-08-01,14:00,2024-08-01 14:00:00,Clear,Bike,high
1048,22.489854,88.234896,AJC Bose Road,Minor,2024-11-07,05:00,2024-11-07 05:00:00,Rain,Truck,high
1049,22.526246,88.319879,AJC Bose Road,Fatal,2024-11-25,17:00,2024-11-25 17:00:00,Fog,Truck,high
1050,22.43726,88.403445,AJC Bose Road,Fatal,2024-05-05,15:00,2024-05-05 15:00:00,Clear,Auto,high
1051,22.490072,88.405457,AJC Bose Road,Severe,2022-11-14,20:00,2022-11-14 20:00:00,Rain,Bike,high
1052,22.660434,88.298609,Park Street,Severe,2022-09-12,17:00,2022-09-12 17:00:00,Clear,Bike,medium
1053,22.467921,88.426689,AJC Bose Road,Minor,2024-09-03,04:00,2024-09-03 04:00:00,Clear,Truck,high
1054,22.428411,88.398718,AJC Bose Road,Minor,2022-10-10,13:00,2022-10-10 13:00:00,Clear,Truck,high
1055,22.698294,88.462853,EM Bypass,Severe,2022-01-31,12:00,2022-01-31 12:00:00,Fog,Auto,high
1056,22.452041,88.304641,AJC Bose Road,Minor,2022-09-17,04:00,2022-09-17 04:00:00,Clear,Bike,high
1057,22.473645,88.377849,AJC Bose Road,Minor,2024-06-01,00:00,2024-06-01 00:00:00,Rain,Auto,high
1058,22.532873,88.248782,AJC Bose Road,Fatal,2024-07-05,10:00,2024-07-05 10:00:00,Rain,Auto,high
1059,22.616272,88.30321,Park Street,Minor,2023-07-26,00:00,2023-07-26 00:00:00,Clear,Bike,medium
1060,22.432287,88.282957,AJC Bose Road,Minor,2024-09-11,07:00,2024-09-11 07:00:00,Fog,Car,high
1061,22.541802,88.227455,Park Street,Fatal,2023-12-19,07:00,2023-12-19 07:00:00,Rain,Bus,medium
1062,22.68752,88.449925,EM Bypass,Severe,2023-11-07,15:00,2023-11-07 15:00:00,Fog,Bike,high
1063,22.504297,88.349675,AJC Bose Road,Fatal,2024-03-26,21:00,2024-03-26 21:00:00,Fog,Truck,high
1064,22.417738,88.464451,EM Bypass,Minor,2024-01-04,09:00,2024-01-04 09:00:00,Fog,Truck,high
1065,22.43059,88.229926,AJC Bose Road,Minor,2023-12-07,16:00,2023-12-07 16:00:00,Clear,Auto,high
1066,22.57636,88.495758,EM Bypass,Minor,2024-12-31,16:00,2024-12-31 16:00:00,Rain,Car,high
1067,22.638084,88.347186,Park Street,Minor,2023-05-05,23:00,2023-05-05 23:00:00,Rain,Truck,medium
1068,22.490985,88.20169,AJC Bose Road,Minor,2022-08-27,19:00,2022-08-27 19:00:00,Fog,Bus,high
1069,22.461436,88.29935,AJC Bose Road,Minor,2023-07-06,10:00,2023-07-06 10:00:00,Fog,Bike,high
1070,22.475139,88.459811,EM Bypass,Minor,2023-09-12,12:00,2023-09-12 12:00:00,Clear,Bike,high
1071,22.619912,88.399612,EM Bypass,Minor,2022-09-03,03:00,2022-09-03 03:00:00,Rain,Auto,high
1072,22.459394,88.457696,EM Bypass,Minor,2022-01-21,10:00,2022-01-21 10:00:00,Clear,Car,high
1073,22.430533,88.37628,AJC Bose Road,Minor,2022-06-10,04:00,2022-06-10 04:00:00,Rain,Car,high
1074,22.511901,88.383362,AJC Bose Road,Severe,2023-08-17,21:00,2023-08-17 21:00:00,Fog,Bike,high
1075,22.424389,88.229074,AJC Bose Road,Minor,2022-04-26,16:00,2022-04-26 16:00:00,Clear,Truck,high
1076,22.600449,88.327909,Park Street,Severe,2023-09-02,06:00,2023-09-02 06:00:00,Fog,Car,medium
1077,22.415186,88.464489,AJC Bose Road,Minor,2023-10-31,21:00,2023-10-31 21:00:00,Fog,Bike,high
1078,22.432356,88.238809,AJC Bose Road,Minor,2024-08-04,15:00,2024-08-04 15:00:00,Rain,Car,high
1079,22.59972,88.475155,EM Bypass,Severe,2023-01-01,16:00,2023-01-01 16:00:00,Fog,Auto,high
1080,22.485997,88.447281,EM Bypass,Minor,2023-06-22,17:00,2023-06-22 17:00:00,Rain,Auto,high
1081,22.459361,88.233895,AJC Bose Road,Severe,2022-12-21,09:00,2022-12-21 09:00:00,Clear,Truck,high
1082,22.624841,88.35598,Park Street,Fatal,2023-07-09,12:00,2023-07-09 12:00:00,Fog,Car,medium
1083,22.410498,88.385129,AJC Bose Road,Minor,2022-11-19,19:00,2022-11-19 19:00:00,Rain,Truck,high
1084,22.559229,88.223953,Park Street,Minor,2025-04-11,08:00,2025-04-11 08:00:00,Rain,Bike,medium
1085,22.406137,88.243159,AJC Bose Road,Minor,2024-10-02,01:00,2024-10-02 01:00:00,Rain,Truck,high
1086,22.672075,88.440799,EM Bypass,Minor,2023-06-30,00:00,2023-06-30 00:00:00,Fog,Car,high
1087,22.559949,88.436108,EM Bypass,Severe,2023-03-02,02:00,2023-03-02 02:00:00,Fog,Bus,high
1088,22.468456,88.483499,EM Bypass,Minor,2024-06-30,21:00,2024-06-30 21:00:00,Clear,Bike,high
1089,22.665876,88.35199,EM Bypass,Severe,2022-01-12,16:00,2022-01-12 16:00:00,Fog,Bus,high
1090,22.529089,88.367601,AJC Bose Road,Minor,2022-08-27,06:00,2022-08-27 06:00:00,Fog,Car,high
1091,22.523484,88.41975,EM Bypass,Minor,2024-02-24,01:00,2024-02-24 01:00:00,Fog,Auto,high
1092,22.571257,88.356366,Park Street,Severe,2022-08-18,22:00,2022-08-18 22:00:00,Fog,Truck,medium
1093,22.411506,88.427261,AJC Bose Road,Minor,2025-01-27,18:00,2025-01-27 18:00:00,Fog,Auto,high
1094,22.404862,88.240219,AJC Bose Road,Minor,2022-06-21,00:00,2022-06-21 00:00:00,Fog,Auto,high
1095,22.454205,88.307103,AJC Bose Road,Fatal,2022-05-26,13:00,2022-05-26 13:00:00,Fog,Auto,high
1096,22.406517,88.200281,AJC Bose Road,Minor,2023-09-27,13:00,2023-09-27 13:00:00,Clear,Auto,high
1097,22.446792,88.496143,EM Bypass,Minor,2022-06-26,14:00,2022-06-26 14:00:00,Clear,Car,high
1098,22.527022,88.436438,EM Bypass,Severe,2022-08-08,13:00,2022-08-08 13:00:00,Fog,Truck,high
1099,22.569358,88.323493,Park Street,Minor,2022-04-04,19:00,2022-04-04 19:00:00,Fog,Bike,medium
1100,22.628343,88.441604,EM Bypass,Fatal,2023-08-23,06:00,2023-08-23 06:00:00,Clear,Car,high
1101,22.613499,88.306502,Park Street,Minor,2023-08-29,09:00,2023-08-29 09:00:00,Fog,Auto,medium
1102,22.530046,88.362408,AJC Bose Road,Minor,2024-12-08,19:00,2024-12-08 19:00:00,Fog,Bike,high
1103,22.407922,88.350011,AJC Bose Road,Severe,2022-09-11,03:00,2022-09-11 03:00:00,Clear,Auto,high
1104,22.506442,88.249492,AJC Bose Road,Severe,2023-01-03,01:00,2023-01-03 01:00:00,Fog,Truck,high
1105,22.449773,88.370292,AJC Bose Road,Minor,2022-05-23,05:00,2022-05-23 05:00:00,Clear,Auto,high
1106,22.678729,88.468104,EM Bypass,Fatal,2022-10-05,13:00,2022-10-05 13:00:00,Clear,Truck,high
1107,22.508226,88.429903,EM Bypass,Minor,2022-07-22,14:00,2022-07-22 14:00:00,Clear,Car,high
1108,22.499802,88.435675,EM Bypass,Severe,2023-12-23,23:00,2023-12-23 23:00:00,Clear,Bike,high
1109,22.604417,88.472152,EM Bypass,Minor,2024-07-31,02:00,2024-07-31 02:00:00,Rain,Truck,high
1110,22.517288,88.326883,AJC Bose Road,Minor,2023-04-25,17:00,2023-04-25 17:00:00,Fog,Bus,high
1111,22.469325,88.354951,AJC Bose Road,Severe,2024-03-30,04:00,2024-03-30 04:00:00,Rain,Bike,high
1112,22.446659,88.477146,EM Bypass,Minor,2025-03-13,10:00,2025-03-13 10:00:00,Rain,Truck,high
1113,22.476686,88.200343,AJC Bose Road,Minor,2023-05-27,06:00,2023-05-27 06:00:00,Clear,Bus,high
1114,22.621914,88.261545,Park Street,Minor,2023-02-21,15:00,2023-02-21 15:00:00,Fog,Truck,medium
1115,22.5016,88.493091,EM Bypass,Minor,2024-11-08,19:00,2024-11-08 19:00:00,Fog,Truck,high
1116,22.469274,88.478498,EM Bypass,Minor,2024-03-29,08:00,2024-03-29 08:00:00,Fog,Bike,high
1117,22.676772,88.260589,Park Street,Fatal,2024-11-17,13:00,2024-11-17 13:00:00,Rain,Bike,medium
1118,22.66954,88.499212,EM Bypass,Fatal,2023-05-09,06:00,2023-05-09 06:00:00,Rain,Bus,high
1119,22.412731,88.347482,AJC Bose Road,Severe,2024-04-08,21:00,2024-04-08 21:00:00,Fog,Bus,high
1120,22.67741,88.368983,EM Bypass,Minor,2023-06-01,22:00,2023-06-01 22:00:00,Clear,Auto,high
1121,22.490977,88.43652,EM Bypass,Fatal,2024-12-15,17:00,2024-12-15 17:00:00,Clear,Truck,high
1122,22.642124,88.319218,Park Street,Severe,2023-05-29,02:00,2023-05-29 02:00:00,Rain,Bike,medium
1123,22.622426,88.23806,Park Street,Severe,2024-12-12,20:00,2024-12-12 20:00:00,Clear,Truck,medium
1124,22.562394,88.311829,Park Street,Minor,2022-11-11,15:00,2022-11-11 15:00:00,Fog,Bike,medium
1125,22.530131,88.493622,EM Bypass,Minor,2023-05-01,17:00,2023-05-01 17:00:00,Rain,Truck,high
1126,22.551149,88.22919,Park Street,Minor,2022-03-24,17:00,2022-03-24 17:00:00,Rain,Truck,medium
1127,22.676812,88.275232,Park Street,Minor,2022-11-27,11:00,2022-11-27 11:00:00,Fog,Bike,medium
1128,22.638686,88.286504,Park Street,Severe,2023-07-21,08:00,2023-07-21 08:00:00,Fog,Auto,medium
1129,22.421509,88.201993,AJC Bose Road,Minor,2023-05-07,06:00,2023-05-07 06:00:00,Clear,Truck,high
1130,22.542104,88.37723,AJC Bose Road,Severe,2023-07-31,14:00,2023-07-31 14:00:00,Rain,Bus,high
1131,22.524512,88.25998,AJC Bose Road,Minor,2023-07-28,03:00,2023-07-28 03:00:00,Fog,Auto,high
1132,22.500375,88.286305,AJC Bose Road,Minor,2024-08-28,19:00,2024-08-28 19:00:00,Clear,Car,high
1133,22.59263,88.477053,EM Bypass,Severe,2022-04-03,11:00,2022-04-03 11:00:00,Rain,Bike,high
1134,22.439691,88.417348,AJC Bose Road,Minor,2023-02-24,06:00,2023-02-24 06:00:00,Rain,Car,high
1135,22.668249,88.293487,Park Street,Minor,2025-02-28,10:00,2025-02-28 10:00:00,Clear,Truck,medium
1136,22.643515,88.384365,EM Bypass,Minor,2023-12-30,01:00,2023-12-30 01:00:00,Rain,Bus,high
1137,22.445016,88.418975,AJC Bose Road,Minor,2023-10-29,09:00,2023-10-29 09:00:00,Rain,Bike,high
1138,22.513064,88.451919,EM Bypass,Fatal,2023-08-07,16:00,2023-08-07 16:00:00,Clear,Car,high
1139,22.484873,88.324734,AJC Bose Road,Severe,2023-11-09,12:00,2023-11-09 12:00:00,Clear,Truck,high
1140,22.472227,88.203305,AJC Bose Road,Minor,2023-03-20,22:00,2023-03-20 22:00:00,Clear,Auto,high
1141,22.683148,88.359245,EM Bypass,Severe,2024-07-24,10:00,2024-07-24 10:00:00,Rain,Truck,high
1142,22.469641,88.434475,EM Bypass,Minor,2024-07-16,02:00,2024-07-16 02:00:00,Clear,Bus,high
1143,22.67909,88.215198,Park Street,Severe,2023-09-10,13:00,2023-09-10 13:00:00,Fog,Auto,medium
1144,22.6526,88.274337,Park Street,Fatal,2025-02-03,07:00,2025-02-03 07:00:00,Rain,Truck,medium
1145,22.546781,88.469543,EM Bypass,Minor,2022-09-16,00:00,2022-09-16 00:00:00,Rain,Bus,high
1146,22.470833,88.229727,AJC Bose Road,Minor,2023-09-05,09:00,2023-09-05 09:00:00,Clear,Bus,high
1147,22.662219,88.2055,Park Street,Severe,2023-03-16,17:00,2023-03-16 17:00:00,Clear,Car,medium
1148,22.444457,88.465782,EM Bypass,Severe,2023-09-13,23:00,2023-09-13 23:00:00,Clear,Auto,high
1149,22.49405,88.382835,AJC Bose Road,Minor,2022-06-19,13:00,2022-06-19 13:00:00,Fog,Truck,high
1150,22.506669,88.48224,EM Bypass,Minor,2023-08-03,02:00,2023-08-03 02:00:00,Rain,Truck,high
1151,22.652379,88.338272,Park Street,Minor,2024-06-24,20:00,2024-06-24 20:00:00,Rain,Car,medium
1152,22.573364,88.454157,EM Bypass,Fatal,2023-11-19,04:00,2023-11-19 04:00:00,Rain,Auto,high
1153,22.657569,88.337592,Park Street,Minor,2022-12-02,14:00,2022-12-02 14:00:00,Fog,Truck,medium
1154,22.563744,88.319645,Park Street,Minor,2025-02-23,07:00,2025-02-23 07:00:00,Fog,Auto,medium
1155,22.694415,88.267322,Park Street,Minor,2024-07-08,18:00,2024-07-08 18:00:00,Rain,Bus,medium
1156,22.412526,88.342329,AJC Bose Road,Minor,2023-11-25,22:00,2023-11-25 22:00:00,Rain,Truck,high
1157,22.501523,88.498267,EM Bypass,Severe,2024-11-22,09:00,2024-11-22 09:00:00,Clear,Bike,high
1158,22.594481,88.289372,Park Street,Minor,2024-02-09,04:00,2024-02-09 04:00:00,Rain,Bike,medium
1159,22.61508,88.347063,Park Street,Severe,2022-11-14,02:00,2022-11-14 02:00:00,Clear,Bike,medium
1160,22.653216,88.403188,EM Bypass,Minor,2025-02-14,05:00,2025-02-14 05:00:00,Rain,Bus,high
1161,22.419041,88.409869,AJC Bose Road,Fatal,2022-11-16,22:00,2022-11-16 22:00:00,Rain,Bike,high
1162,22.577258,88.481542,EM Bypass,Minor,2022-01-11,01:00,2022-01-11 01:00:00,Rain,Car,high
1163,22.528197,88.39193,AJC Bose Road,Minor,2024-01-13,22:00,2024-01-13 22:00:00,Fog,Car,high
1164,22.538452,88.39749,EM Bypass,Fatal,2022-03-21,01:00,2022-03-21 01:00:00,Clear,Auto,high
1165,22.45513,88.44278,EM Bypass,Minor,2024-09-16,23:00,2024-09-16 23:00:00,Rain,Bike,high
1166,22.50763,88.417518,EM Bypass,Minor,2022-07-22,14:00,2022-07-22 14:00:00,Clear,Bike,high
1167,22.50388,88.338523,AJC Bose Road,Minor,2023-10-26,05:00,2023-10-26 05:00:00,Fog,Car,high
1168,22.42741,88.369783,AJC Bose Road,Severe,2022-02-27,10:00,2022-02-27 10:00:00,Fog,Truck,high
1169,22.648581,88.420351,EM Bypass,Minor,2023-05-12,04:00,2023-05-12 04:00:00,Rain,Truck,high
1170,22.50166,88.311746,AJC Bose Road,Minor,2023-01-10,03:00,2023-01-10 03:00:00,Rain,Bus,high
1171,22.580554,88.355991,Park Street,Severe,2024-03-21,07:00,2024-03-21 07:00:00,Rain,Bus,medium
1172,22.44165,88.211086,AJC Bose Road,Fatal,2023-10-01,06:00,2023-10-01 06:00:00,Clear,Bus,high
1173,22.512273,88.407239,AJC Bose Road,Minor,2025-01-11,08:00,2025-01-11 08:00:00,Rain,Car,high
1174,22.565788,88.395008,EM Bypass,Minor,2022-09-20,22:00,2022-09-20 22:00:00,Fog,Auto,high
1175,22.486825,88.470373,EM Bypass,Minor,2023-09-29,09:00,2023-09-29 09:00:00,Fog,Bike,high
1176,22.516832,88.341178,AJC Bose Road,Severe,2022-07-08,11:00,2022-07-08 11:00:00,Rain,Bike,high
1177,22.627978,88.395299,EM Bypass,Minor,2023-05-27,14:00,2023-05-27 14:00:00,Rain,Bus,high
1178,22.589818,88.210537,Park Street,Minor,2022-10-10,01:00,2022-10-10 01:00:00,Rain,Bike,medium
1179,22.539812,88.272093,Park Street,Minor,2024-06-30,08:00,2024-06-30 08:00:00,Clear,Auto,medium
1180,22.405764,88.295813,AJC Bose Road,Severe,2023-09-05,01:00,2023-09-05 01:00:00,Clear,Car,high
1181,22.548572,88.364536,Park Street,Minor,2023-11-25,16:00,2023-11-25 16:00:00,Clear,Truck,medium
1182,22.683809,88.233504,Park Street,Minor,2025-01-02,21:00,2025-01-02 21:00:00,Rain,Bike,medium
1183,22.400901,88.337009,AJC Bose Road,Minor,2022-12-07,14:00,2022-12-07 14:00:00,Rain,Truck,high
1184,22.568911,88.339183,Park Street,Fatal,2022-03-01,00:00,2022-03-01 00:00:00,Rain,Bus,medium
1185,22.459402,88.375651,AJC Bose Road,Fatal,2023-12-08,10:00,2023-12-08 10:00:00,Fog,Bus,high
1186,22.573729,88.276982,Park Street,Severe,2023-02-05,02:00,2023-02-05 02:00:00,Fog,Bike,medium
1187,22.509608,88.492216,EM Bypass,Fatal,2023-11-09,16:00,2023-11-09 16:00:00,Rain,Car,high
1188,22.570857,88.431834,EM Bypass,Severe,2022-04-07,21:00,2022-04-07 21:00:00,Clear,Car,high
1189,22.442297,88.33669,AJC Bose Road,Minor,2022-04-09,07:00,2022-04-09 07:00:00,Rain,Truck,high
1190,22.598292,88.216592,Park Street,Minor,2024-08-01,19:00,2024-08-01 19:00:00,Rain,Auto,medium
1191,22.684816,88.329164,Park Street,Severe,2024-01-12,03:00,2024-01-12 03:00:00,Clear,Auto,medium
1192,22.566775,88.292776,Park Street,Minor,2022-03-24,12:00,2022-03-24 12:00:00,Rain,Bike,medium
1193,22.601308,88.289324,Park Street,Minor,2024-07-29,13:00,2024-07-29 13:00:00,Rain,Truck,medium
1194,22.573559,88.46139,EM Bypass,Severe,2022-06-23,11:00,2022-06-23 11:00:00,Rain,Bike,high
1195,22.416938,88.427787,AJC Bose Road,Fatal,2023-06-12,07:00,2023-06-12 07:00:00,Fog,Bus,high
1196,22.635369,88.311861,Park Street,Fatal,2024-01-25,04:00,2024-01-25 04:00:00,Fog,Car,medium
1197,22.634337,88.470392,EM Bypass,Minor,2024-07-12,04:00,2024-07-12 04:00:00,Fog,Truck,high
1198,22.412549,88.465839,AJC Bose Road,Minor,2024-10-06,15:00,2024-10-06 15:00:00,Rain,Car,high
1199,22.633198,88.499571,EM Bypass,Minor,2022-05-13,01:00,2022-05-13 01:00:00,Rain,Truck,high
1200,22.515527,88.351928,AJC Bose Road,Minor,2025-02-11,07:00,2025-02-11 07:00:00,Clear,Car,high
1201,22.699711,88.315788,Park Street,Minor,2023-12-15,06:00,2023-12-15 06:00:00,Rain,Auto,medium
1202,22.577709,88.370896,Park Street,Fatal,2023-05-09,11:00,2023-05-09 11:00:00,Rain,Auto,medium
1203,22.685716,88.438876,EM Bypass,Minor,2023-05-18,02:00,2023-05-18 02:00:00,Fog,Bike,high
1204,22.667999,88.390129,EM Bypass,Severe,2024-03-29,06:00,2024-03-29 06:00:00,Fog,Bus,high
1205,22.637646,88.317931,Park Street,Fatal,2023-04-23,11:00,2023-04-23 11:00:00,Clear,Truck,medium
1206,22.633702,88.20861,Park Street,Fatal,2023-01-11,19:00,2023-01-11 19:00:00,Fog,Car,medium
1207,22.536172,88.421546,EM Bypass,Severe,2023-03-09,23:00,2023-03-09 23:00:00,Clear,Bike,high
1208,22.676631,88.258484,Park Street,Minor,2024-11-21,13:00,2024-11-21 13:00:00,Clear,Bus,medium
1209,22.506181,88.361581,AJC Bose Road,Severe,2023-06-01,20:00,2023-06-01 20:00:00,Clear,Bus,high
1210,22.539173,88.49037,EM Bypass,Minor,2023-09-08,13:00,2023-09-08 13:00:00,Rain,Bike,high
1211,22.472447,88.477385,EM Bypass,Minor,2023-01-27,09:00,2023-01-27 09:00:00,Rain,Bike,high
1212,22.522375,88.404458,EM Bypass,Minor,2023-08-01,14:00,2023-08-01 14:00:00,Clear,Bike,high
1213,22.634044,88.301592,Park Street,Fatal,2022-12-27,23:00,2022-12-27 23:00:00,Clear,Bike,medium
1214,22.49205,88.210422,AJC Bose Road,Minor,2024-04-23,01:00,2024-04-23 01:00:00,Fog,Auto,high
1215,22.600601,88.330006,Park Street,Severe,2022-06-13,00:00,2022-06-13 00:00:00,Rain,Auto,medium
1216,22.422309,88.305378,AJC Bose Road,Minor,2023-03-25,22:00,2023-03-25 22:00:00,Rain,Bike,high
1217,22.60252,88.435743,EM Bypass,Minor,2025-02-19,12:00,2025-02-19 12:00:00,Clear,Truck,high
1218,22.54329,88.285324,Park Street,Minor,2023-03-24,16:00,2023-03-24 16:00:00,Clear,Car,medium
1219,22.448862,88.400168,AJC Bose Road,Minor,2023-10-23,12:00,2023-10-23 12:00:00,Fog,Truck,high
1220,22.675459,88.356333,EM Bypass,Minor,2023-08-11,12:00,2023-08-11 12:00:00,Rain,Bike,high
1221,22.422872,88.364498,AJC Bose Road,Minor,2022-03-20,14:00,2022-03-20 14:00:00,Rain,Auto,high
1222,22.664859,88.324019,Park Street,Minor,2024-02-14,21:00,2024-02-14 21:00:00,Clear,Car,medium
1223,22.481378,88.42927,EM Bypass,Fatal,2024-02-15,22:00,2024-02-15 22:00:00,Fog,Truck,high
1224,22.559112,88.326344,Park Street,Severe,2022-09-04,15:00,2022-09-04 15:00:00,Fog,Car,medium
1225,22.591879,88.486983,EM Bypass,Severe,2023-07-16,18:00,2023-07-16 18:00:00,Fog,Auto,high
1226,22.640299,88.399059,EM Bypass,Severe,2025-01-29,08:00,2025-01-29 08:00:00,Fog,Bike,high
1227,22.614962,88.327355,Park Street,Minor,2023-02-24,05:00,2023-02-24 05:00:00,Rain,Bus,medium
1228,22.679735,88.451796,EM Bypass,Severe,2022-12-31,07:00,2022-12-31 07:00:00,Fog,Bus,high
1229,22.624475,88.260312,Park Street,Minor,2024-03-17,22:00,2024-03-17 22:00:00,Rain,Car,medium
1230,22.553032,88.401833,EM Bypass,Minor,2023-05-17,11:00,2023-05-17 11:00:00,Fog,Car,high
1231,22.44236,88.245281,AJC Bose Road,Minor,2023-08-22,04:00,2023-08-22 04:00:00,Clear,Car,high
1232,22.555516,88.443306,EM Bypass,Minor,2023-07-31,17:00,2023-07-31 17:00:00,Fog,Bus,high
1233,22.600889,88.422628,EM Bypass,Severe,2023-04-23,15:00,2023-04-23 15:00:00,Clear,Auto,high
1234,22.665106,88.466867,EM Bypass,Minor,2024-10-01,18:00,2024-10-01 18:00:00,Fog,Car,high
1235,22.67021,88.377967,EM Bypass,Severe,2022-08-01,14:00,2022-08-01 14:00:00,Fog,Truck,high
1236,22.571798,88.479264,EM Bypass,Minor,2023-04-13,10:00,2023-04-13 10:00:00,Rain,Auto,high
1237,22.4108,88.234733,AJC Bose Road,Severe,2024-02-27,01:00,2024-02-27 01:00:00,Fog,Car,high
1238,22.544249,88.313444,Park Street,Minor,2024-01-06,22:00,2024-01-06 22:00:00,Fog,Auto,medium
1239,22.606437,88.49667,EM Bypass,Minor,2024-02-04,08:00,2024-02-04 08:00:00,Fog,Truck,high
1240,22.428192,88.446356,AJC Bose Road,Severe,2022-10-21,02:00,2022-10-21 02:00:00,Clear,Auto,high
1241,22.657156,88.357585,EM Bypass,Minor,2024-04-19,20:00,2024-04-19 20:00:00,Clear,Bus,high
1242,22.475109,88.47452,EM Bypass,Fatal,2022-11-26,10:00,2022-11-26 10:00:00,Clear,Auto,high
1243,22.685083,88.318926,Park Street,Minor,2023-05-24,19:00,2023-05-24 19:00:00,Rain,Bus,medium
1244,22.517768,88.338412,AJC Bose Road,Minor,2022-06-03,21:00,2022-06-03 21:00:00,Clear,Bus,high
1245,22.618568,88.256831,Park Street,Fatal,2024-06-01,12:00,2024-06-01 12:00:00,Fog,Auto,medium
1246,22.438939,88.378225,AJC Bose Road,Minor,2024-03-22,14:00,2024-03-22 14:00:00,Fog,Bus,high
1247,22.519047,88.343253,AJC Bose Road,Severe,2022-01-30,22:00,2022-01-30 22:00:00,Fog,Car,high
1248,22.451763,88.241989,AJC Bose Road,Minor,2024-02-25,22:00,2024-02-25 22:00:00,Rain,Bus,high
1249,22.467752,88.369858,AJC Bose Road,Minor,2022-10-09,12:00,2022-10-09 12:00:00,Fog,Bike,high
1250,22.464538,88.213931,AJC Bose Road,Severe,2024-08-29,04:00,2024-08-29 04:00:00,Clear,Auto,high
1251,22.543321,88.273287,Park Street,Minor,2025-04-13,10:00,2025-04-13 10:00:00,Clear,Bike,medium
1252,22.453227,88.343106,AJC Bose Road,Severe,2023-01-25,22:00,2023-01-25 22:00:00,Clear,Bus,high
1253,22.674367,88.270526,Park Street,Minor,2022-07-30,19:00,2022-07-30 19:00:00,Rain,Bike,medium
1254,22.505246,88.316724,AJC Bose Road,Severe,2023-03-31,15:00,2023-03-31 15:00:00,Fog,Bus,high
1255,22.570305,88.329522,Park Street,Minor,2025-01-03,19:00,2025-01-03 19:00:00,Rain,Bus,medium
1256,22.544119,88.207646,Park Street,Severe,2023-07-17,09:00,2023-07-17 09:00:00,Rain,Truck,medium
1257,22.538945,88.341004,AJC Bose Road,Fatal,2022-10-28,02:00,2022-10-28 02:00:00,Fog,Auto,high
1258,22.627754,88.235933,Park Street,Minor,2023-03-17,14:00,2023-03-17 14:00:00,Clear,Bus,medium
1259,22.50123,88.476453,EM Bypass,Minor,2024-03-26,01:00,2024-03-26 01:00:00,Rain,Bus,high
1260,22.629911,88.360497,EM Bypass,Severe,2023-08-30,09:00,2023-08-30 09:00:00,Clear,Car,high
1261,22.629516,88.340027,Park Street,Severe,2023-08-09,10:00,2023-08-09 10:00:00,Fog,Bike,medium
1262,22.566786,88.223478,Park Street,Minor,2022-03-06,22:00,2022-03-06 22:00:00,Rain,Auto,medium
1263,22.661427,88.461324,EM Bypass,Fatal,2022-09-22,19:00,2022-09-22 19:00:00,Clear,Auto,high
1264,22.578055,88.286896,Park Street,Fatal,2024-07-11,14:00,2024-07-11 14:00:00,Clear,Car,medium
1265,22.655065,88.454897,EM Bypass,Minor,2022-06-12,22:00,2022-06-12 22:00:00,Rain,Auto,high
1266,22.537984,88.383821,AJC Bose Road,Minor,2024-01-26,02:00,2024-01-26 02:00:00,Fog,Auto,high
1267,22.612572,88.404628,EM Bypass,Minor,2023-12-23,06:00,2023-12-23 06:00:00,Clear,Auto,high
1268,22.451379,88.209832,AJC Bose Road,Minor,2023-09-07,09:00,2023-09-07 09:00:00,Rain,Bike,high
1269,22.433002,88.410396,AJC Bose Road,Severe,2024-12-20,11:00,2024-12-20 11:00:00,Fog,Bike,high
1270,22.588072,88.25724,Park Street,Minor,2025-02-04,13:00,2025-02-04 13:00:00,Clear,Auto,medium
1271,22.402861,88.223009,AJC Bose Road,Minor,2023-11-01,02:00,2023-11-01 02:00:00,Fog,Bus,high
1272,22.663939,88.282103,Park Street,Severe,2023-08-27,15:00,2023-08-27 15:00:00,Clear,Bike,medium
1273,22.638099,88.406412,EM Bypass,Minor,2022-08-05,01:00,2022-08-05 01:00:00,Fog,Auto,high
1274,22.59433,88.275865,Park Street,Severe,2023-06-22,01:00,2023-06-22 01:00:00,Fog,Bike,medium
1275,22.539058,88.497215,EM Bypass,Minor,2022-04-08,21:00,2022-04-08 21:00:00,Clear,Auto,high
1276,22.47434,88.356492,AJC Bose Road,Minor,2022-02-10,08:00,2022-02-10 08:00:00,Fog,Bus,high
1277,22.693756,88.450789,EM Bypass,Severe,2024-07-27,23:00,2024-07-27 23:00:00,Rain,Bus,high
1278,22.561529,88.32715,Park Street,Minor,2025-02-03,13:00,2025-02-03 13:00:00,Clear,Truck,medium
1279,22.664949,88.363243,EM Bypass,Minor,2024-10-12,21:00,2024-10-12 21:00:00,Rain,Truck,high
1280,22.515362,88.281994,AJC Bose Road,Minor,2023-01-22,17:00,2023-01-22 17:00:00,Clear,Auto,high
1281,22.669076,88.311933,Park Street,Severe,2023-06-15,09:00,2023-06-15 09:00:00,Clear,Bus,medium
1282,22.431246,88.23056,AJC Bose Road,Fatal,2025-02-10,21:00,2025-02-10 21:00:00,Clear,Bike,high
1283,22.620923,88.216041,Park Street,Minor,2025-03-10,11:00,2025-03-10 11:00:00,Clear,Bus,medium
1284,22.662528,88.240087,Park Street,Minor,2025-01-09,03:00,2025-01-09 03:00:00,Rain,Auto,medium
1285,22.592407,88.485865,EM Bypass,Minor,2023-12-26,00:00,2023-12-26 00:00:00,Fog,Bike,high
1286,22.6927,88.410681,EM Bypass,Severe,2022-06-20,05:00,2022-06-20 05:00:00,Fog,Auto,high
1287,22.576093,88.484629,EM Bypass,Minor,2022-11-07,13:00,2022-11-07 13:00:00,Rain,Bus,high
1288,22.522389,88.23434,AJC Bose Road,Severe,2024-09-20,14:00,2024-09-20 14:00:00,Fog,Truck,high
1289,22.560908,88.384023,EM Bypass,Severe,2023-03-18,15:00,2023-03-18 15:00:00,Rain,Bus,high
1290,22.412529,88.325564,AJC Bose Road,Severe,2025-04-09,05:00,2025-04-09 05:00:00,Clear,Car,high
1291,22.647217,88.440071,EM Bypass,Minor,2024-09-29,05:00,2024-09-29 05:00:00,Rain,Truck,high
1292,22.605874,88.261997,Park Street,Minor,2022-06-25,16:00,2022-06-25 16:00:00,Rain,Car,medium
1293,22.621087,88.320713,Park Street,Minor,2022-05-09,00:00,2022-05-09 00:00:00,Clear,Truck,medium
1294,22.560153,88.242808,Park Street,Severe,2024-04-23,14:00,2024-04-23 14:00:00,Rain,Truck,medium
1295,22.531878,88.35524,AJC Bose Road,Severe,2025-04-07,01:00,2025-04-07 01:00:00,Fog,Bike,high
1296,22.51914,88.243372,AJC Bose Road,Minor,2024-04-16,11:00,2024-04-16 11:00:00,Clear,Truck,high
1297,22.636259,88.459105,EM Bypass,Minor,2024-04-19,09:00,2024-04-19 09:00:00,Fog,Car,high
1298,22.651908,88.295735,Park Street,Minor,2023-02-13,23:00,2023-02-13 23:00:00,Rain,Auto,medium
1299,22.450076,88.365795,AJC Bose Road,Minor,2022-01-01,05:00,2022-01-01 05:00:00,Fog,Bus,high
1300,22.426807,88.200374,AJC Bose Road,Minor,2023-01-10,05:00,2023-01-10 05:00:00,Rain,Car,high
1301,22.692895,88.346422,EM Bypass,Severe,2024-02-12,08:00,2024-02-12 08:00:00,Clear,Auto,high
1302,22.624172,88.496805,EM Bypass,Minor,2024-08-15,06:00,2024-08-15 06:00:00,Rain,Auto,high
1303,22.500507,88.405201,AJC Bose Road,Fatal,2024-06-06,04:00,2024-06-06 04:00:00,Clear,Car,high
1304,22.648855,88.321585,Park Street,Minor,2024-10-26,19:00,2024-10-26 19:00:00,Fog,Auto,medium
1305,22.6463,88.220711,Park Street,Minor,2022-07-24,16:00,2022-07-24 16:00:00,Clear,Bike,medium
1306,22.682557,88.383752,EM Bypass,Severe,2023-04-13,18:00,2023-04-13 18:00:00,Clear,Bike,high
1307,22.487982,88.264367,AJC Bose Road,Minor,2022-09-11,04:00,2022-09-11 04:00:00,Fog,Car,high
1308,22.66851,88.309082,Park Street,Fatal,2023-11-25,19:00,2023-11-25 19:00:00,Clear,Bus,medium
1309,22.527985,88.204592,AJC Bose Road,Minor,2022-12-29,05:00,2022-12-29 05:00:00,Clear,Truck,high
1310,22.590028,88.486496,EM Bypass,Severe,2024-10-16,15:00,2024-10-16 15:00:00,Fog,Truck,high
1311,22.443254,88.309024,AJC Bose Road,Minor,2022-06-09,21:00,2022-06-09 21:00:00,Rain,Bus,high
1312,22.428457,88.208894,AJC Bose Road,Minor,2024-08-05,02:00,2024-08-05 02:00:00,Clear,Car,high
1313,22.499065,88.474024,EM Bypass,Severe,2022-02-10,03:00,2022-02-10 03:00:00,Clear,Truck,high
1314,22.430718,88.20711,AJC Bose Road,Fatal,2024-04-06,11:00,2024-04-06 11:00:00,Clear,Bike,high
1315,22.457188,88.475774,EM Bypass,Fatal,2022-10-02,23:00,2022-10-02 23:00:00,Clear,Bus,high
1316,22.698258,88.219462,Park Street,Fatal,2024-06-06,16:00,2024-06-06 16:00:00,Rain,Bus,medium
1317,22.664164,88.308012,Park Street,Minor,2024-02-08,16:00,2024-02-08 16:00:00,Clear,Auto,medium
1318,22.428934,88.430456,AJC Bose Road,Severe,2022-10-20,21:00,2022-10-20 21:00:00,Fog,Bus,high
1319,22.580423,88.308393,Park Street,Minor,2023-10-21,05:00,2023-10-21 05:00:00,Clear,Auto,medium
1320,22.659937,88.254916,Park Street,Minor,2023-02-22,22:00,2023-02-22 22:00:00,Rain,Auto,medium
1321,22.593599,88.397638,EM Bypass,Minor,2024-02-23,10:00,2024-02-23 10:00:00,Clear,Auto,high
1322,22.497436,88.371021,AJC Bose Road,Fatal,2023-12-02,20:00,2023-12-02 20:00:00,Clear,Bike,high
1323,22.485476,88.324581,AJC Bose Road,Minor,2024-06-14,05:00,2024-06-14 05:00:00,Rain,Bus,high
1324,22.419397,88.45793,AJC Bose Road,Minor,2022-02-13,08:00,2022-02-13 08:00:00,Rain,Bus,high
1325,22.654678,88.209153,Park Street,Minor,2022-02-23,15:00,2022-02-23 15:00:00,Rain,Bus,medium
1326,22.572197,88.255541,Park Street,Minor,2022-03-09,03:00,2022-03-09 03:00:00,Fog,Bus,medium
1327,22.586264,88.216518,Park Street,Severe,2023-03-27,17:00,2023-03-27 17:00:00,Clear,Truck,medium
1328,22.635588,88.236424,Park Street,Minor,2024-05-04,14:00,2024-05-04 14:00:00,Fog,Truck,medium
1329,22.443445,88.381917,AJC Bose Road,Minor,2023-07-25,17:00,2023-07-25 17:00:00,Rain,Truck,high
1330,22.431106,88.20463,AJC Bose Road,Severe,2024-08-29,23:00,2024-08-29 23:00:00,Rain,Car,high
1331,22.625792,88.2193,Park Street,Fatal,2022-02-24,03:00,2022-02-24 03:00:00,Rain,Truck,medium
1332,22.655822,88.409909,EM Bypass,Minor,2023-05-01,03:00,2023-05-01 03:00:00,Fog,Truck,high
1333,22.57237,88.363931,Park Street,Minor,2023-04-26,15:00,2023-04-26 15:00:00,Fog,Bus,medium
1334,22.517383,88.215858,AJC Bose Road,Minor,2022-01-03,04:00,2022-01-03 04:00:00,Clear,Bike,high
1335,22.551068,88.205898,Park Street,Severe,2022-05-21,19:00,2022-05-21 19:00:00,Clear,Auto,medium
1336,22.475114,88.314743,AJC Bose Road,Severe,2023-09-15,06:00,2023-09-15 06:00:00,Clear,Car,high
1337,22.511395,88.267406,AJC Bose Road,Minor,2024-08-15,23:00,2024-08-15 23:00:00,Clear,Bus,high
1338,22.570388,88.23875,Park Street,Severe,2024-09-30,12:00,2024-09-30 12:00:00,Clear,Bus,medium
1339,22.453751,88.463989,EM Bypass,Minor,2023-09-23,04:00,2023-09-23 04:00:00,Clear,Bus,high
1340,22.575983,88.445703,EM Bypass,Minor,2024-05-15,12:00,2024-05-15 12:00:00,Clear,Bus,high
1341,22.459654,88.312926,AJC Bose Road,Minor,2024-01-29,09:00,2024-01-29 09:00:00,Rain,Bus,high
1342,22.454096,88.484107,EM Bypass,Minor,2024-06-17,07:00,2024-06-17 07:00:00,Fog,Truck,high
1343,22.490568,88.46985,EM Bypass,Minor,2022-12-02,11:00,2022-12-02 11:00:00,Fog,Auto,high
1344,22.520651,88.456285,EM Bypass,Severe,2023-08-10,18:00,2023-08-10 18:00:00,Clear,Car,high
1345,22.672473,88.210246,Park Street,Minor,2023-05-01,06:00,2023-05-01 06:00:00,Clear,Bike,medium
1346,22.669428,88.396614,EM Bypass,Severe,2024-10-14,08:00,2024-10-14 08:00:00,Rain,Bus,high
1347,22.661042,88.25621,Park Street,Minor,2024-11-21,06:00,2024-11-21 06:00:00,Rain,Truck,medium
1348,22.608575,88.30933,Park Street,Severe,2024-01-20,22:00,2024-01-20 22:00:00,Rain,Car,medium
1349,22.691616,88.265311,Park Street,Severe,2022-01-28,10:00,2022-01-28 10:00:00,Clear,Bike,medium
1350,22.580045,88.37417,Park Street,Severe,2024-04-26,12:00,2024-04-26 12:00:00,Rain,Auto,medium
1351,22.605673,88.390203,EM Bypass,Minor,2022-06-19,12:00,2022-06-19 12:00:00,Clear,Bike,high
1352,22.545648,88.469828,EM Bypass,Severe,2022-08-26,09:00,2022-08-26 09:00:00,Fog,Truck,high
1353,22.638067,88.340946,Park Street,Severe,2024-12-02,18:00,2024-12-02 18:00:00,Fog,Truck,medium
1354,22.507687,88.218309,AJC Bose Road,Minor,2022-04-16,06:00,2022-04-16 06:00:00,Fog,Bike,high
1355,22.606582,88.224268,Park Street,Minor,2022-01-21,04:00,2022-01-21 04:00:00,Rain,Truck,medium
1356,22.638503,88.220379,Park Street,Severe,2022-07-05,03:00,2022-07-05 03:00:00,Fog,Truck,medium
1357,22.497152,88.300733,AJC Bose Road,Fatal,2022-02-27,00:00,2022-02-27 00:00:00,Clear,Truck,high
1358,22.605442,88.40765,EM Bypass,Minor,2024-11-20,23:00,2024-11-20 23:00:00,Clear,Bike,high
1359,22.486852,88.261785,AJC Bose Road,Severe,2023-10-23,06:00,2023-10-23 06:00:00,Fog,Auto,high
1360,22.440803,88.481353,EM Bypass,Minor,2023-07-22,15:00,2023-07-22 15:00:00,Rain,Bus,high
1361,22.555712,88.394286,EM Bypass,Minor,2025-03-08,00:00,2025-03-08 00:00:00,Fog,Bus,high
1362,22.620978,88.217625,Park Street,Minor,2023-03-09,17:00,2023-03-09 17:00:00,Clear,Truck,medium
1363,22.665659,88.410509,EM Bypass,Minor,2024-05-17,07:00,2024-05-17 07:00:00,Rain,Bus,high
1364,22.586484,88.278187,Park Street,Severe,2022-11-26,18:00,2022-11-26 18:00:00,Rain,Truck,medium
1365,22.484668,88.375552,AJC Bose Road,Severe,2023-11-14,08:00,2023-11-14 08:00:00,Clear,Bike,high
1366,22.421633,88.227205,AJC Bose Road,Severe,2022-04-14,17:00,2022-04-14 17:00:00,Fog,Car,high
1367,22.684416,88.274391,Park Street,Severe,2024-08-18,12:00,2024-08-18 12:00:00,Rain,Bike,medium
1368,22.666921,88.482418,EM Bypass,Severe,2022-03-21,13:00,2022-03-21 13:00:00,Rain,Car,high
1369,22.681196,88.391609,EM Bypass,Fatal,2023-01-12,17:00,2023-01-12 17:00:00,Rain,Bus,high
1370,22.623083,88.236365,Park Street,Fatal,2024-12-28,17:00,2024-12-28 17:00:00,Rain,Bike,medium
1371,22.646005,88.444104,EM Bypass,Severe,2024-08-17,14:00,2024-08-17 14:00:00,Fog,Car,high
1372,22.668054,88.463834,EM Bypass,Severe,2023-01-24,08:00,2023-01-24 08:00:00,Rain,Bike,high
1373,22.618432,88.436935,EM Bypass,Minor,2025-01-31,15:00,2025-01-31 15:00:00,Fog,Bus,high
1374,22.621261,88.252722,Park Street,Fatal,2022-06-05,00:00,2022-06-05 00:00:00,Fog,Bus,medium
1375,22.550483,88.422896,EM Bypass,Minor,2025-01-23,12:00,2025-01-23 12:00:00,Clear,Bike,high
1376,22.444481,88.343282,AJC Bose Road,Minor,2024-09-12,21:00,2024-09-12 21:00:00,Rain,Car,high
1377,22.633017,88.406819,EM Bypass,Minor,2024-07-04,09:00,2024-07-04 09:00:00,Clear,Auto,high
1378,22.56549,88.369841,Park Street,Minor,2024-05-19,17:00,2024-05-19 17:00:00,Clear,Auto,medium
1379,22.58205,88.292291,Park Street,Severe,2024-07-07,18:00,2024-07-07 18:00:00,Rain,Truck,medium
1380,22.481802,88.294757,AJC Bose Road,Minor,2023-04-06,22:00,2023-04-06 22:00:00,Clear,Car,high
1381,22.555311,88.494161,EM Bypass,Severe,2023-10-16,15:00,2023-10-16 15:00:00,Clear,Truck,high
1382,22.49777,88.300312,AJC Bose Road,Minor,2025-01-09,06:00,2025-01-09 06:00:00,Fog,Bus,high
1383,22.49576,88.239548,AJC Bose Road,Minor,2023-01-06,16:00,2023-01-06 16:00:00,Clear,Bike,high
1384,22.550554,88.240916,Park Street,Severe,2023-11-12,07:00,2023-11-12 07:00:00,Fog,Bus,medium
1385,22.427777,88.342196,AJC Bose Road,Fatal,2024-08-08,03:00,2024-08-08 03:00:00,Fog,Bus,high
1386,22.628993,88.488755,EM Bypass,Minor,2023-08-17,12:00,2023-08-17 12:00:00,Clear,Auto,high
1387,22.486188,88.214884,AJC Bose Road,Severe,2022-03-21,21:00,2022-03-21 21:00:00,Clear,Car,high
1388,22.555473,88.400505,EM Bypass,Severe,2025-01-04,06:00,2025-01-04 06:00:00,Clear,Truck,high
1389,22.432644,88.388856,AJC Bose Road,Minor,2022-10-13,18:00,2022-10-13 18:00:00,Clear,Truck,high
1390,22.568199,88.392585,EM Bypass,Minor,2022-01-31,10:00,2022-01-31 10:00:00,Rain,Bike,high
1391,22.473905,88.237335,AJC Bose Road,Fatal,2024-04-25,17:00,2024-04-25 17:00:00,Rain,Bike,high
1392,22.500321,88.410571,AJC Bose Road,Fatal,2023-12-25,16:00,2023-12-25 16:00:00,Clear,Car,high
1393,22.541744,88.352659,AJC Bose Road,Fatal,2024-09-20,08:00,2024-09-20 08:00:00,Fog,Truck,high
1394,22.469186,88.287742,AJC Bose Road,Minor,2023-04-24,13:00,2023-04-24 13:00:00,Rain,Truck,high
1395,22.530215,88.244073,AJC Bose Road,Minor,2024-11-08,07:00,2024-11-08 07:00:00,Clear,Truck,high
1396,22.540476,88.298258,Park Street,Severe,2023-01-09,03:00,2023-01-09 03:00:00,Clear,Bus,medium
1397,22.413332,88.234332,AJC Bose Road,Minor,2024-05-13,21:00,2024-05-13 21:00:00,Fog,Bus,high
1398,22.671703,88.331498,Park Street,Minor,2023-12-28,11:00,2023-12-28 11:00:00,Fog,Bus,medium
1399,22.518964,88.41366,EM Bypass,Minor,2023-12-24,19:00,2023-12-24 19:00:00,Clear,Bike,high
1400,22.595778,88.271286,Park Street,Severe,2023-04-16,09:00,2023-04-16 09:00:00,Rain,Car,medium
1401,22.558008,88.456791,EM Bypass,Minor,2023-10-26,11:00,2023-10-26 11:00:00,Clear,Car,high
1402,22.666646,88.463629,EM Bypass,Minor,2024-07-22,02:00,2024-07-22 02:00:00,Rain,Auto,high
1403,22.661668,88.455832,EM Bypass,Fatal,2024-11-24,05:00,2024-11-24 05:00:00,Fog,Car,high
1404,22.478266,88.384381,AJC Bose Road,Minor,2022-03-02,05:00,2022-03-02 05:00:00,Rain,Bike,high
1405,22.641625,88.433547,EM Bypass,Fatal,2022-02-14,00:00,2022-02-14 00:00:00,Clear,Auto,high
1406,22.685476,88.247556,Park Street,Minor,2022-11-07,07:00,2022-11-07 07:00:00,Clear,Car,medium
1407,22.644185,88.363363,EM Bypass,Minor,2024-10-14,21:00,2024-10-14 21:00:00,Rain,Bike,high
1408,22.458564,88.362159,AJC Bose Road,Minor,2024-05-25,07:00,2024-05-25 07:00:00,Clear,Truck,high
1409,22.658152,88.416121,EM Bypass,Severe,2023-07-04,16:00,2023-07-04 16:00:00,Fog,Car,high
1410,22.495581,88.442153,EM Bypass,Minor,2022-08-05,16:00,2022-08-05 16:00:00,Fog,Bus,high
1411,22.631654,88.399203,EM Bypass,Minor,2023-06-29,09:00,2023-06-29 09:00:00,Clear,Auto,high
1412,22.555845,88.224427,Park Street,Fatal,2022-12-28,08:00,2022-12-28 08:00:00,Clear,Truck,medium
1413,22.579732,88.257651,Park Street,Minor,2023-06-06,19:00,2023-06-06 19:00:00,Fog,Car,medium
1414,22.428185,88.389913,AJC Bose Road,Severe,2023-07-27,22:00,2023-07-27 22:00:00,Fog,Car,high
1415,22.516859,88.204323,AJC Bose Road,Severe,2023-08-03,20:00,2023-08-03 20:00:00,Clear,Auto,high
1416,22.461681,88.425941,AJC Bose Road,Minor,2022-11-04,07:00,2022-11-04 07:00:00,Fog,Bike,high
1417,22.65947,88.247416,Park Street,Severe,2023-11-04,08:00,2023-11-04 08:00:00,Rain,Car,medium
1418,22.553944,88.462946,EM Bypass,Minor,2025-01-10,02:00,2025-01-10 02:00:00,Clear,Bus,high
1419,22.621616,88.486831,EM Bypass,Minor,2022-01-15,03:00,2022-01-15 03:00:00,Fog,Auto,high
1420,22.583964,88.485155,EM Bypass,Minor,2024-05-27,11:00,2024-05-27 11:00:00,Fog,Bike,high
1421,22.668395,88.327032,Park Street,Minor,2023-05-04,09:00,2023-05-04 09:00:00,Fog,Bike,medium
1422,22.636782,88.499531,EM Bypass,Severe,2025-02-25,06:00,2025-02-25 06:00:00,Rain,Truck,high
1423,22.543684,88.315273,Park Street,Minor,2024-03-09,14:00,2024-03-09 14:00:00,Rain,Bike,medium
1424,22.477102,88.438818,EM Bypass,Severe,2023-10-28,23:00,2023-10-28 23:00:00,Fog,Car,high
1425,22.549612,88.277339,Park Street,Minor,2022-10-31,03:00,2022-10-31 03:00:00,Clear,Auto,medium
1426,22.405818,88.404355,AJC Bose Road,Minor,2024-07-16,11:00,2024-07-16 11:00:00,Clear,Truck,high
1427,22.42498,88.267824,AJC Bose Road,Fatal,2023-09-29,15:00,2023-09-29 15:00:00,Rain,Car,high
1428,22.578171,88.387114,EM Bypass,Severe,2023-09-10,12:00,2023-09-10 12:00:00,Clear,Car,high
1429,22.52477,88.365381,AJC Bose Road,Minor,2022-07-03,00:00,2022-07-03 00:00:00,Fog,Bike,high
1430,22.507517,88.425965,EM Bypass,Minor,2022-06-23,08:00,2022-06-23 08:00:00,Clear,Bus,high
1431,22.649454,88.278109,Park Street,Severe,2022-02-05,05:00,2022-02-05 05:00:00,Fog,Auto,medium
1432,22.540917,88.222652,Park Street,Severe,2022-06-16,12:00,2022-06-16 12:00:00,Fog,Bike,medium
1433,22.560395,88.283345,Park Street,Fatal,2024-12-09,08:00,2024-12-09 08:00:00,Clear,Car,medium
1434,22.478355,88.456576,EM Bypass,Minor,2024-07-25,16:00,2024-07-25 16:00:00,Clear,Bus,high
1435,22.6187,88.248092,Park Street,Minor,2023-05-30,04:00,2023-05-30 04:00:00,Clear,Auto,medium
1436,22.488066,88.21988,AJC Bose Road,Minor,2023-02-19,03:00,2023-02-19 03:00:00,Fog,Truck,high
1437,22.629665,88.269356,Park Street,Minor,2024-02-04,17:00,2024-02-04 17:00:00,Clear,Bus,medium
1438,22.478162,88.392796,AJC Bose Road,Minor,2023-02-14,11:00,2023-02-14 11:00:00,Clear,Bike,high
1439,22.575958,88.451174,EM Bypass,Minor,2023-04-07,02:00,2023-04-07 02:00:00,Rain,Truck,high
1440,22.641324,88.431297,EM Bypass,Severe,2023-02-20,01:00,2023-02-20 01:00:00,Clear,Bike,high
1441,22.412107,88.279497,AJC Bose Road,Minor,2022-06-12,13:00,2022-06-12 13:00:00,Fog,Auto,high
1442,22.585821,88.362711,Park Street,Minor,2023-03-28,14:00,2023-03-28 14:00:00,Clear,Bike,medium
1443,22.505475,88.330793,AJC Bose Road,Severe,2024-12-04,12:00,2024-12-04 12:00:00,Fog,Bike,high
1444,22.543401,88.414762,EM Bypass,Minor,2025-03-17,01:00,2025-03-17 01:00:00,Clear,Bike,high
1445,22.42689,88.22646,AJC Bose Road,Severe,2022-01-04,04:00,2022-01-04 04:00:00,Fog,Car,high
1446,22.599777,88.344589,Park Street,Minor,2022-07-14,18:00,2022-07-14 18:00:00,Clear,Bike,medium
1447,22.509242,88.486742,EM Bypass,Minor,2023-04-20,07:00,2023-04-20 07:00:00,Rain,Bus,high
1448,22.606313,88.23067,Park Street,Minor,2025-04-09,17:00,2025-04-09 17:00:00,Fog,Bike,medium
1449,22.425026,88.231364,AJC Bose Road,Minor,2023-09-25,22:00,2023-09-25 22:00:00,Fog,Car,high
1450,22.680183,88.461109,EM Bypass,Minor,2023-06-18,03:00,2023-06-18 03:00:00,Clear,Bus,high
1451,22.571505,88.253747,Park Street,Minor,2023-04-21,08:00,2023-04-21 08:00:00,Fog,Bike,medium
1452,22.651127,88.44207,EM Bypass,Fatal,2023-08-14,15:00,2023-08-14 15:00:00,Rain,Truck,high
1453,22.428067,88.365169,AJC Bose Road,Minor,2025-02-20,09:00,2025-02-20 09:00:00,Rain,Bike,high
1454,22.668914,88.393981,EM Bypass,Minor,2025-01-25,07:00,2025-01-25 07:00:00,Rain,Auto,high
1455,22.451265,88.248401,AJC Bose Road,Minor,2024-10-04,05:00,2024-10-04 05:00:00,Rain,Bike,high
1456,22.444399,88.342213,AJC Bose Road,Minor,2023-09-10,10:00,2023-09-10 10:00:00,Rain,Bus,high
1457,22.490861,88.426016,EM Bypass,Severe,2022-02-03,23:00,2022-02-03 23:00:00,Clear,Truck,high
1458,22.478862,88.351595,AJC Bose Road,Minor,2022-10-08,17:00,2022-10-08 17:00:00,Clear,Bus,high
1459,22.40326,88.476555,EM Bypass,Fatal,2024-09-27,18:00,2024-09-27 18:00:00,Rain,Auto,high
1460,22.69913,88.425565,EM Bypass,Minor,2025-02-28,12:00,2025-02-28 12:00:00,Clear,Truck,high
1461,22.430721,88.208435,AJC Bose Road,Severe,2024-01-31,05:00,2024-01-31 05:00:00,Clear,Bus,high
1462,22.537222,88.341042,AJC Bose Road,Severe,2023-12-29,19:00,2023-12-29 19:00:00,Fog,Bike,high
1463,22.584201,88.467595,EM Bypass,Minor,2023-06-05,11:00,2023-06-05 11:00:00,Rain,Bus,high
1464,22.516556,88.328332,AJC Bose Road,Minor,2023-11-20,22:00,2023-11-20 22:00:00,Rain,Bike,high
1465,22.40783,88.356015,AJC Bose Road,Severe,2024-11-23,14:00,2024-11-23 14:00:00,Clear,Car,high
1466,22.487112,88.366541,AJC Bose Road,Minor,2023-02-22,07:00,2023-02-22 07:00:00,Rain,Auto,high
1467,22.565961,88.294273,Park Street,Minor,2022-07-13,17:00,2022-07-13 17:00:00,Fog,Car,medium
1468,22.469642,88.284415,AJC Bose Road,Severe,2024-07-18,04:00,2024-07-18 04:00:00,Clear,Bus,high
1469,22.42348,88.478737,EM Bypass,Severe,2022-01-20,07:00,2022-01-20 07:00:00,Rain,Bus,high
1470,22.486056,88.426995,EM Bypass,Minor,2023-12-15,14:00,2023-12-15 14:00:00,Fog,Bus,high
1471,22.408955,88.393259,AJC Bose Road,Fatal,2022-02-18,14:00,2022-02-18 14:00:00,Clear,Bike,high
1472,22.421098,88.499125,EM Bypass,Minor,2023-02-19,20:00,2023-02-19 20:00:00,Rain,Auto,high
1473,22.560123,88.436405,EM Bypass,Fatal,2024-05-26,09:00,2024-05-26 09:00:00,Fog,Bus,high
1474,22.456483,88.227,AJC Bose Road,Minor,2023-11-16,00:00,2023-11-16 00:00:00,Clear,Auto,high
1475,22.569061,88.352904,Park Street,Severe,2022-02-25,15:00,2022-02-25 15:00:00,Fog,Car,medium
1476,22.683333,88.225595,Park Street,Minor,2023-11-13,18:00,2023-11-13 18:00:00,Fog,Car,medium
1477,22.605666,88.312547,Park Street,Severe,2024-01-26,00:00,2024-01-26 00:00:00,Clear,Bike,medium
1478,22.582418,88.202904,Park Street,Severe,2024-10-12,21:00,2024-10-12 21:00:00,Fog,Bus,medium
1479,22.437277,88.438197,AJC Bose Road,Severe,2022-05-25,16:00,2022-05-25 16:00:00,Rain,Bus,high
1480,22.671437,88.372929,EM Bypass,Minor,2022-09-18,21:00,2022-09-18 21:00:00,Fog,Bike,high
1481,22.583812,88.308371,Park Street,Severe,2022-06-22,15:00,2022-06-22 15:00:00,Rain,Auto,medium
1482,22.506231,88.246659,AJC Bose Road,Severe,2023-06-04,17:00,2023-06-04 17:00:00,Fog,Truck,high
1483,22.610184,88.285536,Park Street,Severe,2023-02-19,10:00,2023-02-19 10:00:00,Fog,Auto,medium
1484,22.475908,88.21524,AJC Bose Road,Minor,2022-01-22,10:00,2022-01-22 10:00:00,Clear,Car,high
1485,22.454855,88.256334,AJC Bose Road,Minor,2023-09-01,11:00,2023-09-01 11:00:00,Fog,Truck,high
1486,22.665545,88.334251,Park Street,Severe,2024-02-06,03:00,2024-02-06 03:00:00,Clear,Bike,medium
1487,22.591526,88.431284,EM Bypass,Minor,2024-04-29,13:00,2024-04-29 13:00:00,Rain,Truck,high
1488,22.636994,88.28249,Park Street,Severe,2023-11-24,12:00,2023-11-24 12:00:00,Clear,Bike,medium
1489,22.653453,88.361636,EM Bypass,Severe,2023-11-13,02:00,2023-11-13 02:00:00,Rain,Bus,high
1490,22.655533,88.454491,EM Bypass,Minor,2024-03-29,03:00,2024-03-29 03:00:00,Clear,Auto,high
1491,22.487631,88.274711,AJC Bose Road,Severe,2022-12-29,21:00,2022-12-29 21:00:00,Clear,Bus,high
1492,22.683878,88.408887,EM Bypass,Severe,2022-01-27,09:00,2022-01-27 09:00:00,Fog,Truck,high
1493,22.494199,88.375306,AJC Bose Road,Severe,2025-04-08,13:00,2025-04-08 13:00:00,Fog,Car,high
1494,22.496096,88.442507,EM Bypass,Fatal,2023-12-09,17:00,2023-12-09 17:00:00,Rain,Bus,high
1495,22.484626,88.411747,AJC Bose Road,Fatal,2024-07-10,01:00,2024-07-10 01:00:00,Clear,Bike,high
1496,22.427416,88.398497,AJC Bose Road,Minor,2022-10-23,04:00,2022-10-23 04:00:00,Fog,Auto,high
1497,22.625155,88.386538,EM Bypass,Minor,2023-06-28,18:00,2023-06-28 18:00:00,Clear,Bike,high
1498,22.631163,88.351918,Park Street,Minor,2022-12-03,22:00,2022-12-03 22:00:00,Clear,Truck,medium
1499,22.400074,88.248199,AJC Bose Road,Severe,2022-05-25,18:00,2022-05-25 18:00:00,Rain,Truck,high
1500,22.614709,88.312921,Park Street,Minor,2024-12-30,03:00,2024-12-30 03:00:00,Clear,Truck,medium
1501,22.539392,88.410927,EM Bypass,Fatal,2022-07-06,03:00,2022-07-06 03:00:00,Rain,Car,high
1502,22.417474,88.378086,AJC Bose Road,Minor,2024-08-31,23:00,2024-08-31 23:00:00,Fog,Bike,high
1503,22.447674,88.218616,AJC Bose Road,Severe,2022-08-15,07:00,2022-08-15 07:00:00,Fog,Bus,high
1504,22.587474,88.321518,Park Street,Minor,2024-03-10,22:00,2024-03-10 22:00:00,Rain,Bus,medium
1505,22.440739,88.431813,AJC Bose Road,Fatal,2023-03-01,14:00,2023-03-01 14:00:00,Clear,Truck,high
1506,22.674452,88.322726,Park Street,Fatal,2024-01-22,03:00,2024-01-22 03:00:00,Clear,Truck,medium
1507,22.625305,88.409657,EM Bypass,Minor,2023-12-03,19:00,2023-12-03 19:00:00,Rain,Auto,high
1508,22.517366,88.309719,AJC Bose Road,Severe,2022-12-25,21:00,2022-12-25 21:00:00,Clear,Bike,high
1509,22.423864,88.220357,AJC Bose Road,Fatal,2024-07-10,10:00,2024-07-10 10:00:00,Clear,Auto,high
1510,22.632955,88.388708,EM Bypass,Severe,2022-09-18,06:00,2022-09-18 06:00:00,Fog,Truck,high
1511,22.548065,88.264566,Park Street,Minor,2024-01-19,17:00,2024-01-19 17:00:00,Rain,Auto,medium
1512,22.458959,88.370726,AJC Bose Road,Minor,2023-01-10,22:00,2023-01-10 22:00:00,Fog,Bus,high
1513,22.50712,88.45312,EM Bypass,Fatal,2025-02-06,03:00,2025-02-06 03:00:00,Rain,Bus,high
1514,22.471852,88.220358,AJC Bose Road,Fatal,2023-08-29,01:00,2023-08-29 01:00:00,Rain,Car,high
1515,22.511009,88.486542,EM Bypass,Severe,2022-12-16,15:00,2022-12-16 15:00:00,Clear,Bus,high
1516,22.581176,88.346207,Park Street,Severe,2025-02-03,19:00,2025-02-03 19:00:00,Clear,Truck,medium
1517,22.669479,88.354008,EM Bypass,Severe,2024-08-06,18:00,2024-08-06 18:00:00,Rain,Auto,high
1518,22.45807,88.398996,AJC Bose Road,Minor,2023-05-10,10:00,2023-05-10 10:00:00,Fog,Bus,high
1519,22.528651,88.388353,AJC Bose Road,Severe,2022-07-24,12:00,2022-07-24 12:00:00,Fog,Auto,high
1520,22.583003,88.473686,EM Bypass,Minor,2025-01-29,08:00,2025-01-29 08:00:00,Clear,Bike,high
1521,22.557453,88.457683,EM Bypass,Minor,2023-02-10,14:00,2023-02-10 14:00:00,Fog,Car,high
1522,22.665327,88.46209,EM Bypass,Fatal,2023-06-12,07:00,2023-06-12 07:00:00,Rain,Bike,high
1523,22.552603,88.404053,EM Bypass,Fatal,2024-08-01,13:00,2024-08-01 13:00:00,Clear,Truck,high
1524,22.479785,88.353154,AJC Bose Road,Minor,2023-04-10,06:00,2023-04-10 06:00:00,Clear,Bus,high
1525,22.554703,88.420683,EM Bypass,Minor,2024-11-26,04:00,2024-11-26 04:00:00,Fog,Car,high
1526,22.659716,88.449245,EM Bypass,Minor,2023-08-17,12:00,2023-08-17 12:00:00,Rain,Truck,high
1527,22.566012,88.47866,EM Bypass,Minor,2024-05-10,09:00,2024-05-10 09:00:00,Clear,Truck,high
1528,22.513064,88.387367,AJC Bose Road,Fatal,2022-03-04,15:00,2022-03-04 15:00:00,Clear,Bike,high
1529,22.659208,88.393085,EM Bypass,Fatal,2024-03-25,00:00,2024-03-25 00:00:00,Rain,Car,high
1530,22.518984,88.222712,AJC Bose Road,Minor,2025-03-27,02:00,2025-03-27 02:00:00,Rain,Auto,high
1531,22.611632,88.208314,Park Street,Severe,2024-07-05,20:00,2024-07-05 20:00:00,Clear,Bike,medium
1532,22.49778,88.233955,AJC Bose Road,Minor,2024-08-08,07:00,2024-08-08 07:00:00,Rain,Bus,high
1533,22.455358,88.216671,AJC Bose Road,Severe,2022-05-03,21:00,2022-05-03 21:00:00,Rain,Bus,high
1534,22.498946,88.356007,AJC Bose Road,Minor,2022-01-31,23:00,2022-01-31 23:00:00,Rain,Truck,high
1535,22.579246,88.210211,Park Street,Severe,2023-10-10,15:00,2023-10-10 15:00:00,Rain,Auto,medium
1536,22.590631,88.2662,Park Street,Minor,2022-04-20,08:00,2022-04-20 08:00:00,Fog,Truck,medium
1537,22.41853,88.43067,AJC Bose Road,Severe,2024-10-05,04:00,2024-10-05 04:00:00,Fog,Car,high
1538,22.457559,88.454707,EM Bypass,Minor,2025-01-22,18:00,2025-01-22 18:00:00,Rain,Auto,high
1539,22.411524,88.405967,AJC Bose Road,Severe,2022-01-11,08:00,2022-01-11 08:00:00,Clear,Truck,high
1540,22.487463,88.316354,AJC Bose Road,Minor,2023-08-18,23:00,2023-08-18 23:00:00,Rain,Bike,high
1541,22.640413,88.432098,EM Bypass,Minor,2023-11-27,19:00,2023-11-27 19:00:00,Fog,Car,high
1542,22.439856,88.290098,AJC Bose Road,Minor,2024-01-12,15:00,2024-01-12 15:00:00,Rain,Car,high
1543,22.594824,88.389935,EM Bypass,Minor,2024-03-02,17:00,2024-03-02 17:00:00,Clear,Auto,high
1544,22.628003,88.222319,Park Street,Minor,2023-01-29,07:00,2023-01-29 07:00:00,Rain,Bus,medium
1545,22.414716,88.203795,AJC Bose Road,Severe,2022-02-12,14:00,2022-02-12 14:00:00,Fog,Bike,high
1546,22.524225,88.337303,AJC Bose Road,Severe,2022-05-08,08:00,2022-05-08 08:00:00,Fog,Truck,high
1547,22.661025,88.278614,Park Street,Fatal,2025-03-10,06:00,2025-03-10 06:00:00,Clear,Bike,medium
1548,22.652583,88.217718,Park Street,Severe,2022-12-26,16:00,2022-12-26 16:00:00,Fog,Auto,medium
1549,22.411455,88.3314,AJC Bose Road,Severe,2022-03-16,22:00,2022-03-16 22:00:00,Fog,Bus,high
1550,22.4391,88.474572,EM Bypass,Fatal,2022-02-23,13:00,2022-02-23 13:00:00,Rain,Bus,high
1551,22.519539,88.329463,AJC Bose Road,Severe,2025-02-14,10:00,2025-02-14 10:00:00,Rain,Auto,high
1552,22.661751,88.218414,Park Street,Severe,2022-09-05,06:00,2022-09-05 06:00:00,Fog,Bus,medium
1553,22.515048,88.441856,EM Bypass,Severe,2022-05-05,19:00,2022-05-05 19:00:00,Fog,Bike,high
1554,22.556351,88.312302,Park Street,Minor,2024-01-18,08:00,2024-01-18 08:00:00,Clear,Auto,medium
1555,22.58225,88.414277,EM Bypass,Minor,2025-01-20,05:00,2025-01-20 05:00:00,Fog,Bus,high
1556,22.421406,88.496621,EM Bypass,Severe,2024-08-11,12:00,2024-08-11 12:00:00,Fog,Bike,high
1557,22.636081,88.46059,EM Bypass,Severe,2025-03-09,23:00,2025-03-09 23:00:00,Fog,Car,high
1558,22.59496,88.452433,EM Bypass,Minor,2022-09-04,04:00,2022-09-04 04:00:00,Rain,Auto,high
1559,22.526786,88.386728,AJC Bose Road,Severe,2024-05-24,02:00,2024-05-24 02:00:00,Rain,Auto,high
1560,22.4946,88.449496,EM Bypass,Minor,2022-09-18,03:00,2022-09-18 03:00:00,Fog,Bus,high
1561,22.680274,88.321492,Park Street,Minor,2024-12-03,23:00,2024-12-03 23:00:00,Rain,Car,medium
1562,22.643783,88.382609,EM Bypass,Minor,2024-11-09,17:00,2024-11-09 17:00:00,Fog,Car,high
1563,22.59113,88.297156,Park Street,Severe,2023-10-16,13:00,2023-10-16 13:00:00,Fog,Bike,medium
1564,22.425591,88.382872,AJC Bose Road,Severe,2022-05-20,16:00,2022-05-20 16:00:00,Fog,Auto,high
1565,22.641007,88.305862,Park Street,Severe,2024-07-17,12:00,2024-07-17 12:00:00,Rain,Bike,medium
1566,22.662712,88.329325,Park Street,Minor,2023-05-29,12:00,2023-05-29 12:00:00,Rain,Bus,medium
1567,22.679797,88.445174,EM Bypass,Minor,2024-01-13,09:00,2024-01-13 09:00:00,Fog,Bus,high
1568,22.629967,88.391613,EM Bypass,Severe,2024-11-19,08:00,2024-11-19 08:00:00,Fog,Car,high
1569,22.597512,88.401456,EM Bypass,Minor,2022-01-02,05:00,2022-01-02 05:00:00,Clear,Car,high
1570,22.565062,88.465277,EM Bypass,Minor,2022-04-28,08:00,2022-04-28 08:00:00,Fog,Bus,high
1571,22.405326,88.436729,AJC Bose Road,Minor,2023-07-30,02:00,2023-07-30 02:00:00,Fog,Bus,high
1572,22.589644,88.435463,EM Bypass,Severe,2022-11-18,08:00,2022-11-18 08:00:00,Rain,Bus,high
1573,22.430878,88.440067,AJC Bose Road,Minor,2023-08-02,03:00,2023-08-02 03:00:00,Clear,Bus,high
1574,22.631129,88.430562,EM Bypass,Severe,2023-12-19,01:00,2023-12-19 01:00:00,Rain,Car,high
1575,22.605971,88.375858,EM Bypass,Minor,2024-12-09,04:00,2024-12-09 04:00:00,Fog,Car,high
1576,22.432343,88.354026,AJC Bose Road,Severe,2023-01-30,00:00,2023-01-30 00:00:00,Fog,Bus,high
1577,22.683534,88.384379,EM Bypass,Minor,2024-01-13,01:00,2024-01-13 01:00:00,Rain,Truck,high
1578,22.520777,88.30535,AJC Bose Road,Minor,2023-05-08,06:00,2023-05-08 06:00:00,Clear,Bus,high
1579,22.679524,88.427428,EM Bypass,Minor,2022-09-15,12:00,2022-09-15 12:00:00,Fog,Auto,high
1580,22.482832,88.296792,AJC Bose Road,Minor,2025-04-04,22:00,2025-04-04 22:00:00,Clear,Car,high
1581,22.588806,88.491304,EM Bypass,Minor,2022-08-21,11:00,2022-08-21 11:00:00,Fog,Bus,high
1582,22.405432,88.441955,AJC Bose Road,Severe,2023-04-18,02:00,2023-04-18 02:00:00,Fog,Bike,high
1583,22.541206,88.365567,AJC Bose Road,Minor,2023-09-13,17:00,2023-09-13 17:00:00,Clear,Bus,high
1584,22.552471,88.441635,EM Bypass,Severe,2023-10-09,21:00,2023-10-09 21:00:00,Fog,Truck,high
1585,22.461725,88.447912,EM Bypass,Severe,2022-11-11,02:00,2022-11-11 02:00:00,Rain,Bus,high
1586,22.446799,88.373654,AJC Bose Road,Minor,2022-09-08,14:00,2022-09-08 14:00:00,Clear,Bus,high
1587,22.547056,88.483054,EM Bypass,Minor,2025-01-19,03:00,2025-01-19 03:00:00,Rain,Truck,high
1588,22.62435,88.244453,Park Street,Minor,2022-07-27,15:00,2022-07-27 15:00:00,Clear,Truck,medium
1589,22.689954,88.394844,EM Bypass,Minor,2023-01-05,02:00,2023-01-05 02:00:00,Clear,Truck,high
1590,22.677974,88.28823,Park Street,Minor,2024-01-15,02:00,2024-01-15 02:00:00,Rain,Truck,medium
1591,22.588103,88.399329,EM Bypass,Severe,2022-02-06,23:00,2022-02-06 23:00:00,Fog,Car,high
1592,22.677052,88.340224,Park Street,Severe,2022-05-31,02:00,2022-05-31 02:00:00,Clear,Bus,medium
1593,22.629058,88.312695,Park Street,Minor,2022-05-13,15:00,2022-05-13 15:00:00,Rain,Bike,medium
1594,22.430822,88.487714,EM Bypass,Minor,2023-08-28,20:00,2023-08-28 20:00:00,Fog,Bike,high
1595,22.475396,88.472847,EM Bypass,Minor,2025-01-26,20:00,2025-01-26 20:00:00,Fog,Bus,high
1596,22.55371,88.308629,Park Street,Severe,2022-01-20,07:00,2022-01-20 07:00:00,Fog,Truck,medium
1597,22.663016,88.428375,EM Bypass,Minor,2023-05-05,01:00,2023-05-05 01:00:00,Fog,Bike,high
1598,22.675918,88.296036,Park Street,Severe,2024-05-06,06:00,2024-05-06 06:00:00,Rain,Bike,medium
1599,22.567722,88.217575,Park Street,Minor,2023-04-16,19:00,2023-04-16 19:00:00,Rain,Car,medium
1600,22.68002,88.309759,Park Street,Minor,2025-03-25,14:00,2025-03-25 14:00:00,Rain,Auto,medium
1601,22.594231,88.205919,Park Street,Fatal,2023-11-28,08:00,2023-11-28 08:00:00,Clear,Truck,medium
1602,22.49694,88.480573,EM Bypass,Minor,2023-09-15,13:00,2023-09-15 13:00:00,Clear,Auto,high
1603,22.435133,88.259309,AJC Bose Road,Minor,2025-02-12,14:00,2025-02-12 14:00:00,Rain,Bike,high
1604,22.608616,88.354141,Park Street,Severe,2024-06-11,08:00,2024-06-11 08:00:00,Rain,Truck,medium
1605,22.55628,88.3738,Park Street,Minor,2024-06-28,08:00,2024-06-28 08:00:00,Clear,Auto,medium
1606,22.525082,88.27855,AJC Bose Road,Severe,2022-08-27,19:00,2022-08-27 19:00:00,Rain,Car,high
1607,22.472033,88.484225,EM Bypass,Minor,2022-10-04,21:00,2022-10-04 21:00:00,Rain,Truck,high
1608,22.481345,88.332536,AJC Bose Road,Minor,2024-07-03,10:00,2024-07-03 10:00:00,Rain,Bus,high
1609,22.693717,88.339271,EM Bypass,Severe,2024-12-28,22:00,2024-12-28 22:00:00,Fog,Car,high
1610,22.595074,88.394673,EM Bypass,Severe,2023-06-14,09:00,2023-06-14 09:00:00,Clear,Truck,high
1611,22.561262,88.449789,EM Bypass,Minor,2024-05-12,00:00,2024-05-12 00:00:00,Clear,Bike,high
1612,22.599636,88.33708,Park Street,Minor,2024-09-03,14:00,2024-09-03 14:00:00,Rain,Bike,medium
1613,22.409485,88.212803,AJC Bose Road,Severe,2023-01-31,08:00,2023-01-31 08:00:00,Clear,Bike,high
1614,22.501104,88.403217,AJC Bose Road,Severe,2023-08-09,22:00,2023-08-09 22:00:00,Fog,Bus,high
1615,22.413108,88.360507,AJC Bose Road,Minor,2025-02-19,19:00,2025-02-19 19:00:00,Clear,Bike,high
1616,22.414066,88.303688,AJC Bose Road,Severe,2024-01-30,01:00,2024-01-30 01:00:00,Clear,Truck,high
1617,22.567762,88.216031,Park Street,Severe,2024-12-28,11:00,2024-12-28 11:00:00,Fog,Bike,medium
1618,22.682683,88.48851,EM Bypass,Minor,2023-12-20,14:00,2023-12-20 14:00:00,Clear,Bike,high
1619,22.427738,88.443424,AJC Bose Road,Severe,2024-06-30,11:00,2024-06-30 11:00:00,Clear,Bus,high
1620,22.680846,88.234842,Park Street,Minor,2024-09-11,10:00,2024-09-11 10:00:00,Rain,Truck,medium
1621,22.67471,88.399059,EM Bypass,Minor,2023-02-12,08:00,2023-02-12 08:00:00,Clear,Car,high
1622,22.614256,88.422092,EM Bypass,Minor,2022-06-16,21:00,2022-06-16 21:00:00,Fog,Bus,high
1623,22.599604,88.382761,EM Bypass,Minor,2022-12-17,15:00,2022-12-17 15:00:00,Clear,Truck,high
1624,22.439245,88.233914,AJC Bose Road,Minor,2022-03-30,01:00,2022-03-30 01:00:00,Fog,Car,high
1625,22.424441,88.228561,AJC Bose Road,Severe,2024-03-18,18:00,2024-03-18 18:00:00,Clear,Auto,high
1626,22.4045,88.464388,AJC Bose Road,Minor,2024-08-21,14:00,2024-08-21 14:00:00,Fog,Bike,high
1627,22.627411,88.455271,EM Bypass,Fatal,2025-03-13,05:00,2025-03-13 05:00:00,Clear,Car,high
1628,22.415784,88.372552,AJC Bose Road,Minor,2023-04-06,04:00,2023-04-06 04:00:00,Clear,Auto,high
1629,22.630602,88.384708,EM Bypass,Fatal,2023-02-12,10:00,2023-02-12 10:00:00,Fog,Auto,high
1630,22.415102,88.483558,EM Bypass,Severe,2023-09-30,02:00,2023-09-30 02:00:00,Fog,Truck,high
1631,22.404273,88.422032,AJC Bose Road,Severe,2022-11-30,08:00,2022-11-30 08:00:00,Rain,Bike,high
1632,22.628995,88.42034,EM Bypass,Minor,2024-05-16,23:00,2024-05-16 23:00:00,Fog,Bus,high
1633,22.419089,88.376256,AJC Bose Road,Minor,2023-07-25,21:00,2023-07-25 21:00:00,Rain,Bus,high
1634,22.518338,88.26977,AJC Bose Road,Severe,2023-01-23,07:00,2023-01-23 07:00:00,Clear,Auto,high
1635,22.560442,88.334754,Park Street,Minor,2024-01-31,22:00,2024-01-31 22:00:00,Rain,Truck,medium
1636,22.660696,88.430815,EM Bypass,Severe,2025-01-10,10:00,2025-01-10 10:00:00,Clear,Car,high
1637,22.604014,88.423295,EM Bypass,Minor,2022-11-06,16:00,2022-11-06 16:00:00,Fog,Bike,high
1638,22.577596,88.284738,Park Street,Minor,2022-12-06,09:00,2022-12-06 09:00:00,Clear,Truck,medium
1639,22.630597,88.3358,Park Street,Minor,2023-04-01,03:00,2023-04-01 03:00:00,Clear,Bus,medium
1640,22.618012,88.396375,EM Bypass,Minor,2024-11-16,23:00,2024-11-16 23:00:00,Rain,Bus,high
1641,22.458116,88.244559,AJC Bose Road,Minor,2022-07-18,09:00,2022-07-18 09:00:00,Fog,Bus,high
1642,22.439377,88.370443,AJC Bose Road,Minor,2023-06-26,19:00,2023-06-26 19:00:00,Rain,Bike,high
1643,22.682385,88.333219,Park Street,Minor,2023-05-09,23:00,2023-05-09 23:00:00,Clear,Bike,medium
1644,22.555205,88.306543,Park Street,Minor,2023-11-16,01:00,2023-11-16 01:00:00,Clear,Truck,medium
1645,22.674825,88.351316,EM Bypass,Severe,2024-08-04,16:00,2024-08-04 16:00:00,Rain,Bike,high
1646,22.542805,88.205791,Park Street,Minor,2023-07-22,15:00,2023-07-22 15:00:00,Clear,Auto,medium
1647,22.568849,88.215472,Park Street,Minor,2024-09-23,22:00,2024-09-23 22:00:00,Clear,Bike,medium
1648,22.532019,88.460888,EM Bypass,Minor,2023-10-12,10:00,2023-10-12 10:00:00,Rain,Bus,high
1649,22.694662,88.33913,EM Bypass,Severe,2023-04-11,20:00,2023-04-11 20:00:00,Clear,Auto,high
1650,22.552266,88.491135,EM Bypass,Minor,2022-11-29,15:00,2022-11-29 15:00:00,Rain,Bus,high
1651,22.474675,88.470122,EM Bypass,Fatal,2022-01-30,14:00,2022-01-30 14:00:00,Fog,Bus,high
1652,22.406435,88.313987,AJC Bose Road,Minor,2022-10-13,07:00,2022-10-13 07:00:00,Rain,Auto,high
1653,22.665948,88.41836,EM Bypass,Minor,2024-09-27,04:00,2024-09-27 04:00:00,Fog,Bus,high
1654,22.491502,88.480778,EM Bypass,Severe,2024-03-17,02:00,2024-03-17 02:00:00,Fog,Truck,high
1655,22.513074,88.347507,AJC Bose Road,Minor,2023-01-12,05:00,2023-01-12 05:00:00,Rain,Bus,high
1656,22.682201,88.470438,EM Bypass,Minor,2022-03-25,04:00,2022-03-25 04:00:00,Clear,Bus,high
1657,22.60162,88.486346,EM Bypass,Fatal,2024-10-07,18:00,2024-10-07 18:00:00,Rain,Truck,high
1658,22.574101,88.362065,Park Street,Severe,2025-01-30,18:00,2025-01-30 18:00:00,Rain,Car,medium
1659,22.497747,88.362483,AJC Bose Road,Minor,2024-06-07,07:00,2024-06-07 07:00:00,Rain,Truck,high
1660,22.491899,88.3894,AJC Bose Road,Fatal,2024-02-02,07:00,2024-02-02 07:00:00,Clear,Bus,high
1661,22.695475,88.337463,EM Bypass,Minor,2025-01-24,07:00,2025-01-24 07:00:00,Rain,Car,high
1662,22.606125,88.486325,EM Bypass,Severe,2024-08-10,18:00,2024-08-10 18:00:00,Fog,Bike,high
1663,22.636849,88.209569,Park Street,Minor,2023-10-14,11:00,2023-10-14 11:00:00,Rain,Truck,medium
1664,22.690947,88.25791,Park Street,Minor,2024-02-07,02:00,2024-02-07 02:00:00,Clear,Car,medium
1665,22.408229,88.426623,AJC Bose Road,Minor,2022-03-28,11:00,2022-03-28 11:00:00,Fog,Bus,high
1666,22.654819,88.497058,EM Bypass,Severe,2024-04-22,01:00,2024-04-22 01:00:00,Fog,Truck,high
1667,22.633254,88.470653,EM Bypass,Minor,2022-05-06,03:00,2022-05-06 03:00:00,Clear,Car,high
1668,22.536019,88.21941,Park Street,Severe,2024-09-10,07:00,2024-09-10 07:00:00,Fog,Auto,medium
1669,22.625376,88.227941,Park Street,Minor,2024-01-25,09:00,2024-01-25 09:00:00,Fog,Truck,medium
1670,22.465801,88.449936,EM Bypass,Severe,2024-01-05,06:00,2024-01-05 06:00:00,Rain,Bus,high
1671,22.615813,88.437786,EM Bypass,Severe,2023-03-10,02:00,2023-03-10 02:00:00,Rain,Truck,high
1672,22.63024,88.335925,Park Street,Severe,2023-10-02,00:00,2023-10-02 00:00:00,Fog,Truck,medium
1673,22.550574,88.399896,EM Bypass,Minor,2024-03-01,06:00,2024-03-01 06:00:00,Rain,Auto,high
1674,22.460504,88.24774,AJC Bose Road,Minor,2022-10-29,08:00,2022-10-29 08:00:00,Fog,Bike,high
1675,22.528834,88.357787,AJC Bose Road,Minor,2024-05-10,13:00,2024-05-10 13:00:00,Rain,Auto,high
1676,22.602428,88.460649,EM Bypass,Minor,2024-01-08,08:00,2024-01-08 08:00:00,Rain,Bike,high
1677,22.552062,88.252584,Park Street,Minor,2023-12-11,04:00,2023-12-11 04:00:00,Fog,Auto,medium
1678,22.4286,88.429138,AJC Bose Road,Severe,2024-11-27,00:00,2024-11-27 00:00:00,Rain,Bike,high
1679,22.406597,88.467726,AJC Bose Road,Minor,2024-12-12,04:00,2024-12-12 04:00:00,Fog,Bike,high
1680,22.560263,88.448237,EM Bypass,Severe,2024-11-01,16:00,2024-11-01 16:00:00,Fog,Car,high
1681,22.674003,88.408707,EM Bypass,Minor,2022-09-12,07:00,2022-09-12 07:00:00,Rain,Auto,high
1682,22.492661,88.313215,AJC Bose Road,Minor,2023-01-29,03:00,2023-01-29 03:00:00,Clear,Auto,high
1683,22.677886,88.316457,Park Street,Fatal,2022-12-01,12:00,2022-12-01 12:00:00,Fog,Auto,medium
1684,22.513779,88.473297,EM Bypass,Fatal,2022-03-23,04:00,2022-03-23 04:00:00,Fog,Auto,high
1685,22.533639,88.281142,AJC Bose Road,Minor,2022-09-17,07:00,2022-09-17 07:00:00,Rain,Bus,high
1686,22.646616,88.400444,EM Bypass,Minor,2022-08-31,14:00,2022-08-31 14:00:00,Clear,Bike,high
1687,22.494801,88.338598,AJC Bose Road,Minor,2025-02-17,02:00,2025-02-17 02:00:00,Rain,Bike,high
1688,22.426972,88.209618,AJC Bose Road,Minor,2024-03-05,08:00,2024-03-05 08:00:00,Clear,Auto,high
1689,22.583216,88.405046,EM Bypass,Severe,2025-04-02,04:00,2025-04-02 04:00:00,Rain,Bike,high
1690,22.405236,88.432268,AJC Bose Road,Minor,2025-03-23,13:00,2025-03-23 13:00:00,Rain,Bike,high
1691,22.566549,88.222262,Park Street,Fatal,2022-09-07,03:00,2022-09-07 03:00:00,Clear,Car,medium
1692,22.590652,88.440704,EM Bypass,Fatal,2023-10-20,15:00,2023-10-20 15:00:00,Clear,Truck,high
1693,22.403523,88.323847,AJC Bose Road,Minor,2024-10-10,07:00,2024-10-10 07:00:00,Rain,Car,high
1694,22.653173,88.25332,Park Street,Severe,2024-05-04,02:00,2024-05-04 02:00:00,Clear,Auto,medium
1695,22.656818,88.364521,EM Bypass,Fatal,2023-12-14,00:00,2023-12-14 00:00:00,Fog,Bus,high
1696,22.647958,88.351044,Park Street,Minor,2023-11-30,16:00,2023-11-30 16:00:00,Rain,Auto,medium
1697,22.56443,88.223019,Park Street,Minor,2025-01-05,13:00,2025-01-05 13:00:00,Rain,Bike,medium
1698,22.679772,88.232505,Park Street,Minor,2022-12-05,14:00,2022-12-05 14:00:00,Clear,Car,medium
1699,22.499789,88.394213,AJC Bose Road,Fatal,2024-02-25,15:00,2024-02-25 15:00:00,Fog,Truck,high
1700,22.571322,88.380012,EM Bypass,Severe,2022-02-09,18:00,2022-02-09 18:00:00,Rain,Auto,high
1701,22.557149,88.470475,EM Bypass,Minor,2022-07-03,11:00,2022-07-03 11:00:00,Rain,Car,high
1702,22.455803,88.242646,AJC Bose Road,Minor,2022-06-20,01:00,2022-06-20 01:00:00,Rain,Auto,high
1703,22.592462,88.450175,EM Bypass,Fatal,2024-08-12,08:00,2024-08-12 08:00:00,Fog,Car,high
1704,22.574291,88.257932,Park Street,Minor,2023-10-03,22:00,2023-10-03 22:00:00,Fog,Car,medium
1705,22.695952,88.220693,Park Street,Minor,2025-03-10,10:00,2025-03-10 10:00:00,Fog,Bike,medium
1706,22.504368,88.248768,AJC Bose Road,Minor,2023-12-28,19:00,2023-12-28 19:00:00,Clear,Auto,high
1707,22.425108,88.366938,AJC Bose Road,Severe,2023-09-24,03:00,2023-09-24 03:00:00,Clear,Car,high
1708,22.660099,88.462593,EM Bypass,Minor,2022-11-23,13:00,2022-11-23 13:00:00,Rain,Bus,high
1709,22.527105,88.443911,EM Bypass,Minor,2022-07-15,08:00,2022-07-15 08:00:00,Fog,Car,high
1710,22.696717,88.393231,EM Bypass,Minor,2023-04-18,22:00,2023-04-18 22:00:00,Clear,Bike,high
1711,22.535692,88.30829,AJC Bose Road,Minor,2023-11-17,09:00,2023-11-17 09:00:00,Fog,Car,high
1712,22.403606,88.350682,AJC Bose Road,Severe,2025-01-06,10:00,2025-01-06 10:00:00,Clear,Truck,high
1713,22.503185,88.486098,EM Bypass,Minor,2024-06-13,00:00,2024-06-13 00:00:00,Rain,Auto,high
1714,22.428655,88.255997,AJC Bose Road,Minor,2024-10-22,06:00,2024-10-22 06:00:00,Fog,Bike,high
1715,22.466666,88.45827,EM Bypass,Minor,2022-08-23,16:00,2022-08-23 16:00:00,Fog,Truck,high
1716,22.510936,88.480191,EM Bypass,Minor,2025-04-07,17:00,2025-04-07 17:00:00,Clear,Bus,high
1717,22.512823,88.258167,AJC Bose Road,Minor,2023-04-20,23:00,2023-04-20 23:00:00,Clear,Bus,high
1718,22.586667,88.49737,EM Bypass,Minor,2023-10-27,12:00,2023-10-27 12:00:00,Clear,Auto,high
1719,22.442683,88.213801,AJC Bose Road,Minor,2024-07-18,12:00,2024-07-18 12:00:00,Rain,Truck,high
1720,22.59283,88.386915,EM Bypass,Fatal,2023-04-29,07:00,2023-04-29 07:00:00,Fog,Bus,high
1721,22.428867,88.431973,AJC Bose Road,Minor,2022-08-08,12:00,2022-08-08 12:00:00,Rain,Car,high
1722,22.51985,88.369108,AJC Bose Road,Severe,2023-07-04,05:00,2023-07-04 05:00:00,Clear,Bus,high
1723,22.5316,88.367534,AJC Bose Road,Minor,2024-05-07,04:00,2024-05-07 04:00:00,Rain,Bus,high
1724,22.65697,88.39332,EM Bypass,Minor,2023-06-07,06:00,2023-06-07 06:00:00,Fog,Car,high
1725,22.458014,88.453156,EM Bypass,Fatal,2022-04-10,04:00,2022-04-10 04:00:00,Clear,Bike,high
1726,22.597068,88.466579,EM Bypass,Minor,2023-12-25,15:00,2023-12-25 15:00:00,Fog,Bus,high
1727,22.506585,88.449472,EM Bypass,Minor,2022-10-11,20:00,2022-10-11 20:00:00,Clear,Bus,high
1728,22.557672,88.418197,EM Bypass,Severe,2022-03-07,08:00,2022-03-07 08:00:00,Clear,Auto,high
1729,22.582635,88.495999,EM Bypass,Fatal,2022-01-03,01:00,2022-01-03 01:00:00,Clear,Bus,high
1730,22.419805,88.373758,AJC Bose Road,Minor,2023-03-18,16:00,2023-03-18 16:00:00,Clear,Car,high
1731,22.599518,88.331553,Park Street,Severe,2022-11-06,09:00,2022-11-06 09:00:00,Rain,Car,medium
1732,22.629625,88.261616,Park Street,Severe,2022-03-23,22:00,2022-03-23 22:00:00,Clear,Bus,medium
1733,22.592499,88.331502,Park Street,Severe,2023-04-07,04:00,2023-04-07 04:00:00,Clear,Auto,medium
1734,22.452043,88.320393,AJC Bose Road,Severe,2025-01-05,08:00,2025-01-05 08:00:00,Rain,Truck,high
1735,22.509786,88.451568,EM Bypass,Minor,2022-02-25,14:00,2022-02-25 14:00:00,Clear,Auto,high
1736,22.497906,88.349988,AJC Bose Road,Minor,2023-09-05,13:00,2023-09-05 13:00:00,Fog,Auto,high
1737,22.551835,88.45916,EM Bypass,Minor,2023-01-17,09:00,2023-01-17 09:00:00,Fog,Bike,high
1738,22.630406,88.470059,EM Bypass,Minor,2025-03-14,21:00,2025-03-14 21:00:00,Clear,Auto,high
1739,22.617642,88.237446,Park Street,Severe,2024-06-28,08:00,2024-06-28 08:00:00,Clear,Auto,medium
1740,22.55916,88.265955,Park Street,Minor,2024-01-06,16:00,2024-01-06 16:00:00,Fog,Bike,medium
1741,22.635404,88.389449,EM Bypass,Minor,2024-06-29,15:00,2024-06-29 15:00:00,Fog,Bus,high
1742,22.686338,88.332722,Park Street,Minor,2024-10-12,04:00,2024-10-12 04:00:00,Rain,Auto,medium
1743,22.567935,88.283011,Park Street,Minor,2022-08-27,05:00,2022-08-27 05:00:00,Fog,Car,medium
1744,22.635795,88.363666,EM Bypass,Minor,2024-04-28,13:00,2024-04-28 13:00:00,Fog,Truck,high
1745,22.695124,88.37818,EM Bypass,Fatal,2022-08-24,06:00,2022-08-24 06:00:00,Fog,Auto,high
1746,22.419659,88.313355,AJC Bose Road,Severe,2023-11-01,23:00,2023-11-01 23:00:00,Fog,Bike,high
1747,22.56263,88.46804,EM Bypass,Minor,2022-11-01,05:00,2022-11-01 05:00:00,Clear,Car,high
1748,22.401,88.49288,EM Bypass,Minor,2022-01-25,00:00,2022-01-25 00:00:00,Rain,Bus,high
1749,22.631758,88.478763,EM Bypass,Minor,2024-12-18,12:00,2024-12-18 12:00:00,Rain,Bike,high
1750,22.469183,88.20397,AJC Bose Road,Fatal,2024-03-04,10:00,2024-03-04 10:00:00,Fog,Bus,high
1751,22.540405,88.499582,EM Bypass,Severe,2022-03-23,15:00,2022-03-23 15:00:00,Rain,Bike,high
1752,22.678239,88.449082,EM Bypass,Minor,2022-07-20,06:00,2022-07-20 06:00:00,Clear,Auto,high
1753,22.482331,88.436685,EM Bypass,Minor,2024-10-10,19:00,2024-10-10 19:00:00,Rain,Bus,high
1754,22.571639,88.38952,EM Bypass,Minor,2023-10-20,04:00,2023-10-20 04:00:00,Rain,Bike,high
1755,22.483202,88.31089,AJC Bose Road,Fatal,2022-02-20,11:00,2022-02-20 11:00:00,Fog,Bus,high
1756,22.406351,88.323253,AJC Bose Road,Severe,2023-05-17,00:00,2023-05-17 00:00:00,Clear,Bus,high
1757,22.654182,88.215997,Park Street,Fatal,2024-11-08,08:00,2024-11-08 08:00:00,Fog,Bike,medium
1758,22.47934,88.233474,AJC Bose Road,Severe,2022-11-21,20:00,2022-11-21 20:00:00,Fog,Auto,high
1759,22.516624,88.252017,AJC Bose Road,Severe,2022-01-06,23:00,2022-01-06 23:00:00,Clear,Bus,high
1760,22.693637,88.29953,Park Street,Minor,2023-05-08,11:00,2023-05-08 11:00:00,Fog,Auto,medium
1761,22.51277,88.273041,AJC Bose Road,Minor,2023-12-31,00:00,2023-12-31 00:00:00,Fog,Car,high
1762,22.533345,88.343067,AJC Bose Road,Minor,2025-03-12,19:00,2025-03-12 19:00:00,Clear,Auto,high
1763,22.690869,88.219308,Park Street,Fatal,2024-04-25,20:00,2024-04-25 20:00:00,Rain,Bus,medium
1764,22.546534,88.49906,EM Bypass,Severe,2023-06-24,12:00,2023-06-24 12:00:00,Fog,Bus,high
1765,22.408115,88.414207,AJC Bose Road,Minor,2022-11-22,09:00,2022-11-22 09:00:00,Rain,Car,high
1766,22.534032,88.463009,EM Bypass,Fatal,2022-08-05,18:00,2022-08-05 18:00:00,Fog,Car,high
1767,22.424424,88.485618,EM Bypass,Minor,2024-08-20,01:00,2024-08-20 01:00:00,Fog,Bike,high
1768,22.633342,88.382886,EM Bypass,Minor,2022-02-12,10:00,2022-02-12 10:00:00,Rain,Truck,high
1769,22.579765,88.460474,EM Bypass,Severe,2025-03-28,04:00,2025-03-28 04:00:00,Rain,Auto,high
1770,22.420396,88.367885,AJC Bose Road,Minor,2023-01-08,11:00,2023-01-08 11:00:00,Fog,Bus,high
1771,22.429496,88.275957,AJC Bose Road,Minor,2023-10-29,18:00,2023-10-29 18:00:00,Rain,Bus,high
1772,22.454294,88.24683,AJC Bose Road,Minor,2024-10-22,20:00,2024-10-22 20:00:00,Fog,Bike,high
1773,22.460888,88.229838,AJC Bose Road,Minor,2022-10-05,08:00,2022-10-05 08:00:00,Fog,Auto,high
1774,22.431585,88.38541,AJC Bose Road,Minor,2025-01-21,09:00,2025-01-21 09:00:00,Rain,Truck,high
1775,22.649265,88.352289,EM Bypass,Fatal,2024-06-19,05:00,2024-06-19 05:00:00,Fog,Bus,high
1776,22.626062,88.389151,EM Bypass,Severe,2024-08-25,19:00,2024-08-25 19:00:00,Fog,Car,high
1777,22.581394,88.34084,Park Street,Minor,2023-03-01,18:00,2023-03-01 18:00:00,Fog,Truck,medium
1778,22.482095,88.47953,EM Bypass,Fatal,2024-05-21,04:00,2024-05-21 04:00:00,Fog,Truck,high
1779,22.637862,88.470177,EM Bypass,Fatal,2022-10-23,02:00,2022-10-23 02:00:00,Rain,Truck,high
1780,22.455926,88.456988,EM Bypass,Severe,2022-02-22,02:00,2022-02-22 02:00:00,Clear,Auto,high
1781,22.447702,88.379592,AJC Bose Road,Severe,2022-04-01,12:00,2022-04-01 12:00:00,Rain,Bus,high
1782,22.431822,88.287175,AJC Bose Road,Severe,2024-06-16,01:00,2024-06-16 01:00:00,Clear,Truck,high
1783,22.506113,88.451304,EM Bypass,Minor,2024-09-24,06:00,2024-09-24 06:00:00,Rain,Car,high
1784,22.535811,88.486309,EM Bypass,Minor,2022-04-30,23:00,2022-04-30 23:00:00,Rain,Bike,high
1785,22.515002,88.458468,EM Bypass,Fatal,2024-03-02,07:00,2024-03-02 07:00:00,Rain,Auto,high
1786,22.560197,88.303673,Park Street,Minor,2022-06-28,08:00,2022-06-28 08:00:00,Fog,Auto,medium
1787,22.474605,88.351078,AJC Bose Road,Minor,2024-08-07,14:00,2024-08-07 14:00:00,Rain,Bike,high
1788,22.648053,88.331167,Park Street,Fatal,2024-07-12,07:00,2024-07-12 07:00:00,Clear,Bus,medium
1789,22.436351,88.471511,EM Bypass,Minor,2024-06-22,20:00,2024-06-22 20:00:00,Rain,Car,high
1790,22.460845,88.463171,EM Bypass,Severe,2023-07-05,14:00,2023-07-05 14:00:00,Fog,Bike,high
1791,22.669886,88.271756,Park Street,Severe,2023-04-13,11:00,2023-04-13 11:00:00,Clear,Car,medium
1792,22.440661,88.387324,AJC Bose Road,Minor,2023-03-07,06:00,2023-03-07 06:00:00,Clear,Truck,high
1793,22.553439,88.451091,EM Bypass,Minor,2024-10-19,05:00,2024-10-19 05:00:00,Fog,Truck,high
1794,22.469707,88.23909,AJC Bose Road,Severe,2023-03-04,16:00,2023-03-04 16:00:00,Clear,Truck,high
1795,22.622014,88.218023,Park Street,Fatal,2023-02-20,10:00,2023-02-20 10:00:00,Fog,Bus,medium
1796,22.544895,88.459845,EM Bypass,Severe,2023-03-13,16:00,2023-03-13 16:00:00,Fog,Auto,high
1797,22.623924,88.21584,Park Street,Fatal,2024-10-01,19:00,2024-10-01 19:00:00,Rain,Bike,medium
1798,22.566218,88.215801,Park Street,Minor,2022-08-27,23:00,2022-08-27 23:00:00,Fog,Auto,medium
1799,22.619723,88.243916,Park Street,Minor,2023-09-02,09:00,2023-09-02 09:00:00,Fog,Auto,medium
1800,22.69585,88.395243,EM Bypass,Severe,2022-10-22,00:00,2022-10-22 00:00:00,Clear,Car,high
1801,22.588554,88.331963,Park Street,Minor,2024-04-20,10:00,2024-04-20 10:00:00,Fog,Bus,medium
1802,22.430126,88.359084,AJC Bose Road,Minor,2022-02-15,02:00,2022-02-15 02:00:00,Fog,Car,high
1803,22.602852,88.393352,EM Bypass,Fatal,2023-12-06,01:00,2023-12-06 01:00:00,Fog,Car,high
1804,22.444438,88.459618,EM Bypass,Minor,2024-10-05,21:00,2024-10-05 21:00:00,Clear,Car,high
1805,22.408723,88.243286,AJC Bose Road,Minor,2024-08-24,21:00,2024-08-24 21:00:00,Fog,Bike,high
1806,22.483657,88.391824,AJC Bose Road,Minor,2023-05-09,08:00,2023-05-09 08:00:00,Rain,Bike,high
1807,22.689812,88.281657,Park Street,Severe,2022-12-30,08:00,2022-12-30 08:00:00,Fog,Bike,medium
1808,22.597447,88.36956,EM Bypass,Minor,2022-08-05,00:00,2022-08-05 00:00:00,Rain,Bike,high
1809,22.621336,88.37677,EM Bypass,Minor,2024-06-28,10:00,2024-06-28 10:00:00,Rain,Truck,high
1810,22.58906,88.230796,Park Street,Severe,2022-01-30,02:00,2022-01-30 02:00:00,Fog,Bus,medium
1811,22.64306,88.251372,Park Street,Fatal,2023-01-29,21:00,2023-01-29 21:00:00,Clear,Truck,medium
1812,22.457804,88.421267,AJC Bose Road,Severe,2022-04-01,22:00,2022-04-01 22:00:00,Fog,Car,high
1813,22.413252,88.439622,AJC Bose Road,Minor,2022-10-04,13:00,2022-10-04 13:00:00,Rain,Car,high
1814,22.467156,88.399454,AJC Bose Road,Minor,2023-03-24,11:00,2023-03-24 11:00:00,Fog,Truck,high
1815,22.692964,88.297353,Park Street,Severe,2023-11-28,08:00,2023-11-28 08:00:00,Clear,Auto,medium
1816,22.625954,88.255743,Park Street,Severe,2024-04-20,22:00,2024-04-20 22:00:00,Clear,Truck,medium
1817,22.597583,88.441745,EM Bypass,Severe,2024-04-27,18:00,2024-04-27 18:00:00,Fog,Truck,high
1818,22.519208,88.315276,AJC Bose Road,Minor,2023-04-19,01:00,2023-04-19 01:00:00,Clear,Bike,high
1819,22.688332,88.243559,Park Street,Fatal,2022-02-23,22:00,2022-02-23 22:00:00,Fog,Bus,medium
1820,22.619646,88.369258,EM Bypass,Minor,2022-09-17,19:00,2022-09-17 19:00:00,Fog,Bus,high
1821,22.480314,88.421,AJC Bose Road,Minor,2024-01-06,01:00,2024-01-06 01:00:00,Fog,Truck,high
1822,22.64966,88.425746,EM Bypass,Severe,2023-11-29,01:00,2023-11-29 01:00:00,Rain,Bike,high
1823,22.507492,88.295706,AJC Bose Road,Severe,2024-02-06,09:00,2024-02-06 09:00:00,Fog,Bike,high
1824,22.444452,88.313171,AJC Bose Road,Fatal,2024-12-31,16:00,2024-12-31 16:00:00,Rain,Car,high
1825,22.694885,88.444968,EM Bypass,Minor,2023-03-02,04:00,2023-03-02 04:00:00,Fog,Truck,high
1826,22.690817,88.387939,EM Bypass,Severe,2023-09-25,03:00,2023-09-25 03:00:00,Rain,Bus,high
1827,22.651431,88.307577,Park Street,Fatal,2022-08-28,00:00,2022-08-28 00:00:00,Fog,Auto,medium
1828,22.434826,88.32717,AJC Bose Road,Minor,2022-07-09,17:00,2022-07-09 17:00:00,Clear,Truck,high
1829,22.652869,88.329272,Park Street,Severe,2022-06-12,03:00,2022-06-12 03:00:00,Rain,Truck,medium
1830,22.489425,88.309188,AJC Bose Road,Severe,2024-04-19,04:00,2024-04-19 04:00:00,Fog,Bike,high
1831,22.552521,88.2128,Park Street,Minor,2025-02-04,20:00,2025-02-04 20:00:00,Fog,Bus,medium
1832,22.459256,88.456777,EM Bypass,Severe,2024-09-06,07:00,2024-09-06 07:00:00,Rain,Car,high
1833,22.659999,88.411488,EM Bypass,Fatal,2023-11-03,09:00,2023-11-03 09:00:00,Rain,Bus,high
1834,22.595967,88.243021,Park Street,Severe,2023-05-22,21:00,2023-05-22 21:00:00,Clear,Auto,medium
1835,22.699012,88.441404,EM Bypass,Severe,2023-06-16,15:00,2023-06-16 15:00:00,Rain,Bike,high
1836,22.489086,88.382514,AJC Bose Road,Minor,2023-06-06,07:00,2023-06-06 07:00:00,Clear,Bus,high
1837,22.429753,88.236658,AJC Bose Road,Fatal,2022-10-30,23:00,2022-10-30 23:00:00,Fog,Truck,high
1838,22.596097,88.323952,Park Street,Minor,2024-08-03,23:00,2024-08-03 23:00:00,Clear,Bus,medium
1839,22.470383,88.486453,EM Bypass,Fatal,2022-02-18,17:00,2022-02-18 17:00:00,Clear,Bus,high
1840,22.572081,88.32382,Park Street,Severe,2022-11-04,22:00,2022-11-04 22:00:00,Rain,Truck,medium
1841,22.563688,88.400494,EM Bypass,Minor,2023-09-30,16:00,2023-09-30 16:00:00,Clear,Car,high
1842,22.511452,88.417738,EM Bypass,Severe,2024-03-29,01:00,2024-03-29 01:00:00,Fog,Truck,high
1843,22.476052,88.24013,AJC Bose Road,Minor,2024-12-03,16:00,2024-12-03 16:00:00,Fog,Bus,high
1844,22.447633,88.379185,AJC Bose Road,Minor,2025-03-13,03:00,2025-03-13 03:00:00,Rain,Truck,high
1845,22.621323,88.449223,EM Bypass,Minor,2024-08-23,11:00,2024-08-23 11:00:00,Rain,Bike,high
1846,22.42281,88.431171,AJC Bose Road,Minor,2023-04-11,07:00,2023-04-11 07:00:00,Rain,Car,high
1847,22.516741,88.496765,EM Bypass,Minor,2023-12-06,03:00,2023-12-06 03:00:00,Rain,Bus,high
1848,22.425828,88.210733,AJC Bose Road,Fatal,2024-09-12,03:00,2024-09-12 03:00:00,Rain,Bus,high
1849,22.526309,88.423134,EM Bypass,Severe,2022-05-30,07:00,2022-05-30 07:00:00,Fog,Bus,high
1850,22.693085,88.294425,Park Street,Severe,2022-05-14,17:00,2022-05-14 17:00:00,Clear,Truck,medium
1851,22.550468,88.357951,Park Street,Fatal,2024-12-22,09:00,2024-12-22 09:00:00,Clear,Car,medium
1852,22.601923,88.250238,Park Street,Fatal,2024-09-24,03:00,2024-09-24 03:00:00,Rain,Bus,medium
1853,22.447135,88.442055,AJC Bose Road,Minor,2025-02-21,15:00,2025-02-21 15:00:00,Clear,Auto,high
1854,22.689232,88.401588,EM Bypass,Severe,2023-03-03,00:00,2023-03-03 00:00:00,Clear,Bus,high
1855,22.440533,88.271251,AJC Bose Road,Minor,2024-09-30,08:00,2024-09-30 08:00:00,Fog,Truck,high
1856,22.466765,88.236798,AJC Bose Road,Minor,2023-03-20,04:00,2023-03-20 04:00:00,Rain,Car,high
1857,22.518393,88.253437,AJC Bose Road,Severe,2023-12-17,14:00,2023-12-17 14:00:00,Clear,Bike,high
1858,22.535186,88.378451,AJC Bose Road,Minor,2022-11-09,18:00,2022-11-09 18:00:00,Fog,Truck,high
1859,22.464278,88.401788,AJC Bose Road,Minor,2023-07-05,01:00,2023-07-05 01:00:00,Clear,Bike,high
1860,22.679906,88.275956,Park Street,Minor,2023-10-08,16:00,2023-10-08 16:00:00,Fog,Truck,medium
1861,22.435754,88.32039,AJC Bose Road,Minor,2024-09-19,01:00,2024-09-19 01:00:00,Fog,Car,high
1862,22.495108,88.208715,AJC Bose Road,Minor,2023-09-27,06:00,2023-09-27 06:00:00,Fog,Bus,high
1863,22.513214,88.443788,EM Bypass,Minor,2022-01-21,09:00,2022-01-21 09:00:00,Rain,Truck,high
1864,22.668721,88.400217,EM Bypass,Minor,2022-02-28,19:00,2022-02-28 19:00:00,Clear,Bike,high
1865,22.614816,88.434369,EM Bypass,Minor,2024-09-03,05:00,2024-09-03 05:00:00,Rain,Car,high
1866,22.43798,88.493458,EM Bypass,Severe,2022-10-03,20:00,2022-10-03 20:00:00,Rain,Bus,high
1867,22.626045,88.407143,EM Bypass,Minor,2022-01-11,23:00,2022-01-11 23:00:00,Rain,Car,high
1868,22.511163,88.260099,AJC Bose Road,Minor,2025-02-04,01:00,2025-02-04 01:00:00,Fog,Car,high
1869,22.562845,88.286066,Park Street,Minor,2024-03-13,21:00,2024-03-13 21:00:00,Fog,Bike,medium
1870,22.589552,88.243683,Park Street,Minor,2022-04-21,15:00,2022-04-21 15:00:00,Fog,Bike,medium
1871,22.696909,88.443751,EM Bypass,Minor,2023-11-13,06:00,2023-11-13 06:00:00,Fog,Car,high
1872,22.57881,88.463227,EM Bypass,Severe,2024-11-24,04:00,2024-11-24 04:00:00,Clear,Truck,high
1873,22.509824,88.217193,AJC Bose Road,Minor,2024-08-25,05:00,2024-08-25 05:00:00,Clear,Truck,high
1874,22.647293,88.344046,Park Street,Minor,2022-05-24,06:00,2022-05-24 06:00:00,Rain,Bus,medium
1875,22.48775,88.418222,AJC Bose Road,Minor,2023-10-02,13:00,2023-10-02 13:00:00,Fog,Bike,high
1876,22.436842,88.492449,EM Bypass,Severe,2022-12-27,17:00,2022-12-27 17:00:00,Rain,Bike,high
1877,22.440468,88.366702,AJC Bose Road,Minor,2025-03-26,07:00,2025-03-26 07:00:00,Clear,Truck,high
1878,22.648046,88.406844,EM Bypass,Severe,2023-07-30,23:00,2023-07-30 23:00:00,Fog,Bus,high
1879,22.602524,88.498954,EM Bypass,Severe,2024-06-03,23:00,2024-06-03 23:00:00,Clear,Bike,high
1880,22.513003,88.446659,EM Bypass,Fatal,2022-06-29,15:00,2022-06-29 15:00:00,Clear,Auto,high
1881,22.578747,88.290696,Park Street,Minor,2022-04-18,13:00,2022-04-18 13:00:00,Rain,Auto,medium
1882,22.59842,88.228077,Park Street,Minor,2023-08-15,18:00,2023-08-15 18:00:00,Fog,Bike,medium
1883,22.675689,88.248241,Park Street,Minor,2023-02-18,09:00,2023-02-18 09:00:00,Fog,Truck,medium
1884,22.686963,88.393328,EM Bypass,Minor,2024-12-20,00:00,2024-12-20 00:00:00,Fog,Bus,high
1885,22.526693,88.455578,EM Bypass,Minor,2023-02-10,06:00,2023-02-10 06:00:00,Rain,Bus,high
1886,22.484764,88.201948,AJC Bose Road,Severe,2024-03-14,15:00,2024-03-14 15:00:00,Rain,Car,high
1887,22.466114,88.440217,EM Bypass,Minor,2023-12-03,10:00,2023-12-03 10:00:00,Rain,Bus,high
1888,22.674763,88.205779,Park Street,Fatal,2025-01-17,20:00,2025-01-17 20:00:00,Clear,Car,medium
1889,22.441084,88.34777,AJC Bose Road,Minor,2022-06-04,20:00,2022-06-04 20:00:00,Rain,Truck,high
1890,22.675451,88.483226,EM Bypass,Severe,2024-08-26,05:00,2024-08-26 05:00:00,Fog,Bike,high
1891,22.696421,88.312534,Park Street,Minor,2024-09-22,20:00,2024-09-22 20:00:00,Fog,Bike,medium
1892,22.402878,88.367099,AJC Bose Road,Minor,2022-11-07,19:00,2022-11-07 19:00:00,Clear,Bus,high
1893,22.411371,88.39627,AJC Bose Road,Minor,2024-03-31,07:00,2024-03-31 07:00:00,Fog,Car,high
1894,22.698184,88.254762,Park Street,Minor,2024-03-17,00:00,2024-03-17 00:00:00,Rain,Bike,medium
1895,22.588375,88.321402,Park Street,Minor,2024-03-31,14:00,2024-03-31 14:00:00,Fog,Car,medium
1896,22.472926,88.404835,AJC Bose Road,Minor,2022-05-28,23:00,2022-05-28 23:00:00,Clear,Auto,high
1897,22.544563,88.422135,EM Bypass,Minor,2022-10-02,18:00,2022-10-02 18:00:00,Rain,Truck,high
1898,22.61338,88.310925,Park Street,Fatal,2024-03-06,14:00,2024-03-06 14:00:00,Rain,Bus,medium
1899,22.659377,88.379407,EM Bypass,Minor,2023-07-03,21:00,2023-07-03 21:00:00,Rain,Bus,high
1900,22.410257,88.287047,AJC Bose Road,Severe,2023-05-01,03:00,2023-05-01 03:00:00,Clear,Auto,high
1901,22.427716,88.369453,AJC Bose Road,Minor,2023-11-01,08:00,2023-11-01 08:00:00,Clear,Auto,high
1902,22.58337,88.415089,EM Bypass,Minor,2022-07-28,20:00,2022-07-28 20:00:00,Clear,Bus,high
1903,22.458226,88.252253,AJC Bose Road,Minor,2024-05-27,01:00,2024-05-27 01:00:00,Clear,Bus,high
1904,22.466176,88.477277,EM Bypass,Severe,2024-09-17,01:00,2024-09-17 01:00:00,Rain,Truck,high
1905,22.679787,88.468699,EM Bypass,Minor,2024-08-10,05:00,2024-08-10 05:00:00,Fog,Bus,high
1906,22.426931,88.303937,AJC Bose Road,Minor,2024-01-02,20:00,2024-01-02 20:00:00,Fog,Bike,high
1907,22.595147,88.240369,Park Street,Minor,2022-10-26,01:00,2022-10-26 01:00:00,Clear,Truck,medium
1908,22.439582,88.236428,AJC Bose Road,Minor,2023-12-21,14:00,2023-12-21 14:00:00,Rain,Truck,high
1909,22.52389,88.487931,EM Bypass,Severe,2022-08-17,02:00,2022-08-17 02:00:00,Clear,Truck,high
1910,22.647966,88.46242,EM Bypass,Minor,2024-07-21,05:00,2024-07-21 05:00:00,Clear,Car,high
1911,22.582039,88.376337,EM Bypass,Fatal,2023-09-30,23:00,2023-09-30 23:00:00,Rain,Bus,high
1912,22.485882,88.443976,EM Bypass,Fatal,2023-02-07,06:00,2023-02-07 06:00:00,Rain,Auto,high
1913,22.509296,88.286248,AJC Bose Road,Minor,2024-09-20,04:00,2024-09-20 04:00:00,Fog,Bike,high
1914,22.459138,88.290182,AJC Bose Road,Minor,2023-08-23,12:00,2023-08-23 12:00:00,Rain,Bus,high
1915,22.602665,88.363926,Park Street,Severe,2024-06-03,18:00,2024-06-03 18:00:00,Rain,Auto,medium
1916,22.522057,88.484733,EM Bypass,Minor,2024-09-13,04:00,2024-09-13 04:00:00,Fog,Bike,high
1917,22.604753,88.362356,Park Street,Severe,2024-10-04,01:00,2024-10-04 01:00:00,Rain,Bus,medium
1918,22.493256,88.215399,AJC Bose Road,Minor,2024-01-18,07:00,2024-01-18 07:00:00,Clear,Auto,high
1919,22.577775,88.255991,Park Street,Minor,2022-08-12,05:00,2022-08-12 05:00:00,Rain,Truck,medium
1920,22.563988,88.42185,EM Bypass,Minor,2023-04-02,23:00,2023-04-02 23:00:00,Fog,Truck,high
1921,22.493932,88.287838,AJC Bose Road,Severe,2023-03-08,05:00,2023-03-08 05:00:00,Clear,Bus,high
1922,22.563058,88.384692,EM Bypass,Minor,2023-07-01,08:00,2023-07-01 08:00:00,Fog,Truck,high
1923,22.568414,88.35665,Park Street,Fatal,2022-05-20,11:00,2022-05-20 11:00:00,Fog,Bus,medium
1924,22.511821,88.476252,EM Bypass,Severe,2022-02-02,15:00,2022-02-02 15:00:00,Clear,Auto,high
1925,22.687422,88.29649,Park Street,Severe,2023-12-09,11:00,2023-12-09 11:00:00,Rain,Auto,medium
1926,22.614179,88.364776,EM Bypass,Minor,2023-07-02,04:00,2023-07-02 04:00:00,Rain,Truck,high
1927,22.629621,88.489823,EM Bypass,Severe,2022-12-09,07:00,2022-12-09 07:00:00,Clear,Auto,high
1928,22.677106,88.343231,EM Bypass,Severe,2024-09-19,03:00,2024-09-19 03:00:00,Clear,Bus,high
1929,22.421775,88.269288,AJC Bose Road,Minor,2023-06-05,18:00,2023-06-05 18:00:00,Fog,Bus,high
1930,22.51373,88.465415,EM Bypass,Fatal,2025-02-25,14:00,2025-02-25 14:00:00,Fog,Bike,high
1931,22.515111,88.351585,AJC Bose Road,Fatal,2025-02-03,14:00,2025-02-03 14:00:00,Clear,Bike,high
1932,22.646125,88.492531,EM Bypass,Fatal,2023-07-01,01:00,2023-07-01 01:00:00,Clear,Bike,high
1933,22.551621,88.383555,Park Street,Minor,2024-01-09,16:00,2024-01-09 16:00:00,Clear,Auto,medium
1934,22.466485,88.36399,AJC Bose Road,Minor,2025-03-16,14:00,2025-03-16 14:00:00,Rain,Truck,high
1935,22.63522,88.208196,Park Street,Severe,2023-12-30,23:00,2023-12-30 23:00:00,Clear,Bike,medium
1936,22.669685,88.338278,Park Street,Severe,2022-08-02,08:00,2022-08-02 08:00:00,Rain,Auto,medium
1937,22.480856,88.275037,AJC Bose Road,Severe,2024-08-05,02:00,2024-08-05 02:00:00,Fog,Car,high
1938,22.608886,88.348384,Park Street,Minor,2022-12-11,22:00,2022-12-11 22:00:00,Rain,Bike,medium
1939,22.409604,88.293263,AJC Bose Road,Minor,2022-06-24,18:00,2022-06-24 18:00:00,Fog,Truck,high
1940,22.465578,88.461117,EM Bypass,Minor,2024-10-07,17:00,2024-10-07 17:00:00,Rain,Truck,high
1941,22.657812,88.461193,EM Bypass,Minor,2023-07-02,07:00,2023-07-02 07:00:00,Clear,Auto,high
1942,22.40811,88.205296,AJC Bose Road,Minor,2024-10-17,09:00,2024-10-17 09:00:00,Rain,Car,high
1943,22.412799,88.346244,AJC Bose Road,Minor,2022-02-13,18:00,2022-02-13 18:00:00,Clear,Truck,high
1944,22.640067,88.289042,Park Street,Minor,2024-05-11,00:00,2024-05-11 00:00:00,Fog,Car,medium
1945,22.416604,88.477417,EM Bypass,Minor,2024-07-11,18:00,2024-07-11 18:00:00,Clear,Bus,high
1946,22.682656,88.265689,Park Street,Minor,2025-03-30,01:00,2025-03-30 01:00:00,Clear,Car,medium
1947,22.604088,88.480829,EM Bypass,Minor,2024-04-10,18:00,2024-04-10 18:00:00,Fog,Auto,high
1948,22.532638,88.43301,EM Bypass,Minor,2025-02-23,04:00,2025-02-23 04:00:00,Fog,Auto,high
1949,22.457994,88.478342,EM Bypass,Severe,2023-06-19,05:00,2023-06-19 05:00:00,Rain,Truck,high
1950,22.621203,88.20875,Park Street,Fatal,2023-12-01,13:00,2023-12-01 13:00:00,Rain,Auto,medium
1951,22.693582,88.467667,EM Bypass,Minor,2022-10-05,16:00,2022-10-05 16:00:00,Fog,Truck,high
1952,22.584182,88.327994,Park Street,Severe,2023-11-04,05:00,2023-11-04 05:00:00,Rain,Truck,medium
1953,22.50002,88.415763,EM Bypass,Fatal,2023-04-22,00:00,2023-04-22 00:00:00,Rain,Auto,high
1954,22.674301,88.295204,Park Street,Severe,2022-02-03,08:00,2022-02-03 08:00:00,Clear,Car,medium
1955,22.638921,88.251971,Park Street,Minor,2023-02-23,11:00,2023-02-23 11:00:00,Fog,Bus,medium
1956,22.686975,88.404282,EM Bypass,Minor,2025-03-29,19:00,2025-03-29 19:00:00,Fog,Auto,high
1957,22.51519,88.430204,EM Bypass,Severe,2024-11-26,02:00,2024-11-26 02:00:00,Rain,Truck,high
1958,22.511157,88.230927,AJC Bose Road,Minor,2022-04-19,20:00,2022-04-19 20:00:00,Clear,Bike,high
1959,22.511124,88.372145,AJC Bose Road,Severe,2023-12-30,21:00,2023-12-30 21:00:00,Rain,Car,high
1960,22.659663,88.299574,Park Street,Minor,2022-07-31,08:00,2022-07-31 08:00:00,Rain,Truck,medium
1961,22.585451,88.376185,EM Bypass,Minor,2024-02-10,10:00,2024-02-10 10:00:00,Fog,Bike,high
1962,22.555491,88.435542,EM Bypass,Fatal,2023-02-20,04:00,2023-02-20 04:00:00,Fog,Auto,high
1963,22.617212,88.238487,Park Street,Fatal,2024-08-10,16:00,2024-08-10 16:00:00,Clear,Truck,medium
1964,22.439974,88.288414,AJC Bose Road,Severe,2024-01-01,02:00,2024-01-01 02:00:00,Fog,Car,high
1965,22.594911,88.273736,Park Street,Minor,2024-10-16,00:00,2024-10-16 00:00:00,Fog,Car,medium
1966,22.598651,88.315581,Park Street,Minor,2024-05-18,01:00,2024-05-18 01:00:00,Clear,Truck,medium
1967,22.490041,88.260867,AJC Bose Road,Minor,2022-04-08,04:00,2022-04-08 04:00:00,Fog,Bike,high
1968,22.475713,88.297364,AJC Bose Road,Fatal,2023-12-21,09:00,2023-12-21 09:00:00,Fog,Car,high
1969,22.63534,88.335183,Park Street,Severe,2022-04-08,11:00,2022-04-08 11:00:00,Fog,Truck,medium
1970,22.660531,88.44319,EM Bypass,Minor,2023-04-10,16:00,2023-04-10 16:00:00,Fog,Truck,high
1971,22.506105,88.42446,EM Bypass,Severe,2024-06-18,07:00,2024-06-18 07:00:00,Fog,Bus,high
1972,22.406309,88.403449,AJC Bose Road,Severe,2025-01-18,13:00,2025-01-18 13:00:00,Clear,Bus,high
1973,22.49964,88.419803,EM Bypass,Fatal,2023-02-26,12:00,2023-02-26 12:00:00,Rain,Auto,high
1974,22.625977,88.492004,EM Bypass,Severe,2023-07-10,18:00,2023-07-10 18:00:00,Clear,Auto,high
1975,22.452316,88.348705,AJC Bose Road,Fatal,2023-11-02,12:00,2023-11-02 12:00:00,Clear,Bike,high
1976,22.673327,88.435211,EM Bypass,Fatal,2025-04-10,13:00,2025-04-10 13:00:00,Rain,Bus,high
1977,22.652472,88.30124,Park Street,Minor,2022-11-03,23:00,2022-11-03 23:00:00,Fog,Car,medium
1978,22.653808,88.432233,EM Bypass,Minor,2022-08-09,13:00,2022-08-09 13:00:00,Clear,Bus,high
1979,22.404831,88.315669,AJC Bose Road,Minor,2022-01-20,17:00,2022-01-20 17:00:00,Rain,Truck,high
1980,22.668819,88.296385,Park Street,Severe,2024-10-27,18:00,2024-10-27 18:00:00,Rain,Truck,medium
1981,22.412554,88.279214,AJC Bose Road,Severe,2022-06-23,12:00,2022-06-23 12:00:00,Fog,Bus,high
1982,22.508473,88.280572,AJC Bose Road,Minor,2023-04-05,11:00,2023-04-05 11:00:00,Fog,Truck,high
1983,22.603462,88.421023,EM Bypass,Minor,2025-01-29,09:00,2025-01-29 09:00:00,Rain,Car,high
1984,22.415058,88.35647,AJC Bose Road,Minor,2022-07-10,03:00,2022-07-10 03:00:00,Fog,Bus,high
1985,22.442428,88.31538,AJC Bose Road,Minor,2024-03-23,07:00,2024-03-23 07:00:00,Fog,Car,high
1986,22.438298,88.207659,AJC Bose Road,Minor,2023-12-31,12:00,2023-12-31 12:00:00,Rain,Bike,high
1987,22.503582,88.351528,AJC Bose Road,Minor,2022-07-02,12:00,2022-07-02 12:00:00,Fog,Car,high
1988,22.434745,88.352223,AJC Bose Road,Minor,2024-07-28,09:00,2024-07-28 09:00:00,Clear,Bus,high
1989,22.456882,88.395888,AJC Bose Road,Fatal,2024-12-27,16:00,2024-12-27 16:00:00,Clear,Auto,high
1990,22.608348,88.488177,EM Bypass,Severe,2024-08-19,19:00,2024-08-19 19:00:00,Fog,Bus,high
1991,22.437651,88.411649,AJC Bose Road,Minor,2023-09-28,23:00,2023-09-28 23:00:00,Clear,Bike,high
1992,22.628976,88.253596,Park Street,Minor,2022-02-12,04:00,2022-02-12 04:00:00,Rain,Car,medium
1993,22.484853,88.309178,AJC Bose Road,Minor,2024-12-15,08:00,2024-12-15 08:00:00,Clear,Auto,high
1994,22.513532,88.374779,AJC Bose Road,Fatal,2024-10-06,16:00,2024-10-06 16:00:00,Clear,Bike,high
1995,22.569948,88.414783,EM Bypass,Minor,2024-12-07,16:00,2024-12-07 16:00:00,Clear,Auto,high
1996,22.474463,88.298573,AJC Bose Road,Minor,2022-04-12,05:00,2022-04-12 05:00:00,Clear,Auto,high
1997,22.41982,88.307111,AJC Bose Road,Minor,2022-05-31,18:00,2022-05-31 18:00:00,Rain,Bike,high
1998,22.48468,88.375813,AJC Bose Road,Severe,2023-07-20,12:00,2023-07-20 12:00:00,Clear,Car,high
1999,22.48997,88.455597,EM Bypass,Minor,2022-03-14,03:00,2022-03-14 03:00:00,Rain,Bus,high
2000,22.442046,88.473206,EM Bypass,Severe,2024-08-19,21:00,2024-08-19 21:00:00,Rain,Bus,high
2001,22.622687,88.309568,Park Street,Severe,2024-10-18,09:00,2024-10-18 09:00:00,Clear,Bike,medium
2002,22.563465,88.437394,EM Bypass,Minor,2023-03-02,15:00,2023-03-02 15:00:00,Fog,Bus,high
2003,22.561496,88.309094,Park Street,Severe,2024-01-28,14:00,2024-01-28 14:00:00,Fog,Auto,medium
2004,22.556661,88.280466,Park Street,Severe,2024-10-13,11:00,2024-10-13 11:00:00,Rain,Car,medium
2005,22.678962,88.330148,Park Street,Minor,2024-05-31,07:00,2024-05-31 07:00:00,Rain,Car,medium
2006,22.570354,88.203545,Park Street,Minor,2024-04-29,20:00,2024-04-29 20:00:00,Rain,Truck,medium
2007,22.407924,88.476248,EM Bypass,Severe,2022-08-16,04:00,2022-08-16 04:00:00,Rain,Bus,high
2008,22.491465,88.481663,EM Bypass,Minor,2022-06-29,16:00,2022-06-29 16:00:00,Rain,Car,high
2009,22.417971,88.395718,AJC Bose Road,Minor,2024-01-26,14:00,2024-01-26 14:00:00,Fog,Car,high
2010,22.435222,88.412001,AJC Bose Road,Severe,2022-08-15,22:00,2022-08-15 22:00:00,Clear,Auto,high
2011,22.418672,88.419326,AJC Bose Road,Minor,2023-08-14,04:00,2023-08-14 04:00:00,Clear,Truck,high
2012,22.578142,88.277665,Park Street,Minor,2022-03-26,14:00,2022-03-26 14:00:00,Fog,Truck,medium
2013,22.437176,88.329018,AJC Bose Road,Minor,2022-07-30,18:00,2022-07-30 18:00:00,Rain,Car,high
2014,22.412364,88.469864,EM Bypass,Minor,2023-06-08,11:00,2023-06-08 11:00:00,Fog,Bus,high
2015,22.60335,88.334246,Park Street,Minor,2024-09-05,04:00,2024-09-05 04:00:00,Clear,Auto,medium
2016,22.513557,88.247385,AJC Bose Road,Minor,2023-05-27,20:00,2023-05-27 20:00:00,Rain,Truck,high
2017,22.622232,88.207105,Park Street,Minor,2023-01-11,22:00,2023-01-11 22:00:00,Clear,Bus,medium
2018,22.518391,88.405048,EM Bypass,Severe,2024-02-27,09:00,2024-02-27 09:00:00,Rain,Auto,high
2019,22.426499,88.291523,AJC Bose Road,Severe,2023-11-27,17:00,2023-11-27 17:00:00,Fog,Bus,high
2020,22.459191,88.310775,AJC Bose Road,Minor,2023-07-31,08:00,2023-07-31 08:00:00,Fog,Auto,high
2021,22.50739,88.264399,AJC Bose Road,Minor,2022-04-05,03:00,2022-04-05 03:00:00,Rain,Bus,high
2022,22.493604,88.202721,AJC Bose Road,Severe,2023-11-07,02:00,2023-11-07 02:00:00,Fog,Car,high
2023,22.697888,88.496934,EM Bypass,Minor,2023-05-05,10:00,2023-05-05 10:00:00,Clear,Bus,high
2024,22.507414,88.497363,EM Bypass,Severe,2024-01-26,02:00,2024-01-26 02:00:00,Fog,Car,high
2025,22.438913,88.462455,EM Bypass,Minor,2024-09-05,09:00,2024-09-05 09:00:00,Fog,Truck,high
2026,22.584706,88.472506,EM Bypass,Severe,2022-12-30,04:00,2022-12-30 04:00:00,Clear,Bike,high
2027,22.641933,88.38099,EM Bypass,Severe,2024-05-17,20:00,2024-05-17 20:00:00,Rain,Auto,high
2028,22.606325,88.281693,Park Street,Minor,2024-01-12,03:00,2024-01-12 03:00:00,Rain,Truck,medium
2029,22.45014,88.395446,AJC Bose Road,Fatal,2023-12-30,20:00,2023-12-30 20:00:00,Clear,Car,high
2030,22.513342,88.236395,AJC Bose Road,Minor,2024-08-10,20:00,2024-08-10 20:00:00,Fog,Auto,high
2031,22.429799,88.409277,AJC Bose Road,Minor,2025-02-10,08:00,2025-02-10 08:00:00,Rain,Car,high
2032,22.483838,88.277994,AJC Bose Road,Minor,2024-06-22,19:00,2024-06-22 19:00:00,Rain,Car,high
2033,22.626401,88.450871,EM Bypass,Minor,2022-03-01,08:00,2022-03-01 08:00:00,Rain,Bike,high
2034,22.582918,88.237566,Park Street,Fatal,2022-12-04,10:00,2022-12-04 10:00:00,Clear,Car,medium
2035,22.466053,88.47395,EM Bypass,Minor,2023-02-01,15:00,2023-02-01 15:00:00,Clear,Truck,high
2036,22.495854,88.210356,AJC Bose Road,Minor,2024-06-05,00:00,2024-06-05 00:00:00,Fog,Bus,high
2037,22.540088,88.222836,Park Street,Severe,2022-09-10,07:00,2022-09-10 07:00:00,Rain,Truck,medium
2038,22.513967,88.278584,AJC Bose Road,Severe,2022-09-19,16:00,2022-09-19 16:00:00,Fog,Bus,high
2039,22.497272,88.28833,AJC Bose Road,Severe,2023-07-24,09:00,2023-07-24 09:00:00,Fog,Auto,high
2040,22.689175,88.374926,EM Bypass,Minor,2022-10-13,00:00,2022-10-13 00:00:00,Rain,Car,high
2041,22.668196,88.286768,Park Street,Minor,2022-10-16,10:00,2022-10-16 10:00:00,Fog,Bus,medium
2042,22.486086,88.259346,AJC Bose Road,Minor,2023-04-29,13:00,2023-04-29 13:00:00,Rain,Auto,high
2043,22.558579,88.368708,Park Street,Fatal,2023-08-25,19:00,2023-08-25 19:00:00,Rain,Car,medium
2044,22.425942,88.480082,EM Bypass,Severe,2024-10-21,22:00,2024-10-21 22:00:00,Clear,Truck,high
2045,22.665947,88.309458,Park Street,Minor,2024-09-04,02:00,2024-09-04 02:00:00,Clear,Car,medium
2046,22.47011,88.230986,AJC Bose Road,Minor,2022-06-24,02:00,2022-06-24 02:00:00,Rain,Auto,high
2047,22.693711,88.428959,EM Bypass,Severe,2024-03-19,22:00,2024-03-19 22:00:00,Rain,Car,high
2048,22.469081,88.402821,AJC Bose Road,Severe,2024-03-23,18:00,2024-03-23 18:00:00,Rain,Bike,high
2049,22.622385,88.2569,Park Street,Minor,2023-04-05,04:00,2023-04-05 04:00:00,Clear,Auto,medium
2050,22.535761,88.467007,EM Bypass,Fatal,2023-08-15,01:00,2023-08-15 01:00:00,Fog,Bike,high
2051,22.484904,88.445598,EM Bypass,Minor,2023-08-18,12:00,2023-08-18 12:00:00,Rain,Car,high
2052,22.532409,88.313892,AJC Bose Road,Fatal,2023-06-13,09:00,2023-06-13 09:00:00,Clear,Bus,high
2053,22.520765,88.349277,AJC Bose Road,Minor,2022-07-31,00:00,2022-07-31 00:00:00,Fog,Truck,high
2054,22.681187,88.489304,EM Bypass,Fatal,2023-09-17,17:00,2023-09-17 17:00:00,Rain,Bus,high
2055,22.458459,88.488037,EM Bypass,Minor,2025-01-31,20:00,2025-01-31 20:00:00,Clear,Bus,high
2056,22.685116,88.293586,Park Street,Minor,2025-03-23,21:00,2025-03-23 21:00:00,Fog,Truck,medium
2057,22.487488,88.428086,EM Bypass,Severe,2022-11-06,06:00,2022-11-06 06:00:00,Rain,Bike,high
2058,22.467242,88.296922,AJC Bose Road,Minor,2024-06-18,07:00,2024-06-18 07:00:00,Clear,Truck,high
2059,22.592132,88.292158,Park Street,Minor,2022-05-10,03:00,2022-05-10 03:00:00,Clear,Truck,medium
2060,22.689001,88.30712,Park Street,Minor,2023-03-15,09:00,2023-03-15 09:00:00,Fog,Auto,medium
2061,22.683125,88.361321,EM Bypass,Severe,2024-09-20,17:00,2024-09-20 17:00:00,Fog,Bus,high
2062,22.471195,88.282678,AJC Bose Road,Minor,2023-06-07,21:00,2023-06-07 21:00:00,Clear,Truck,high
2063,22.472508,88.329617,AJC Bose Road,Minor,2024-01-04,19:00,2024-01-04 19:00:00,Clear,Car,high
2064,22.597589,88.440578,EM Bypass,Severe,2024-11-10,19:00,2024-11-10 19:00:00,Rain,Auto,high
2065,22.618048,88.208098,Park Street,Fatal,2023-03-09,17:00,2023-03-09 17:00:00,Clear,Car,medium
2066,22.485079,88.439803,EM Bypass,Fatal,2025-02-11,20:00,2025-02-11 20:00:00,Rain,Auto,high
2067,22.485204,88.320338,AJC Bose Road,Severe,2023-02-12,21:00,2023-02-12 21:00:00,Fog,Truck,high
2068,22.511486,88.293516,AJC Bose Road,Severe,2023-09-15,03:00,2023-09-15 03:00:00,Rain,Bus,high
2069,22.623085,88.290462,Park Street,Fatal,2022-01-18,20:00,2022-01-18 20:00:00,Clear,Truck,medium
2070,22.634324,88.21717,Park Street,Fatal,2023-05-21,01:00,2023-05-21 01:00:00,Rain,Bike,medium
2071,22.553484,88.452734,EM Bypass,Minor,2024-07-05,18:00,2024-07-05 18:00:00,Clear,Truck,high
2072,22.550254,88.30562,Park Street,Fatal,2024-05-01,04:00,2024-05-01 04:00:00,Clear,Truck,medium
2073,22.488464,88.386143,AJC Bose Road,Minor,2022-11-18,16:00,2022-11-18 16:00:00,Clear,Bike,high
2074,22.466973,88.461364,EM Bypass,Minor,2024-04-04,19:00,2024-04-04 19:00:00,Fog,Bike,high
2075,22.639019,88.205251,Park Street,Minor,2024-08-05,01:00,2024-08-05 01:00:00,Rain,Truck,medium
2076,22.615151,88.346124,Park Street,Severe,2023-03-22,05:00,2023-03-22 05:00:00,Fog,Truck,medium
2077,22.464142,88.363202,AJC Bose Road,Fatal,2022-03-27,16:00,2022-03-27 16:00:00,Fog,Bus,high
2078,22.475186,88.418579,AJC Bose Road,Minor,2022-04-16,04:00,2022-04-16 04:00:00,Fog,Bike,high
2079,22.674284,88.349793,EM Bypass,Severe,2023-07-14,15:00,2023-07-14 15:00:00,Rain,Truck,high
2080,22.699865,88.459531,EM Bypass,Severe,2023-12-02,19:00,2023-12-02 19:00:00,Fog,Auto,high
2081,22.507203,88.259469,AJC Bose Road,Minor,2022-09-07,23:00,2022-09-07 23:00:00,Fog,Auto,high
2082,22.684414,88.496803,EM Bypass,Severe,2025-02-24,17:00,2025-02-24 17:00:00,Rain,Truck,high
2083,22.456523,88.291522,AJC Bose Road,Minor,2022-04-27,20:00,2022-04-27 20:00:00,Rain,Bike,high
2084,22.646523,88.308898,Park Street,Minor,2022-09-11,08:00,2022-09-11 08:00:00,Fog,Bus,medium
2085,22.525799,88.371627,AJC Bose Road,Minor,2022-06-01,10:00,2022-06-01 10:00:00,Rain,Bike,high
2086,22.450798,88.229549,AJC Bose Road,Severe,2024-12-20,13:00,2024-12-20 13:00:00,Clear,Car,high
2087,22.563566,88.234268,Park Street,Minor,2025-01-26,08:00,2025-01-26 08:00:00,Fog,Truck,medium
2088,22.511032,88.433244,EM Bypass,Severe,2024-03-15,10:00,2024-03-15 10:00:00,Fog,Bus,high
2089,22.496718,88.396994,AJC Bose Road,Fatal,2023-08-27,09:00,2023-08-27 09:00:00,Clear,Truck,high
2090,22.403082,88.332285,AJC Bose Road,Minor,2024-09-10,04:00,2024-09-10 04:00:00,Rain,Car,high
2091,22.644452,88.420754,EM Bypass,Minor,2024-07-27,06:00,2024-07-27 06:00:00,Rain,Auto,high
2092,22.670074,88.207982,Park Street,Minor,2022-10-24,11:00,2022-10-24 11:00:00,Fog,Truck,medium
2093,22.57564,88.409699,EM Bypass,Minor,2024-03-25,22:00,2024-03-25 22:00:00,Clear,Bike,high
2094,22.467253,88.489612,EM Bypass,Fatal,2023-05-18,21:00,2023-05-18 21:00:00,Clear,Bike,high
2095,22.451967,88.400757,AJC Bose Road,Fatal,2022-04-10,11:00,2022-04-10 11:00:00,Rain,Auto,high
2096,22.620487,88.257482,Park Street,Severe,2023-03-03,23:00,2023-03-03 23:00:00,Rain,Truck,medium
2097,22.487543,88.233612,AJC Bose Road,Minor,2022-01-01,03:00,2022-01-01 03:00:00,Clear,Bike,high
2098,22.673423,88.254112,Park Street,Minor,2022-07-21,17:00,2022-07-21 17:00:00,Rain,Bike,medium
2099,22.414249,88.495582,EM Bypass,Severe,2022-01-02,07:00,2022-01-02 07:00:00,Rain,Truck,high
2100,22.407642,88.301508,AJC Bose Road,Minor,2024-07-26,02:00,2024-07-26 02:00:00,Clear,Car,high
2101,22.628753,88.246821,Park Street,Minor,2022-08-03,00:00,2022-08-03 00:00:00,Clear,Bike,medium
2102,22.553293,88.452832,EM Bypass,Minor,2022-12-26,23:00,2022-12-26 23:00:00,Clear,Bike,high
2103,22.44151,88.214741,AJC Bose Road,Severe,2023-04-11,22:00,2023-04-11 22:00:00,Rain,Truck,high
2104,22.688406,88.46237,EM Bypass,Minor,2022-02-01,18:00,2022-02-01 18:00:00,Rain,Auto,high
2105,22.668922,88.300623,Park Street,Minor,2023-07-27,03:00,2023-07-27 03:00:00,Rain,Auto,medium
2106,22.566386,88.328733,Park Street,Fatal,2022-06-29,22:00,2022-06-29 22:00:00,Fog,Car,medium
2107,22.41813,88.416818,AJC Bose Road,Fatal,2023-01-23,04:00,2023-01-23 04:00:00,Rain,Bike,high
2108,22.519191,88.25363,AJC Bose Road,Minor,2022-12-02,22:00,2022-12-02 22:00:00,Fog,Car,high
2109,22.534505,88.356775,AJC Bose Road,Minor,2022-12-24,09:00,2022-12-24 09:00:00,Clear,Car,high
2110,22.404796,88.404249,AJC Bose Road,Severe,2022-07-13,21:00,2022-07-13 21:00:00,Fog,Truck,high
2111,22.462693,88.42367,AJC Bose Road,Minor,2023-03-20,08:00,2023-03-20 08:00:00,Fog,Car,high
2112,22.660039,88.322178,Park Street,Severe,2024-04-01,23:00,2024-04-01 23:00:00,Clear,Auto,medium
2113,22.50068,88.331796,AJC Bose Road,Fatal,2022-03-20,05:00,2022-03-20 05:00:00,Rain,Bike,high
2114,22.653866,88.386785,EM Bypass,Severe,2022-10-28,16:00,2022-10-28 16:00:00,Rain,Car,high
2115,22.686197,88.327128,Park Street,Fatal,2023-01-25,02:00,2023-01-25 02:00:00,Rain,Bus,medium
2116,22.594796,88.38927,EM Bypass,Fatal,2023-04-11,23:00,2023-04-11 23:00:00,Rain,Bike,high
2117,22.402055,88.262613,AJC Bose Road,Minor,2024-02-03,15:00,2024-02-03 15:00:00,Fog,Car,high
2118,22.5708,88.297721,Park Street,Minor,2023-08-02,21:00,2023-08-02 21:00:00,Fog,Bike,medium
2119,22.501495,88.308917,AJC Bose Road,Fatal,2024-03-27,15:00,2024-03-27 15:00:00,Clear,Truck,high
2120,22.556573,88.483064,EM Bypass,Fatal,2025-03-26,03:00,2025-03-26 03:00:00,Fog,Bike,high
2121,22.55783,88.259248,Park Street,Severe,2022-11-01,21:00,2022-11-01 21:00:00,Clear,Car,medium
2122,22.638186,88.35148,Park Street,Severe,2023-10-20,11:00,2023-10-20 11:00:00,Clear,Bus,medium
2123,22.574383,88.240664,Park Street,Minor,2024-10-13,04:00,2024-10-13 04:00:00,Clear,Bike,medium
2124,22.616788,88.220134,Park Street,Severe,2022-09-29,07:00,2022-09-29 07:00:00,Rain,Auto,medium
2125,22.504022,88.323186,AJC Bose Road,Minor,2022-12-01,01:00,2022-12-01 01:00:00,Rain,Auto,high
2126,22.490623,88.461322,EM Bypass,Minor,2024-02-11,01:00,2024-02-11 01:00:00,Rain,Bike,high
2127,22.519851,88.474365,EM Bypass,Minor,2023-06-30,00:00,2023-06-30 00:00:00,Rain,Bike,high
2128,22.437261,88.301046,AJC Bose Road,Severe,2022-01-26,21:00,2022-01-26 21:00:00,Clear,Bus,high
2129,22.551861,88.21857,Park Street,Fatal,2022-08-11,05:00,2022-08-11 05:00:00,Clear,Bike,medium
2130,22.599537,88.391865,EM Bypass,Minor,2024-03-31,17:00,2024-03-31 17:00:00,Fog,Truck,high
2131,22.657823,88.482696,EM Bypass,Minor,2024-01-07,19:00,2024-01-07 19:00:00,Fog,Truck,high
2132,22.471847,88.274862,AJC Bose Road,Severe,2024-09-02,16:00,2024-09-02 16:00:00,Clear,Car,high
2133,22.424123,88.30245,AJC Bose Road,Severe,2023-01-15,00:00,2023-01-15 00:00:00,Rain,Auto,high
2134,22.440185,88.45338,EM Bypass,Fatal,2024-06-15,20:00,2024-06-15 20:00:00,Clear,Truck,high
2135,22.647676,88.218346,Park Street,Minor,2022-08-25,23:00,2022-08-25 23:00:00,Rain,Bike,medium
2136,22.406804,88.439923,AJC Bose Road,Minor,2024-07-06,02:00,2024-07-06 02:00:00,Rain,Bus,high
2137,22.551635,88.321449,Park Street,Severe,2023-07-27,12:00,2023-07-27 12:00:00,Fog,Auto,medium
2138,22.559528,88.477604,EM Bypass,Severe,2022-12-27,19:00,2022-12-27 19:00:00,Clear,Auto,high
2139,22.642181,88.212797,Park Street,Fatal,2024-02-20,19:00,2024-02-20 19:00:00,Rain,Auto,medium
2140,22.452969,88.416006,AJC Bose Road,Fatal,2023-11-07,23:00,2023-11-07 23:00:00,Fog,Auto,high
2141,22.486896,88.255914,AJC Bose Road,Severe,2024-02-07,15:00,2024-02-07 15:00:00,Fog,Bus,high
2142,22.486043,88.48369,EM Bypass,Minor,2023-01-25,09:00,2023-01-25 09:00:00,Fog,Bike,high
2143,22.432047,88.2386,AJC Bose Road,Fatal,2023-02-16,15:00,2023-02-16 15:00:00,Fog,Bus,high
2144,22.657179,88.34546,Park Street,Severe,2024-04-03,03:00,2024-04-03 03:00:00,Fog,Bike,medium
2145,22.453832,88.370196,AJC Bose Road,Minor,2023-10-02,23:00,2023-10-02 23:00:00,Fog,Truck,high
2146,22.425903,88.435514,AJC Bose Road,Fatal,2022-03-20,18:00,2022-03-20 18:00:00,Rain,Bus,high
2147,22.502982,88.453248,EM Bypass,Minor,2022-12-07,11:00,2022-12-07 11:00:00,Clear,Bike,high
2148,22.64203,88.422778,EM Bypass,Fatal,2024-08-23,12:00,2024-08-23 12:00:00,Clear,Auto,high
2149,22.591655,88.268312,Park Street,Fatal,2023-09-08,12:00,2023-09-08 12:00:00,Clear,Truck,medium
2150,22.627913,88.469637,EM Bypass,Minor,2023-09-12,12:00,2023-09-12 12:00:00,Clear,Auto,high
2151,22.573522,88.236306,Park Street,Severe,2024-09-10,06:00,2024-09-10 06:00:00,Fog,Car,medium
2152,22.683314,88.371367,EM Bypass,Fatal,2024-04-02,08:00,2024-04-02 08:00:00,Clear,Auto,high
2153,22.6538,88.463492,EM Bypass,Minor,2024-03-30,21:00,2024-03-30 21:00:00,Clear,Truck,high
2154,22.480037,88.263285,AJC Bose Road,Minor,2023-08-10,12:00,2023-08-10 12:00:00,Fog,Auto,high
2155,22.537974,88.480537,EM Bypass,Minor,2022-11-04,13:00,2022-11-04 13:00:00,Rain,Auto,high
2156,22.656483,88.330516,Park Street,Severe,2023-05-16,01:00,2023-05-16 01:00:00,Fog,Auto,medium
2157,22.491158,88.262969,AJC Bose Road,Minor,2022-05-09,15:00,2022-05-09 15:00:00,Rain,Bike,high
2158,22.655311,88.30403,Park Street,Minor,2022-04-25,08:00,2022-04-25 08:00:00,Fog,Truck,medium
2159,22.536241,88.368752,AJC Bose Road,Minor,2023-05-15,18:00,2023-05-15 18:00:00,Rain,Bike,high
2160,22.500511,88.320105,AJC Bose Road,Minor,2022-05-10,11:00,2022-05-10 11:00:00,Fog,Bus,high
2161,22.664978,88.414205,EM Bypass,Minor,2025-02-09,10:00,2025-02-09 10:00:00,Rain,Truck,high
2162,22.441419,88.313692,AJC Bose Road,Minor,2024-06-03,16:00,2024-06-03 16:00:00,Clear,Car,high
2163,22.472953,88.492415,EM Bypass,Severe,2024-12-15,22:00,2024-12-15 22:00:00,Fog,Truck,high
2164,22.408331,88.250254,AJC Bose Road,Severe,2023-05-05,19:00,2023-05-05 19:00:00,Clear,Bus,high
2165,22.640126,88.247897,Park Street,Severe,2023-09-30,19:00,2023-09-30 19:00:00,Fog,Bike,medium
2166,22.53903,88.412137,EM Bypass,Severe,2022-06-08,21:00,2022-06-08 21:00:00,Fog,Truck,high
2167,22.451489,88.282824,AJC Bose Road,Minor,2022-12-21,13:00,2022-12-21 13:00:00,Fog,Auto,high
2168,22.62698,88.477183,EM Bypass,Minor,2023-06-15,07:00,2023-06-15 07:00:00,Clear,Bus,high
2169,22.619858,88.25771,Park Street,Minor,2023-11-03,05:00,2023-11-03 05:00:00,Fog,Bus,medium
2170,22.406571,88.263973,AJC Bose Road,Minor,2022-07-18,13:00,2022-07-18 13:00:00,Clear,Auto,high
2171,22.533403,88.27137,AJC Bose Road,Minor,2023-11-13,07:00,2023-11-13 07:00:00,Fog,Bus,high
2172,22.413507,88.320008,AJC Bose Road,Minor,2024-06-03,02:00,2024-06-03 02:00:00,Clear,Car,high
2173,22.60556,88.327722,Park Street,Minor,2023-11-09,05:00,2023-11-09 05:00:00,Clear,Truck,medium
2174,22.699902,88.278587,Park Street,Fatal,2022-09-19,02:00,2022-09-19 02:00:00,Fog,Bus,medium
2175,22.443085,88.452056,EM Bypass,Minor,2023-06-06,13:00,2023-06-06 13:00:00,Clear,Truck,high
2176,22.481758,88.447957,EM Bypass,Fatal,2024-07-07,12:00,2024-07-07 12:00:00,Rain,Bike,high
2177,22.550213,88.386584,EM Bypass,Severe,2022-07-09,07:00,2022-07-09 07:00:00,Clear,Auto,high
2178,22.491613,88.450672,EM Bypass,Severe,2023-04-10,21:00,2023-04-10 21:00:00,Clear,Auto,high
2179,22.537788,88.214167,Park Street,Minor,2024-06-14,02:00,2024-06-14 02:00:00,Clear,Auto,medium
2180,22.658685,88.25041,Park Street,Severe,2024-09-25,22:00,2024-09-25 22:00:00,Fog,Truck,medium
2181,22.461913,88.36168,AJC Bose Road,Fatal,2023-01-21,20:00,2023-01-21 20:00:00,Fog,Car,high
2182,22.539484,88.3885,AJC Bose Road,Minor,2024-07-17,21:00,2024-07-17 21:00:00,Rain,Truck,high
2183,22.517671,88.394505,AJC Bose Road,Minor,2022-04-20,22:00,2022-04-20 22:00:00,Clear,Truck,high
2184,22.698644,88.273127,Park Street,Minor,2024-06-17,22:00,2024-06-17 22:00:00,Fog,Bus,medium
2185,22.536302,88.462802,EM Bypass,Minor,2025-03-25,03:00,2025-03-25 03:00:00,Rain,Bus,high
2186,22.465846,88.414226,AJC Bose Road,Minor,2022-03-24,23:00,2022-03-24 23:00:00,Rain,Truck,high
2187,22.587461,88.30914,Park Street,Minor,2024-12-10,11:00,2024-12-10 11:00:00,Clear,Car,medium
2188,22.409983,88.445503,AJC Bose Road,Severe,2023-07-26,00:00,2023-07-26 00:00:00,Clear,Bus,high
2189,22.659895,88.311928,Park Street,Severe,2025-04-10,04:00,2025-04-10 04:00:00,Clear,Car,medium
2190,22.62192,88.311164,Park Street,Severe,2022-05-04,06:00,2022-05-04 06:00:00,Clear,Truck,medium
2191,22.535584,88.352722,AJC Bose Road,Severe,2023-08-20,10:00,2023-08-20 10:00:00,Clear,Bike,high
2192,22.514035,88.218868,AJC Bose Road,Minor,2022-05-27,17:00,2022-05-27 17:00:00,Clear,Bike,high
2193,22.467672,88.322507,AJC Bose Road,Severe,2025-01-22,02:00,2025-01-22 02:00:00,Fog,Bus,high
2194,22.665417,88.477011,EM Bypass,Minor,2022-01-15,17:00,2022-01-15 17:00:00,Fog,Car,high
2195,22.412695,88.386818,AJC Bose Road,Minor,2025-01-21,07:00,2025-01-21 07:00:00,Clear,Car,high
2196,22.65542,88.273405,Park Street,Severe,2023-01-21,12:00,2023-01-21 12:00:00,Clear,Car,medium
2197,22.450602,88.359953,AJC Bose Road,Fatal,2022-11-08,16:00,2022-11-08 16:00:00,Clear,Bike,high
2198,22.662521,88.443816,EM Bypass,Minor,2024-07-29,19:00,2024-07-29 19:00:00,Clear,Bike,high
2199,22.495307,88.390297,AJC Bose Road,Minor,2022-03-15,04:00,2022-03-15 04:00:00,Fog,Bike,high
2200,22.685064,88.215971,Park Street,Minor,2024-08-28,16:00,2024-08-28 16:00:00,Rain,Bike,medium
2201,22.489849,88.431532,EM Bypass,Minor,2023-05-29,13:00,2023-05-29 13:00:00,Fog,Auto,high
2202,22.502991,88.414469,EM Bypass,Minor,2022-02-22,14:00,2022-02-22 14:00:00,Rain,Bike,high
2203,22.417335,88.201073,AJC Bose Road,Minor,2023-06-21,20:00,2023-06-21 20:00:00,Fog,Auto,high
2204,22.558054,88.203066,Park Street,Severe,2022-12-13,22:00,2022-12-13 22:00:00,Rain,Bus,medium
2205,22.591413,88.494248,EM Bypass,Minor,2024-05-10,21:00,2024-05-10 21:00:00,Clear,Truck,high
2206,22.450753,88.435636,AJC Bose Road,Severe,2024-12-04,06:00,2024-12-04 06:00:00,Rain,Truck,high
2207,22.540145,88.417497,EM Bypass,Minor,2023-08-22,04:00,2023-08-22 04:00:00,Clear,Bus,high
2208,22.531185,88.492627,EM Bypass,Minor,2023-01-10,09:00,2023-01-10 09:00:00,Rain,Car,high
2209,22.618285,88.29256,Park Street,Minor,2023-01-28,00:00,2023-01-28 00:00:00,Clear,Car,medium
2210,22.514599,88.329911,AJC Bose Road,Minor,2022-06-03,16:00,2022-06-03 16:00:00,Clear,Bus,high
2211,22.659606,88.290946,Park Street,Minor,2023-09-10,13:00,2023-09-10 13:00:00,Clear,Bike,medium
2212,22.557767,88.212112,Park Street,Minor,2023-05-23,20:00,2023-05-23 20:00:00,Fog,Bike,medium
2213,22.480506,88.412621,AJC Bose Road,Minor,2022-11-08,08:00,2022-11-08 08:00:00,Rain,Bus,high
2214,22.54204,88.286321,Park Street,Minor,2022-09-28,08:00,2022-09-28 08:00:00,Clear,Auto,medium
2215,22.624446,88.311141,Park Street,Fatal,2022-04-03,01:00,2022-04-03 01:00:00,Fog,Truck,medium
2216,22.478378,88.378257,AJC Bose Road,Severe,2022-07-19,13:00,2022-07-19 13:00:00,Fog,Bike,high
2217,22.687562,88.327781,Park Street,Fatal,2024-10-08,16:00,2024-10-08 16:00:00,Rain,Truck,medium
2218,22.467549,88.348824,AJC Bose Road,Minor,2024-01-30,19:00,2024-01-30 19:00:00,Clear,Auto,high
2219,22.668166,88.294311,Park Street,Severe,2022-04-01,23:00,2022-04-01 23:00:00,Rain,Auto,medium
2220,22.475755,88.348106,AJC Bose Road,Severe,2022-01-28,17:00,2022-01-28 17:00:00,Fog,Auto,high
2221,22.577076,88.233458,Park Street,Minor,2022-06-16,22:00,2022-06-16 22:00:00,Clear,Auto,medium
2222,22.648509,88.344431,Park Street,Severe,2022-09-03,18:00,2022-09-03 18:00:00,Rain,Car,medium
2223,22.657392,88.41908,EM Bypass,Minor,2023-12-09,17:00,2023-12-09 17:00:00,Clear,Truck,high
2224,22.466976,88.269616,AJC Bose Road,Fatal,2023-03-14,12:00,2023-03-14 12:00:00,Clear,Car,high
2225,22.579184,88.261718,Park Street,Minor,2022-01-23,12:00,2022-01-23 12:00:00,Rain,Auto,medium
2226,22.679599,88.301298,Park Street,Severe,2022-02-25,04:00,2022-02-25 04:00:00,Fog,Bike,medium
2227,22.418351,88.495721,EM Bypass,Severe,2022-05-11,17:00,2022-05-11 17:00:00,Rain,Bike,high
2228,22.554477,88.49884,EM Bypass,Fatal,2024-03-27,00:00,2024-03-27 00:00:00,Fog,Auto,high
2229,22.621625,88.478039,EM Bypass,Severe,2022-07-01,21:00,2022-07-01 21:00:00,Fog,Bike,high
2230,22.603369,88.326271,Park Street,Minor,2025-04-08,01:00,2025-04-08 01:00:00,Rain,Truck,medium
2231,22.650704,88.391071,EM Bypass,Fatal,2024-10-03,20:00,2024-10-03 20:00:00,Clear,Bus,high
2232,22.452382,88.284584,AJC Bose Road,Fatal,2025-02-09,12:00,2025-02-09 12:00:00,Fog,Bus,high
2233,22.490613,88.307591,AJC Bose Road,Minor,2022-07-13,02:00,2022-07-13 02:00:00,Rain,Car,high
2234,22.598832,88.454784,EM Bypass,Minor,2023-09-11,20:00,2023-09-11 20:00:00,Fog,Bike,high
2235,22.675409,88.220701,Park Street,Minor,2022-02-14,05:00,2022-02-14 05:00:00,Clear,Truck,medium
2236,22.441331,88.373763,AJC Bose Road,Severe,2024-08-08,19:00,2024-08-08 19:00:00,Rain,Truck,high
2237,22.437944,88.445782,AJC Bose Road,Minor,2023-08-15,11:00,2023-08-15 11:00:00,Clear,Bike,high
2238,22.477388,88.370549,AJC Bose Road,Minor,2022-11-07,11:00,2022-11-07 11:00:00,Fog,Bike,high
2239,22.482671,88.498174,EM Bypass,Severe,2022-07-25,03:00,2022-07-25 03:00:00,Fog,Auto,high
2240,22.408205,88.237887,AJC Bose Road,Severe,2023-06-02,02:00,2023-06-02 02:00:00,Clear,Auto,high
2241,22.613942,88.266247,Park Street,Severe,2022-02-07,12:00,2022-02-07 12:00:00,Rain,Bike,medium
2242,22.49754,88.361267,AJC Bose Road,Minor,2023-05-23,23:00,2023-05-23 23:00:00,Rain,Bus,high
2243,22.628373,88.40378,EM Bypass,Minor,2022-05-27,05:00,2022-05-27 05:00:00,Rain,Auto,high
2244,22.60285,88.249639,Park Street,Minor,2022-11-10,12:00,2022-11-10 12:00:00,Rain,Bike,medium
2245,22.573869,88.436418,EM Bypass,Minor,2023-07-27,15:00,2023-07-27 15:00:00,Rain,Bike,high
2246,22.504537,88.294299,AJC Bose Road,Severe,2022-11-22,20:00,2022-11-22 20:00:00,Rain,Auto,high
2247,22.630226,88.263352,Park Street,Severe,2024-09-08,16:00,2024-09-08 16:00:00,Rain,Bike,medium
2248,22.666156,88.473855,EM Bypass,Minor,2024-12-03,09:00,2024-12-03 09:00:00,Fog,Auto,high
2249,22.683518,88.431137,EM Bypass,Minor,2022-03-17,21:00,2022-03-17 21:00:00,Clear,Bike,high
2250,22.5141,88.289648,AJC Bose Road,Minor,2022-08-24,06:00,2022-08-24 06:00:00,Rain,Car,high
2251,22.574516,88.421262,EM Bypass,Severe,2025-03-08,00:00,2025-03-08 00:00:00,Clear,Bus,high
2252,22.436039,88.295546,AJC Bose Road,Minor,2023-09-02,02:00,2023-09-02 02:00:00,Rain,Bus,high
2253,22.568464,88.479615,EM Bypass,Severe,2023-12-08,05:00,2023-12-08 05:00:00,Clear,Truck,high
2254,22.624751,88.332736,Park Street,Minor,2023-12-14,21:00,2023-12-14 21:00:00,Clear,Auto,medium
2255,22.504084,88.214609,AJC Bose Road,Minor,2022-12-19,07:00,2022-12-19 07:00:00,Rain,Bike,high
2256,22.640658,88.369108,EM Bypass,Minor,2024-06-05,17:00,2024-06-05 17:00:00,Rain,Auto,high
2257,22.455095,88.457052,EM Bypass,Severe,2023-04-25,02:00,2023-04-25 02:00:00,Clear,Bus,high
2258,22.493751,88.400057,AJC Bose Road,Minor,2025-01-11,12:00,2025-01-11 12:00:00,Clear,Bus,high
2259,22.422787,88.271128,AJC Bose Road,Severe,2024-01-15,21:00,2024-01-15 21:00:00,Rain,Auto,high
2260,22.568027,88.326981,Park Street,Minor,2022-10-17,18:00,2022-10-17 18:00:00,Rain,Bike,medium
2261,22.652729,88.447987,EM Bypass,Minor,2023-11-01,16:00,2023-11-01 16:00:00,Rain,Bus,high
2262,22.460459,88.227135,AJC Bose Road,Minor,2022-09-04,23:00,2022-09-04 23:00:00,Clear,Car,high
2263,22.411959,88.296786,AJC Bose Road,Severe,2022-11-03,09:00,2022-11-03 09:00:00,Clear,Auto,high
2264,22.606145,88.423527,EM Bypass,Severe,2023-02-21,05:00,2023-02-21 05:00:00,Rain,Car,high
2265,22.547706,88.32731,Park Street,Severe,2024-02-13,08:00,2024-02-13 08:00:00,Fog,Bike,medium
2266,22.672558,88.280601,Park Street,Minor,2022-12-04,23:00,2022-12-04 23:00:00,Fog,Auto,medium
2267,22.597048,88.247281,Park Street,Minor,2022-08-15,00:00,2022-08-15 00:00:00,Clear,Bike,medium
2268,22.614412,88.219539,Park Street,Fatal,2024-04-03,19:00,2024-04-03 19:00:00,Rain,Truck,medium
2269,22.623858,88.256235,Park Street,Minor,2022-10-28,04:00,2022-10-28 04:00:00,Clear,Truck,medium
2270,22.404287,88.352263,AJC Bose Road,Severe,2025-03-18,15:00,2025-03-18 15:00:00,Rain,Car,high
2271,22.488611,88.420958,AJC Bose Road,Minor,2023-04-26,18:00,2023-04-26 18:00:00,Rain,Auto,high
2272,22.685532,88.32321,Park Street,Minor,2024-07-17,14:00,2024-07-17 14:00:00,Rain,Auto,medium
2273,22.469491,88.452216,EM Bypass,Minor,2024-07-18,13:00,2024-07-18 13:00:00,Fog,Bus,high
2274,22.50085,88.492584,EM Bypass,Severe,2022-03-16,07:00,2022-03-16 07:00:00,Clear,Bus,high
2275,22.410543,88.377851,AJC Bose Road,Severe,2024-08-19,13:00,2024-08-19 13:00:00,Rain,Truck,high
2276,22.578337,88.347896,Park Street,Fatal,2022-11-05,08:00,2022-11-05 08:00:00,Rain,Truck,medium
2277,22.685509,88.284995,Park Street,Severe,2023-06-15,11:00,2023-06-15 11:00:00,Rain,Bike,medium
2278,22.626417,88.450277,EM Bypass,Minor,2025-03-29,02:00,2025-03-29 02:00:00,Fog,Bike,high
2279,22.517621,88.210489,AJC Bose Road,Fatal,2024-11-27,12:00,2024-11-27 12:00:00,Rain,Truck,high
2280,22.543802,88.453225,EM Bypass,Minor,2023-12-18,09:00,2023-12-18 09:00:00,Rain,Car,high
2281,22.622645,88.411154,EM Bypass,Minor,2024-02-18,18:00,2024-02-18 18:00:00,Rain,Bike,high
2282,22.468073,88.333744,AJC Bose Road,Minor,2022-09-23,13:00,2022-09-23 13:00:00,Clear,Truck,high
2283,22.627656,88.372938,EM Bypass,Severe,2022-11-20,09:00,2022-11-20 09:00:00,Clear,Bus,high
2284,22.428648,88.396596,AJC Bose Road,Fatal,2023-06-28,01:00,2023-06-28 01:00:00,Clear,Bus,high
2285,22.665625,88.324401,Park Street,Severe,2023-02-23,21:00,2023-02-23 21:00:00,Rain,Car,medium
2286,22.578761,88.372851,Park Street,Minor,2023-09-26,04:00,2023-09-26 04:00:00,Rain,Car,medium
2287,22.596652,88.306919,Park Street,Severe,2022-01-26,10:00,2022-01-26 10:00:00,Rain,Bus,medium
2288,22.53986,88.283593,Park Street,Minor,2024-01-30,07:00,2024-01-30 07:00:00,Clear,Bus,medium
2289,22.696885,88.449716,EM Bypass,Minor,2023-10-10,09:00,2023-10-10 09:00:00,Clear,Truck,high
2290,22.688666,88.391099,EM Bypass,Severe,2022-02-19,09:00,2022-02-19 09:00:00,Fog,Truck,high
2291,22.699014,88.390561,EM Bypass,Minor,2025-04-09,02:00,2025-04-09 02:00:00,Rain,Car,high
2292,22.639875,88.497409,EM Bypass,Minor,2025-04-04,18:00,2025-04-04 18:00:00,Rain,Bus,high
2293,22.584286,88.380646,EM Bypass,Minor,2024-08-05,13:00,2024-08-05 13:00:00,Rain,Bike,high
2294,22.409259,88.29225,AJC Bose Road,Minor,2025-03-07,15:00,2025-03-07 15:00:00,Rain,Bus,high
2295,22.479973,88.221961,AJC Bose Road,Severe,2023-01-07,20:00,2023-01-07 20:00:00,Fog,Truck,high
2296,22.472978,88.353533,AJC Bose Road,Minor,2023-04-17,16:00,2023-04-17 16:00:00,Rain,Car,high
2297,22.557306,88.285725,Park Street,Fatal,2023-06-19,02:00,2023-06-19 02:00:00,Clear,Truck,medium
2298,22.465268,88.274807,AJC Bose Road,Minor,2023-07-14,05:00,2023-07-14 05:00:00,Fog,Car,high
2299,22.460445,88.442671,EM Bypass,Fatal,2022-03-11,19:00,2022-03-11 19:00:00,Fog,Bike,high
2300,22.49312,88.29278,AJC Bose Road,Severe,2022-09-12,06:00,2022-09-12 06:00:00,Clear,Car,high
2301,22.463753,88.257579,AJC Bose Road,Minor,2023-01-08,05:00,2023-01-08 05:00:00,Fog,Bus,high
2302,22.657416,88.292107,Park Street,Minor,2022-01-04,12:00,2022-01-04 12:00:00,Clear,Bike,medium
2303,22.491729,88.320718,AJC Bose Road,Minor,2024-12-11,16:00,2024-12-11 16:00:00,Rain,Bike,high
2304,22.593,88.234894,Park Street,Severe,2023-05-29,06:00,2023-05-29 06:00:00,Rain,Bike,medium
2305,22.665693,88.40588,EM Bypass,Minor,2023-08-08,03:00,2023-08-08 03:00:00,Clear,Truck,high
2306,22.605563,88.37722,EM Bypass,Minor,2023-05-13,04:00,2023-05-13 04:00:00,Clear,Bus,high
2307,22.598418,88.382181,EM Bypass,Minor,2022-03-14,17:00,2022-03-14 17:00:00,Clear,Bike,high
2308,22.63504,88.36158,EM Bypass,Minor,2023-01-29,14:00,2023-01-29 14:00:00,Clear,Auto,high
2309,22.687258,88.361937,EM Bypass,Fatal,2023-10-27,16:00,2023-10-27 16:00:00,Rain,Truck,high
2310,22.67919,88.471337,EM Bypass,Minor,2023-12-24,22:00,2023-12-24 22:00:00,Clear,Truck,high
2311,22.508461,88.308529,AJC Bose Road,Minor,2024-08-19,13:00,2024-08-19 13:00:00,Clear,Bike,high
2312,22.466979,88.313971,AJC Bose Road,Minor,2023-04-22,10:00,2023-04-22 10:00:00,Fog,Auto,high
2313,22.657469,88.282968,Park Street,Minor,2023-09-30,10:00,2023-09-30 10:00:00,Clear,Car,medium
2314,22.469344,88.318846,AJC Bose Road,Minor,2022-06-08,15:00,2022-06-08 15:00:00,Clear,Car,high
2315,22.680251,88.48868,EM Bypass,Minor,2024-03-21,15:00,2024-03-21 15:00:00,Fog,Truck,high
2316,22.555973,88.46217,EM Bypass,Minor,2022-10-20,19:00,2022-10-20 19:00:00,Clear,Car,high
2317,22.668475,88.411063,EM Bypass,Severe,2024-10-24,20:00,2024-10-24 20:00:00,Rain,Bike,high
2318,22.502368,88.359106,AJC Bose Road,Minor,2022-12-24,09:00,2022-12-24 09:00:00,Fog,Truck,high
2319,22.453752,88.420103,AJC Bose Road,Severe,2024-10-28,17:00,2024-10-28 17:00:00,Fog,Bus,high
2320,22.564435,88.496022,EM Bypass,Minor,2022-02-11,10:00,2022-02-11 10:00:00,Rain,Car,high
2321,22.539345,88.318013,AJC Bose Road,Minor,2022-09-04,06:00,2022-09-04 06:00:00,Fog,Truck,high
2322,22.679698,88.386089,EM Bypass,Minor,2022-06-26,04:00,2022-06-26 04:00:00,Rain,Car,high
2323,22.585397,88.201666,Park Street,Minor,2024-06-06,16:00,2024-06-06 16:00:00,Clear,Bike,medium
2324,22.532987,88.259299,AJC Bose Road,Minor,2022-07-23,15:00,2022-07-23 15:00:00,Fog,Truck,high
2325,22.409688,88.327922,AJC Bose Road,Severe,2024-05-14,05:00,2024-05-14 05:00:00,Clear,Bus,high
2326,22.614194,88.295085,Park Street,Minor,2023-07-25,17:00,2023-07-25 17:00:00,Fog,Bus,medium
2327,22.653657,88.382937,EM Bypass,Minor,2022-12-11,20:00,2022-12-11 20:00:00,Clear,Car,high
2328,22.646169,88.253339,Park Street,Minor,2024-09-18,06:00,2024-09-18 06:00:00,Fog,Auto,medium
2329,22.606752,88.437966,EM Bypass,Severe,2024-05-18,03:00,2024-05-18 03:00:00,Rain,Auto,high
2330,22.40106,88.357559,AJC Bose Road,Minor,2024-01-18,10:00,2024-01-18 10:00:00,Fog,Truck,high
2331,22.613767,88.252444,Park Street,Minor,2023-10-10,00:00,2023-10-10 00:00:00,Fog,Bus,medium
2332,22.696025,88.348212,EM Bypass,Minor,2023-02-17,15:00,2023-02-17 15:00:00,Fog,Bike,high
2333,22.535152,88.355971,AJC Bose Road,Severe,2023-04-30,22:00,2023-04-30 22:00:00,Clear,Car,high
2334,22.469183,88.236721,AJC Bose Road,Minor,2024-06-30,16:00,2024-06-30 16:00:00,Clear,Car,high
2335,22.671966,88.330062,Park Street,Fatal,2023-04-05,22:00,2023-04-05 22:00:00,Clear,Bus,medium
2336,22.476439,88.437451,EM Bypass,Minor,2024-11-25,17:00,2024-11-25 17:00:00,Fog,Auto,high
2337,22.587117,88.433094,EM Bypass,Minor,2023-04-10,15:00,2023-04-10 15:00:00,Rain,Auto,high
2338,22.596326,88.476657,EM Bypass,Severe,2025-03-17,05:00,2025-03-17 05:00:00,Clear,Auto,high
2339,22.681076,88.483404,EM Bypass,Minor,2023-08-02,10:00,2023-08-02 10:00:00,Fog,Bus,high
2340,22.61013,88.221143,Park Street,Minor,2022-07-06,16:00,2022-07-06 16:00:00,Fog,Auto,medium
2341,22.555898,88.465849,EM Bypass,Minor,2024-03-07,01:00,2024-03-07 01:00:00,Fog,Car,high
2342,22.433373,88.310323,AJC Bose Road,Minor,2023-03-27,00:00,2023-03-27 00:00:00,Fog,Car,high
2343,22.453539,88.434938,AJC Bose Road,Fatal,2024-12-02,02:00,2024-12-02 02:00:00,Fog,Auto,high
2344,22.631565,88.398991,EM Bypass,Minor,2023-06-29,03:00,2023-06-29 03:00:00,Fog,Truck,high
2345,22.676809,88.437103,EM Bypass,Minor,2023-09-30,05:00,2023-09-30 05:00:00,Clear,Truck,high
2346,22.468129,88.349391,AJC Bose Road,Severe,2022-03-30,20:00,2022-03-30 20:00:00,Fog,Bike,high
2347,22.596915,88.425993,EM Bypass,Minor,2022-04-27,09:00,2022-04-27 09:00:00,Clear,Auto,high
2348,22.562869,88.307111,Park Street,Severe,2023-07-16,00:00,2023-07-16 00:00:00,Clear,Bike,medium
2349,22.596569,88.21172,Park Street,Severe,2023-06-04,04:00,2023-06-04 04:00:00,Clear,Bike,medium
2350,22.6823,88.356303,EM Bypass,Severe,2023-02-23,18:00,2023-02-23 18:00:00,Fog,Car,high
2351,22.563803,88.41085,EM Bypass,Severe,2023-07-17,16:00,2023-07-17 16:00:00,Clear,Bike,high
2352,22.535385,88.325734,AJC Bose Road,Minor,2023-10-09,21:00,2023-10-09 21:00:00,Rain,Bike,high
2353,22.469952,88.333157,AJC Bose Road,Minor,2023-09-24,01:00,2023-09-24 01:00:00,Rain,Truck,high
2354,22.534087,88.454635,EM Bypass,Minor,2022-02-09,10:00,2022-02-09 10:00:00,Fog,Car,high
2355,22.449281,88.26874,AJC Bose Road,Fatal,2022-11-26,12:00,2022-11-26 12:00:00,Rain,Bike,high
2356,22.611337,88.31546,Park Street,Fatal,2023-02-11,11:00,2023-02-11 11:00:00,Fog,Bike,medium
2357,22.505964,88.247643,AJC Bose Road,Minor,2022-05-22,17:00,2022-05-22 17:00:00,Clear,Car,high
2358,22.630177,88.21635,Park Street,Minor,2023-03-20,15:00,2023-03-20 15:00:00,Fog,Auto,medium
2359,22.642495,88.245446,Park Street,Severe,2024-05-22,18:00,2024-05-22 18:00:00,Rain,Truck,medium
2360,22.507226,88.257164,AJC Bose Road,Minor,2022-02-23,21:00,2022-02-23 21:00:00,Clear,Car,high
2361,22.544683,88.468247,EM Bypass,Severe,2024-07-27,02:00,2024-07-27 02:00:00,Clear,Auto,high
2362,22.647867,88.208297,Park Street,Minor,2022-07-13,01:00,2022-07-13 01:00:00,Clear,Auto,medium
2363,22.426217,88.453882,AJC Bose Road,Minor,2023-09-10,07:00,2023-09-10 07:00:00,Clear,Truck,high
2364,22.592426,88.470539,EM Bypass,Minor,2023-05-05,21:00,2023-05-05 21:00:00,Clear,Auto,high
2365,22.546623,88.307682,Park Street,Minor,2022-08-05,13:00,2022-08-05 13:00:00,Clear,Auto,medium
2366,22.637203,88.308119,Park Street,Minor,2024-11-10,00:00,2024-11-10 00:00:00,Rain,Truck,medium
2367,22.427324,88.364452,AJC Bose Road,Severe,2022-08-31,20:00,2022-08-31 20:00:00,Clear,Bus,high
2368,22.502478,88.44155,EM Bypass,Fatal,2022-01-28,11:00,2022-01-28 11:00:00,Clear,Bus,high
2369,22.661855,88.390469,EM Bypass,Severe,2022-09-24,00:00,2022-09-24 00:00:00,Rain,Bus,high
2370,22.537824,88.363565,AJC Bose Road,Severe,2023-08-01,20:00,2023-08-01 20:00:00,Clear,Bike,high
2371,22.574163,88.366343,Park Street,Minor,2024-09-29,02:00,2024-09-29 02:00:00,Rain,Bike,medium
2372,22.547571,88.49384,EM Bypass,Severe,2024-08-11,08:00,2024-08-11 08:00:00,Fog,Bus,high
2373,22.680262,88.370385,EM Bypass,Fatal,2024-05-21,22:00,2024-05-21 22:00:00,Rain,Truck,high
2374,22.409797,88.287343,AJC Bose Road,Minor,2024-07-01,04:00,2024-07-01 04:00:00,Fog,Bus,high
2375,22.573823,88.388115,EM Bypass,Minor,2024-12-11,06:00,2024-12-11 06:00:00,Rain,Bike,high
2376,22.629342,88.342736,Park Street,Minor,2024-06-23,18:00,2024-06-23 18:00:00,Rain,Bike,medium
2377,22.627026,88.329686,Park Street,Minor,2023-02-18,23:00,2023-02-18 23:00:00,Fog,Bike,medium
2378,22.580697,88.268938,Park Street,Minor,2022-02-13,07:00,2022-02-13 07:00:00,Fog,Car,medium
2379,22.630596,88.357589,EM Bypass,Minor,2023-11-08,06:00,2023-11-08 06:00:00,Rain,Bike,high
2380,22.406401,88.259473,AJC Bose Road,Minor,2024-05-31,10:00,2024-05-31 10:00:00,Clear,Bus,high
2381,22.513983,88.375643,AJC Bose Road,Fatal,2023-09-03,22:00,2023-09-03 22:00:00,Clear,Auto,high
2382,22.42593,88.2415,AJC Bose Road,Minor,2022-12-22,20:00,2022-12-22 20:00:00,Fog,Car,high
2383,22.648759,88.378305,EM Bypass,Severe,2025-02-25,13:00,2025-02-25 13:00:00,Rain,Bike,high
2384,22.522475,88.305188,AJC Bose Road,Minor,2022-11-10,08:00,2022-11-10 08:00:00,Fog,Car,high
2385,22.424137,88.270234,AJC Bose Road,Minor,2024-02-20,02:00,2024-02-20 02:00:00,Fog,Bus,high
2386,22.48072,88.393742,AJC Bose Road,Severe,2024-03-22,16:00,2024-03-22 16:00:00,Fog,Bike,high
2387,22.663076,88.355959,EM Bypass,Severe,2022-07-28,20:00,2022-07-28 20:00:00,Fog,Car,high
2388,22.468353,88.437961,EM Bypass,Minor,2024-03-18,13:00,2024-03-18 13:00:00,Fog,Car,high
2389,22.575197,88.400005,EM Bypass,Severe,2023-12-23,21:00,2023-12-23 21:00:00,Fog,Bus,high
2390,22.659415,88.228046,Park Street,Severe,2022-08-16,09:00,2022-08-16 09:00:00,Clear,Bus,medium
2391,22.537351,88.335833,AJC Bose Road,Minor,2025-03-19,12:00,2025-03-19 12:00:00,Fog,Bus,high
2392,22.477138,88.405222,AJC Bose Road,Minor,2022-04-28,05:00,2022-04-28 05:00:00,Rain,Bike,high
2393,22.463652,88.384416,AJC Bose Road,Minor,2025-04-14,20:00,2025-04-14 20:00:00,Clear,Auto,high
2394,22.40833,88.302104,AJC Bose Road,Minor,2024-09-16,13:00,2024-09-16 13:00:00,Fog,Bus,high
2395,22.547789,88.421209,EM Bypass,Severe,2022-02-15,04:00,2022-02-15 04:00:00,Rain,Truck,high
2396,22.645444,88.238438,Park Street,Minor,2025-01-12,14:00,2025-01-12 14:00:00,Clear,Bus,medium
2397,22.667314,88.270561,Park Street,Severe,2025-03-01,17:00,2025-03-01 17:00:00,Clear,Auto,medium
2398,22.574291,88.294033,Park Street,Fatal,2023-09-22,13:00,2023-09-22 13:00:00,Rain,Auto,medium
2399,22.63896,88.483772,EM Bypass,Fatal,2022-02-18,16:00,2022-02-18 16:00:00,Clear,Auto,high
2400,22.485716,88.46051,EM Bypass,Minor,2023-05-18,02:00,2023-05-18 02:00:00,Fog,Auto,high
2401,22.550946,88.448727,EM Bypass,Minor,2025-02-07,01:00,2025-02-07 01:00:00,Rain,Car,high
2402,22.668291,88.400046,EM Bypass,Minor,2023-05-29,08:00,2023-05-29 08:00:00,Fog,Car,high
2403,22.600197,88.290861,Park Street,Minor,2022-12-11,22:00,2022-12-11 22:00:00,Rain,Car,medium
2404,22.59798,88.243825,Park Street,Minor,2022-10-07,09:00,2022-10-07 09:00:00,Clear,Bike,medium
2405,22.427697,88.330466,AJC Bose Road,Minor,2023-07-31,11:00,2023-07-31 11:00:00,Rain,Bus,high
2406,22.617164,88.293791,Park Street,Minor,2023-11-07,05:00,2023-11-07 05:00:00,Fog,Auto,medium
2407,22.45677,88.370032,AJC Bose Road,Severe,2022-02-08,05:00,2022-02-08 05:00:00,Rain,Truck,high
2408,22.480076,88.485477,EM Bypass,Severe,2022-03-24,16:00,2022-03-24 16:00:00,Rain,Bike,high
2409,22.467774,88.334586,AJC Bose Road,Fatal,2024-08-30,17:00,2024-08-30 17:00:00,Clear,Bus,high
2410,22.452641,88.376518,AJC Bose Road,Minor,2022-04-23,07:00,2022-04-23 07:00:00,Clear,Bike,high
2411,22.588003,88.373342,EM Bypass,Severe,2022-08-17,07:00,2022-08-17 07:00:00,Rain,Bus,high
2412,22.534512,88.235037,Park Street,Minor,2023-10-20,17:00,2023-10-20 17:00:00,Clear,Bus,medium
2413,22.489109,88.479889,EM Bypass,Severe,2024-08-11,06:00,2024-08-11 06:00:00,Clear,Bike,high
2414,22.526909,88.218995,AJC Bose Road,Severe,2024-07-22,17:00,2024-07-22 17:00:00,Rain,Car,high
2415,22.462071,88.32346,AJC Bose Road,Minor,2024-09-01,21:00,2024-09-01 21:00:00,Clear,Bike,high
2416,22.520406,88.488849,EM Bypass,Minor,2023-06-02,23:00,2023-06-02 23:00:00,Rain,Bus,high
2417,22.668078,88.49546,EM Bypass,Severe,2024-09-08,11:00,2024-09-08 11:00:00,Clear,Bus,high
2418,22.687268,88.300165,Park Street,Minor,2025-01-26,19:00,2025-01-26 19:00:00,Fog,Car,medium
2419,22.477389,88.311749,AJC Bose Road,Severe,2024-06-18,19:00,2024-06-18 19:00:00,Rain,Bike,high
2420,22.540018,88.235198,Park Street,Minor,2022-04-15,11:00,2022-04-15 11:00:00,Fog,Bike,medium
2421,22.670916,88.301141,Park Street,Severe,2024-03-25,11:00,2024-03-25 11:00:00,Fog,Car,medium
2422,22.426617,88.487148,EM Bypass,Minor,2023-06-20,14:00,2023-06-20 14:00:00,Fog,Bike,high
2423,22.640477,88.203696,Park Street,Fatal,2022-02-14,12:00,2022-02-14 12:00:00,Clear,Truck,medium
2424,22.470964,88.393526,AJC Bose Road,Severe,2023-03-23,05:00,2023-03-23 05:00:00,Rain,Truck,high
2425,22.558014,88.480328,EM Bypass,Minor,2024-05-27,01:00,2024-05-27 01:00:00,Rain,Car,high
2426,22.633583,88.282938,Park Street,Minor,2022-12-01,04:00,2022-12-01 04:00:00,Fog,Auto,medium
2427,22.600524,88.243243,Park Street,Severe,2022-11-22,19:00,2022-11-22 19:00:00,Rain,Car,medium
2428,22.636577,88.30775,Park Street,Minor,2023-07-26,09:00,2023-07-26 09:00:00,Fog,Bike,medium
2429,22.533553,88.272086,AJC Bose Road,Severe,2023-01-27,12:00,2023-01-27 12:00:00,Rain,Car,high
2430,22.514622,88.473131,EM Bypass,Minor,2024-11-08,01:00,2024-11-08 01:00:00,Rain,Bike,high
2431,22.557172,88.341638,Park Street,Minor,2022-04-16,18:00,2022-04-16 18:00:00,Rain,Bus,medium
2432,22.548838,88.303981,Park Street,Minor,2024-10-06,06:00,2024-10-06 06:00:00,Clear,Auto,medium
2433,22.699538,88.432249,EM Bypass,Severe,2025-02-20,07:00,2025-02-20 07:00:00,Fog,Truck,high
2434,22.582979,88.413149,EM Bypass,Severe,2022-11-03,14:00,2022-11-03 14:00:00,Rain,Car,high
2435,22.687878,88.270986,Park Street,Minor,2025-01-20,00:00,2025-01-20 00:00:00,Fog,Car,medium
2436,22.63602,88.37172,EM Bypass,Fatal,2023-07-31,05:00,2023-07-31 05:00:00,Fog,Bus,high
2437,22.414473,88.342772,AJC Bose Road,Severe,2022-12-06,15:00,2022-12-06 15:00:00,Rain,Bike,high
2438,22.642918,88.478103,EM Bypass,Minor,2022-12-09,19:00,2022-12-09 19:00:00,Fog,Auto,high
2439,22.473005,88.341228,AJC Bose Road,Severe,2022-04-01,06:00,2022-04-01 06:00:00,Clear,Bike,high
2440,22.579778,88.381689,EM Bypass,Severe,2022-11-09,23:00,2022-11-09 23:00:00,Clear,Bike,high
2441,22.670662,88.202643,Park Street,Minor,2022-12-15,21:00,2022-12-15 21:00:00,Fog,Bike,medium
2442,22.625288,88.391035,EM Bypass,Severe,2024-07-16,09:00,2024-07-16 09:00:00,Clear,Bus,high
2443,22.499806,88.406178,AJC Bose Road,Severe,2023-07-21,19:00,2023-07-21 19:00:00,Clear,Bus,high
2444,22.625019,88.447747,EM Bypass,Fatal,2024-09-28,11:00,2024-09-28 11:00:00,Fog,Car,high
2445,22.408519,88.445105,AJC Bose Road,Minor,2023-12-22,18:00,2023-12-22 18:00:00,Clear,Auto,high
2446,22.635365,88.242183,Park Street,Severe,2023-01-22,07:00,2023-01-22 07:00:00,Rain,Bike,medium
2447,22.639782,88.20868,Park Street,Minor,2024-10-20,03:00,2024-10-20 03:00:00,Clear,Bus,medium
2448,22.403091,88.384682,AJC Bose Road,Minor,2024-07-31,14:00,2024-07-31 14:00:00,Clear,Truck,high
2449,22.58387,88.396253,EM Bypass,Fatal,2023-09-25,09:00,2023-09-25 09:00:00,Fog,Truck,high
2450,22.556161,88.493493,EM Bypass,Severe,2024-05-02,14:00,2024-05-02 14:00:00,Clear,Bike,high
2451,22.506169,88.32412,AJC Bose Road,Severe,2023-04-05,08:00,2023-04-05 08:00:00,Clear,Auto,high
2452,22.473171,88.205489,AJC Bose Road,Severe,2025-01-28,17:00,2025-01-28 17:00:00,Rain,Auto,high
2453,22.488608,88.369732,AJC Bose Road,Minor,2024-11-04,08:00,2024-11-04 08:00:00,Rain,Auto,high
2454,22.618554,88.212656,Park Street,Minor,2023-11-15,21:00,2023-11-15 21:00:00,Rain,Bus,medium
2455,22.698184,88.308966,Park Street,Severe,2022-10-01,01:00,2022-10-01 01:00:00,Clear,Truck,medium
2456,22.629952,88.307303,Park Street,Severe,2023-11-11,03:00,2023-11-11 03:00:00,Fog,Auto,medium
2457,22.577941,88.351204,Park Street,Minor,2022-12-06,00:00,2022-12-06 00:00:00,Rain,Bike,medium
2458,22.462656,88.201524,AJC Bose Road,Severe,2022-03-28,15:00,2022-03-28 15:00:00,Fog,Bus,high
2459,22.648017,88.493913,EM Bypass,Minor,2024-11-29,23:00,2024-11-29 23:00:00,Rain,Auto,high
2460,22.648902,88.279862,Park Street,Minor,2025-02-10,13:00,2025-02-10 13:00:00,Clear,Bike,medium
2461,22.405368,88.256917,AJC Bose Road,Severe,2025-03-01,18:00,2025-03-01 18:00:00,Clear,Truck,high
2462,22.551139,88.417365,EM Bypass,Minor,2022-10-09,03:00,2022-10-09 03:00:00,Fog,Bus,high
2463,22.613952,88.469049,EM Bypass,Severe,2023-11-24,01:00,2023-11-24 01:00:00,Fog,Bus,high
2464,22.547712,88.470574,EM Bypass,Minor,2023-11-05,19:00,2023-11-05 19:00:00,Clear,Car,high
2465,22.549517,88.210522,Park Street,Minor,2022-12-27,10:00,2022-12-27 10:00:00,Clear,Bike,medium
2466,22.567815,88.321137,Park Street,Minor,2022-05-02,14:00,2022-05-02 14:00:00,Clear,Bike,medium
2467,22.553666,88.276588,Park Street,Fatal,2023-01-11,21:00,2023-01-11 21:00:00,Rain,Car,medium
2468,22.652727,88.370572,EM Bypass,Severe,2022-10-05,22:00,2022-10-05 22:00:00,Rain,Bike,high
2469,22.528244,88.203823,AJC Bose Road,Minor,2022-10-01,05:00,2022-10-01 05:00:00,Fog,Car,high
2470,22.527453,88.467708,EM Bypass,Minor,2024-07-05,23:00,2024-07-05 23:00:00,Clear,Truck,high
2471,22.544477,88.208149,Park Street,Minor,2024-12-21,09:00,2024-12-21 09:00:00,Clear,Truck,medium
2472,22.558232,88.457156,EM Bypass,Severe,2024-10-06,02:00,2024-10-06 02:00:00,Fog,Bus,high
2473,22.56579,88.377482,Park Street,Minor,2023-01-03,00:00,2023-01-03 00:00:00,Rain,Car,medium
2474,22.52457,88.216361,AJC Bose Road,Minor,2022-01-27,02:00,2022-01-27 02:00:00,Rain,Bike,high
2475,22.569323,88.441394,EM Bypass,Minor,2022-08-23,03:00,2022-08-23 03:00:00,Fog,Bus,high
2476,22.437231,88.469225,EM Bypass,Minor,2022-11-05,13:00,2022-11-05 13:00:00,Fog,Truck,high
2477,22.412169,88.231483,AJC Bose Road,Severe,2024-11-11,14:00,2024-11-11 14:00:00,Clear,Truck,high
2478,22.49441,88.416615,AJC Bose Road,Severe,2024-12-19,21:00,2024-12-19 21:00:00,Clear,Car,high
2479,22.502784,88.219232,AJC Bose Road,Minor,2025-03-08,16:00,2025-03-08 16:00:00,Clear,Car,high
2480,22.565278,88.493697,EM Bypass,Minor,2025-01-08,06:00,2025-01-08 06:00:00,Fog,Auto,high
2481,22.457773,88.284455,AJC Bose Road,Severe,2023-10-18,10:00,2023-10-18 10:00:00,Fog,Bike,high
2482,22.459894,88.417013,AJC Bose Road,Severe,2023-05-04,21:00,2023-05-04 21:00:00,Clear,Bus,high
2483,22.560726,88.208644,Park Street,Minor,2024-08-12,14:00,2024-08-12 14:00:00,Fog,Bus,medium
2484,22.460887,88.362804,AJC Bose Road,Minor,2023-09-13,09:00,2023-09-13 09:00:00,Clear,Car,high
2485,22.446525,88.462624,EM Bypass,Minor,2022-11-18,14:00,2022-11-18 14:00:00,Clear,Bus,high
2486,22.65872,88.298157,Park Street,Minor,2024-03-18,15:00,2024-03-18 15:00:00,Clear,Auto,medium
2487,22.464635,88.450005,EM Bypass,Fatal,2023-12-22,21:00,2023-12-22 21:00:00,Fog,Bike,high
2488,22.440175,88.319491,AJC Bose Road,Severe,2024-02-27,20:00,2024-02-27 20:00:00,Clear,Car,high
2489,22.410872,88.317316,AJC Bose Road,Fatal,2023-09-19,23:00,2023-09-19 23:00:00,Rain,Truck,high
2490,22.546776,88.307969,Park Street,Minor,2024-10-11,20:00,2024-10-11 20:00:00,Clear,Auto,medium
2491,22.474345,88.392022,AJC Bose Road,Minor,2023-10-21,09:00,2023-10-21 09:00:00,Rain,Bike,high
2492,22.581605,88.414291,EM Bypass,Minor,2024-02-23,15:00,2024-02-23 15:00:00,Clear,Car,high
2493,22.679087,88.220395,Park Street,Minor,2023-01-04,00:00,2023-01-04 00:00:00,Fog,Bus,medium
2494,22.488771,88.240627,AJC Bose Road,Severe,2022-10-17,04:00,2022-10-17 04:00:00,Fog,Auto,high
2495,22.568275,88.353375,Park Street,Minor,2024-10-13,18:00,2024-10-13 18:00:00,Fog,Truck,medium
2496,22.420758,88.351601,AJC Bose Road,Minor,2024-06-08,22:00,2024-06-08 22:00:00,Clear,Bike,high
2497,22.468756,88.332435,AJC Bose Road,Severe,2023-06-25,07:00,2023-06-25 07:00:00,Fog,Car,high
2498,22.695498,88.374271,EM Bypass,Severe,2024-11-08,08:00,2024-11-08 08:00:00,Fog,Truck,high
2499,22.421152,88.278845,AJC Bose Road,Severe,2024-07-02,23:00,2024-07-02 23:00:00,Clear,Car,high
2500,22.427228,88.208821,AJC Bose Road,Minor,2024-04-16,06:00,2024-04-16 06:00:00,Clear,Bus,high
2501,22.454414,88.402879,AJC Bose Road,Minor,2023-06-21,07:00,2023-06-21 07:00:00,Rain,Car,high
2502,22.505086,88.211653,AJC Bose Road,Minor,2022-10-24,17:00,2022-10-24 17:00:00,Rain,Bus,high
2503,22.683694,88.471613,EM Bypass,Fatal,2024-03-10,09:00,2024-03-10 09:00:00,Clear,Bike,high
2504,22.443914,88.232242,AJC Bose Road,Minor,2025-02-03,04:00,2025-02-03 04:00:00,Clear,Truck,high
2505,22.636459,88.249528,Park Street,Severe,2024-08-25,14:00,2024-08-25 14:00:00,Fog,Auto,medium
2506,22.54006,88.283721,Park Street,Severe,2024-07-15,00:00,2024-07-15 00:00:00,Fog,Car,medium
2507,22.623396,88.215836,Park Street,Minor,2025-01-06,07:00,2025-01-06 07:00:00,Clear,Auto,medium
2508,22.659888,88.451539,EM Bypass,Severe,2024-05-21,09:00,2024-05-21 09:00:00,Fog,Car,high
2509,22.466209,88.291485,AJC Bose Road,Fatal,2025-02-16,05:00,2025-02-16 05:00:00,Clear,Car,high
2510,22.629797,88.493201,EM Bypass,Minor,2025-03-23,20:00,2025-03-23 20:00:00,Clear,Truck,high
2511,22.610934,88.459505,EM Bypass,Minor,2023-05-08,10:00,2023-05-08 10:00:00,Fog,Bike,high
2512,22.613265,88.27714,Park Street,Minor,2022-10-31,09:00,2022-10-31 09:00:00,Rain,Bike,medium
2513,22.443876,88.411822,AJC Bose Road,Minor,2024-08-30,03:00,2024-08-30 03:00:00,Clear,Bus,high
2514,22.524715,88.496106,EM Bypass,Fatal,2022-11-19,01:00,2022-11-19 01:00:00,Rain,Car,high
2515,22.494132,88.25624,AJC Bose Road,Minor,2025-02-23,04:00,2025-02-23 04:00:00,Clear,Bike,high
2516,22.44864,88.40142,AJC Bose Road,Minor,2024-07-29,06:00,2024-07-29 06:00:00,Clear,Car,high
2517,22.620154,88.336804,Park Street,Minor,2022-09-07,08:00,2022-09-07 08:00:00,Rain,Bus,medium
2518,22.559312,88.386583,EM Bypass,Minor,2022-11-21,22:00,2022-11-21 22:00:00,Clear,Bus,high
2519,22.577073,88.311994,Park Street,Severe,2024-06-19,17:00,2024-06-19 17:00:00,Fog,Auto,medium
2520,22.44425,88.273273,AJC Bose Road,Minor,2022-05-31,13:00,2022-05-31 13:00:00,Clear,Car,high
2521,22.521777,88.251714,AJC Bose Road,Minor,2024-11-23,14:00,2024-11-23 14:00:00,Clear,Car,high
2522,22.426767,88.201564,AJC Bose Road,Minor,2023-08-18,04:00,2023-08-18 04:00:00,Fog,Bus,high
2523,22.437324,88.422143,AJC Bose Road,Fatal,2023-01-13,12:00,2023-01-13 12:00:00,Clear,Bike,high
2524,22.665149,88.433183,EM Bypass,Severe,2023-01-29,13:00,2023-01-29 13:00:00,Rain,Bus,high
2525,22.492007,88.335916,AJC Bose Road,Minor,2023-06-27,06:00,2023-06-27 06:00:00,Fog,Car,high
2526,22.54975,88.315428,Park Street,Minor,2024-05-22,15:00,2024-05-22 15:00:00,Rain,Truck,medium
2527,22.488258,88.372072,AJC Bose Road,Fatal,2022-01-14,17:00,2022-01-14 17:00:00,Clear,Auto,high
2528,22.611752,88.25074,Park Street,Fatal,2022-10-22,08:00,2022-10-22 08:00:00,Rain,Truck,medium
2529,22.614076,88.379103,EM Bypass,Minor,2022-10-21,22:00,2022-10-21 22:00:00,Rain,Bus,high
2530,22.402885,88.356875,AJC Bose Road,Minor,2022-07-11,10:00,2022-07-11 10:00:00,Rain,Bike,high
2531,22.510159,88.220754,AJC Bose Road,Fatal,2025-02-12,22:00,2025-02-12 22:00:00,Rain,Bike,high
2532,22.658564,88.261033,Park Street,Severe,2023-05-31,21:00,2023-05-31 21:00:00,Clear,Truck,medium
2533,22.526303,88.320638,AJC Bose Road,Minor,2022-01-08,23:00,2022-01-08 23:00:00,Clear,Auto,high
2534,22.673236,88.3847,EM Bypass,Fatal,2025-01-10,18:00,2025-01-10 18:00:00,Clear,Car,high
2535,22.446461,88.231736,AJC Bose Road,Fatal,2023-08-29,23:00,2023-08-29 23:00:00,Rain,Car,high
2536,22.472957,88.431443,EM Bypass,Minor,2023-04-24,06:00,2023-04-24 06:00:00,Rain,Bus,high
2537,22.630289,88.340166,Park Street,Minor,2024-09-17,11:00,2024-09-17 11:00:00,Rain,Auto,medium
2538,22.580213,88.407414,EM Bypass,Minor,2024-07-16,21:00,2024-07-16 21:00:00,Fog,Auto,high
2539,22.627109,88.482875,EM Bypass,Minor,2024-02-17,16:00,2024-02-17 16:00:00,Clear,Bike,high
2540,22.562799,88.498228,EM Bypass,Fatal,2022-01-30,17:00,2022-01-30 17:00:00,Rain,Auto,high
2541,22.617895,88.430885,EM Bypass,Severe,2022-02-11,11:00,2022-02-11 11:00:00,Rain,Car,high
2542,22.67373,88.218979,Park Street,Minor,2022-02-20,20:00,2022-02-20 20:00:00,Rain,Bike,medium
2543,22.636375,88.499124,EM Bypass,Minor,2023-09-13,00:00,2023-09-13 00:00:00,Rain,Auto,high
2544,22.576217,88.263739,Park Street,Minor,2022-06-12,10:00,2022-06-12 10:00:00,Clear,Truck,medium
2545,22.604729,88.445719,EM Bypass,Minor,2022-02-20,13:00,2022-02-20 13:00:00,Fog,Bus,high
2546,22.665236,88.471232,EM Bypass,Minor,2025-01-22,14:00,2025-01-22 14:00:00,Clear,Car,high
2547,22.685228,88.242375,Park Street,Fatal,2024-10-15,05:00,2024-10-15 05:00:00,Fog,Truck,medium
2548,22.580597,88.244594,Park Street,Minor,2023-08-28,00:00,2023-08-28 00:00:00,Rain,Auto,medium
2549,22.463122,88.268609,AJC Bose Road,Minor,2023-09-27,15:00,2023-09-27 15:00:00,Fog,Bus,high
2550,22.436098,88.429734,AJC Bose Road,Severe,2023-10-31,07:00,2023-10-31 07:00:00,Rain,Car,high
2551,22.597944,88.243983,Park Street,Minor,2022-08-28,01:00,2022-08-28 01:00:00,Rain,Bike,medium
2552,22.638188,88.449154,EM Bypass,Minor,2023-05-23,17:00,2023-05-23 17:00:00,Clear,Bike,high
2553,22.689858,88.413334,EM Bypass,Severe,2024-03-22,11:00,2024-03-22 11:00:00,Fog,Auto,high
2554,22.608934,88.464999,EM Bypass,Minor,2024-11-14,13:00,2024-11-14 13:00:00,Rain,Bus,high
2555,22.507407,88.485513,EM Bypass,Severe,2022-09-21,05:00,2022-09-21 05:00:00,Fog,Auto,high
2556,22.509146,88.4262,EM Bypass,Fatal,2022-07-11,16:00,2022-07-11 16:00:00,Fog,Truck,high
2557,22.652634,88.204316,Park Street,Minor,2022-09-18,06:00,2022-09-18 06:00:00,Clear,Bike,medium
2558,22.602435,88.208737,Park Street,Minor,2023-10-31,03:00,2023-10-31 03:00:00,Rain,Truck,medium
2559,22.454882,88.322213,AJC Bose Road,Minor,2023-03-12,04:00,2023-03-12 04:00:00,Clear,Bike,high
