id,latitude,longitude,road_name,severity,date,time,datetime,weather,vehicle_type,road_risk_level
1,30.787805,76.847507,Madhya Marg,Minor,2025-03-30,11:00,2025-03-30 11:00:00,Fog,Truck,low
2,30.786617,76.733947,Madhya Marg,Severe,2023-05-07,14:00,2023-05-07 14:00:00,Clear,Auto,low
3,30.651926,76.876892,Dakshin Marg,Minor,2022-03-23,13:00,2022-03-23 13:00:00,Fog,Auto,medium
4,30.721892,76.711388,Dakshin Marg,Severe,2025-02-09,18:00,2025-02-09 18:00:00,Rain,Auto,medium
5,30.772308,76.768413,Madhya Marg,Minor,2024-03-18,08:00,2024-03-18 08:00:00,Clear,Auto,low
6,30.629812,76.765481,Dakshin Marg,Minor,2024-02-04,02:00,2024-02-04 02:00:00,Fog,Car,medium
7,30.79305,76.864728,Madhya Marg,Minor,2023-12-21,04:00,2023-12-21 04:00:00,Clear,Auto,low
8,30.739178,76.722246,Dakshin Marg,Fatal,2023-07-21,09:00,2023-07-21 09:00:00,Rain,Car,medium
9,30.75772,76.718682,Madhya Marg,Severe,2022-11-01,00:00,2022-11-01 00:00:00,Rain,Bus,low
10,30.774779,76.862232,Madhya Marg,Severe,2025-04-11,11:00,2025-04-11 11:00:00,Rain,Truck,low
11,30.790067,76.805399,Madhya Marg,Severe,2024-09-30,03:00,2024-09-30 03:00:00,Rain,Auto,low
12,30.774233,76.72531,Madhya Marg,Severe,2023-09-07,00:00,2023-09-07 00:00:00,Clear,Bus,low
13,30.674067,76.774623,Dakshin Marg,Severe,2024-04-23,21:00,2024-04-23 21:00:00,Clear,Bus,medium
14,30.78901,76.887359,Madhya Marg,Minor,2022-05-02,19:00,2022-05-02 19:00:00,Clear,Truck,low
15,30.658767,76.836989,Dakshin Marg,Severe,2024-03-01,14:00,2024-03-01 14:00:00,Rain,Bike,medium
16,30.645926,76.791403,Dakshin Marg,Severe,2025-01-23,17:00,2025-01-23 17:00:00,Fog,Auto,medium
17,30.662289,76.860184,Dakshin Marg,Severe,2024-08-03,07:00,2024-08-03 07:00:00,Clear,Auto,medium
18,30.729891,76.786151,Madhya Marg,Minor,2022-04-17,06:00,2022-04-17 06:00:00,Fog,Truck,low
19,30.703228,76.745141,Dakshin Marg,Minor,2022-04-20,22:00,2022-04-20 22:00:00,Rain,Bus,medium
20,30.780406,76.759015,Madhya Marg,Severe,2024-11-28,19:00,2024-11-28 19:00:00,Rain,Bus,low
21,30.612508,76.8941,Dakshin Marg,Minor,2024-09-07,11:00,2024-09-07 11:00:00,Rain,Truck,medium
22,30.669447,76.798384,Dakshin Marg,Minor,2024-07-14,13:00,2024-07-14 13:00:00,Fog,Bike,medium
23,30.749547,76.70627,Dakshin Marg,Minor,2024-01-17,05:00,2024-01-17 05:00:00,Fog,Bike,medium
24,30.771578,76.798125,Madhya Marg,Fatal,2023-09-24,20:00,2023-09-24 20:00:00,Rain,Bus,low
25,30.612831,76.810119,Dakshin Marg,Minor,2024-11-23,22:00,2024-11-23 22:00:00,Rain,Auto,medium
26,30.65561,76.831544,Dakshin Marg,Fatal,2024-04-25,03:00,2024-04-25 03:00:00,Rain,Bike,medium
27,30.677187,76.727473,Dakshin Marg,Fatal,2025-03-30,04:00,2025-03-30 04:00:00,Rain,Auto,medium
28,30.788551,76.774195,Madhya Marg,Minor,2022-01-22,07:00,2022-01-22 07:00:00,Rain,Auto,low
29,30.78977,76.791081,Madhya Marg,Minor,2024-11-11,04:00,2024-11-11 04:00:00,Clear,Car,low
30,30.786188,76.807627,Madhya Marg,Minor,2023-03-28,22:00,2023-03-28 22:00:00,Rain,Bus,low
31,30.784319,76.811367,Madhya Marg,Severe,2024-08-19,08:00,2024-08-19 08:00:00,Clear,Auto,low
32,30.650517,76.789449,Dakshin Marg,Minor,2022-10-21,00:00,2022-10-21 00:00:00,Clear,Car,medium
33,30.706127,76.870146,Madhya Marg,Severe,2023-09-04,19:00,2023-09-04 19:00:00,Rain,Auto,low
34,30.736284,76.88423,Madhya Marg,Minor,2022-05-07,18:00,2022-05-07 18:00:00,Rain,Car,low
35,30.75305,76.886282,Madhya Marg,Severe,2024-10-10,17:00,2024-10-10 17:00:00,Fog,Truck,low
36,30.621868,76.767922,Dakshin Marg,Severe,2024-02-18,14:00,2024-02-18 14:00:00,Fog,Auto,medium
37,30.722768,76.846181,Madhya Marg,Severe,2023-05-04,04:00,2023-05-04 04:00:00,Fog,Auto,low
38,30.726192,76.756446,Dakshin Marg,Minor,2022-12-18,08:00,2022-12-18 08:00:00,Clear,Bike,medium
39,30.6107,76.703665,Dakshin Marg,Minor,2024-07-11,15:00,2024-07-11 15:00:00,Fog,Auto,medium
40,30.63764,76.825478,Dakshin Marg,Severe,2023-03-23,14:00,2023-03-23 14:00:00,Fog,Auto,medium
41,30.734981,76.773993,Madhya Marg,Minor,2024-09-07,14:00,2024-09-07 14:00:00,Rain,Bike,low
42,30.711487,76.846221,Madhya Marg,Fatal,2023-11-27,00:00,2023-11-27 00:00:00,Clear,Auto,low
43,30.671217,76.878695,Dakshin Marg,Minor,2025-02-12,17:00,2025-02-12 17:00:00,Fog,Car,medium
44,30.600709,76.788381,Dakshin Marg,Minor,2023-04-12,17:00,2023-04-12 17:00:00,Fog,Bike,medium
45,30.615981,76.703249,Dakshin Marg,Fatal,2023-10-07,01:00,2023-10-07 01:00:00,Rain,Bus,medium
46,30.689908,76.86273,Madhya Marg,Minor,2023-05-08,11:00,2023-05-08 11:00:00,Rain,Truck,low
47,30.632006,76.795028,Dakshin Marg,Minor,2024-10-24,22:00,2024-10-24 22:00:00,Fog,Bus,medium
48,30.616643,76.869914,Dakshin Marg,Minor,2022-02-06,12:00,2022-02-06 12:00:00,Rain,Car,medium
49,30.666974,76.757047,Dakshin Marg,Minor,2023-07-30,09:00,2023-07-30 09:00:00,Fog,Car,medium
50,30.655634,76.703463,Dakshin Marg,Fatal,2024-07-31,12:00,2024-07-31 12:00:00,Fog,Truck,medium
51,30.767989,76.78677,Madhya Marg,Minor,2023-03-02,11:00,2023-03-02 11:00:00,Clear,Auto,low
52,30.751536,76.828455,Madhya Marg,Minor,2022-04-11,21:00,2022-04-11 21:00:00,Fog,Bus,low
53,30.725966,76.873965,Madhya Marg,Severe,2024-03-24,07:00,2024-03-24 07:00:00,Rain,Truck,low
54,30.655311,76.714474,Dakshin Marg,Fatal,2023-02-19,15:00,2023-02-19 15:00:00,Fog,Bike,medium
55,30.796737,76.773533,Madhya Marg,Severe,2024-06-24,14:00,2024-06-24 14:00:00,Rain,Bus,low
56,30.658244,76.853188,Dakshin Marg,Minor,2024-06-24,15:00,2024-06-24 15:00:00,Fog,Bus,medium
57,30.711408,76.707882,Dakshin Marg,Minor,2025-02-16,13:00,2025-02-16 13:00:00,Clear,Car,medium
58,30.673074,76.772135,Dakshin Marg,Severe,2023-01-06,18:00,2023-01-06 18:00:00,Rain,Bus,medium
59,30.701537,76.755897,Dakshin Marg,Minor,2023-01-08,14:00,2023-01-08 14:00:00,Clear,Truck,medium
60,30.789743,76.765097,Madhya Marg,Severe,2024-08-14,13:00,2024-08-14 13:00:00,Fog,Bike,low
61,30.674064,76.776373,Dakshin Marg,Minor,2022-04-05,21:00,2022-04-05 21:00:00,Rain,Bike,medium
62,30.747416,76.743713,Madhya Marg,Fatal,2022-05-06,08:00,2022-05-06 08:00:00,Clear,Bike,low
63,30.713438,76.79876,Madhya Marg,Minor,2024-05-14,17:00,2024-05-14 17:00:00,Clear,Bike,low
64,30.794258,76.895012,Madhya Marg,Minor,2023-09-23,16:00,2023-09-23 16:00:00,Rain,Auto,low
65,30.693733,76.792933,Dakshin Marg,Minor,2022-12-16,12:00,2022-12-16 12:00:00,Rain,Bike,medium
66,30.606795,76.809552,Dakshin Marg,Fatal,2023-09-14,17:00,2023-09-14 17:00:00,Rain,Bus,medium
67,30.653134,76.792216,Dakshin Marg,Severe,2023-12-02,22:00,2023-12-02 22:00:00,Clear,Bike,medium
68,30.753571,76.72288,Madhya Marg,Severe,2022-09-22,03:00,2022-09-22 03:00:00,Fog,Bus,low
69,30.647499,76.822427,Dakshin Marg,Fatal,2025-03-20,18:00,2025-03-20 18:00:00,Fog,Auto,medium
70,30.736718,76.770756,Madhya Marg,Minor,2022-05-25,07:00,2022-05-25 07:00:00,Rain,Bike,low
71,30.719993,76.763111,Dakshin Marg,Minor,2023-08-06,21:00,2023-08-06 21:00:00,Rain,Truck,medium
72,30.750424,76.750608,Madhya Marg,Severe,2024-12-17,02:00,2024-12-17 02:00:00,Clear,Auto,low
73,30.738182,76.71504,Dakshin Marg,Fatal,2023-10-05,18:00,2023-10-05 18:00:00,Rain,Car,medium
74,30.704397,76.872086,Madhya Marg,Minor,2023-01-20,22:00,2023-01-20 22:00:00,Clear,Truck,low
75,30.788083,76.76479,Madhya Marg,Fatal,2023-08-14,06:00,2023-08-14 06:00:00,Fog,Bike,low
76,30.788587,76.831434,Madhya Marg,Minor,2022-05-01,03:00,2022-05-01 03:00:00,Fog,Bus,low
77,30.649983,76.8384,Dakshin Marg,Minor,2024-07-12,18:00,2024-07-12 18:00:00,Rain,Bike,medium
78,30.79765,76.710717,Madhya Marg,Minor,2022-03-06,05:00,2022-03-06 05:00:00,Fog,Truck,low
79,30.691499,76.727163,Dakshin Marg,Severe,2023-10-27,07:00,2023-10-27 07:00:00,Rain,Truck,medium
80,30.652057,76.724501,Dakshin Marg,Fatal,2025-04-05,11:00,2025-04-05 11:00:00,Rain,Bike,medium
81,30.745645,76.714935,Dakshin Marg,Severe,2022-08-22,03:00,2022-08-22 03:00:00,Rain,Auto,medium
82,30.652055,76.825982,Dakshin Marg,Severe,2024-04-07,00:00,2024-04-07 00:00:00,Clear,Car,medium
83,30.649544,76.797061,Dakshin Marg,Minor,2023-02-23,10:00,2023-02-23 10:00:00,Rain,Bike,medium
84,30.723144,76.776371,Madhya Marg,Severe,2022-06-02,09:00,2022-06-02 09:00:00,Rain,Car,low
85,30.605893,76.703909,Dakshin Marg,Minor,2022-09-08,10:00,2022-09-08 10:00:00,Clear,Auto,medium
86,30.742443,76.89688,Madhya Marg,Severe,2024-09-19,15:00,2024-09-19 15:00:00,Clear,Truck,low
87,30.790346,76.728551,Madhya Marg,Severe,2022-09-12,00:00,2022-09-12 00:00:00,Clear,Bus,low
88,30.731448,76.875925,Madhya Marg,Minor,2023-10-15,11:00,2023-10-15 11:00:00,Fog,Truck,low
89,30.657631,76.861569,Dakshin Marg,Minor,2024-06-10,21:00,2024-06-10 21:00:00,Rain,Truck,medium
90,30.731788,76.716813,Dakshin Marg,Fatal,2025-01-28,02:00,2025-01-28 02:00:00,Rain,Auto,medium
91,30.709922,76.718529,Dakshin Marg,Minor,2022-04-25,13:00,2022-04-25 13:00:00,Rain,Auto,medium
92,30.640146,76.763561,Dakshin Marg,Severe,2024-09-17,02:00,2024-09-17 02:00:00,Rain,Truck,medium
93,30.651682,76.772948,Dakshin Marg,Severe,2022-06-19,16:00,2022-06-19 16:00:00,Clear,Auto,medium
94,30.625123,76.779372,Dakshin Marg,Minor,2022-08-21,15:00,2022-08-21 15:00:00,Rain,Car,medium
95,30.77588,76.706095,Madhya Marg,Severe,2024-01-06,07:00,2024-01-06 07:00:00,Fog,Auto,low
96,30.644166,76.847467,Dakshin Marg,Minor,2024-11-29,13:00,2024-11-29 13:00:00,Fog,Truck,medium
97,30.654469,76.752972,Dakshin Marg,Minor,2022-07-24,03:00,2022-07-24 03:00:00,Rain,Bike,medium
98,30.68583,76.872043,Madhya Marg,Fatal,2025-02-22,05:00,2025-02-22 05:00:00,Fog,Bus,low
99,30.625597,76.791535,Dakshin Marg,Minor,2022-10-07,17:00,2022-10-07 17:00:00,Fog,Car,medium
100,30.719447,76.727079,Dakshin Marg,Minor,2024-03-22,07:00,2024-03-22 07:00:00,Rain,Truck,medium
101,30.704541,76.796508,Dakshin Marg,Fatal,2022-09-07,02:00,2022-09-07 02:00:00,Fog,Auto,medium
102,30.79483,76.773546,Madhya Marg,Minor,2023-07-29,14:00,2023-07-29 14:00:00,Fog,Car,low
103,30.653326,76.795463,Dakshin Marg,Minor,2022-08-30,20:00,2022-08-30 20:00:00,Clear,Bus,medium
104,30.654531,76.811189,Dakshin Marg,Minor,2022-02-18,16:00,2022-02-18 16:00:00,Fog,Car,medium
105,30.634285,76.746653,Dakshin Marg,Minor,2023-05-06,04:00,2023-05-06 04:00:00,Rain,Auto,medium
106,30.621787,76.801675,Dakshin Marg,Minor,2023-09-19,07:00,2023-09-19 07:00:00,Fog,Bus,medium
107,30.649459,76.83009,Dakshin Marg,Fatal,2024-01-30,02:00,2024-01-30 02:00:00,Rain,Car,medium
108,30.78067,76.732065,Madhya Marg,Severe,2024-09-18,12:00,2024-09-18 12:00:00,Fog,Truck,low
109,30.768335,76.718652,Madhya Marg,Minor,2023-02-28,17:00,2023-02-28 17:00:00,Clear,Truck,low
110,30.700822,76.757038,Dakshin Marg,Severe,2024-03-11,14:00,2024-03-11 14:00:00,Clear,Bus,medium
111,30.797344,76.890939,Madhya Marg,Severe,2024-07-28,09:00,2024-07-28 09:00:00,Rain,Auto,low
112,30.602774,76.861301,Dakshin Marg,Minor,2022-04-25,20:00,2022-04-25 20:00:00,Clear,Bike,medium
113,30.775772,76.797382,Madhya Marg,Minor,2023-03-24,12:00,2023-03-24 12:00:00,Rain,Truck,low
114,30.746358,76.740366,Madhya Marg,Minor,2025-02-03,06:00,2025-02-03 06:00:00,Clear,Bike,low
115,30.763449,76.889914,Madhya Marg,Severe,2023-07-01,10:00,2023-07-01 10:00:00,Fog,Bike,low
116,30.686023,76.706007,Dakshin Marg,Minor,2025-02-17,17:00,2025-02-17 17:00:00,Rain,Auto,medium
117,30.788581,76.828084,Madhya Marg,Minor,2022-09-17,03:00,2022-09-17 03:00:00,Fog,Bus,low
118,30.740398,76.840084,Madhya Marg,Minor,2024-06-21,01:00,2024-06-21 01:00:00,Rain,Truck,low
119,30.754784,76.89915,Madhya Marg,Minor,2024-09-02,18:00,2024-09-02 18:00:00,Fog,Bus,low
120,30.789109,76.800929,Madhya Marg,Minor,2023-08-30,08:00,2023-08-30 08:00:00,Fog,Bike,low
121,30.690257,76.769053,Dakshin Marg,Severe,2025-02-16,19:00,2025-02-16 19:00:00,Fog,Bus,medium
122,30.618209,76.730939,Dakshin Marg,Minor,2024-02-25,09:00,2024-02-25 09:00:00,Clear,Car,medium
123,30.738164,76.861909,Madhya Marg,Minor,2022-04-12,08:00,2022-04-12 08:00:00,Rain,Bike,low
124,30.630342,76.726714,Dakshin Marg,Minor,2023-03-11,23:00,2023-03-11 23:00:00,Clear,Truck,medium
125,30.700004,76.772064,Dakshin Marg,Severe,2023-03-09,05:00,2023-03-09 05:00:00,Clear,Truck,medium
126,30.658114,76.866369,Dakshin Marg,Fatal,2022-06-28,19:00,2022-06-28 19:00:00,Rain,Auto,medium
127,30.603523,76.83274,Dakshin Marg,Minor,2023-05-27,15:00,2023-05-27 15:00:00,Fog,Truck,medium
128,30.691096,76.8331,Dakshin Marg,Minor,2023-07-30,15:00,2023-07-30 15:00:00,Clear,Car,medium
129,30.774912,76.872091,Madhya Marg,Minor,2023-10-18,03:00,2023-10-18 03:00:00,Clear,Truck,low
130,30.613404,76.797206,Dakshin Marg,Minor,2024-02-11,06:00,2024-02-11 06:00:00,Clear,Truck,medium
131,30.759118,76.784239,Madhya Marg,Severe,2024-07-19,12:00,2024-07-19 12:00:00,Clear,Bus,low
132,30.676424,76.719165,Dakshin Marg,Minor,2022-01-09,17:00,2022-01-09 17:00:00,Fog,Truck,medium
133,30.606158,76.894984,Dakshin Marg,Minor,2022-04-03,02:00,2022-04-03 02:00:00,Clear,Auto,medium
134,30.700745,76.870706,Madhya Marg,Minor,2022-02-04,08:00,2022-02-04 08:00:00,Fog,Car,low
135,30.7589,76.743749,Madhya Marg,Severe,2024-08-16,23:00,2024-08-16 23:00:00,Fog,Bus,low
136,30.779058,76.837577,Madhya Marg,Severe,2024-06-03,04:00,2024-06-03 04:00:00,Rain,Bike,low
137,30.635683,76.779878,Dakshin Marg,Minor,2022-12-15,20:00,2022-12-15 20:00:00,Rain,Bike,medium
138,30.768042,76.831573,Madhya Marg,Severe,2022-12-27,08:00,2022-12-27 08:00:00,Fog,Auto,low
139,30.734204,76.742827,Dakshin Marg,Fatal,2022-06-15,18:00,2022-06-15 18:00:00,Rain,Bike,medium
140,30.789876,76.868351,Madhya Marg,Fatal,2023-05-30,21:00,2023-05-30 21:00:00,Clear,Bus,low
141,30.685361,76.871792,Madhya Marg,Minor,2024-03-09,03:00,2024-03-09 03:00:00,Clear,Bike,low
142,30.744626,76.8135,Madhya Marg,Severe,2022-10-13,14:00,2022-10-13 14:00:00,Clear,Bus,low
143,30.74015,76.840311,Madhya Marg,Minor,2024-08-09,05:00,2024-08-09 05:00:00,Clear,Bus,low
144,30.697067,76.8314,Madhya Marg,Minor,2023-05-22,16:00,2023-05-22 16:00:00,Rain,Car,low
145,30.60308,76.799977,Dakshin Marg,Minor,2023-01-23,01:00,2023-01-23 01:00:00,Clear,Auto,medium
146,30.681949,76.854683,Dakshin Marg,Severe,2023-01-27,10:00,2023-01-27 10:00:00,Fog,Car,medium
147,30.682309,76.825526,Dakshin Marg,Fatal,2023-09-08,03:00,2023-09-08 03:00:00,Rain,Bus,medium
148,30.798723,76.887189,Madhya Marg,Minor,2024-05-17,19:00,2024-05-17 19:00:00,Rain,Bus,low
149,30.724415,76.836791,Madhya Marg,Fatal,2022-07-10,01:00,2022-07-10 01:00:00,Clear,Truck,low
150,30.619908,76.877726,Dakshin Marg,Fatal,2023-07-12,00:00,2023-07-12 00:00:00,Fog,Bus,medium
151,30.613243,76.765798,Dakshin Marg,Minor,2022-09-12,21:00,2022-09-12 21:00:00,Fog,Bus,medium
152,30.690939,76.875812,Madhya Marg,Minor,2025-03-13,03:00,2025-03-13 03:00:00,Clear,Truck,low
153,30.706832,76.836003,Madhya Marg,Minor,2022-10-21,03:00,2022-10-21 03:00:00,Rain,Car,low
154,30.616399,76.797813,Dakshin Marg,Fatal,2023-12-19,23:00,2023-12-19 23:00:00,Rain,Bike,medium
155,30.722189,76.863797,Madhya Marg,Minor,2024-12-02,04:00,2024-12-02 04:00:00,Fog,Car,low
156,30.737195,76.85286,Madhya Marg,Severe,2024-03-08,06:00,2024-03-08 06:00:00,Rain,Bike,low
157,30.713203,76.856641,Madhya Marg,Minor,2023-12-17,06:00,2023-12-17 06:00:00,Rain,Auto,low
158,30.720973,76.781625,Madhya Marg,Fatal,2022-10-07,10:00,2022-10-07 10:00:00,Clear,Car,low
159,30.750618,76.787775,Madhya Marg,Minor,2025-02-16,08:00,2025-02-16 08:00:00,Clear,Bus,low
160,30.785631,76.831264,Madhya Marg,Minor,2023-04-02,05:00,2023-04-02 05:00:00,Fog,Bus,low
161,30.738986,76.884664,Madhya Marg,Minor,2025-03-23,09:00,2025-03-23 09:00:00,Rain,Bus,low
162,30.732348,76.876273,Madhya Marg,Fatal,2022-06-04,01:00,2022-06-04 01:00:00,Clear,Truck,low
163,30.63389,76.756106,Dakshin Marg,Severe,2025-02-27,16:00,2025-02-27 16:00:00,Fog,Auto,medium
164,30.705637,76.80416,Dakshin Marg,Severe,2023-03-14,00:00,2023-03-14 00:00:00,Clear,Bike,medium
165,30.718602,76.858173,Madhya Marg,Minor,2024-05-17,14:00,2024-05-17 14:00:00,Clear,Bus,low
166,30.671994,76.803716,Dakshin Marg,Fatal,2023-03-11,16:00,2023-03-11 16:00:00,Rain,Car,medium
167,30.798291,76.838585,Madhya Marg,Fatal,2024-01-21,19:00,2024-01-21 19:00:00,Fog,Bike,low
168,30.729079,76.735092,Dakshin Marg,Minor,2024-12-06,04:00,2024-12-06 04:00:00,Fog,Bike,medium
169,30.778238,76.766373,Madhya Marg,Minor,2023-06-01,13:00,2023-06-01 13:00:00,Fog,Auto,low
170,30.746622,76.7923,Madhya Marg,Minor,2022-03-30,18:00,2022-03-30 18:00:00,Clear,Truck,low
171,30.786909,76.833204,Madhya Marg,Minor,2023-05-01,09:00,2023-05-01 09:00:00,Clear,Bike,low
172,30.608046,76.734432,Dakshin Marg,Severe,2022-04-19,02:00,2022-04-19 02:00:00,Fog,Bus,medium
173,30.614284,76.851598,Dakshin Marg,Minor,2023-11-23,16:00,2023-11-23 16:00:00,Rain,Bike,medium
174,30.73139,76.769559,Madhya Marg,Minor,2023-04-21,14:00,2023-04-21 14:00:00,Rain,Truck,low
175,30.692711,76.705106,Dakshin Marg,Severe,2024-06-21,23:00,2024-06-21 23:00:00,Fog,Truck,medium
176,30.732717,76.842183,Madhya Marg,Minor,2022-03-21,04:00,2022-03-21 04:00:00,Clear,Car,low
177,30.737214,76.896028,Madhya Marg,Minor,2022-07-06,01:00,2022-07-06 01:00:00,Rain,Auto,low
178,30.689054,76.709558,Dakshin Marg,Minor,2022-05-05,06:00,2022-05-05 06:00:00,Rain,Auto,medium
179,30.799019,76.705086,Madhya Marg,Severe,2025-03-24,20:00,2025-03-24 20:00:00,Fog,Auto,low
180,30.706306,76.781405,Dakshin Marg,Severe,2024-04-04,03:00,2024-04-04 03:00:00,Rain,Auto,medium
181,30.756854,76.813117,Madhya Marg,Minor,2024-06-27,11:00,2024-06-27 11:00:00,Rain,Auto,low
182,30.723756,76.885916,Madhya Marg,Minor,2024-07-18,06:00,2024-07-18 06:00:00,Rain,Auto,low
183,30.793715,76.800278,Madhya Marg,Minor,2022-09-08,07:00,2022-09-08 07:00:00,Fog,Auto,low
184,30.672345,76.802474,Dakshin Marg,Minor,2024-01-13,20:00,2024-01-13 20:00:00,Rain,Bike,medium
185,30.609978,76.722758,Dakshin Marg,Minor,2022-02-18,22:00,2022-02-18 22:00:00,Clear,Bike,medium
186,30.693623,76.724884,Dakshin Marg,Minor,2023-07-03,06:00,2023-07-03 06:00:00,Rain,Bike,medium
187,30.621836,76.884947,Dakshin Marg,Severe,2022-11-21,21:00,2022-11-21 21:00:00,Fog,Bike,medium
188,30.668798,76.817413,Dakshin Marg,Severe,2022-11-09,02:00,2022-11-09 02:00:00,Clear,Truck,medium
189,30.708327,76.806646,Madhya Marg,Minor,2022-12-10,08:00,2022-12-10 08:00:00,Fog,Auto,low
190,30.776363,76.78877,Madhya Marg,Minor,2022-05-02,21:00,2022-05-02 21:00:00,Rain,Car,low
191,30.631842,76.885681,Dakshin Marg,Severe,2022-11-06,08:00,2022-11-06 08:00:00,Clear,Bike,medium
192,30.606413,76.786179,Dakshin Marg,Severe,2023-12-15,01:00,2023-12-15 01:00:00,Fog,Bike,medium
193,30.631122,76.833489,Dakshin Marg,Severe,2024-06-28,01:00,2024-06-28 01:00:00,Clear,Truck,medium
194,30.728869,76.841007,Madhya Marg,Fatal,2022-06-18,14:00,2022-06-18 14:00:00,Rain,Car,low
195,30.740986,76.83717,Madhya Marg,Minor,2024-02-23,01:00,2024-02-23 01:00:00,Fog,Car,low
196,30.746876,76.882565,Madhya Marg,Minor,2022-09-28,13:00,2022-09-28 13:00:00,Fog,Truck,low
197,30.663423,76.82599,Dakshin Marg,Severe,2022-11-25,14:00,2022-11-25 14:00:00,Fog,Bus,medium
198,30.727724,76.850949,Madhya Marg,Severe,2024-01-07,04:00,2024-01-07 04:00:00,Rain,Bus,low
199,30.644976,76.772787,Dakshin Marg,Minor,2022-10-26,08:00,2022-10-26 08:00:00,Fog,Bus,medium
200,30.783831,76.789588,Madhya Marg,Severe,2024-03-22,12:00,2024-03-22 12:00:00,Clear,Car,low
201,30.666953,76.829646,Dakshin Marg,Minor,2022-08-23,16:00,2022-08-23 16:00:00,Fog,Bike,medium
202,30.701532,76.8394,Madhya Marg,Minor,2024-11-26,18:00,2024-11-26 18:00:00,Fog,Bus,low
203,30.710999,76.817647,Madhya Marg,Minor,2024-08-03,16:00,2024-08-03 16:00:00,Clear,Car,low
204,30.634087,76.853067,Dakshin Marg,Severe,2022-08-08,13:00,2022-08-08 13:00:00,Clear,Truck,medium
205,30.76522,76.786961,Madhya Marg,Severe,2023-05-07,19:00,2023-05-07 19:00:00,Clear,Auto,low
206,30.759082,76.843347,Madhya Marg,Minor,2025-02-27,00:00,2025-02-27 00:00:00,Clear,Bike,low
207,30.664857,76.871023,Dakshin Marg,Fatal,2023-03-30,22:00,2023-03-30 22:00:00,Clear,Bike,medium
208,30.619368,76.888447,Dakshin Marg,Minor,2022-06-20,18:00,2022-06-20 18:00:00,Fog,Car,medium
209,30.685658,76.715337,Dakshin Marg,Fatal,2023-05-09,15:00,2023-05-09 15:00:00,Clear,Truck,medium
210,30.734437,76.716348,Dakshin Marg,Minor,2024-11-04,08:00,2024-11-04 08:00:00,Rain,Car,medium
211,30.712597,76.892566,Madhya Marg,Fatal,2024-12-25,02:00,2024-12-25 02:00:00,Clear,Truck,low
212,30.651871,76.712045,Dakshin Marg,Severe,2024-05-07,22:00,2024-05-07 22:00:00,Rain,Truck,medium
213,30.715926,76.815233,Madhya Marg,Minor,2023-04-12,07:00,2023-04-12 07:00:00,Clear,Bus,low
214,30.748228,76.847653,Madhya Marg,Fatal,2022-02-10,10:00,2022-02-10 10:00:00,Rain,Auto,low
215,30.757036,76.793993,Madhya Marg,Minor,2022-10-31,22:00,2022-10-31 22:00:00,Clear,Bike,low
216,30.792871,76.831474,Madhya Marg,Severe,2022-01-12,12:00,2022-01-12 12:00:00,Fog,Car,low
217,30.610398,76.76782,Dakshin Marg,Severe,2024-09-23,22:00,2024-09-23 22:00:00,Rain,Car,medium
218,30.662256,76.817778,Dakshin Marg,Minor,2025-02-26,04:00,2025-02-26 04:00:00,Fog,Bus,medium
219,30.756093,76.804274,Madhya Marg,Minor,2022-04-18,10:00,2022-04-18 10:00:00,Fog,Bike,low
220,30.601258,76.795405,Dakshin Marg,Minor,2022-02-06,15:00,2022-02-06 15:00:00,Clear,Bus,medium
221,30.796127,76.84082,Madhya Marg,Minor,2022-04-14,11:00,2022-04-14 11:00:00,Fog,Bus,low
222,30.78098,76.81117,Madhya Marg,Fatal,2023-04-04,16:00,2023-04-04 16:00:00,Clear,Car,low
223,30.762628,76.756343,Madhya Marg,Minor,2023-10-16,10:00,2023-10-16 10:00:00,Clear,Auto,low
224,30.652803,76.725115,Dakshin Marg,Minor,2023-03-01,13:00,2023-03-01 13:00:00,Rain,Truck,medium
225,30.644655,76.804979,Dakshin Marg,Minor,2024-04-28,06:00,2024-04-28 06:00:00,Clear,Car,medium
226,30.720751,76.819121,Madhya Marg,Minor,2025-02-04,04:00,2025-02-04 04:00:00,Fog,Bus,low
227,30.654918,76.750067,Dakshin Marg,Severe,2024-08-06,14:00,2024-08-06 14:00:00,Rain,Auto,medium
228,30.740156,76.775522,Madhya Marg,Severe,2024-07-02,12:00,2024-07-02 12:00:00,Clear,Auto,low
229,30.790955,76.757881,Madhya Marg,Fatal,2023-06-16,05:00,2023-06-16 05:00:00,Clear,Truck,low
230,30.689235,76.831793,Dakshin Marg,Severe,2024-01-25,11:00,2024-01-25 11:00:00,Rain,Auto,medium
231,30.674977,76.783888,Dakshin Marg,Fatal,2024-02-23,01:00,2024-02-23 01:00:00,Rain,Truck,medium
232,30.77303,76.863325,Madhya Marg,Severe,2022-08-22,00:00,2022-08-22 00:00:00,Fog,Car,low
233,30.699553,76.738204,Dakshin Marg,Minor,2024-08-06,13:00,2024-08-06 13:00:00,Clear,Bike,medium
234,30.798139,76.732302,Madhya Marg,Severe,2023-03-07,18:00,2023-03-07 18:00:00,Clear,Bike,low
235,30.677102,76.870762,Madhya Marg,Severe,2022-05-12,18:00,2022-05-12 18:00:00,Fog,Truck,low
236,30.784944,76.865117,Madhya Marg,Severe,2024-07-03,08:00,2024-07-03 08:00:00,Rain,Bike,low
237,30.622071,76.743849,Dakshin Marg,Minor,2023-11-03,20:00,2023-11-03 20:00:00,Rain,Truck,medium
238,30.619681,76.773046,Dakshin Marg,Fatal,2022-07-17,05:00,2022-07-17 05:00:00,Fog,Truck,medium
239,30.651027,76.779066,Dakshin Marg,Minor,2022-08-02,04:00,2022-08-02 04:00:00,Rain,Car,medium
240,30.660846,76.782702,Dakshin Marg,Minor,2022-02-28,20:00,2022-02-28 20:00:00,Rain,Bike,medium
241,30.698424,76.739401,Dakshin Marg,Severe,2022-07-16,22:00,2022-07-16 22:00:00,Clear,Car,medium
242,30.678468,76.724122,Dakshin Marg,Severe,2023-09-30,04:00,2023-09-30 04:00:00,Fog,Bus,medium
243,30.791815,76.874395,Madhya Marg,Minor,2023-12-02,09:00,2023-12-02 09:00:00,Rain,Car,low
244,30.664738,76.794051,Dakshin Marg,Severe,2023-11-02,07:00,2023-11-02 07:00:00,Clear,Car,medium
245,30.732493,76.80753,Madhya Marg,Minor,2022-11-10,21:00,2022-11-10 21:00:00,Clear,Bus,low
246,30.756943,76.721557,Madhya Marg,Fatal,2024-04-25,02:00,2024-04-25 02:00:00,Rain,Truck,low
247,30.632173,76.805053,Dakshin Marg,Minor,2022-01-09,08:00,2022-01-09 08:00:00,Rain,Truck,medium
248,30.742107,76.703842,Dakshin Marg,Severe,2022-02-18,19:00,2022-02-18 19:00:00,Clear,Auto,medium
249,30.646063,76.812641,Dakshin Marg,Minor,2022-09-05,20:00,2022-09-05 20:00:00,Rain,Auto,medium
250,30.600581,76.826318,Dakshin Marg,Minor,2022-12-21,07:00,2022-12-21 07:00:00,Rain,Auto,medium
251,30.780343,76.881724,Madhya Marg,Minor,2023-12-10,10:00,2023-12-10 10:00:00,Rain,Truck,low
252,30.662604,76.793407,Dakshin Marg,Minor,2024-01-18,13:00,2024-01-18 13:00:00,Fog,Bus,medium
253,30.609731,76.724737,Dakshin Marg,Severe,2024-08-29,01:00,2024-08-29 01:00:00,Rain,Bus,medium
254,30.704051,76.891741,Madhya Marg,Minor,2022-02-08,13:00,2022-02-08 13:00:00,Clear,Car,low
255,30.642682,76.893661,Dakshin Marg,Minor,2023-06-19,23:00,2023-06-19 23:00:00,Fog,Truck,medium
256,30.631657,76.754742,Dakshin Marg,Minor,2022-09-16,04:00,2022-09-16 04:00:00,Fog,Auto,medium
257,30.696061,76.85086,Madhya Marg,Minor,2024-04-16,22:00,2024-04-16 22:00:00,Clear,Car,low
258,30.740362,76.818377,Madhya Marg,Minor,2022-09-05,08:00,2022-09-05 08:00:00,Rain,Bus,low
259,30.636337,76.801568,Dakshin Marg,Minor,2022-04-04,01:00,2022-04-04 01:00:00,Rain,Auto,medium
260,30.624738,76.783117,Dakshin Marg,Minor,2024-01-19,06:00,2024-01-19 06:00:00,Clear,Car,medium
261,30.731501,76.849908,Madhya Marg,Severe,2023-02-13,22:00,2023-02-13 22:00:00,Rain,Truck,low
262,30.691238,76.790228,Dakshin Marg,Severe,2022-08-20,06:00,2022-08-20 06:00:00,Clear,Bus,medium
263,30.649162,76.706434,Dakshin Marg,Minor,2024-07-10,09:00,2024-07-10 09:00:00,Fog,Truck,medium
264,30.647349,76.859653,Dakshin Marg,Minor,2022-08-10,12:00,2022-08-10 12:00:00,Rain,Bus,medium
265,30.740035,76.773428,Madhya Marg,Minor,2024-06-17,18:00,2024-06-17 18:00:00,Rain,Car,low
266,30.679102,76.899287,Madhya Marg,Severe,2023-08-01,23:00,2023-08-01 23:00:00,Rain,Bus,low
267,30.611009,76.809222,Dakshin Marg,Minor,2023-04-07,19:00,2023-04-07 19:00:00,Clear,Auto,medium
268,30.705862,76.710205,Dakshin Marg,Minor,2024-08-22,23:00,2024-08-22 23:00:00,Clear,Bike,medium
269,30.773879,76.83724,Madhya Marg,Fatal,2024-12-24,20:00,2024-12-24 20:00:00,Rain,Bike,low
270,30.775581,76.72727,Madhya Marg,Severe,2023-08-19,19:00,2023-08-19 19:00:00,Rain,Bus,low
271,30.65733,76.762297,Dakshin Marg,Fatal,2023-09-24,00:00,2023-09-24 00:00:00,Fog,Auto,medium
272,30.626684,76.753037,Dakshin Marg,Minor,2023-09-24,08:00,2023-09-24 08:00:00,Rain,Bike,medium
273,30.652935,76.706566,Dakshin Marg,Minor,2022-11-13,01:00,2022-11-13 01:00:00,Rain,Car,medium
274,30.717976,76.748305,Dakshin Marg,Severe,2024-10-27,10:00,2024-10-27 10:00:00,Rain,Auto,medium
275,30.721356,76.873309,Madhya Marg,Severe,2025-01-04,05:00,2025-01-04 05:00:00,Clear,Bus,low
276,30.696417,76.896547,Madhya Marg,Severe,2022-07-04,23:00,2022-07-04 23:00:00,Clear,Truck,low
277,30.631636,76.822882,Dakshin Marg,Severe,2023-06-04,22:00,2023-06-04 22:00:00,Fog,Bike,medium
278,30.689947,76.890263,Madhya Marg,Minor,2022-09-12,06:00,2022-09-12 06:00:00,Rain,Auto,low
279,30.741464,76.790235,Madhya Marg,Minor,2022-10-17,13:00,2022-10-17 13:00:00,Fog,Car,low
280,30.756522,76.823588,Madhya Marg,Minor,2022-07-27,11:00,2022-07-27 11:00:00,Clear,Bike,low
281,30.679073,76.790763,Dakshin Marg,Fatal,2022-11-02,05:00,2022-11-02 05:00:00,Fog,Auto,medium
282,30.700244,76.817482,Dakshin Marg,Minor,2022-07-30,08:00,2022-07-30 08:00:00,Rain,Bus,medium
283,30.653417,76.723406,Dakshin Marg,Severe,2023-03-30,15:00,2023-03-30 15:00:00,Fog,Car,medium
284,30.71363,76.766555,Dakshin Marg,Minor,2024-06-29,00:00,2024-06-29 00:00:00,Fog,Bus,medium
285,30.790426,76.894929,Madhya Marg,Minor,2024-03-22,00:00,2024-03-22 00:00:00,Clear,Car,low
286,30.683033,76.809896,Dakshin Marg,Severe,2022-05-04,01:00,2022-05-04 01:00:00,Fog,Bus,medium
287,30.67862,76.890042,Madhya Marg,Minor,2024-12-26,16:00,2024-12-26 16:00:00,Rain,Bus,low
288,30.603249,76.869891,Dakshin Marg,Minor,2022-12-07,07:00,2022-12-07 07:00:00,Fog,Truck,medium
289,30.660745,76.70103,Dakshin Marg,Minor,2024-11-28,21:00,2024-11-28 21:00:00,Rain,Bus,medium
290,30.787668,76.78319,Madhya Marg,Minor,2024-04-19,09:00,2024-04-19 09:00:00,Clear,Bus,low
291,30.604288,76.812631,Dakshin Marg,Severe,2025-04-12,12:00,2025-04-12 12:00:00,Rain,Truck,medium
292,30.770012,76.773813,Madhya Marg,Minor,2023-04-16,00:00,2023-04-16 00:00:00,Clear,Car,low
293,30.676908,76.752324,Dakshin Marg,Minor,2024-05-11,21:00,2024-05-11 21:00:00,Clear,Bike,medium
294,30.705618,76.839286,Madhya Marg,Fatal,2023-03-30,01:00,2023-03-30 01:00:00,Clear,Truck,low
295,30.647146,76.759612,Dakshin Marg,Fatal,2024-03-15,06:00,2024-03-15 06:00:00,Fog,Truck,medium
296,30.708932,76.833639,Madhya Marg,Minor,2023-02-13,22:00,2023-02-13 22:00:00,Rain,Bike,low
297,30.633868,76.747391,Dakshin Marg,Minor,2022-05-08,22:00,2022-05-08 22:00:00,Clear,Truck,medium
298,30.78405,76.808354,Madhya Marg,Severe,2022-04-24,23:00,2022-04-24 23:00:00,Clear,Truck,low
299,30.719498,76.789111,Madhya Marg,Severe,2024-11-22,06:00,2024-11-22 06:00:00,Rain,Car,low
300,30.734128,76.826625,Madhya Marg,Severe,2023-02-04,21:00,2023-02-04 21:00:00,Fog,Truck,low
301,30.600092,76.750257,Dakshin Marg,Minor,2022-11-08,03:00,2022-11-08 03:00:00,Rain,Truck,medium
302,30.749389,76.739164,Madhya Marg,Minor,2024-07-27,07:00,2024-07-27 07:00:00,Clear,Bus,low
303,30.654868,76.801266,Dakshin Marg,Minor,2023-02-08,12:00,2023-02-08 12:00:00,Clear,Auto,medium
304,30.603405,76.841589,Dakshin Marg,Minor,2023-01-12,20:00,2023-01-12 20:00:00,Fog,Bus,medium
305,30.689186,76.856666,Madhya Marg,Severe,2022-08-06,23:00,2022-08-06 23:00:00,Clear,Bus,low
306,30.686816,76.868313,Madhya Marg,Severe,2025-02-11,08:00,2025-02-11 08:00:00,Rain,Car,low
307,30.778955,76.85231,Madhya Marg,Minor,2023-07-16,16:00,2023-07-16 16:00:00,Clear,Bus,low
308,30.608734,76.804255,Dakshin Marg,Minor,2024-03-04,17:00,2024-03-04 17:00:00,Fog,Bike,medium
309,30.638467,76.897806,Dakshin Marg,Severe,2023-09-05,06:00,2023-09-05 06:00:00,Clear,Auto,medium
310,30.618035,76.811903,Dakshin Marg,Minor,2022-12-17,16:00,2022-12-17 16:00:00,Fog,Bus,medium
311,30.660929,76.879341,Dakshin Marg,Severe,2022-02-01,16:00,2022-02-01 16:00:00,Clear,Bus,medium
312,30.60763,76.856677,Dakshin Marg,Minor,2022-08-30,22:00,2022-08-30 22:00:00,Rain,Car,medium
313,30.677002,76.713151,Dakshin Marg,Fatal,2024-04-01,15:00,2024-04-01 15:00:00,Clear,Bike,medium
314,30.753846,76.783206,Madhya Marg,Fatal,2025-01-22,20:00,2025-01-22 20:00:00,Rain,Car,low
315,30.745074,76.862884,Madhya Marg,Minor,2023-02-11,12:00,2023-02-11 12:00:00,Fog,Bike,low
316,30.733063,76.760529,Madhya Marg,Minor,2022-05-12,06:00,2022-05-12 06:00:00,Rain,Car,low
317,30.673957,76.793527,Dakshin Marg,Minor,2025-02-06,11:00,2025-02-06 11:00:00,Clear,Truck,medium
318,30.782211,76.779591,Madhya Marg,Minor,2022-10-03,20:00,2022-10-03 20:00:00,Rain,Auto,low
319,30.62344,76.862966,Dakshin Marg,Minor,2024-01-19,18:00,2024-01-19 18:00:00,Rain,Car,medium
320,30.76914,76.815431,Madhya Marg,Minor,2023-09-07,16:00,2023-09-07 16:00:00,Rain,Auto,low
321,30.620648,76.795171,Dakshin Marg,Severe,2022-04-25,18:00,2022-04-25 18:00:00,Clear,Truck,medium
322,30.751906,76.7182,Madhya Marg,Fatal,2022-09-28,22:00,2022-09-28 22:00:00,Clear,Car,low
323,30.726259,76.848318,Madhya Marg,Fatal,2024-04-09,05:00,2024-04-09 05:00:00,Fog,Bus,low
324,30.704357,76.708343,Dakshin Marg,Minor,2024-08-05,13:00,2024-08-05 13:00:00,Rain,Truck,medium
325,30.773163,76.855745,Madhya Marg,Fatal,2024-03-26,12:00,2024-03-26 12:00:00,Clear,Truck,low
326,30.611072,76.845044,Dakshin Marg,Minor,2024-11-08,06:00,2024-11-08 06:00:00,Clear,Bus,medium
327,30.704369,76.783176,Dakshin Marg,Severe,2023-11-19,21:00,2023-11-19 21:00:00,Fog,Auto,medium
328,30.791506,76.828709,Madhya Marg,Severe,2022-10-12,07:00,2022-10-12 07:00:00,Fog,Truck,low
329,30.655161,76.774139,Dakshin Marg,Minor,2023-06-13,06:00,2023-06-13 06:00:00,Rain,Bike,medium
330,30.652218,76.852533,Dakshin Marg,Fatal,2022-07-04,16:00,2022-07-04 16:00:00,Fog,Auto,medium
331,30.742757,76.823431,Madhya Marg,Fatal,2023-02-11,22:00,2023-02-11 22:00:00,Clear,Car,low
332,30.653089,76.767828,Dakshin Marg,Severe,2023-09-11,17:00,2023-09-11 17:00:00,Rain,Truck,medium
333,30.633724,76.73687,Dakshin Marg,Fatal,2023-07-26,07:00,2023-07-26 07:00:00,Rain,Bus,medium
334,30.723758,76.783715,Madhya Marg,Minor,2025-03-17,17:00,2025-03-17 17:00:00,Fog,Bike,low
335,30.753498,76.884298,Madhya Marg,Minor,2022-12-12,22:00,2022-12-12 22:00:00,Rain,Bike,low
336,30.630834,76.849507,Dakshin Marg,Minor,2025-01-05,02:00,2025-01-05 02:00:00,Rain,Car,medium
337,30.70789,76.718732,Dakshin Marg,Minor,2024-09-12,11:00,2024-09-12 11:00:00,Fog,Car,medium
338,30.732778,76.811613,Madhya Marg,Severe,2023-04-07,07:00,2023-04-07 07:00:00,Clear,Bike,low
339,30.62457,76.802631,Dakshin Marg,Severe,2024-07-14,19:00,2024-07-14 19:00:00,Rain,Car,medium
340,30.741194,76.859735,Madhya Marg,Fatal,2023-09-27,02:00,2023-09-27 02:00:00,Clear,Truck,low
341,30.612507,76.704041,Dakshin Marg,Minor,2022-05-20,15:00,2022-05-20 15:00:00,Fog,Bus,medium
342,30.727014,76.899038,Madhya Marg,Severe,2022-03-02,14:00,2022-03-02 14:00:00,Fog,Truck,low
343,30.724139,76.833018,Madhya Marg,Severe,2022-08-19,14:00,2022-08-19 14:00:00,Clear,Bus,low
344,30.638264,76.882534,Dakshin Marg,Minor,2022-09-10,14:00,2022-09-10 14:00:00,Clear,Bike,medium
345,30.638306,76.73778,Dakshin Marg,Minor,2023-04-21,13:00,2023-04-21 13:00:00,Fog,Bike,medium
346,30.64655,76.755176,Dakshin Marg,Minor,2023-12-10,06:00,2023-12-10 06:00:00,Rain,Truck,medium
347,30.776477,76.713577,Madhya Marg,Severe,2023-10-23,09:00,2023-10-23 09:00:00,Rain,Bike,low
348,30.727136,76.8892,Madhya Marg,Minor,2022-11-05,20:00,2022-11-05 20:00:00,Clear,Bus,low
349,30.728165,76.721294,Dakshin Marg,Minor,2023-11-28,20:00,2023-11-28 20:00:00,Clear,Truck,medium
350,30.714918,76.827597,Madhya Marg,Severe,2023-01-17,11:00,2023-01-17 11:00:00,Fog,Truck,low
351,30.601368,76.895842,Dakshin Marg,Fatal,2022-11-13,18:00,2022-11-13 18:00:00,Clear,Auto,medium
352,30.763679,76.887437,Madhya Marg,Minor,2023-08-17,11:00,2023-08-17 11:00:00,Rain,Bike,low
353,30.746481,76.802961,Madhya Marg,Minor,2025-02-16,10:00,2025-02-16 10:00:00,Clear,Bus,low
354,30.754561,76.896457,Madhya Marg,Fatal,2022-04-29,00:00,2022-04-29 00:00:00,Fog,Bike,low
355,30.793056,76.898688,Madhya Marg,Severe,2023-10-29,13:00,2023-10-29 13:00:00,Rain,Truck,low
356,30.616995,76.837139,Dakshin Marg,Severe,2024-02-10,15:00,2024-02-10 15:00:00,Fog,Bus,medium
357,30.712744,76.731481,Dakshin Marg,Minor,2023-12-21,13:00,2023-12-21 13:00:00,Fog,Auto,medium
358,30.626853,76.728879,Dakshin Marg,Minor,2023-07-26,17:00,2023-07-26 17:00:00,Fog,Truck,medium
359,30.637168,76.84188,Dakshin Marg,Minor,2023-06-18,22:00,2023-06-18 22:00:00,Fog,Bus,medium
360,30.715652,76.813682,Madhya Marg,Minor,2022-12-30,21:00,2022-12-30 21:00:00,Fog,Auto,low
361,30.640149,76.772675,Dakshin Marg,Severe,2024-05-13,05:00,2024-05-13 05:00:00,Rain,Truck,medium
362,30.659683,76.872273,Dakshin Marg,Severe,2025-01-02,02:00,2025-01-02 02:00:00,Clear,Truck,medium
363,30.778225,76.884078,Madhya Marg,Minor,2025-01-06,15:00,2025-01-06 15:00:00,Fog,Bus,low
364,30.781928,76.844645,Madhya Marg,Minor,2022-03-02,07:00,2022-03-02 07:00:00,Fog,Truck,low
365,30.7837,76.821004,Madhya Marg,Fatal,2023-05-19,03:00,2023-05-19 03:00:00,Clear,Truck,low
366,30.619367,76.803778,Dakshin Marg,Minor,2022-05-23,06:00,2022-05-23 06:00:00,Fog,Auto,medium
367,30.601896,76.791579,Dakshin Marg,Minor,2022-01-23,12:00,2022-01-23 12:00:00,Clear,Truck,medium
368,30.610399,76.77367,Dakshin Marg,Minor,2022-02-09,12:00,2022-02-09 12:00:00,Clear,Car,medium
369,30.692051,76.886914,Madhya Marg,Fatal,2023-05-01,13:00,2023-05-01 13:00:00,Fog,Bus,low
370,30.774176,76.863663,Madhya Marg,Minor,2024-04-01,09:00,2024-04-01 09:00:00,Fog,Bus,low
371,30.784033,76.853655,Madhya Marg,Fatal,2022-09-06,13:00,2022-09-06 13:00:00,Fog,Car,low
372,30.62386,76.866196,Dakshin Marg,Severe,2024-10-25,19:00,2024-10-25 19:00:00,Clear,Car,medium
373,30.751003,76.795905,Madhya Marg,Minor,2025-04-07,08:00,2025-04-07 08:00:00,Rain,Bike,low
374,30.788787,76.799904,Madhya Marg,Severe,2025-04-11,06:00,2025-04-11 06:00:00,Fog,Truck,low
375,30.658212,76.74197,Dakshin Marg,Severe,2024-09-13,04:00,2024-09-13 04:00:00,Clear,Car,medium
376,30.686571,76.712644,Dakshin Marg,Minor,2022-11-23,06:00,2022-11-23 06:00:00,Clear,Car,medium
377,30.751576,76.779945,Madhya Marg,Minor,2024-03-26,17:00,2024-03-26 17:00:00,Clear,Bike,low
378,30.646634,76.707409,Dakshin Marg,Minor,2022-03-01,12:00,2022-03-01 12:00:00,Clear,Bus,medium
379,30.631942,76.762741,Dakshin Marg,Minor,2025-03-16,20:00,2025-03-16 20:00:00,Clear,Truck,medium
380,30.799678,76.8969,Madhya Marg,Minor,2024-11-14,15:00,2024-11-14 15:00:00,Rain,Car,low
381,30.650765,76.721842,Dakshin Marg,Minor,2022-04-27,22:00,2022-04-27 22:00:00,Rain,Auto,medium
382,30.687647,76.817904,Dakshin Marg,Fatal,2024-11-23,09:00,2024-11-23 09:00:00,Fog,Car,medium
383,30.744261,76.880069,Madhya Marg,Minor,2024-11-10,11:00,2024-11-10 11:00:00,Rain,Car,low
384,30.76894,76.839829,Madhya Marg,Fatal,2024-06-26,14:00,2024-06-26 14:00:00,Clear,Car,low
385,30.745227,76.843522,Madhya Marg,Minor,2023-09-26,15:00,2023-09-26 15:00:00,Clear,Car,low
386,30.781083,76.708856,Madhya Marg,Severe,2022-09-26,15:00,2022-09-26 15:00:00,Clear,Car,low
387,30.702782,76.832706,Madhya Marg,Severe,2023-05-04,20:00,2023-05-04 20:00:00,Clear,Bus,low
388,30.657776,76.723483,Dakshin Marg,Severe,2022-07-05,15:00,2022-07-05 15:00:00,Fog,Truck,medium
389,30.796728,76.853608,Madhya Marg,Minor,2022-12-03,20:00,2022-12-03 20:00:00,Fog,Car,low
390,30.701977,76.879277,Madhya Marg,Severe,2023-08-29,20:00,2023-08-29 20:00:00,Fog,Bike,low
391,30.704644,76.846592,Madhya Marg,Minor,2024-12-08,21:00,2024-12-08 21:00:00,Fog,Car,low
392,30.79158,76.795678,Madhya Marg,Minor,2023-10-03,09:00,2023-10-03 09:00:00,Rain,Auto,low
393,30.746963,76.898846,Madhya Marg,Severe,2024-06-23,02:00,2024-06-23 02:00:00,Clear,Auto,low
394,30.721282,76.751938,Dakshin Marg,Minor,2024-09-15,06:00,2024-09-15 06:00:00,Clear,Bike,medium
395,30.612226,76.796421,Dakshin Marg,Severe,2024-02-19,07:00,2024-02-19 07:00:00,Rain,Bike,medium
396,30.74028,76.864473,Madhya Marg,Minor,2023-04-23,11:00,2023-04-23 11:00:00,Clear,Bus,low
397,30.746848,76.768554,Madhya Marg,Minor,2024-12-18,14:00,2024-12-18 14:00:00,Clear,Auto,low
398,30.66927,76.731239,Dakshin Marg,Severe,2022-02-12,06:00,2022-02-12 06:00:00,Fog,Bike,medium
399,30.697418,76.734726,Dakshin Marg,Minor,2022-07-17,02:00,2022-07-17 02:00:00,Rain,Auto,medium
400,30.609142,76.85164,Dakshin Marg,Minor,2023-04-04,20:00,2023-04-04 20:00:00,Clear,Auto,medium
401,30.688902,76.8387,Dakshin Marg,Minor,2022-11-06,00:00,2022-11-06 00:00:00,Rain,Bus,medium
402,30.711324,76.812276,Madhya Marg,Fatal,2023-07-14,19:00,2023-07-14 19:00:00,Clear,Truck,low
403,30.780815,76.885909,Madhya Marg,Minor,2025-04-10,22:00,2025-04-10 22:00:00,Rain,Truck,low
404,30.686645,76.786729,Dakshin Marg,Minor,2024-05-13,13:00,2024-05-13 13:00:00,Fog,Auto,medium
405,30.682311,76.75904,Dakshin Marg,Severe,2023-04-11,10:00,2023-04-11 10:00:00,Fog,Auto,medium
406,30.774165,76.789401,Madhya Marg,Minor,2023-07-24,12:00,2023-07-24 12:00:00,Fog,Bus,low
407,30.602681,76.803858,Dakshin Marg,Minor,2022-11-28,04:00,2022-11-28 04:00:00,Clear,Car,medium
408,30.669694,76.720553,Dakshin Marg,Minor,2022-07-22,00:00,2022-07-22 00:00:00,Fog,Truck,medium
409,30.747318,76.846252,Madhya Marg,Minor,2024-07-05,23:00,2024-07-05 23:00:00,Fog,Truck,low
410,30.768904,76.884187,Madhya Marg,Fatal,2024-07-26,22:00,2024-07-26 22:00:00,Rain,Truck,low
411,30.67453,76.805214,Dakshin Marg,Minor,2024-02-11,17:00,2024-02-11 17:00:00,Rain,Car,medium
412,30.788489,76.894015,Madhya Marg,Minor,2023-12-12,01:00,2023-12-12 01:00:00,Rain,Car,low
413,30.687241,76.722584,Dakshin Marg,Fatal,2023-02-06,04:00,2023-02-06 04:00:00,Fog,Bike,medium
414,30.671083,76.700619,Dakshin Marg,Minor,2023-08-09,07:00,2023-08-09 07:00:00,Rain,Auto,medium
415,30.783479,76.87849,Madhya Marg,Minor,2023-08-17,13:00,2023-08-17 13:00:00,Clear,Bus,low
416,30.795321,76.835997,Madhya Marg,Minor,2023-10-15,03:00,2023-10-15 03:00:00,Fog,Bus,low
417,30.789201,76.793711,Madhya Marg,Severe,2023-09-03,21:00,2023-09-03 21:00:00,Rain,Auto,low
418,30.618182,76.790015,Dakshin Marg,Severe,2023-07-23,19:00,2023-07-23 19:00:00,Clear,Truck,medium
419,30.684717,76.750294,Dakshin Marg,Minor,2023-06-26,20:00,2023-06-26 20:00:00,Clear,Bus,medium
420,30.668603,76.827212,Dakshin Marg,Severe,2022-04-12,12:00,2022-04-12 12:00:00,Fog,Car,medium
421,30.729626,76.867192,Madhya Marg,Minor,2025-04-12,11:00,2025-04-12 11:00:00,Rain,Car,low
422,30.67358,76.799111,Dakshin Marg,Severe,2024-09-10,17:00,2024-09-10 17:00:00,Fog,Bus,medium
423,30.795035,76.875276,Madhya Marg,Severe,2023-02-24,13:00,2023-02-24 13:00:00,Rain,Bike,low
424,30.634685,76.89273,Dakshin Marg,Fatal,2022-04-16,08:00,2022-04-16 08:00:00,Fog,Bus,medium
425,30.737582,76.703199,Dakshin Marg,Minor,2023-07-08,21:00,2023-07-08 21:00:00,Clear,Truck,medium
426,30.67887,76.787071,Dakshin Marg,Severe,2025-02-24,07:00,2025-02-24 07:00:00,Rain,Truck,medium
427,30.753366,76.798635,Madhya Marg,Severe,2025-04-08,04:00,2025-04-08 04:00:00,Fog,Bike,low
428,30.60054,76.746868,Dakshin Marg,Minor,2023-07-02,12:00,2023-07-02 12:00:00,Rain,Car,medium
429,30.734523,76.893604,Madhya Marg,Severe,2024-05-13,03:00,2024-05-13 03:00:00,Fog,Bike,low
430,30.642751,76.749474,Dakshin Marg,Minor,2022-09-16,08:00,2022-09-16 08:00:00,Fog,Truck,medium
431,30.661723,76.881112,Dakshin Marg,Fatal,2024-06-09,03:00,2024-06-09 03:00:00,Rain,Car,medium
432,30.694983,76.877251,Madhya Marg,Minor,2022-06-08,00:00,2022-06-08 00:00:00,Rain,Bus,low
433,30.750087,76.757054,Madhya Marg,Severe,2024-03-04,08:00,2024-03-04 08:00:00,Fog,Bike,low
434,30.667547,76.783024,Dakshin Marg,Minor,2025-02-27,20:00,2025-02-27 20:00:00,Clear,Bus,medium
435,30.668772,76.701195,Dakshin Marg,Minor,2022-04-03,01:00,2022-04-03 01:00:00,Clear,Truck,medium
436,30.722815,76.783386,Madhya Marg,Minor,2022-07-06,12:00,2022-07-06 12:00:00,Rain,Truck,low
437,30.616993,76.871101,Dakshin Marg,Minor,2025-03-11,18:00,2025-03-11 18:00:00,Clear,Car,medium
438,30.743365,76.792671,Madhya Marg,Fatal,2023-01-17,19:00,2023-01-17 19:00:00,Rain,Car,low
439,30.695291,76.853976,Madhya Marg,Minor,2024-10-22,19:00,2024-10-22 19:00:00,Clear,Truck,low
440,30.789906,76.87097,Madhya Marg,Severe,2022-03-10,18:00,2022-03-10 18:00:00,Fog,Car,low
441,30.788365,76.715004,Madhya Marg,Severe,2023-04-02,10:00,2023-04-02 10:00:00,Rain,Bus,low
442,30.689561,76.748951,Dakshin Marg,Minor,2024-02-20,09:00,2024-02-20 09:00:00,Clear,Bus,medium
443,30.765805,76.791672,Madhya Marg,Minor,2022-07-19,15:00,2022-07-19 15:00:00,Rain,Bus,low
444,30.683161,76.788702,Dakshin Marg,Severe,2023-04-05,22:00,2023-04-05 22:00:00,Clear,Auto,medium
445,30.694219,76.744137,Dakshin Marg,Severe,2022-08-25,00:00,2022-08-25 00:00:00,Rain,Car,medium
446,30.690928,76.719277,Dakshin Marg,Minor,2025-01-14,10:00,2025-01-14 10:00:00,Fog,Car,medium
447,30.643734,76.789525,Dakshin Marg,Minor,2024-11-16,10:00,2024-11-16 10:00:00,Fog,Bus,medium
448,30.742598,76.718384,Dakshin Marg,Severe,2022-06-15,07:00,2022-06-15 07:00:00,Fog,Auto,medium
449,30.792171,76.872418,Madhya Marg,Minor,2022-02-25,15:00,2022-02-25 15:00:00,Rain,Car,low
450,30.655509,76.738608,Dakshin Marg,Minor,2023-06-11,16:00,2023-06-11 16:00:00,Fog,Auto,medium
451,30.786376,76.841236,Madhya Marg,Minor,2022-03-28,10:00,2022-03-28 10:00:00,Fog,Car,low
452,30.737039,76.871261,Madhya Marg,Severe,2025-01-29,18:00,2025-01-29 18:00:00,Rain,Bus,low
453,30.605039,76.819895,Dakshin Marg,Severe,2023-07-17,05:00,2023-07-17 05:00:00,Rain,Truck,medium
454,30.793791,76.704068,Madhya Marg,Severe,2024-12-08,04:00,2024-12-08 04:00:00,Fog,Bike,low
455,30.750197,76.789676,Madhya Marg,Fatal,2024-06-25,20:00,2024-06-25 20:00:00,Fog,Car,low
456,30.673126,76.715384,Dakshin Marg,Minor,2022-08-29,19:00,2022-08-29 19:00:00,Fog,Bus,medium
457,30.684924,76.834423,Dakshin Marg,Minor,2025-01-08,19:00,2025-01-08 19:00:00,Fog,Bus,medium
458,30.725317,76.719319,Dakshin Marg,Severe,2025-04-01,05:00,2025-04-01 05:00:00,Clear,Bike,medium
459,30.715923,76.742786,Dakshin Marg,Severe,2025-03-19,01:00,2025-03-19 01:00:00,Rain,Bike,medium
460,30.66739,76.729809,Dakshin Marg,Severe,2025-03-26,01:00,2025-03-26 01:00:00,Clear,Bus,medium
461,30.708875,76.761734,Dakshin Marg,Minor,2022-06-14,17:00,2022-06-14 17:00:00,Fog,Truck,medium
462,30.681219,76.850525,Dakshin Marg,Fatal,2024-01-21,21:00,2024-01-21 21:00:00,Clear,Bike,medium
463,30.659115,76.749881,Dakshin Marg,Severe,2023-11-24,14:00,2023-11-24 14:00:00,Fog,Car,medium
464,30.765519,76.82844,Madhya Marg,Severe,2023-08-24,11:00,2023-08-24 11:00:00,Clear,Auto,low
465,30.645046,76.822715,Dakshin Marg,Severe,2022-07-12,15:00,2022-07-12 15:00:00,Rain,Truck,medium
466,30.656403,76.796138,Dakshin Marg,Severe,2023-10-26,20:00,2023-10-26 20:00:00,Fog,Bike,medium
467,30.728248,76.872723,Madhya Marg,Minor,2023-12-04,03:00,2023-12-04 03:00:00,Clear,Car,low
468,30.764655,76.767304,Madhya Marg,Severe,2022-05-31,13:00,2022-05-31 13:00:00,Fog,Car,low
469,30.669113,76.791201,Dakshin Marg,Minor,2024-04-06,11:00,2024-04-06 11:00:00,Fog,Car,medium
470,30.721502,76.88036,Madhya Marg,Fatal,2024-01-14,17:00,2024-01-14 17:00:00,Rain,Car,low
471,30.76542,76.744371,Madhya Marg,Severe,2022-05-24,07:00,2022-05-24 07:00:00,Rain,Bike,low
472,30.658467,76.840817,Dakshin Marg,Minor,2024-08-11,23:00,2024-08-11 23:00:00,Rain,Bike,medium
473,30.661117,76.761314,Dakshin Marg,Minor,2022-04-09,01:00,2022-04-09 01:00:00,Rain,Car,medium
474,30.666043,76.829472,Dakshin Marg,Minor,2022-12-22,20:00,2022-12-22 20:00:00,Fog,Auto,medium
475,30.698564,76.82447,Dakshin Marg,Minor,2022-02-14,03:00,2022-02-14 03:00:00,Clear,Bike,medium
476,30.73528,76.70404,Dakshin Marg,Fatal,2025-04-11,21:00,2025-04-11 21:00:00,Rain,Truck,medium
477,30.760182,76.705879,Madhya Marg,Minor,2023-04-22,16:00,2023-04-22 16:00:00,Fog,Truck,low
478,30.608966,76.75027,Dakshin Marg,Fatal,2025-03-25,15:00,2025-03-25 15:00:00,Clear,Bus,medium
479,30.712118,76.775261,Dakshin Marg,Minor,2025-03-15,01:00,2025-03-15 01:00:00,Clear,Bike,medium
480,30.755439,76.854921,Madhya Marg,Minor,2024-06-05,17:00,2024-06-05 17:00:00,Clear,Bike,low
481,30.728729,76.892281,Madhya Marg,Minor,2023-09-29,02:00,2023-09-29 02:00:00,Clear,Truck,low
482,30.746749,76.803839,Madhya Marg,Minor,2023-08-24,05:00,2023-08-24 05:00:00,Clear,Bus,low
483,30.732398,76.71569,Dakshin Marg,Severe,2022-04-28,02:00,2022-04-28 02:00:00,Fog,Bike,medium
484,30.736844,76.897778,Madhya Marg,Minor,2025-01-01,19:00,2025-01-01 19:00:00,Clear,Bus,low
485,30.603353,76.788118,Dakshin Marg,Severe,2023-02-04,20:00,2023-02-04 20:00:00,Clear,Bike,medium
486,30.601345,76.864241,Dakshin Marg,Severe,2022-01-20,21:00,2022-01-20 21:00:00,Fog,Bus,medium
487,30.67526,76.779919,Dakshin Marg,Fatal,2025-02-13,00:00,2025-02-13 00:00:00,Clear,Truck,medium
488,30.636382,76.718131,Dakshin Marg,Minor,2022-03-26,03:00,2022-03-26 03:00:00,Clear,Bike,medium
489,30.680634,76.883641,Madhya Marg,Minor,2022-12-28,10:00,2022-12-28 10:00:00,Rain,Bike,low
490,30.643958,76.79657,Dakshin Marg,Minor,2024-04-13,13:00,2024-04-13 13:00:00,Fog,Truck,medium
491,30.6554,76.75159,Dakshin Marg,Severe,2025-03-03,19:00,2025-03-03 19:00:00,Clear,Auto,medium
492,30.669056,76.822572,Dakshin Marg,Minor,2024-05-10,10:00,2024-05-10 10:00:00,Rain,Bus,medium
493,30.728822,76.714536,Dakshin Marg,Severe,2022-08-26,16:00,2022-08-26 16:00:00,Clear,Auto,medium
494,30.689448,76.725029,Dakshin Marg,Minor,2023-06-01,01:00,2023-06-01 01:00:00,Rain,Truck,medium
495,30.796235,76.795591,Madhya Marg,Severe,2024-05-13,11:00,2024-05-13 11:00:00,Rain,Car,low
496,30.680713,76.740271,Dakshin Marg,Severe,2025-03-08,17:00,2025-03-08 17:00:00,Fog,Auto,medium
497,30.709718,76.837383,Madhya Marg,Severe,2022-08-07,09:00,2022-08-07 09:00:00,Clear,Bus,low
498,30.715508,76.798942,Madhya Marg,Severe,2023-04-01,15:00,2023-04-01 15:00:00,Rain,Car,low
499,30.712441,76.720383,Dakshin Marg,Minor,2022-03-19,02:00,2022-03-19 02:00:00,Clear,Bus,medium
500,30.687642,76.842753,Dakshin Marg,Minor,2022-07-05,17:00,2022-07-05 17:00:00,Rain,Bike,medium
501,30.768222,76.838634,Madhya Marg,Minor,2023-10-19,12:00,2023-10-19 12:00:00,Clear,Auto,low
502,30.708382,76.852327,Madhya Marg,Fatal,2022-04-02,04:00,2022-04-02 04:00:00,Fog,Car,low
503,30.65643,76.829847,Dakshin Marg,Severe,2023-09-28,13:00,2023-09-28 13:00:00,Fog,Auto,medium
504,30.740261,76.704156,Dakshin Marg,Minor,2023-07-25,23:00,2023-07-25 23:00:00,Rain,Bus,medium
505,30.777275,76.820451,Madhya Marg,Severe,2022-08-08,17:00,2022-08-08 17:00:00,Rain,Bike,low
506,30.736042,76.825381,Madhya Marg,Minor,2022-06-21,02:00,2022-06-21 02:00:00,Fog,Truck,low
507,30.71379,76.863358,Madhya Marg,Fatal,2023-06-25,15:00,2023-06-25 15:00:00,Fog,Bike,low
508,30.608507,76.744518,Dakshin Marg,Minor,2022-12-17,17:00,2022-12-17 17:00:00,Rain,Bus,medium
509,30.709637,76.887802,Madhya Marg,Minor,2025-01-03,16:00,2025-01-03 16:00:00,Fog,Bike,low
510,30.672635,76.860689,Dakshin Marg,Fatal,2022-10-31,05:00,2022-10-31 05:00:00,Rain,Auto,medium
511,30.798248,76.71898,Madhya Marg,Fatal,2022-04-23,09:00,2022-04-23 09:00:00,Clear,Auto,low
512,30.750561,76.71026,Dakshin Marg,Fatal,2022-08-09,16:00,2022-08-09 16:00:00,Fog,Car,medium
513,30.70074,76.789002,Dakshin Marg,Severe,2022-12-28,01:00,2022-12-28 01:00:00,Rain,Car,medium
514,30.76449,76.853247,Madhya Marg,Minor,2024-06-18,20:00,2024-06-18 20:00:00,Fog,Truck,low
515,30.607006,76.820452,Dakshin Marg,Minor,2025-01-21,13:00,2025-01-21 13:00:00,Rain,Truck,medium
516,30.669753,76.83842,Dakshin Marg,Minor,2025-02-13,06:00,2025-02-13 06:00:00,Clear,Auto,medium
517,30.709712,76.751617,Dakshin Marg,Minor,2022-01-20,19:00,2022-01-20 19:00:00,Clear,Bike,medium
518,30.732852,76.836843,Madhya Marg,Fatal,2024-10-10,17:00,2024-10-10 17:00:00,Rain,Car,low
519,30.600903,76.716595,Dakshin Marg,Minor,2022-04-08,01:00,2022-04-08 01:00:00,Rain,Auto,medium
520,30.736253,76.890317,Madhya Marg,Minor,2023-11-10,15:00,2023-11-10 15:00:00,Clear,Truck,low
521,30.793012,76.708502,Madhya Marg,Fatal,2023-02-05,17:00,2023-02-05 17:00:00,Clear,Bus,low
522,30.779703,76.765102,Madhya Marg,Severe,2023-09-26,06:00,2023-09-26 06:00:00,Rain,Bike,low
523,30.736374,76.760933,Madhya Marg,Minor,2024-01-10,02:00,2024-01-10 02:00:00,Rain,Auto,low
524,30.646247,76.71631,Dakshin Marg,Minor,2024-10-03,03:00,2024-10-03 03:00:00,Rain,Bus,medium
525,30.711216,76.881639,Madhya Marg,Severe,2024-08-25,07:00,2024-08-25 07:00:00,Rain,Bike,low
526,30.617787,76.725703,Dakshin Marg,Severe,2022-11-02,21:00,2022-11-02 21:00:00,Rain,Auto,medium
527,30.746684,76.854838,Madhya Marg,Severe,2024-11-28,17:00,2024-11-28 17:00:00,Clear,Bike,low
528,30.669563,76.741704,Dakshin Marg,Fatal,2024-11-20,12:00,2024-11-20 12:00:00,Rain,Auto,medium
529,30.746031,76.810558,Madhya Marg,Severe,2024-02-01,21:00,2024-02-01 21:00:00,Rain,Bike,low
530,30.629733,76.788228,Dakshin Marg,Minor,2024-09-29,08:00,2024-09-29 08:00:00,Rain,Car,medium
531,30.607282,76.797232,Dakshin Marg,Minor,2023-08-28,16:00,2023-08-28 16:00:00,Clear,Bus,medium
532,30.679028,76.801687,Dakshin Marg,Minor,2022-05-15,21:00,2022-05-15 21:00:00,Rain,Car,medium
533,30.781928,76.738775,Madhya Marg,Minor,2024-11-01,05:00,2024-11-01 05:00:00,Fog,Truck,low
534,30.779947,76.707347,Madhya Marg,Severe,2022-03-28,20:00,2022-03-28 20:00:00,Rain,Bus,low
535,30.721758,76.796047,Madhya Marg,Minor,2023-01-20,03:00,2023-01-20 03:00:00,Rain,Bike,low
536,30.647413,76.742277,Dakshin Marg,Severe,2022-03-24,14:00,2022-03-24 14:00:00,Rain,Truck,medium
537,30.627645,76.886987,Dakshin Marg,Severe,2023-07-04,11:00,2023-07-04 11:00:00,Rain,Car,medium
538,30.765363,76.815054,Madhya Marg,Fatal,2022-02-04,13:00,2022-02-04 13:00:00,Fog,Bike,low
539,30.721343,76.854202,Madhya Marg,Minor,2022-01-02,00:00,2022-01-02 00:00:00,Clear,Bus,low
540,30.681588,76.812551,Dakshin Marg,Minor,2025-03-15,16:00,2025-03-15 16:00:00,Rain,Car,medium
541,30.651363,76.731213,Dakshin Marg,Minor,2022-02-13,18:00,2022-02-13 18:00:00,Clear,Bus,medium
542,30.700553,76.778951,Dakshin Marg,Severe,2023-11-24,00:00,2023-11-24 00:00:00,Fog,Auto,medium
543,30.635093,76.775109,Dakshin Marg,Minor,2022-11-10,06:00,2022-11-10 06:00:00,Fog,Bus,medium
544,30.730463,76.857126,Madhya Marg,Minor,2022-02-04,17:00,2022-02-04 17:00:00,Rain,Auto,low
545,30.705169,76.857614,Madhya Marg,Minor,2022-12-31,01:00,2022-12-31 01:00:00,Rain,Car,low
546,30.691003,76.798474,Dakshin Marg,Minor,2024-06-03,08:00,2024-06-03 08:00:00,Clear,Truck,medium
547,30.68519,76.70456,Dakshin Marg,Minor,2022-06-06,04:00,2022-06-06 04:00:00,Clear,Auto,medium
548,30.781905,76.719766,Madhya Marg,Minor,2022-12-08,21:00,2022-12-08 21:00:00,Fog,Bike,low
549,30.72257,76.89284,Madhya Marg,Minor,2024-01-26,08:00,2024-01-26 08:00:00,Rain,Truck,low
550,30.635118,76.890109,Dakshin Marg,Minor,2024-05-20,07:00,2024-05-20 07:00:00,Clear,Car,medium
551,30.685459,76.878031,Madhya Marg,Severe,2023-09-08,19:00,2023-09-08 19:00:00,Rain,Car,low
552,30.671701,76.731639,Dakshin Marg,Severe,2022-04-11,16:00,2022-04-11 16:00:00,Clear,Truck,medium
553,30.761678,76.899965,Madhya Marg,Minor,2024-01-02,03:00,2024-01-02 03:00:00,Fog,Car,low
554,30.660853,76.88238,Dakshin Marg,Minor,2022-10-24,03:00,2022-10-24 03:00:00,Fog,Bike,medium
555,30.690062,76.821425,Dakshin Marg,Minor,2022-06-28,15:00,2022-06-28 15:00:00,Clear,Car,medium
556,30.784855,76.806107,Madhya Marg,Severe,2023-06-09,09:00,2023-06-09 09:00:00,Rain,Truck,low
557,30.664706,76.720481,Dakshin Marg,Minor,2023-10-09,06:00,2023-10-09 06:00:00,Rain,Bike,medium
558,30.736098,76.706123,Dakshin Marg,Minor,2022-10-08,00:00,2022-10-08 00:00:00,Clear,Bike,medium
559,30.661644,76.815481,Dakshin Marg,Severe,2023-07-10,04:00,2023-07-10 04:00:00,Fog,Bus,medium
560,30.677252,76.726245,Dakshin Marg,Minor,2023-01-19,13:00,2023-01-19 13:00:00,Fog,Auto,medium
561,30.62716,76.751013,Dakshin Marg,Severe,2022-08-29,19:00,2022-08-29 19:00:00,Fog,Truck,medium
562,30.601458,76.776094,Dakshin Marg,Minor,2022-11-07,17:00,2022-11-07 17:00:00,Clear,Car,medium
563,30.625743,76.749406,Dakshin Marg,Fatal,2022-09-08,11:00,2022-09-08 11:00:00,Clear,Bus,medium
564,30.680519,76.72364,Dakshin Marg,Severe,2025-02-28,11:00,2025-02-28 11:00:00,Clear,Bike,medium
565,30.605258,76.713667,Dakshin Marg,Minor,2022-03-15,13:00,2022-03-15 13:00:00,Clear,Bike,medium
566,30.654947,76.878491,Dakshin Marg,Fatal,2024-11-28,10:00,2024-11-28 10:00:00,Clear,Bus,medium
567,30.766267,76.870147,Madhya Marg,Minor,2022-08-15,12:00,2022-08-15 12:00:00,Rain,Auto,low
568,30.632736,76.834712,Dakshin Marg,Fatal,2024-03-25,07:00,2024-03-25 07:00:00,Clear,Bike,medium
569,30.754496,76.747792,Madhya Marg,Minor,2023-06-26,16:00,2023-06-26 16:00:00,Clear,Bus,low
570,30.730504,76.727472,Dakshin Marg,Severe,2024-08-23,10:00,2024-08-23 10:00:00,Rain,Truck,medium
571,30.620497,76.710149,Dakshin Marg,Minor,2023-12-15,01:00,2023-12-15 01:00:00,Rain,Auto,medium
572,30.612542,76.780454,Dakshin Marg,Severe,2023-05-02,04:00,2023-05-02 04:00:00,Clear,Bus,medium
573,30.662151,76.881511,Dakshin Marg,Fatal,2025-03-01,19:00,2025-03-01 19:00:00,Fog,Bus,medium
574,30.758371,76.885643,Madhya Marg,Severe,2025-02-03,23:00,2025-02-03 23:00:00,Rain,Auto,low
575,30.648281,76.726048,Dakshin Marg,Minor,2023-05-18,16:00,2023-05-18 16:00:00,Rain,Truck,medium
576,30.708157,76.86718,Madhya Marg,Fatal,2025-03-02,08:00,2025-03-02 08:00:00,Fog,Truck,low
577,30.718237,76.871363,Madhya Marg,Minor,2024-03-30,01:00,2024-03-30 01:00:00,Fog,Bus,low
578,30.753633,76.856273,Madhya Marg,Severe,2022-08-30,21:00,2022-08-30 21:00:00,Clear,Car,low
579,30.788966,76.716614,Madhya Marg,Severe,2022-02-10,01:00,2022-02-10 01:00:00,Rain,Bus,low
580,30.640896,76.733187,Dakshin Marg,Severe,2024-05-22,21:00,2024-05-22 21:00:00,Clear,Car,medium
581,30.797715,76.871857,Madhya Marg,Minor,2022-11-03,01:00,2022-11-03 01:00:00,Fog,Auto,low
582,30.637844,76.831227,Dakshin Marg,Minor,2022-09-19,12:00,2022-09-19 12:00:00,Fog,Auto,medium
583,30.630417,76.778378,Dakshin Marg,Fatal,2023-09-01,15:00,2023-09-01 15:00:00,Fog,Bike,medium
584,30.670733,76.859361,Dakshin Marg,Severe,2024-04-21,01:00,2024-04-21 01:00:00,Fog,Bus,medium
585,30.759528,76.876986,Madhya Marg,Severe,2023-10-17,16:00,2023-10-17 16:00:00,Fog,Bus,low
586,30.741194,76.798217,Madhya Marg,Minor,2024-12-11,23:00,2024-12-11 23:00:00,Fog,Truck,low
587,30.70921,76.721435,Dakshin Marg,Severe,2023-05-05,18:00,2023-05-05 18:00:00,Clear,Auto,medium
588,30.728081,76.862104,Madhya Marg,Severe,2022-07-11,15:00,2022-07-11 15:00:00,Rain,Truck,low
589,30.667528,76.833731,Dakshin Marg,Minor,2024-07-27,09:00,2024-07-27 09:00:00,Clear,Auto,medium
590,30.755817,76.733106,Madhya Marg,Severe,2024-04-02,19:00,2024-04-02 19:00:00,Rain,Car,low
591,30.61108,76.776371,Dakshin Marg,Fatal,2022-06-07,01:00,2022-06-07 01:00:00,Rain,Bus,medium
592,30.796783,76.794025,Madhya Marg,Severe,2022-02-02,12:00,2022-02-02 12:00:00,Clear,Auto,low
593,30.733944,76.732035,Dakshin Marg,Minor,2022-08-02,20:00,2022-08-02 20:00:00,Clear,Bike,medium
594,30.771266,76.816485,Madhya Marg,Minor,2023-01-21,19:00,2023-01-21 19:00:00,Rain,Car,low
595,30.6091,76.701893,Dakshin Marg,Minor,2022-12-22,20:00,2022-12-22 20:00:00,Rain,Truck,medium
596,30.648741,76.825356,Dakshin Marg,Severe,2023-10-30,16:00,2023-10-30 16:00:00,Rain,Auto,medium
597,30.623904,76.880325,Dakshin Marg,Severe,2024-11-13,06:00,2024-11-13 06:00:00,Rain,Bus,medium
598,30.673165,76.790785,Dakshin Marg,Severe,2022-07-11,07:00,2022-07-11 07:00:00,Rain,Bus,medium
599,30.677984,76.812175,Dakshin Marg,Minor,2022-03-16,18:00,2022-03-16 18:00:00,Clear,Bus,medium
600,30.73122,76.864903,Madhya Marg,Minor,2023-06-09,06:00,2023-06-09 06:00:00,Rain,Bus,low
601,30.710408,76.83978,Madhya Marg,Minor,2023-06-15,08:00,2023-06-15 08:00:00,Rain,Bike,low
602,30.776403,76.717336,Madhya Marg,Severe,2024-09-03,23:00,2024-09-03 23:00:00,Fog,Truck,low
603,30.710214,76.765371,Dakshin Marg,Minor,2024-10-28,02:00,2024-10-28 02:00:00,Fog,Bike,medium
604,30.632278,76.88845,Dakshin Marg,Minor,2024-10-07,16:00,2024-10-07 16:00:00,Clear,Bike,medium
605,30.619576,76.846615,Dakshin Marg,Severe,2022-07-18,14:00,2022-07-18 14:00:00,Rain,Auto,medium
606,30.755618,76.805277,Madhya Marg,Minor,2023-09-17,07:00,2023-09-17 07:00:00,Rain,Bus,low
607,30.66945,76.799324,Dakshin Marg,Minor,2024-08-15,02:00,2024-08-15 02:00:00,Fog,Truck,medium
608,30.664935,76.749331,Dakshin Marg,Minor,2023-12-10,12:00,2023-12-10 12:00:00,Clear,Auto,medium
609,30.735218,76.721226,Dakshin Marg,Fatal,2022-05-25,03:00,2022-05-25 03:00:00,Clear,Bike,medium
610,30.676141,76.730062,Dakshin Marg,Severe,2024-11-10,09:00,2024-11-10 09:00:00,Clear,Bike,medium
611,30.691947,76.863762,Madhya Marg,Minor,2022-03-05,15:00,2022-03-05 15:00:00,Rain,Car,low
612,30.672278,76.882084,Madhya Marg,Minor,2023-10-01,05:00,2023-10-01 05:00:00,Rain,Auto,low
613,30.636903,76.776254,Dakshin Marg,Minor,2025-04-01,19:00,2025-04-01 19:00:00,Rain,Truck,medium
614,30.643123,76.761636,Dakshin Marg,Minor,2025-03-23,22:00,2025-03-23 22:00:00,Clear,Bike,medium
615,30.63919,76.818862,Dakshin Marg,Minor,2022-05-15,12:00,2022-05-15 12:00:00,Fog,Bike,medium
616,30.716881,76.798128,Madhya Marg,Minor,2023-02-14,08:00,2023-02-14 08:00:00,Rain,Bus,low
617,30.650775,76.82494,Dakshin Marg,Minor,2024-10-14,04:00,2024-10-14 04:00:00,Rain,Auto,medium
618,30.705456,76.780261,Dakshin Marg,Minor,2023-05-30,21:00,2023-05-30 21:00:00,Rain,Car,medium
619,30.614179,76.836832,Dakshin Marg,Severe,2023-07-25,17:00,2023-07-25 17:00:00,Clear,Bus,medium
620,30.625878,76.817607,Dakshin Marg,Minor,2022-09-07,04:00,2022-09-07 04:00:00,Clear,Truck,medium
621,30.662052,76.899741,Dakshin Marg,Minor,2024-12-22,02:00,2024-12-22 02:00:00,Fog,Truck,medium
622,30.682822,76.804145,Dakshin Marg,Severe,2023-03-17,11:00,2023-03-17 11:00:00,Rain,Car,medium
623,30.793166,76.795398,Madhya Marg,Minor,2023-10-19,13:00,2023-10-19 13:00:00,Clear,Bike,low
624,30.622321,76.832367,Dakshin Marg,Severe,2022-04-28,13:00,2022-04-28 13:00:00,Clear,Car,medium
625,30.796789,76.853859,Madhya Marg,Minor,2024-04-26,09:00,2024-04-26 09:00:00,Clear,Truck,low
626,30.659783,76.881902,Dakshin Marg,Fatal,2022-03-15,15:00,2022-03-15 15:00:00,Clear,Truck,medium
627,30.74313,76.806477,Madhya Marg,Minor,2022-01-10,00:00,2022-01-10 00:00:00,Rain,Bus,low
628,30.651945,76.856936,Dakshin Marg,Severe,2022-09-19,08:00,2022-09-19 08:00:00,Rain,Bus,medium
629,30.7501,76.760086,Madhya Marg,Minor,2022-10-18,10:00,2022-10-18 10:00:00,Clear,Car,low
630,30.736434,76.70689,Dakshin Marg,Minor,2025-01-01,08:00,2025-01-01 08:00:00,Clear,Car,medium
631,30.636928,76.871698,Dakshin Marg,Minor,2022-12-07,18:00,2022-12-07 18:00:00,Rain,Car,medium
632,30.614147,76.883578,Dakshin Marg,Minor,2023-12-02,02:00,2023-12-02 02:00:00,Clear,Auto,medium
633,30.761131,76.809108,Madhya Marg,Fatal,2025-03-11,19:00,2025-03-11 19:00:00,Rain,Bus,low
634,30.617865,76.734781,Dakshin Marg,Fatal,2024-07-29,07:00,2024-07-29 07:00:00,Rain,Bus,medium
635,30.618616,76.737028,Dakshin Marg,Severe,2023-08-28,12:00,2023-08-28 12:00:00,Fog,Truck,medium
636,30.646768,76.732245,Dakshin Marg,Minor,2023-09-22,06:00,2023-09-22 06:00:00,Clear,Bus,medium
637,30.755,76.782006,Madhya Marg,Fatal,2023-10-06,00:00,2023-10-06 00:00:00,Clear,Bike,low
638,30.658531,76.864324,Dakshin Marg,Minor,2022-02-15,16:00,2022-02-15 16:00:00,Fog,Truck,medium
639,30.73538,76.70999,Dakshin Marg,Fatal,2025-03-31,21:00,2025-03-31 21:00:00,Rain,Car,medium
640,30.71843,76.855044,Madhya Marg,Minor,2022-03-09,09:00,2022-03-09 09:00:00,Fog,Bike,low
641,30.659323,76.820323,Dakshin Marg,Fatal,2024-03-12,09:00,2024-03-12 09:00:00,Fog,Bus,medium
642,30.61959,76.868218,Dakshin Marg,Minor,2022-11-23,11:00,2022-11-23 11:00:00,Rain,Car,medium
643,30.776248,76.733231,Madhya Marg,Severe,2022-04-20,09:00,2022-04-20 09:00:00,Fog,Auto,low
644,30.679637,76.875985,Madhya Marg,Fatal,2023-02-16,15:00,2023-02-16 15:00:00,Fog,Bike,low
645,30.73695,76.823789,Madhya Marg,Severe,2024-11-28,16:00,2024-11-28 16:00:00,Rain,Truck,low
646,30.606855,76.881486,Dakshin Marg,Minor,2023-08-12,05:00,2023-08-12 05:00:00,Rain,Bus,medium
647,30.68758,76.752379,Dakshin Marg,Fatal,2024-09-26,10:00,2024-09-26 10:00:00,Clear,Bike,medium
648,30.778862,76.775454,Madhya Marg,Minor,2024-06-01,13:00,2024-06-01 13:00:00,Fog,Car,low
649,30.728189,76.705092,Dakshin Marg,Minor,2024-01-03,07:00,2024-01-03 07:00:00,Rain,Truck,medium
650,30.647967,76.747894,Dakshin Marg,Fatal,2023-04-03,01:00,2023-04-03 01:00:00,Fog,Auto,medium
651,30.640103,76.876046,Dakshin Marg,Minor,2024-11-25,12:00,2024-11-25 12:00:00,Fog,Bus,medium
652,30.624821,76.753149,Dakshin Marg,Fatal,2024-04-08,15:00,2024-04-08 15:00:00,Clear,Bus,medium
653,30.764915,76.724087,Madhya Marg,Minor,2022-08-01,06:00,2022-08-01 06:00:00,Fog,Bike,low
654,30.60775,76.772619,Dakshin Marg,Minor,2023-08-26,06:00,2023-08-26 06:00:00,Rain,Bike,medium
655,30.760682,76.845586,Madhya Marg,Minor,2022-07-13,20:00,2022-07-13 20:00:00,Rain,Bike,low
656,30.606896,76.793004,Dakshin Marg,Minor,2023-08-28,00:00,2023-08-28 00:00:00,Fog,Truck,medium
657,30.789976,76.73196,Madhya Marg,Severe,2024-05-15,12:00,2024-05-15 12:00:00,Clear,Car,low
658,30.682634,76.7672,Dakshin Marg,Minor,2025-03-16,23:00,2025-03-16 23:00:00,Clear,Bus,medium
659,30.750466,76.795256,Madhya Marg,Minor,2023-09-09,11:00,2023-09-09 11:00:00,Rain,Bike,low
660,30.70259,76.890412,Madhya Marg,Minor,2023-07-23,18:00,2023-07-23 18:00:00,Clear,Auto,low
661,30.657846,76.803365,Dakshin Marg,Minor,2022-01-11,22:00,2022-01-11 22:00:00,Clear,Bike,medium
662,30.600725,76.865758,Dakshin Marg,Severe,2022-05-07,17:00,2022-05-07 17:00:00,Fog,Truck,medium
663,30.719883,76.85309,Madhya Marg,Fatal,2022-08-07,04:00,2022-08-07 04:00:00,Rain,Bike,low
664,30.752085,76.852619,Madhya Marg,Minor,2025-02-19,17:00,2025-02-19 17:00:00,Rain,Truck,low
665,30.681802,76.817629,Dakshin Marg,Severe,2022-08-19,20:00,2022-08-19 20:00:00,Fog,Auto,medium
666,30.741899,76.708377,Dakshin Marg,Minor,2023-09-01,11:00,2023-09-01 11:00:00,Fog,Bus,medium
667,30.79165,76.723837,Madhya Marg,Minor,2023-12-07,15:00,2023-12-07 15:00:00,Fog,Bus,low
668,30.735648,76.815798,Madhya Marg,Minor,2022-05-09,06:00,2022-05-09 06:00:00,Rain,Car,low
669,30.710337,76.828415,Madhya Marg,Minor,2022-12-25,14:00,2022-12-25 14:00:00,Fog,Bus,low
670,30.782504,76.883533,Madhya Marg,Minor,2022-10-09,23:00,2022-10-09 23:00:00,Clear,Bike,low
671,30.61211,76.89413,Dakshin Marg,Minor,2022-06-04,06:00,2022-06-04 06:00:00,Fog,Auto,medium
672,30.627233,76.7075,Dakshin Marg,Minor,2024-10-30,01:00,2024-10-30 01:00:00,Fog,Auto,medium
673,30.767946,76.859833,Madhya Marg,Severe,2023-05-22,02:00,2023-05-22 02:00:00,Clear,Auto,low
674,30.706827,76.877347,Madhya Marg,Severe,2025-01-13,04:00,2025-01-13 04:00:00,Clear,Truck,low
675,30.732427,76.769346,Madhya Marg,Fatal,2022-01-02,00:00,2022-01-02 00:00:00,Clear,Bike,low
676,30.68478,76.877663,Madhya Marg,Fatal,2024-06-28,07:00,2024-06-28 07:00:00,Rain,Truck,low
677,30.696644,76.8319,Madhya Marg,Severe,2022-06-07,10:00,2022-06-07 10:00:00,Rain,Car,low
678,30.788928,76.756461,Madhya Marg,Minor,2023-07-14,23:00,2023-07-14 23:00:00,Clear,Auto,low
679,30.74412,76.816785,Madhya Marg,Severe,2023-03-21,15:00,2023-03-21 15:00:00,Fog,Auto,low
680,30.683173,76.729081,Dakshin Marg,Minor,2022-11-22,07:00,2022-11-22 07:00:00,Rain,Auto,medium
681,30.663843,76.785348,Dakshin Marg,Minor,2023-02-10,11:00,2023-02-10 11:00:00,Rain,Auto,medium
682,30.71723,76.744725,Dakshin Marg,Minor,2024-08-28,16:00,2024-08-28 16:00:00,Clear,Truck,medium
683,30.681101,76.763894,Dakshin Marg,Minor,2023-04-23,20:00,2023-04-23 20:00:00,Clear,Bike,medium
684,30.71006,76.775592,Dakshin Marg,Severe,2022-07-22,08:00,2022-07-22 08:00:00,Clear,Bike,medium
685,30.662227,76.833007,Dakshin Marg,Severe,2024-08-07,14:00,2024-08-07 14:00:00,Fog,Car,medium
686,30.718701,76.795983,Madhya Marg,Minor,2022-09-11,06:00,2022-09-11 06:00:00,Clear,Truck,low
687,30.660112,76.884854,Dakshin Marg,Minor,2024-11-12,19:00,2024-11-12 19:00:00,Fog,Car,medium
688,30.775416,76.863202,Madhya Marg,Severe,2022-08-29,05:00,2022-08-29 05:00:00,Clear,Bus,low
689,30.75933,76.794818,Madhya Marg,Minor,2022-05-26,14:00,2022-05-26 14:00:00,Clear,Bike,low
690,30.742669,76.855245,Madhya Marg,Severe,2024-07-16,01:00,2024-07-16 01:00:00,Rain,Bus,low
691,30.764567,76.739495,Madhya Marg,Fatal,2024-05-29,20:00,2024-05-29 20:00:00,Rain,Truck,low
692,30.627647,76.765101,Dakshin Marg,Fatal,2023-03-17,21:00,2023-03-17 21:00:00,Fog,Auto,medium
693,30.731355,76.731308,Dakshin Marg,Minor,2024-04-10,21:00,2024-04-10 21:00:00,Rain,Bike,medium
694,30.759297,76.769453,Madhya Marg,Fatal,2022-08-28,03:00,2022-08-28 03:00:00,Fog,Car,low
695,30.753063,76.865124,Madhya Marg,Minor,2024-01-26,20:00,2024-01-26 20:00:00,Rain,Auto,low
696,30.698188,76.826923,Madhya Marg,Severe,2022-03-26,10:00,2022-03-26 10:00:00,Fog,Car,low
697,30.771534,76.795632,Madhya Marg,Fatal,2023-03-23,03:00,2023-03-23 03:00:00,Fog,Car,low
698,30.744205,76.865539,Madhya Marg,Severe,2023-12-28,23:00,2023-12-28 23:00:00,Clear,Truck,low
699,30.605887,76.745443,Dakshin Marg,Minor,2023-05-18,15:00,2023-05-18 15:00:00,Fog,Bus,medium
700,30.653711,76.702976,Dakshin Marg,Minor,2023-05-21,10:00,2023-05-21 10:00:00,Clear,Truck,medium
701,30.643854,76.755245,Dakshin Marg,Minor,2024-03-30,03:00,2024-03-30 03:00:00,Rain,Bus,medium
702,30.656304,76.834697,Dakshin Marg,Minor,2024-02-12,00:00,2024-02-12 00:00:00,Fog,Car,medium
703,30.613923,76.816082,Dakshin Marg,Severe,2024-03-13,00:00,2024-03-13 00:00:00,Rain,Bus,medium
704,30.705263,76.736215,Dakshin Marg,Minor,2024-07-21,17:00,2024-07-21 17:00:00,Fog,Auto,medium
705,30.772272,76.886776,Madhya Marg,Minor,2025-01-26,10:00,2025-01-26 10:00:00,Rain,Car,low
706,30.740061,76.825071,Madhya Marg,Severe,2023-03-11,19:00,2023-03-11 19:00:00,Fog,Car,low
707,30.759688,76.862174,Madhya Marg,Minor,2022-12-02,20:00,2022-12-02 20:00:00,Fog,Car,low
708,30.604705,76.809635,Dakshin Marg,Severe,2022-09-11,23:00,2022-09-11 23:00:00,Rain,Bus,medium
709,30.637696,76.845742,Dakshin Marg,Severe,2023-08-11,18:00,2023-08-11 18:00:00,Rain,Bike,medium
710,30.758682,76.717956,Madhya Marg,Fatal,2023-03-20,23:00,2023-03-20 23:00:00,Clear,Auto,low
711,30.745192,76.796909,Madhya Marg,Minor,2023-04-10,02:00,2023-04-10 02:00:00,Fog,Truck,low
712,30.764444,76.855934,Madhya Marg,Severe,2022-01-05,23:00,2022-01-05 23:00:00,Fog,Auto,low
713,30.671457,76.893298,Madhya Marg,Minor,2022-04-23,11:00,2022-04-23 11:00:00,Clear,Bike,low
714,30.674324,76.773747,Dakshin Marg,Severe,2022-05-17,14:00,2022-05-17 14:00:00,Rain,Auto,medium
715,30.612649,76.787449,Dakshin Marg,Minor,2023-11-24,17:00,2023-11-24 17:00:00,Rain,Bus,medium
716,30.767392,76.882048,Madhya Marg,Minor,2023-09-02,15:00,2023-09-02 15:00:00,Fog,Bike,low
717,30.774165,76.77224,Madhya Marg,Minor,2024-05-18,00:00,2024-05-18 00:00:00,Rain,Truck,low
718,30.669069,76.851427,Dakshin Marg,Minor,2024-06-28,20:00,2024-06-28 20:00:00,Fog,Car,medium
719,30.625644,76.734746,Dakshin Marg,Severe,2023-02-06,19:00,2023-02-06 19:00:00,Clear,Bus,medium
720,30.669469,76.708948,Dakshin Marg,Fatal,2022-05-15,15:00,2022-05-15 15:00:00,Fog,Car,medium
721,30.70773,76.839589,Madhya Marg,Severe,2023-06-09,05:00,2023-06-09 05:00:00,Rain,Bus,low
722,30.68999,76.85532,Madhya Marg,Severe,2022-02-17,00:00,2022-02-17 00:00:00,Clear,Auto,low
723,30.712208,76.729922,Dakshin Marg,Severe,2024-07-30,10:00,2024-07-30 10:00:00,Clear,Bus,medium
724,30.638818,76.79089,Dakshin Marg,Minor,2022-06-25,05:00,2022-06-25 05:00:00,Rain,Truck,medium
725,30.681506,76.854674,Dakshin Marg,Minor,2024-01-16,22:00,2024-01-16 22:00:00,Fog,Bus,medium
726,30.75556,76.821573,Madhya Marg,Severe,2023-12-27,18:00,2023-12-27 18:00:00,Fog,Auto,low
727,30.605917,76.892507,Dakshin Marg,Severe,2022-06-07,12:00,2022-06-07 12:00:00,Fog,Bus,medium
728,30.712212,76.878708,Madhya Marg,Severe,2023-09-22,01:00,2023-09-22 01:00:00,Clear,Truck,low
729,30.638796,76.70448,Dakshin Marg,Minor,2023-09-19,14:00,2023-09-19 14:00:00,Fog,Auto,medium
730,30.64723,76.823507,Dakshin Marg,Minor,2024-05-27,02:00,2024-05-27 02:00:00,Rain,Bus,medium
731,30.756658,76.756763,Madhya Marg,Fatal,2025-01-24,04:00,2025-01-24 04:00:00,Rain,Car,low
732,30.722738,76.702465,Dakshin Marg,Minor,2024-02-10,06:00,2024-02-10 06:00:00,Fog,Bus,medium
733,30.612514,76.703121,Dakshin Marg,Minor,2022-11-01,03:00,2022-11-01 03:00:00,Rain,Bike,medium
734,30.715859,76.838663,Madhya Marg,Severe,2023-07-09,19:00,2023-07-09 19:00:00,Rain,Auto,low
735,30.760876,76.726288,Madhya Marg,Minor,2023-01-29,09:00,2023-01-29 09:00:00,Rain,Car,low
736,30.710744,76.818501,Madhya Marg,Minor,2024-07-05,12:00,2024-07-05 12:00:00,Rain,Bike,low
737,30.796956,76.731512,Madhya Marg,Fatal,2022-09-26,17:00,2022-09-26 17:00:00,Rain,Bike,low
738,30.688148,76.814017,Dakshin Marg,Minor,2023-07-14,01:00,2023-07-14 01:00:00,Rain,Bus,medium
739,30.691034,76.793844,Dakshin Marg,Severe,2022-12-02,02:00,2022-12-02 02:00:00,Fog,Auto,medium
740,30.642742,76.794065,Dakshin Marg,Minor,2023-11-06,04:00,2023-11-06 04:00:00,Fog,Car,medium
741,30.794613,76.74445,Madhya Marg,Minor,2023-06-02,02:00,2023-06-02 02:00:00,Clear,Auto,low
742,30.648923,76.835631,Dakshin Marg,Minor,2024-12-28,01:00,2024-12-28 01:00:00,Fog,Car,medium
743,30.734815,76.873125,Madhya Marg,Minor,2023-05-05,11:00,2023-05-05 11:00:00,Rain,Truck,low
744,30.796992,76.846244,Madhya Marg,Minor,2022-01-26,02:00,2022-01-26 02:00:00,Clear,Bike,low
745,30.648636,76.828943,Dakshin Marg,Severe,2024-12-17,16:00,2024-12-17 16:00:00,Clear,Auto,medium
746,30.659066,76.876133,Dakshin Marg,Fatal,2024-02-08,23:00,2024-02-08 23:00:00,Rain,Bike,medium
747,30.629088,76.887185,Dakshin Marg,Minor,2024-06-15,14:00,2024-06-15 14:00:00,Rain,Bus,medium
748,30.746666,76.894644,Madhya Marg,Severe,2023-07-17,03:00,2023-07-17 03:00:00,Fog,Bike,low
749,30.745387,76.866764,Madhya Marg,Severe,2023-09-05,16:00,2023-09-05 16:00:00,Fog,Truck,low
750,30.793285,76.849827,Madhya Marg,Minor,2023-06-24,01:00,2023-06-24 01:00:00,Fog,Bike,low
751,30.670343,76.783537,Dakshin Marg,Minor,2024-05-17,15:00,2024-05-17 15:00:00,Rain,Car,medium
752,30.683451,76.819908,Dakshin Marg,Fatal,2024-05-03,12:00,2024-05-03 12:00:00,Rain,Car,medium
753,30.698698,76.766378,Dakshin Marg,Minor,2023-05-28,08:00,2023-05-28 08:00:00,Rain,Car,medium
754,30.617103,76.824868,Dakshin Marg,Minor,2023-12-17,04:00,2023-12-17 04:00:00,Fog,Bus,medium
755,30.699002,76.758596,Dakshin Marg,Minor,2023-01-10,15:00,2023-01-10 15:00:00,Rain,Bus,medium
756,30.610964,76.862484,Dakshin Marg,Severe,2024-09-08,21:00,2024-09-08 21:00:00,Rain,Car,medium
757,30.614174,76.884399,Dakshin Marg,Minor,2022-12-03,11:00,2022-12-03 11:00:00,Fog,Truck,medium
758,30.749403,76.880181,Madhya Marg,Severe,2023-08-08,17:00,2023-08-08 17:00:00,Fog,Bus,low
759,30.678954,76.880162,Madhya Marg,Minor,2022-10-17,22:00,2022-10-17 22:00:00,Clear,Bus,low
760,30.616703,76.710102,Dakshin Marg,Minor,2023-10-24,06:00,2023-10-24 06:00:00,Rain,Car,medium
761,30.719239,76.793044,Madhya Marg,Severe,2024-03-11,10:00,2024-03-11 10:00:00,Fog,Bus,low
762,30.763043,76.719019,Madhya Marg,Minor,2022-09-22,03:00,2022-09-22 03:00:00,Clear,Car,low
763,30.610089,76.717155,Dakshin Marg,Minor,2024-12-16,18:00,2024-12-16 18:00:00,Rain,Car,medium
764,30.712137,76.864836,Madhya Marg,Severe,2022-06-22,09:00,2022-06-22 09:00:00,Rain,Truck,low
765,30.648433,76.767412,Dakshin Marg,Severe,2023-04-04,19:00,2023-04-04 19:00:00,Clear,Bus,medium
766,30.688144,76.80123,Dakshin Marg,Minor,2023-05-12,08:00,2023-05-12 08:00:00,Fog,Car,medium
767,30.627397,76.756247,Dakshin Marg,Minor,2022-08-07,04:00,2022-08-07 04:00:00,Fog,Bike,medium
768,30.765304,76.711881,Madhya Marg,Severe,2024-01-22,22:00,2024-01-22 22:00:00,Clear,Truck,low
769,30.765247,76.761497,Madhya Marg,Severe,2022-02-20,03:00,2022-02-20 03:00:00,Fog,Bike,low
770,30.68859,76.765466,Dakshin Marg,Minor,2022-06-18,15:00,2022-06-18 15:00:00,Rain,Car,medium
771,30.731679,76.830538,Madhya Marg,Minor,2023-01-15,09:00,2023-01-15 09:00:00,Rain,Bike,low
772,30.673833,76.752668,Dakshin Marg,Fatal,2022-05-21,11:00,2022-05-21 11:00:00,Fog,Bike,medium
773,30.796392,76.764197,Madhya Marg,Minor,2022-08-09,16:00,2022-08-09 16:00:00,Fog,Bike,low
774,30.626662,76.764422,Dakshin Marg,Minor,2022-01-09,15:00,2022-01-09 15:00:00,Fog,Bike,medium
775,30.692699,76.81864,Dakshin Marg,Severe,2023-02-10,19:00,2023-02-10 19:00:00,Clear,Car,medium
776,30.762722,76.741932,Madhya Marg,Minor,2024-02-06,21:00,2024-02-06 21:00:00,Rain,Auto,low
777,30.770608,76.844412,Madhya Marg,Minor,2023-04-16,10:00,2023-04-16 10:00:00,Fog,Bike,low
778,30.667603,76.734084,Dakshin Marg,Minor,2022-07-30,01:00,2022-07-30 01:00:00,Clear,Car,medium
779,30.789776,76.849982,Madhya Marg,Severe,2024-04-11,20:00,2024-04-11 20:00:00,Fog,Auto,low
780,30.706414,76.808189,Dakshin Marg,Minor,2023-01-31,22:00,2023-01-31 22:00:00,Clear,Car,medium
781,30.677993,76.721143,Dakshin Marg,Severe,2024-10-02,12:00,2024-10-02 12:00:00,Clear,Auto,medium
782,30.646008,76.881534,Dakshin Marg,Severe,2022-12-16,08:00,2022-12-16 08:00:00,Clear,Car,medium
783,30.760929,76.891758,Madhya Marg,Minor,2022-09-29,19:00,2022-09-29 19:00:00,Clear,Truck,low
784,30.70659,76.874526,Madhya Marg,Minor,2023-01-14,14:00,2023-01-14 14:00:00,Rain,Auto,low
785,30.639434,76.768657,Dakshin Marg,Severe,2023-10-13,15:00,2023-10-13 15:00:00,Rain,Truck,medium
786,30.798512,76.74988,Madhya Marg,Fatal,2023-04-03,03:00,2023-04-03 03:00:00,Fog,Bus,low
787,30.671887,76.765444,Dakshin Marg,Minor,2023-04-14,16:00,2023-04-14 16:00:00,Rain,Bike,medium
788,30.749285,76.762354,Madhya Marg,Fatal,2022-02-22,03:00,2022-02-22 03:00:00,Clear,Truck,low
789,30.789749,76.772247,Madhya Marg,Minor,2023-01-31,23:00,2023-01-31 23:00:00,Clear,Bike,low
790,30.784828,76.839248,Madhya Marg,Minor,2024-03-18,07:00,2024-03-18 07:00:00,Clear,Bus,low
791,30.653444,76.712123,Dakshin Marg,Minor,2024-10-19,23:00,2024-10-19 23:00:00,Clear,Bus,medium
792,30.79224,76.895573,Madhya Marg,Severe,2023-07-19,19:00,2023-07-19 19:00:00,Rain,Bus,low
793,30.614211,76.768592,Dakshin Marg,Minor,2022-02-19,07:00,2022-02-19 07:00:00,Rain,Truck,medium
794,30.724198,76.769253,Dakshin Marg,Minor,2022-08-21,17:00,2022-08-21 17:00:00,Clear,Bus,medium
795,30.607238,76.730669,Dakshin Marg,Severe,2024-07-09,23:00,2024-07-09 23:00:00,Rain,Bike,medium
796,30.659119,76.71156,Dakshin Marg,Fatal,2024-12-18,17:00,2024-12-18 17:00:00,Fog,Bus,medium
797,30.690769,76.807838,Dakshin Marg,Minor,2023-01-30,15:00,2023-01-30 15:00:00,Fog,Truck,medium
798,30.712034,76.828387,Madhya Marg,Minor,2024-12-08,18:00,2024-12-08 18:00:00,Fog,Bus,low
799,30.695787,76.848779,Madhya Marg,Minor,2022-11-30,00:00,2022-11-30 00:00:00,Rain,Car,low
800,30.766375,76.851034,Madhya Marg,Minor,2022-02-09,18:00,2022-02-09 18:00:00,Fog,Truck,low
801,30.708553,76.827257,Madhya Marg,Severe,2024-01-26,12:00,2024-01-26 12:00:00,Rain,Bus,low
802,30.627766,76.896222,Dakshin Marg,Severe,2023-08-16,14:00,2023-08-16 14:00:00,Rain,Truck,medium
803,30.652417,76.778483,Dakshin Marg,Fatal,2023-06-02,04:00,2023-06-02 04:00:00,Clear,Auto,medium
804,30.7915,76.8321,Madhya Marg,Minor,2024-02-06,13:00,2024-02-06 13:00:00,Clear,Auto,low
805,30.645321,76.704991,Dakshin Marg,Severe,2023-07-27,22:00,2023-07-27 22:00:00,Rain,Bus,medium
806,30.654693,76.776074,Dakshin Marg,Minor,2024-11-01,12:00,2024-11-01 12:00:00,Clear,Bike,medium
807,30.727967,76.851965,Madhya Marg,Minor,2024-03-01,00:00,2024-03-01 00:00:00,Fog,Auto,low
808,30.638137,76.898886,Dakshin Marg,Fatal,2023-12-20,12:00,2023-12-20 12:00:00,Rain,Car,medium
809,30.681379,76.8322,Dakshin Marg,Severe,2022-11-27,01:00,2022-11-27 01:00:00,Fog,Auto,medium
810,30.761959,76.888678,Madhya Marg,Severe,2022-07-19,08:00,2022-07-19 08:00:00,Clear,Truck,low
811,30.733281,76.756653,Madhya Marg,Minor,2022-05-03,13:00,2022-05-03 13:00:00,Rain,Auto,low
812,30.640379,76.889352,Dakshin Marg,Severe,2024-02-12,11:00,2024-02-12 11:00:00,Rain,Bus,medium
813,30.625643,76.836953,Dakshin Marg,Severe,2024-08-22,15:00,2024-08-22 15:00:00,Rain,Car,medium
814,30.644781,76.744292,Dakshin Marg,Minor,2025-01-20,00:00,2025-01-20 00:00:00,Rain,Car,medium
815,30.705758,76.725062,Dakshin Marg,Minor,2024-09-30,09:00,2024-09-30 09:00:00,Rain,Bus,medium
816,30.66037,76.881735,Dakshin Marg,Minor,2025-01-24,20:00,2025-01-24 20:00:00,Rain,Bike,medium
817,30.690467,76.833455,Dakshin Marg,Severe,2022-10-28,10:00,2022-10-28 10:00:00,Rain,Car,medium
818,30.717563,76.898606,Madhya Marg,Minor,2022-07-23,01:00,2022-07-23 01:00:00,Rain,Bike,low
819,30.632977,76.809854,Dakshin Marg,Severe,2022-02-15,04:00,2022-02-15 04:00:00,Rain,Truck,medium
820,30.686357,76.787899,Dakshin Marg,Severe,2025-01-01,18:00,2025-01-01 18:00:00,Clear,Auto,medium
821,30.651845,76.788297,Dakshin Marg,Severe,2022-08-07,03:00,2022-08-07 03:00:00,Clear,Bus,medium
822,30.632469,76.717553,Dakshin Marg,Minor,2024-09-09,06:00,2024-09-09 06:00:00,Rain,Car,medium
823,30.719321,76.790313,Madhya Marg,Severe,2022-12-24,12:00,2022-12-24 12:00:00,Rain,Bus,low
824,30.627251,76.841662,Dakshin Marg,Minor,2024-03-16,08:00,2024-03-16 08:00:00,Fog,Bus,medium
825,30.761161,76.70797,Madhya Marg,Minor,2023-10-29,00:00,2023-10-29 00:00:00,Fog,Bus,low
826,30.768156,76.884539,Madhya Marg,Minor,2022-04-11,03:00,2022-04-11 03:00:00,Rain,Truck,low
827,30.789707,76.750234,Madhya Marg,Minor,2024-03-29,01:00,2024-03-29 01:00:00,Fog,Truck,low
828,30.727988,76.872999,Madhya Marg,Severe,2024-11-07,07:00,2024-11-07 07:00:00,Fog,Car,low
829,30.749878,76.711542,Dakshin Marg,Severe,2022-11-19,07:00,2022-11-19 07:00:00,Clear,Car,medium
830,30.673207,76.791125,Dakshin Marg,Severe,2023-10-29,22:00,2023-10-29 22:00:00,Clear,Auto,medium
831,30.604863,76.813659,Dakshin Marg,Minor,2024-10-03,19:00,2024-10-03 19:00:00,Clear,Truck,medium
832,30.611637,76.891471,Dakshin Marg,Minor,2025-02-05,09:00,2025-02-05 09:00:00,Rain,Car,medium
833,30.771634,76.84589,Madhya Marg,Minor,2022-11-23,10:00,2022-11-23 10:00:00,Rain,Bus,low
834,30.702859,76.714701,Dakshin Marg,Severe,2023-06-20,02:00,2023-06-20 02:00:00,Clear,Bike,medium
835,30.734573,76.88821,Madhya Marg,Minor,2024-01-04,03:00,2024-01-04 03:00:00,Clear,Car,low
836,30.654221,76.740719,Dakshin Marg,Minor,2022-04-03,05:00,2022-04-03 05:00:00,Fog,Bus,medium
837,30.799193,76.706808,Madhya Marg,Minor,2023-11-21,11:00,2023-11-21 11:00:00,Rain,Car,low
838,30.788866,76.859291,Madhya Marg,Minor,2023-12-15,15:00,2023-12-15 15:00:00,Clear,Bike,low
839,30.757335,76.741151,Madhya Marg,Minor,2023-02-25,13:00,2023-02-25 13:00:00,Clear,Bus,low
840,30.792929,76.867879,Madhya Marg,Minor,2023-11-09,14:00,2023-11-09 14:00:00,Fog,Truck,low
841,30.664787,76.731772,Dakshin Marg,Fatal,2022-09-12,03:00,2022-09-12 03:00:00,Clear,Auto,medium
842,30.755855,76.810258,Madhya Marg,Severe,2023-08-01,20:00,2023-08-01 20:00:00,Rain,Auto,low
843,30.71218,76.869812,Madhya Marg,Minor,2022-12-19,08:00,2022-12-19 08:00:00,Fog,Car,low
844,30.642473,76.83265,Dakshin Marg,Severe,2022-03-20,02:00,2022-03-20 02:00:00,Rain,Bus,medium
845,30.622062,76.895784,Dakshin Marg,Severe,2022-06-10,18:00,2022-06-10 18:00:00,Rain,Truck,medium
846,30.618158,76.828469,Dakshin Marg,Severe,2022-02-09,16:00,2022-02-09 16:00:00,Rain,Auto,medium
847,30.657497,76.761936,Dakshin Marg,Minor,2023-03-27,18:00,2023-03-27 18:00:00,Fog,Bike,medium
848,30.673615,76.870238,Dakshin Marg,Minor,2023-02-28,02:00,2023-02-28 02:00:00,Fog,Auto,medium
849,30.756768,76.702811,Dakshin Marg,Minor,2024-12-17,00:00,2024-12-17 00:00:00,Clear,Bike,medium
850,30.614549,76.768254,Dakshin Marg,Minor,2023-03-26,06:00,2023-03-26 06:00:00,Fog,Truck,medium
851,30.614172,76.742643,Dakshin Marg,Severe,2022-11-20,07:00,2022-11-20 07:00:00,Clear,Bike,medium
852,30.700141,76.817193,Dakshin Marg,Fatal,2022-11-29,23:00,2022-11-29 23:00:00,Fog,Auto,medium
853,30.718795,76.830821,Madhya Marg,Minor,2022-09-27,18:00,2022-09-27 18:00:00,Rain,Bike,low
854,30.680457,76.769978,Dakshin Marg,Minor,2023-08-04,00:00,2023-08-04 00:00:00,Rain,Auto,medium
855,30.640752,76.845859,Dakshin Marg,Minor,2022-04-28,18:00,2022-04-28 18:00:00,Fog,Bike,medium
856,30.750118,76.755756,Madhya Marg,Minor,2023-07-17,20:00,2023-07-17 20:00:00,Rain,Car,low
857,30.784216,76.85989,Madhya Marg,Minor,2025-03-29,04:00,2025-03-29 04:00:00,Rain,Auto,low
858,30.686703,76.852361,Madhya Marg,Minor,2022-01-22,21:00,2022-01-22 21:00:00,Fog,Truck,low
859,30.739293,76.816576,Madhya Marg,Minor,2022-03-29,17:00,2022-03-29 17:00:00,Clear,Car,low
860,30.64701,76.883541,Dakshin Marg,Minor,2024-01-17,02:00,2024-01-17 02:00:00,Clear,Car,medium
861,30.626911,76.796519,Dakshin Marg,Minor,2024-03-09,23:00,2024-03-09 23:00:00,Fog,Auto,medium
862,30.792837,76.852597,Madhya Marg,Minor,2022-06-16,06:00,2022-06-16 06:00:00,Fog,Bus,low
863,30.642053,76.717114,Dakshin Marg,Minor,2023-12-14,02:00,2023-12-14 02:00:00,Fog,Bus,medium
864,30.602673,76.703861,Dakshin Marg,Fatal,2022-04-13,03:00,2022-04-13 03:00:00,Fog,Truck,medium
865,30.686794,76.707851,Dakshin Marg,Severe,2023-07-14,18:00,2023-07-14 18:00:00,Clear,Car,medium
866,30.660254,76.813714,Dakshin Marg,Severe,2024-05-11,02:00,2024-05-11 02:00:00,Rain,Auto,medium
867,30.79239,76.844919,Madhya Marg,Minor,2022-09-21,18:00,2022-09-21 18:00:00,Rain,Bike,low
868,30.687107,76.77605,Dakshin Marg,Minor,2022-06-28,05:00,2022-06-28 05:00:00,Rain,Auto,medium
869,30.652549,76.817004,Dakshin Marg,Fatal,2024-04-11,11:00,2024-04-11 11:00:00,Fog,Bike,medium
870,30.601416,76.875896,Dakshin Marg,Minor,2023-12-28,16:00,2023-12-28 16:00:00,Rain,Bus,medium
871,30.672429,76.802904,Dakshin Marg,Fatal,2024-08-18,20:00,2024-08-18 20:00:00,Clear,Auto,medium
872,30.678453,76.727097,Dakshin Marg,Minor,2022-01-03,03:00,2022-01-03 03:00:00,Fog,Bike,medium
873,30.790328,76.890384,Madhya Marg,Minor,2022-08-06,15:00,2022-08-06 15:00:00,Fog,Auto,low
874,30.756816,76.718184,Madhya Marg,Minor,2022-09-27,04:00,2022-09-27 04:00:00,Clear,Bus,low
875,30.653735,76.818616,Dakshin Marg,Severe,2024-10-23,17:00,2024-10-23 17:00:00,Fog,Auto,medium
876,30.748724,76.789946,Madhya Marg,Severe,2022-10-24,01:00,2022-10-24 01:00:00,Clear,Auto,low
877,30.635327,76.733956,Dakshin Marg,Minor,2025-01-16,07:00,2025-01-16 07:00:00,Fog,Car,medium
878,30.682545,76.76591,Dakshin Marg,Minor,2022-06-28,03:00,2022-06-28 03:00:00,Rain,Auto,medium
879,30.730937,76.709839,Dakshin Marg,Minor,2023-03-20,23:00,2023-03-20 23:00:00,Rain,Auto,medium
880,30.790191,76.764697,Madhya Marg,Minor,2022-03-09,08:00,2022-03-09 08:00:00,Clear,Car,low
881,30.75922,76.892317,Madhya Marg,Minor,2022-05-30,12:00,2022-05-30 12:00:00,Rain,Bike,low
882,30.610585,76.892009,Dakshin Marg,Severe,2025-02-06,22:00,2025-02-06 22:00:00,Rain,Car,medium
883,30.668109,76.723225,Dakshin Marg,Severe,2023-09-08,20:00,2023-09-08 20:00:00,Rain,Truck,medium
884,30.674437,76.881281,Madhya Marg,Severe,2024-06-07,07:00,2024-06-07 07:00:00,Fog,Bike,low
885,30.739274,76.812071,Madhya Marg,Fatal,2024-05-11,18:00,2024-05-11 18:00:00,Fog,Bike,low
886,30.67769,76.715715,Dakshin Marg,Severe,2024-04-09,19:00,2024-04-09 19:00:00,Clear,Auto,medium
887,30.797962,76.823444,Madhya Marg,Severe,2023-07-26,02:00,2023-07-26 02:00:00,Rain,Car,low
888,30.74404,76.768933,Madhya Marg,Fatal,2025-01-12,06:00,2025-01-12 06:00:00,Rain,Auto,low
889,30.667188,76.893972,Madhya Marg,Minor,2024-09-13,10:00,2024-09-13 10:00:00,Rain,Bus,low
890,30.615033,76.73332,Dakshin Marg,Minor,2022-01-07,23:00,2022-01-07 23:00:00,Fog,Car,medium
891,30.740601,76.889923,Madhya Marg,Minor,2023-12-01,00:00,2023-12-01 00:00:00,Fog,Bike,low
892,30.72654,76.871299,Madhya Marg,Minor,2023-08-22,07:00,2023-08-22 07:00:00,Fog,Truck,low
893,30.633754,76.830966,Dakshin Marg,Minor,2024-07-22,16:00,2024-07-22 16:00:00,Clear,Auto,medium
894,30.643553,76.784122,Dakshin Marg,Severe,2023-01-12,04:00,2023-01-12 04:00:00,Fog,Truck,medium
895,30.62051,76.818064,Dakshin Marg,Fatal,2022-11-24,06:00,2022-11-24 06:00:00,Fog,Truck,medium
896,30.716373,76.768681,Dakshin Marg,Minor,2024-11-25,00:00,2024-11-25 00:00:00,Rain,Bike,medium
897,30.680889,76.739744,Dakshin Marg,Severe,2022-07-23,00:00,2022-07-23 00:00:00,Clear,Bus,medium
898,30.609814,76.771625,Dakshin Marg,Fatal,2023-09-16,04:00,2023-09-16 04:00:00,Rain,Auto,medium
899,30.647144,76.818868,Dakshin Marg,Minor,2024-04-09,09:00,2024-04-09 09:00:00,Rain,Bus,medium
900,30.64548,76.768803,Dakshin Marg,Severe,2022-05-26,14:00,2022-05-26 14:00:00,Fog,Bus,medium
901,30.666225,76.744664,Dakshin Marg,Minor,2024-06-20,08:00,2024-06-20 08:00:00,Fog,Bus,medium
902,30.716238,76.786789,Dakshin Marg,Severe,2024-06-08,13:00,2024-06-08 13:00:00,Fog,Bus,medium
903,30.649589,76.87858,Dakshin Marg,Severe,2023-04-29,11:00,2023-04-29 11:00:00,Clear,Bike,medium
904,30.760759,76.867738,Madhya Marg,Severe,2024-12-13,06:00,2024-12-13 06:00:00,Rain,Bike,low
905,30.610283,76.820763,Dakshin Marg,Minor,2023-04-07,08:00,2023-04-07 08:00:00,Rain,Car,medium
906,30.748371,76.812939,Madhya Marg,Fatal,2022-09-27,16:00,2022-09-27 16:00:00,Clear,Bus,low
907,30.605318,76.787137,Dakshin Marg,Minor,2025-01-08,08:00,2025-01-08 08:00:00,Clear,Truck,medium
908,30.728053,76.826462,Madhya Marg,Minor,2024-06-29,02:00,2024-06-29 02:00:00,Rain,Bike,low
909,30.68264,76.835473,Dakshin Marg,Minor,2022-12-19,13:00,2022-12-19 13:00:00,Clear,Bus,medium
910,30.68014,76.858095,Dakshin Marg,Minor,2022-05-14,22:00,2022-05-14 22:00:00,Fog,Bike,medium
911,30.706879,76.847924,Madhya Marg,Fatal,2024-05-03,17:00,2024-05-03 17:00:00,Clear,Bike,low
912,30.664017,76.793378,Dakshin Marg,Severe,2022-07-31,15:00,2022-07-31 15:00:00,Fog,Auto,medium
913,30.753624,76.755303,Madhya Marg,Severe,2024-02-05,17:00,2024-02-05 17:00:00,Clear,Bike,low
914,30.711934,76.72105,Dakshin Marg,Fatal,2025-02-24,17:00,2025-02-24 17:00:00,Clear,Bus,medium
915,30.67453,76.74121,Dakshin Marg,Minor,2023-08-18,19:00,2023-08-18 19:00:00,Clear,Auto,medium
916,30.613249,76.825384,Dakshin Marg,Minor,2022-01-16,13:00,2022-01-16 13:00:00,Clear,Car,medium
917,30.647994,76.793236,Dakshin Marg,Minor,2022-09-01,17:00,2022-09-01 17:00:00,Rain,Auto,medium
918,30.626118,76.806291,Dakshin Marg,Minor,2024-11-09,12:00,2024-11-09 12:00:00,Rain,Auto,medium
919,30.670589,76.880591,Dakshin Marg,Fatal,2025-01-07,00:00,2025-01-07 00:00:00,Clear,Bus,medium
920,30.705708,76.734796,Dakshin Marg,Minor,2022-03-27,21:00,2022-03-27 21:00:00,Clear,Bike,medium
921,30.708738,76.830434,Madhya Marg,Severe,2023-07-24,20:00,2023-07-24 20:00:00,Fog,Auto,low
922,30.650045,76.842491,Dakshin Marg,Minor,2023-11-15,19:00,2023-11-15 19:00:00,Rain,Truck,medium
923,30.751456,76.85648,Madhya Marg,Minor,2022-01-28,12:00,2022-01-28 12:00:00,Fog,Car,low
924,30.746212,76.813636,Madhya Marg,Minor,2025-03-05,01:00,2025-03-05 01:00:00,Clear,Bike,low
925,30.784642,76.725448,Madhya Marg,Minor,2023-03-08,19:00,2023-03-08 19:00:00,Fog,Bus,low
926,30.687694,76.759582,Dakshin Marg,Minor,2023-06-05,01:00,2023-06-05 01:00:00,Rain,Auto,medium
927,30.778017,76.793168,Madhya Marg,Severe,2023-07-02,01:00,2023-07-02 01:00:00,Fog,Bike,low
928,30.78165,76.812482,Madhya Marg,Severe,2022-05-11,03:00,2022-05-11 03:00:00,Clear,Auto,low
929,30.624658,76.715385,Dakshin Marg,Fatal,2022-01-06,07:00,2022-01-06 07:00:00,Clear,Car,medium
930,30.742558,76.845542,Madhya Marg,Minor,2024-01-10,13:00,2024-01-10 13:00:00,Clear,Truck,low
931,30.786332,76.770931,Madhya Marg,Minor,2022-03-14,21:00,2022-03-14 21:00:00,Clear,Auto,low
932,30.782327,76.762885,Madhya Marg,Minor,2022-11-25,11:00,2022-11-25 11:00:00,Rain,Car,low
933,30.601742,76.737848,Dakshin Marg,Minor,2025-03-11,16:00,2025-03-11 16:00:00,Rain,Car,medium
934,30.641079,76.701616,Dakshin Marg,Minor,2023-12-26,03:00,2023-12-26 03:00:00,Clear,Bike,medium
935,30.689996,76.768107,Dakshin Marg,Severe,2024-03-19,16:00,2024-03-19 16:00:00,Rain,Auto,medium
936,30.781803,76.72636,Madhya Marg,Minor,2022-08-13,16:00,2022-08-13 16:00:00,Clear,Car,low
937,30.743529,76.862709,Madhya Marg,Fatal,2023-09-12,04:00,2023-09-12 04:00:00,Fog,Car,low
938,30.675891,76.842986,Dakshin Marg,Minor,2024-02-09,09:00,2024-02-09 09:00:00,Rain,Car,medium
939,30.723022,76.859536,Madhya Marg,Severe,2023-07-05,20:00,2023-07-05 20:00:00,Fog,Bus,low
940,30.637876,76.799024,Dakshin Marg,Minor,2024-09-09,16:00,2024-09-09 16:00:00,Fog,Auto,medium
941,30.70576,76.858983,Madhya Marg,Minor,2025-03-12,14:00,2025-03-12 14:00:00,Clear,Truck,low
942,30.645743,76.847991,Dakshin Marg,Minor,2024-02-23,23:00,2024-02-23 23:00:00,Rain,Bike,medium
943,30.707459,76.752175,Dakshin Marg,Minor,2022-09-24,05:00,2022-09-24 05:00:00,Rain,Truck,medium
944,30.631072,76.783088,Dakshin Marg,Severe,2023-04-02,02:00,2023-04-02 02:00:00,Rain,Bus,medium
945,30.711189,76.822309,Madhya Marg,Minor,2025-03-18,04:00,2025-03-18 04:00:00,Fog,Car,low
946,30.764841,76.823298,Madhya Marg,Minor,2023-08-05,05:00,2023-08-05 05:00:00,Fog,Bus,low
947,30.648416,76.768376,Dakshin Marg,Minor,2024-12-30,14:00,2024-12-30 14:00:00,Clear,Bike,medium
948,30.708023,76.894521,Madhya Marg,Minor,2023-07-31,18:00,2023-07-31 18:00:00,Clear,Bike,low
949,30.617765,76.841211,Dakshin Marg,Severe,2024-11-20,01:00,2024-11-20 01:00:00,Fog,Bike,medium
950,30.612681,76.704874,Dakshin Marg,Minor,2022-05-28,01:00,2022-05-28 01:00:00,Fog,Car,medium
951,30.789689,76.862128,Madhya Marg,Severe,2022-05-31,09:00,2022-05-31 09:00:00,Clear,Bike,low
952,30.684474,76.890735,Madhya Marg,Minor,2023-12-29,05:00,2023-12-29 05:00:00,Rain,Auto,low
953,30.780185,76.742122,Madhya Marg,Minor,2023-12-31,14:00,2023-12-31 14:00:00,Rain,Car,low
954,30.77383,76.808832,Madhya Marg,Minor,2022-10-14,02:00,2022-10-14 02:00:00,Rain,Car,low
955,30.602055,76.830142,Dakshin Marg,Severe,2022-01-27,21:00,2022-01-27 21:00:00,Fog,Bus,medium
956,30.724253,76.774841,Madhya Marg,Severe,2023-02-13,08:00,2023-02-13 08:00:00,Fog,Truck,low
957,30.711361,76.856351,Madhya Marg,Minor,2023-03-20,23:00,2023-03-20 23:00:00,Fog,Car,low
958,30.636044,76.801204,Dakshin Marg,Minor,2025-03-19,07:00,2025-03-19 07:00:00,Clear,Bike,medium
959,30.669447,76.771954,Dakshin Marg,Minor,2023-12-28,23:00,2023-12-28 23:00:00,Fog,Auto,medium
960,30.699211,76.883032,Madhya Marg,Severe,2024-12-27,09:00,2024-12-27 09:00:00,Rain,Truck,low
961,30.782007,76.790548,Madhya Marg,Minor,2024-11-15,08:00,2024-11-15 08:00:00,Rain,Bike,low
962,30.681373,76.774206,Dakshin Marg,Minor,2024-10-26,00:00,2024-10-26 00:00:00,Clear,Auto,medium
963,30.628791,76.707707,Dakshin Marg,Minor,2022-03-15,15:00,2022-03-15 15:00:00,Fog,Bike,medium
964,30.742657,76.803511,Madhya Marg,Minor,2023-08-24,08:00,2023-08-24 08:00:00,Rain,Car,low
965,30.677172,76.733302,Dakshin Marg,Severe,2022-03-15,09:00,2022-03-15 09:00:00,Rain,Bus,medium
966,30.794366,76.817459,Madhya Marg,Fatal,2023-08-06,20:00,2023-08-06 20:00:00,Fog,Auto,low
967,30.691071,76.840648,Madhya Marg,Minor,2025-03-02,20:00,2025-03-02 20:00:00,Rain,Truck,low
968,30.756816,76.886733,Madhya Marg,Severe,2024-01-30,17:00,2024-01-30 17:00:00,Fog,Auto,low
969,30.633092,76.767902,Dakshin Marg,Minor,2023-12-18,23:00,2023-12-18 23:00:00,Fog,Bike,medium
970,30.754909,76.824869,Madhya Marg,Severe,2024-03-21,12:00,2024-03-21 12:00:00,Clear,Bike,low
971,30.696413,76.805058,Dakshin Marg,Minor,2023-08-07,10:00,2023-08-07 10:00:00,Fog,Bus,medium
972,30.706082,76.86928,Madhya Marg,Minor,2022-09-22,23:00,2022-09-22 23:00:00,Fog,Bike,low
973,30.626471,76.712331,Dakshin Marg,Fatal,2024-11-18,15:00,2024-11-18 15:00:00,Rain,Bike,medium
974,30.620597,76.882811,Dakshin Marg,Severe,2024-06-03,19:00,2024-06-03 19:00:00,Rain,Bike,medium
975,30.607732,76.723764,Dakshin Marg,Severe,2022-10-13,11:00,2022-10-13 11:00:00,Rain,Auto,medium
976,30.608198,76.81314,Dakshin Marg,Minor,2023-11-26,11:00,2023-11-26 11:00:00,Fog,Car,medium
977,30.772999,76.768199,Madhya Marg,Minor,2024-04-30,03:00,2024-04-30 03:00:00,Clear,Bike,low
978,30.705482,76.717806,Dakshin Marg,Minor,2024-09-18,09:00,2024-09-18 09:00:00,Clear,Bike,medium
979,30.610324,76.763318,Dakshin Marg,Fatal,2024-02-28,10:00,2024-02-28 10:00:00,Rain,Car,medium
980,30.734586,76.894091,Madhya Marg,Minor,2023-06-06,17:00,2023-06-06 17:00:00,Clear,Bike,low
981,30.659093,76.776805,Dakshin Marg,Severe,2023-11-10,17:00,2023-11-10 17:00:00,Fog,Bike,medium
982,30.677846,76.713349,Dakshin Marg,Fatal,2022-09-23,13:00,2022-09-23 13:00:00,Fog,Auto,medium
983,30.702519,76.751137,Dakshin Marg,Minor,2023-05-20,23:00,2023-05-20 23:00:00,Clear,Auto,medium
984,30.647516,76.89799,Dakshin Marg,Fatal,2024-07-17,08:00,2024-07-17 08:00:00,Rain,Bike,medium
985,30.677946,76.868132,Madhya Marg,Minor,2024-06-24,21:00,2024-06-24 21:00:00,Fog,Bike,low
986,30.761427,76.827901,Madhya Marg,Minor,2023-07-25,08:00,2023-07-25 08:00:00,Clear,Car,low
987,30.714229,76.715267,Dakshin Marg,Minor,2024-03-18,01:00,2024-03-18 01:00:00,Fog,Bus,medium
988,30.691935,76.839717,Madhya Marg,Minor,2023-02-28,01:00,2023-02-28 01:00:00,Clear,Car,low
989,30.785171,76.725623,Madhya Marg,Minor,2022-10-27,06:00,2022-10-27 06:00:00,Fog,Car,low
990,30.623544,76.817512,Dakshin Marg,Fatal,2023-02-11,13:00,2023-02-11 13:00:00,Fog,Car,medium
991,30.703097,76.899491,Madhya Marg,Severe,2025-03-07,05:00,2025-03-07 05:00:00,Clear,Bus,low
992,30.75226,76.701339,Dakshin Marg,Minor,2022-03-06,21:00,2022-03-06 21:00:00,Rain,Auto,medium
993,30.658199,76.712363,Dakshin Marg,Minor,2023-06-04,18:00,2023-06-04 18:00:00,Fog,Car,medium
994,30.744798,76.77286,Madhya Marg,Minor,2022-06-16,12:00,2022-06-16 12:00:00,Rain,Auto,low
995,30.731032,76.734481,Dakshin Marg,Minor,2024-01-02,00:00,2024-01-02 00:00:00,Rain,Bus,medium
996,30.689999,76.828733,Dakshin Marg,Fatal,2023-08-14,11:00,2023-08-14 11:00:00,Rain,Auto,medium
997,30.780022,76.713372,Madhya Marg,Minor,2022-06-15,09:00,2022-06-15 09:00:00,Fog,Car,low
998,30.65659,76.89154,Dakshin Marg,Minor,2024-01-28,11:00,2024-01-28 11:00:00,Clear,Auto,medium
999,30.730058,76.776647,Madhya Marg,Minor,2023-08-12,21:00,2023-08-12 21:00:00,Rain,Bike,low
1000,30.629103,76.747716,Dakshin Marg,Minor,2022-08-07,12:00,2022-08-07 12:00:00,Fog,Auto,medium
1001,30.713284,76.89737,Madhya Marg,Minor,2025-02-10,16:00,2025-02-10 16:00:00,Fog,Car,low
1002,30.617375,76.767213,Dakshin Marg,Minor,2024-10-22,10:00,2024-10-22 10:00:00,Clear,Truck,medium
1003,30.714016,76.736378,Dakshin Marg,Fatal,2022-03-21,03:00,2022-03-21 03:00:00,Fog,Car,medium
1004,30.785844,76.867053,Madhya Marg,Minor,2023-04-25,08:00,2023-04-25 08:00:00,Clear,Bike,low
1005,30.653041,76.85095,Dakshin Marg,Severe,2023-05-26,06:00,2023-05-26 06:00:00,Clear,Truck,medium
1006,30.783572,76.893776,Madhya Marg,Severe,2024-07-12,00:00,2024-07-12 00:00:00,Clear,Auto,low
1007,30.779749,76.834246,Madhya Marg,Severe,2022-06-10,01:00,2022-06-10 01:00:00,Rain,Auto,low
1008,30.719994,76.839087,Madhya Marg,Fatal,2023-01-09,07:00,2023-01-09 07:00:00,Fog,Car,low
1009,30.61443,76.868512,Dakshin Marg,Minor,2023-12-27,12:00,2023-12-27 12:00:00,Fog,Truck,medium
1010,30.786526,76.743101,Madhya Marg,Severe,2024-10-22,19:00,2024-10-22 19:00:00,Fog,Car,low
1011,30.781172,76.838224,Madhya Marg,Fatal,2022-05-29,01:00,2022-05-29 01:00:00,Rain,Bike,low
1012,30.622209,76.755922,Dakshin Marg,Severe,2024-09-14,03:00,2024-09-14 03:00:00,Rain,Bike,medium
1013,30.705493,76.713224,Dakshin Marg,Severe,2024-11-28,21:00,2024-11-28 21:00:00,Clear,Car,medium
1014,30.765121,76.78567,Madhya Marg,Fatal,2025-01-01,19:00,2025-01-01 19:00:00,Fog,Truck,low
1015,30.642522,76.855203,Dakshin Marg,Minor,2024-11-06,05:00,2024-11-06 05:00:00,Clear,Auto,medium
1016,30.742586,76.709528,Dakshin Marg,Minor,2023-02-16,17:00,2023-02-16 17:00:00,Fog,Bike,medium
1017,30.724346,76.802158,Madhya Marg,Minor,2025-03-26,14:00,2025-03-26 14:00:00,Rain,Car,low
1018,30.757765,76.820631,Madhya Marg,Minor,2023-02-10,12:00,2023-02-10 12:00:00,Clear,Bus,low
1019,30.659206,76.861027,Dakshin Marg,Severe,2024-01-20,15:00,2024-01-20 15:00:00,Rain,Bike,medium
1020,30.649798,76.879915,Dakshin Marg,Minor,2022-08-16,07:00,2022-08-16 07:00:00,Rain,Bus,medium
1021,30.638759,76.864095,Dakshin Marg,Severe,2023-08-31,12:00,2023-08-31 12:00:00,Rain,Car,medium
1022,30.729537,76.738756,Dakshin Marg,Severe,2022-08-28,21:00,2022-08-28 21:00:00,Clear,Bus,medium
1023,30.633416,76.713317,Dakshin Marg,Severe,2024-03-30,20:00,2024-03-30 20:00:00,Clear,Car,medium
1024,30.722084,76.738281,Dakshin Marg,Minor,2022-06-11,09:00,2022-06-11 09:00:00,Rain,Truck,medium
1025,30.705808,76.710953,Dakshin Marg,Minor,2023-01-08,15:00,2023-01-08 15:00:00,Fog,Truck,medium
1026,30.772918,76.895414,Madhya Marg,Severe,2025-01-01,16:00,2025-01-01 16:00:00,Fog,Auto,low
1027,30.795414,76.752413,Madhya Marg,Minor,2024-04-07,23:00,2024-04-07 23:00:00,Fog,Bus,low
1028,30.706648,76.887043,Madhya Marg,Minor,2025-01-06,11:00,2025-01-06 11:00:00,Fog,Bike,low
1029,30.778268,76.793966,Madhya Marg,Minor,2023-05-13,06:00,2023-05-13 06:00:00,Clear,Bus,low
1030,30.741673,76.723274,Dakshin Marg,Minor,2025-01-07,23:00,2025-01-07 23:00:00,Fog,Bike,medium
1031,30.639111,76.791537,Dakshin Marg,Minor,2022-05-15,09:00,2022-05-15 09:00:00,Fog,Truck,medium
1032,30.625174,76.812883,Dakshin Marg,Fatal,2024-12-16,13:00,2024-12-16 13:00:00,Fog,Bus,medium
1033,30.76113,76.703048,Madhya Marg,Severe,2023-03-18,22:00,2023-03-18 22:00:00,Fog,Truck,low
1034,30.613339,76.742008,Dakshin Marg,Minor,2024-10-03,02:00,2024-10-03 02:00:00,Clear,Truck,medium
1035,30.758098,76.77111,Madhya Marg,Minor,2023-09-02,15:00,2023-09-02 15:00:00,Fog,Bus,low
1036,30.664651,76.876688,Dakshin Marg,Minor,2022-04-10,17:00,2022-04-10 17:00:00,Clear,Car,medium
1037,30.614188,76.858177,Dakshin Marg,Fatal,2023-10-31,12:00,2023-10-31 12:00:00,Clear,Car,medium
1038,30.739741,76.814306,Madhya Marg,Severe,2024-04-11,08:00,2024-04-11 08:00:00,Fog,Auto,low
1039,30.68494,76.884652,Madhya Marg,Severe,2022-01-07,13:00,2022-01-07 13:00:00,Fog,Bike,low
1040,30.721137,76.729999,Dakshin Marg,Fatal,2025-04-03,21:00,2025-04-03 21:00:00,Clear,Auto,medium
1041,30.768583,76.818823,Madhya Marg,Minor,2022-10-07,14:00,2022-10-07 14:00:00,Rain,Truck,low
1042,30.789382,76.841199,Madhya Marg,Severe,2023-07-02,21:00,2023-07-02 21:00:00,Fog,Auto,low
1043,30.743374,76.836882,Madhya Marg,Severe,2022-02-04,09:00,2022-02-04 09:00:00,Clear,Auto,low
1044,30.608721,76.882569,Dakshin Marg,Severe,2022-04-04,17:00,2022-04-04 17:00:00,Fog,Bike,medium
1045,30.791799,76.847917,Madhya Marg,Minor,2023-05-20,21:00,2023-05-20 21:00:00,Rain,Bus,low
1046,30.660088,76.852015,Dakshin Marg,Minor,2023-08-26,10:00,2023-08-26 10:00:00,Fog,Bus,medium
1047,30.710612,76.856585,Madhya Marg,Minor,2023-01-11,13:00,2023-01-11 13:00:00,Rain,Bus,low
1048,30.729328,76.820325,Madhya Marg,Minor,2022-09-12,07:00,2022-09-12 07:00:00,Rain,Auto,low
1049,30.627064,76.756842,Dakshin Marg,Minor,2024-12-03,19:00,2024-12-03 19:00:00,Fog,Bus,medium
1050,30.611653,76.763027,Dakshin Marg,Minor,2022-06-14,11:00,2022-06-14 11:00:00,Rain,Auto,medium
1051,30.611017,76.700457,Dakshin Marg,Severe,2022-09-21,22:00,2022-09-21 22:00:00,Clear,Bus,medium
1052,30.608192,76.854275,Dakshin Marg,Minor,2024-05-19,21:00,2024-05-19 21:00:00,Clear,Car,medium
1053,30.689112,76.767153,Dakshin Marg,Severe,2023-05-03,08:00,2023-05-03 08:00:00,Fog,Auto,medium
1054,30.728776,76.764184,Madhya Marg,Fatal,2024-12-14,19:00,2024-12-14 19:00:00,Clear,Truck,low
1055,30.666551,76.867786,Dakshin Marg,Minor,2024-12-25,18:00,2024-12-25 18:00:00,Fog,Auto,medium
1056,30.793687,76.808529,Madhya Marg,Minor,2022-12-24,19:00,2022-12-24 19:00:00,Clear,Auto,low
1057,30.677497,76.847283,Dakshin Marg,Minor,2022-01-05,18:00,2022-01-05 18:00:00,Fog,Car,medium
1058,30.750898,76.753932,Madhya Marg,Minor,2023-09-11,00:00,2023-09-11 00:00:00,Rain,Truck,low
1059,30.710637,76.818787,Madhya Marg,Severe,2023-04-27,00:00,2023-04-27 00:00:00,Fog,Auto,low
1060,30.749442,76.825594,Madhya Marg,Severe,2023-06-18,01:00,2023-06-18 01:00:00,Clear,Bike,low
1061,30.736052,76.717296,Dakshin Marg,Minor,2024-08-14,04:00,2024-08-14 04:00:00,Rain,Bus,medium
1062,30.617349,76.84253,Dakshin Marg,Minor,2023-08-19,12:00,2023-08-19 12:00:00,Clear,Bike,medium
1063,30.770337,76.852304,Madhya Marg,Minor,2023-05-23,17:00,2023-05-23 17:00:00,Fog,Truck,low
1064,30.79363,76.837787,Madhya Marg,Minor,2025-02-18,12:00,2025-02-18 12:00:00,Rain,Auto,low
1065,30.749102,76.803522,Madhya Marg,Minor,2024-04-26,01:00,2024-04-26 01:00:00,Clear,Car,low
1066,30.713842,76.817657,Madhya Marg,Severe,2024-10-03,02:00,2024-10-03 02:00:00,Clear,Car,low
1067,30.60529,76.875506,Dakshin Marg,Minor,2023-06-13,09:00,2023-06-13 09:00:00,Rain,Truck,medium
1068,30.645292,76.780005,Dakshin Marg,Severe,2024-03-28,10:00,2024-03-28 10:00:00,Rain,Bike,medium
1069,30.684419,76.766484,Dakshin Marg,Severe,2024-02-09,11:00,2024-02-09 11:00:00,Rain,Bus,medium
1070,30.753709,76.806045,Madhya Marg,Severe,2024-10-09,06:00,2024-10-09 06:00:00,Fog,Truck,low
1071,30.796003,76.738548,Madhya Marg,Minor,2022-09-21,06:00,2022-09-21 06:00:00,Fog,Truck,low
1072,30.748944,76.752853,Madhya Marg,Minor,2022-12-23,02:00,2022-12-23 02:00:00,Clear,Truck,low
1073,30.683499,76.751749,Dakshin Marg,Minor,2025-03-11,11:00,2025-03-11 11:00:00,Rain,Truck,medium
1074,30.621822,76.779575,Dakshin Marg,Minor,2022-05-28,04:00,2022-05-28 04:00:00,Clear,Bike,medium
1075,30.647459,76.756522,Dakshin Marg,Minor,2022-09-13,11:00,2022-09-13 11:00:00,Clear,Truck,medium
1076,30.615643,76.778256,Dakshin Marg,Minor,2023-11-21,07:00,2023-11-21 07:00:00,Rain,Truck,medium
1077,30.748276,76.894139,Madhya Marg,Minor,2022-05-06,19:00,2022-05-06 19:00:00,Clear,Truck,low
1078,30.731393,76.810473,Madhya Marg,Severe,2025-02-22,04:00,2025-02-22 04:00:00,Fog,Bike,low
1079,30.609858,76.783112,Dakshin Marg,Minor,2023-10-01,04:00,2023-10-01 04:00:00,Rain,Truck,medium
1080,30.787466,76.841092,Madhya Marg,Severe,2024-07-23,21:00,2024-07-23 21:00:00,Clear,Truck,low
1081,30.635104,76.852547,Dakshin Marg,Severe,2022-03-27,00:00,2022-03-27 00:00:00,Clear,Auto,medium
1082,30.79468,76.849753,Madhya Marg,Minor,2023-04-11,09:00,2023-04-11 09:00:00,Rain,Truck,low
1083,30.752961,76.854115,Madhya Marg,Minor,2023-04-19,03:00,2023-04-19 03:00:00,Rain,Auto,low
1084,30.73301,76.847521,Madhya Marg,Fatal,2022-05-28,14:00,2022-05-28 14:00:00,Clear,Bus,low
1085,30.743105,76.750291,Madhya Marg,Severe,2022-09-30,07:00,2022-09-30 07:00:00,Clear,Bus,low
1086,30.780963,76.780905,Madhya Marg,Minor,2025-03-22,16:00,2025-03-22 16:00:00,Fog,Bike,low
1087,30.759092,76.721995,Madhya Marg,Fatal,2023-08-12,11:00,2023-08-12 11:00:00,Fog,Truck,low
1088,30.613336,76.758053,Dakshin Marg,Severe,2023-04-08,16:00,2023-04-08 16:00:00,Rain,Car,medium
1089,30.78389,76.738415,Madhya Marg,Severe,2025-01-27,08:00,2025-01-27 08:00:00,Fog,Auto,low
1090,30.632165,76.829336,Dakshin Marg,Minor,2022-10-13,06:00,2022-10-13 06:00:00,Fog,Bus,medium
1091,30.640358,76.850403,Dakshin Marg,Minor,2024-08-21,00:00,2024-08-21 00:00:00,Fog,Bike,medium
1092,30.625888,76.819616,Dakshin Marg,Minor,2023-02-20,17:00,2023-02-20 17:00:00,Clear,Auto,medium
1093,30.714463,76.805284,Madhya Marg,Severe,2023-05-21,00:00,2023-05-21 00:00:00,Clear,Bike,low
1094,30.752615,76.794358,Madhya Marg,Severe,2023-12-12,04:00,2023-12-12 04:00:00,Fog,Truck,low
1095,30.650916,76.794364,Dakshin Marg,Severe,2023-01-31,09:00,2023-01-31 09:00:00,Fog,Auto,medium
1096,30.675125,76.800613,Dakshin Marg,Minor,2024-01-20,17:00,2024-01-20 17:00:00,Fog,Truck,medium
1097,30.680106,76.806497,Dakshin Marg,Minor,2022-09-20,08:00,2022-09-20 08:00:00,Fog,Truck,medium
1098,30.701565,76.746674,Dakshin Marg,Fatal,2022-08-19,19:00,2022-08-19 19:00:00,Fog,Truck,medium
1099,30.663832,76.839448,Dakshin Marg,Minor,2022-12-08,22:00,2022-12-08 22:00:00,Fog,Bike,medium
1100,30.660358,76.866947,Dakshin Marg,Minor,2024-09-04,01:00,2024-09-04 01:00:00,Rain,Truck,medium
1101,30.642835,76.71205,Dakshin Marg,Minor,2024-06-11,05:00,2024-06-11 05:00:00,Clear,Bike,medium
1102,30.643654,76.800197,Dakshin Marg,Minor,2022-01-08,10:00,2022-01-08 10:00:00,Fog,Car,medium
1103,30.699788,76.751684,Dakshin Marg,Severe,2022-04-22,00:00,2022-04-22 00:00:00,Clear,Truck,medium
1104,30.619195,76.813633,Dakshin Marg,Severe,2023-11-03,07:00,2023-11-03 07:00:00,Rain,Bus,medium
1105,30.770839,76.711967,Madhya Marg,Minor,2024-03-11,22:00,2024-03-11 22:00:00,Fog,Bus,low
1106,30.605583,76.730052,Dakshin Marg,Minor,2022-05-23,06:00,2022-05-23 06:00:00,Rain,Truck,medium
1107,30.638161,76.887033,Dakshin Marg,Fatal,2022-06-09,23:00,2022-06-09 23:00:00,Clear,Car,medium
1108,30.705074,76.867578,Madhya Marg,Severe,2022-09-08,11:00,2022-09-08 11:00:00,Fog,Auto,low
1109,30.613441,76.856919,Dakshin Marg,Minor,2023-07-27,03:00,2023-07-27 03:00:00,Clear,Car,medium
1110,30.694902,76.853488,Madhya Marg,Minor,2024-06-30,08:00,2024-06-30 08:00:00,Fog,Car,low
1111,30.764402,76.779201,Madhya Marg,Minor,2024-07-06,05:00,2024-07-06 05:00:00,Rain,Car,low
1112,30.626834,76.805288,Dakshin Marg,Minor,2023-11-02,04:00,2023-11-02 04:00:00,Fog,Bike,medium
1113,30.701778,76.789562,Dakshin Marg,Minor,2024-07-31,01:00,2024-07-31 01:00:00,Clear,Truck,medium
1114,30.644554,76.709949,Dakshin Marg,Minor,2022-01-05,02:00,2022-01-05 02:00:00,Rain,Auto,medium
1115,30.778306,76.797945,Madhya Marg,Minor,2022-03-26,02:00,2022-03-26 02:00:00,Clear,Truck,low
1116,30.651988,76.856151,Dakshin Marg,Fatal,2022-01-29,01:00,2022-01-29 01:00:00,Clear,Car,medium
1117,30.705457,76.738849,Dakshin Marg,Minor,2024-04-29,03:00,2024-04-29 03:00:00,Fog,Bus,medium
1118,30.617195,76.830091,Dakshin Marg,Fatal,2023-12-11,22:00,2023-12-11 22:00:00,Rain,Truck,medium
1119,30.615141,76.769541,Dakshin Marg,Minor,2024-05-30,06:00,2024-05-30 06:00:00,Fog,Bike,medium
1120,30.604699,76.777465,Dakshin Marg,Minor,2024-02-18,12:00,2024-02-18 12:00:00,Clear,Truck,medium
1121,30.766606,76.755094,Madhya Marg,Minor,2024-08-14,21:00,2024-08-14 21:00:00,Rain,Bike,low
1122,30.736833,76.7151,Dakshin Marg,Minor,2022-11-18,04:00,2022-11-18 04:00:00,Clear,Auto,medium
1123,30.65022,76.71376,Dakshin Marg,Minor,2022-08-13,19:00,2022-08-13 19:00:00,Fog,Car,medium
1124,30.62509,76.772105,Dakshin Marg,Minor,2023-01-14,21:00,2023-01-14 21:00:00,Clear,Car,medium
1125,30.668187,76.75208,Dakshin Marg,Severe,2024-01-16,21:00,2024-01-16 21:00:00,Rain,Bus,medium
1126,30.751129,76.863314,Madhya Marg,Fatal,2023-08-03,00:00,2023-08-03 00:00:00,Fog,Car,low
1127,30.626441,76.880768,Dakshin Marg,Severe,2023-09-21,19:00,2023-09-21 19:00:00,Rain,Bike,medium
1128,30.627515,76.705099,Dakshin Marg,Minor,2022-08-10,08:00,2022-08-10 08:00:00,Rain,Truck,medium
1129,30.634282,76.704188,Dakshin Marg,Fatal,2022-11-03,12:00,2022-11-03 12:00:00,Rain,Bus,medium
1130,30.67481,76.887186,Madhya Marg,Fatal,2022-12-11,09:00,2022-12-11 09:00:00,Clear,Auto,low
1131,30.728548,76.739003,Dakshin Marg,Minor,2022-10-11,06:00,2022-10-11 06:00:00,Rain,Truck,medium
1132,30.667453,76.745959,Dakshin Marg,Fatal,2024-01-15,03:00,2024-01-15 03:00:00,Fog,Car,medium
1133,30.754366,76.731529,Madhya Marg,Minor,2022-03-23,21:00,2022-03-23 21:00:00,Rain,Auto,low
1134,30.691572,76.878968,Madhya Marg,Minor,2024-10-20,14:00,2024-10-20 14:00:00,Rain,Truck,low
1135,30.677965,76.875558,Madhya Marg,Minor,2023-11-12,22:00,2023-11-12 22:00:00,Fog,Bus,low
1136,30.708022,76.799263,Dakshin Marg,Severe,2024-08-30,04:00,2024-08-30 04:00:00,Rain,Bus,medium
1137,30.632452,76.865513,Dakshin Marg,Severe,2022-09-20,18:00,2022-09-20 18:00:00,Fog,Auto,medium
1138,30.689699,76.837047,Dakshin Marg,Minor,2022-02-06,14:00,2022-02-06 14:00:00,Rain,Bus,medium
1139,30.665142,76.751796,Dakshin Marg,Minor,2024-05-29,20:00,2024-05-29 20:00:00,Fog,Car,medium
1140,30.688472,76.822344,Dakshin Marg,Fatal,2023-01-09,07:00,2023-01-09 07:00:00,Fog,Bus,medium
1141,30.770738,76.848926,Madhya Marg,Severe,2024-08-08,17:00,2024-08-08 17:00:00,Rain,Bus,low
1142,30.702672,76.855137,Madhya Marg,Minor,2024-05-18,21:00,2024-05-18 21:00:00,Clear,Truck,low
1143,30.707238,76.862033,Madhya Marg,Minor,2023-07-27,00:00,2023-07-27 00:00:00,Rain,Bus,low
1144,30.604744,76.775318,Dakshin Marg,Minor,2024-02-15,05:00,2024-02-15 05:00:00,Clear,Car,medium
1145,30.785264,76.857626,Madhya Marg,Fatal,2022-03-02,08:00,2022-03-02 08:00:00,Fog,Truck,low
1146,30.620938,76.818662,Dakshin Marg,Fatal,2022-04-12,21:00,2022-04-12 21:00:00,Rain,Auto,medium
1147,30.730635,76.820817,Madhya Marg,Severe,2023-08-18,21:00,2023-08-18 21:00:00,Rain,Bike,low
1148,30.712172,76.731894,Dakshin Marg,Minor,2022-12-20,17:00,2022-12-20 17:00:00,Clear,Bike,medium
1149,30.613848,76.803021,Dakshin Marg,Fatal,2023-09-26,23:00,2023-09-26 23:00:00,Rain,Truck,medium
1150,30.648378,76.806907,Dakshin Marg,Minor,2023-01-02,22:00,2023-01-02 22:00:00,Rain,Truck,medium
1151,30.754939,76.799158,Madhya Marg,Severe,2024-09-27,03:00,2024-09-27 03:00:00,Clear,Bus,low
1152,30.678539,76.892668,Madhya Marg,Minor,2023-04-24,05:00,2023-04-24 05:00:00,Fog,Bus,low
1153,30.711904,76.859655,Madhya Marg,Minor,2023-08-31,22:00,2023-08-31 22:00:00,Clear,Truck,low
1154,30.79275,76.71281,Madhya Marg,Fatal,2023-06-09,04:00,2023-06-09 04:00:00,Rain,Bus,low
1155,30.777097,76.715452,Madhya Marg,Minor,2024-07-30,22:00,2024-07-30 22:00:00,Fog,Car,low
1156,30.626997,76.889419,Dakshin Marg,Severe,2023-05-24,03:00,2023-05-24 03:00:00,Rain,Auto,medium
1157,30.793896,76.70451,Madhya Marg,Minor,2023-12-21,09:00,2023-12-21 09:00:00,Rain,Bike,low
1158,30.721361,76.720924,Dakshin Marg,Severe,2024-01-13,22:00,2024-01-13 22:00:00,Rain,Bike,medium
1159,30.732956,76.763488,Madhya Marg,Severe,2022-06-08,16:00,2022-06-08 16:00:00,Rain,Bus,low
1160,30.630977,76.825825,Dakshin Marg,Minor,2022-07-24,13:00,2022-07-24 13:00:00,Fog,Bike,medium
1161,30.79024,76.777012,Madhya Marg,Minor,2022-03-16,13:00,2022-03-16 13:00:00,Fog,Bike,low
1162,30.788827,76.767851,Madhya Marg,Severe,2024-08-24,23:00,2024-08-24 23:00:00,Fog,Truck,low
1163,30.644475,76.719737,Dakshin Marg,Severe,2023-06-08,21:00,2023-06-08 21:00:00,Rain,Bike,medium
1164,30.705422,76.792773,Dakshin Marg,Severe,2022-07-21,10:00,2022-07-21 10:00:00,Clear,Bus,medium
1165,30.783742,76.751763,Madhya Marg,Minor,2025-02-16,19:00,2025-02-16 19:00:00,Rain,Truck,low
1166,30.759698,76.7014,Madhya Marg,Fatal,2024-04-20,12:00,2024-04-20 12:00:00,Rain,Bus,low
1167,30.779895,76.772874,Madhya Marg,Fatal,2023-01-07,00:00,2023-01-07 00:00:00,Rain,Car,low
1168,30.713727,76.870005,Madhya Marg,Minor,2023-04-24,22:00,2023-04-24 22:00:00,Fog,Truck,low
1169,30.68937,76.801011,Dakshin Marg,Severe,2024-10-31,22:00,2024-10-31 22:00:00,Rain,Truck,medium
1170,30.713603,76.888946,Madhya Marg,Severe,2023-06-20,18:00,2023-06-20 18:00:00,Fog,Bus,low
1171,30.701685,76.722239,Dakshin Marg,Minor,2023-06-19,01:00,2023-06-19 01:00:00,Clear,Bus,medium
1172,30.662654,76.890534,Dakshin Marg,Severe,2023-01-30,11:00,2023-01-30 11:00:00,Clear,Car,medium
1173,30.736857,76.816571,Madhya Marg,Minor,2025-02-03,07:00,2025-02-03 07:00:00,Fog,Car,low
1174,30.695279,76.755062,Dakshin Marg,Minor,2024-05-09,17:00,2024-05-09 17:00:00,Fog,Bus,medium
1175,30.67873,76.804516,Dakshin Marg,Minor,2022-04-19,11:00,2022-04-19 11:00:00,Fog,Car,medium
1176,30.604691,76.779343,Dakshin Marg,Minor,2024-01-26,08:00,2024-01-26 08:00:00,Fog,Bus,medium
1177,30.763527,76.868763,Madhya Marg,Severe,2022-10-03,23:00,2022-10-03 23:00:00,Fog,Truck,low
1178,30.628542,76.890976,Dakshin Marg,Fatal,2023-09-20,04:00,2023-09-20 04:00:00,Fog,Auto,medium
1179,30.671334,76.70724,Dakshin Marg,Minor,2023-01-27,13:00,2023-01-27 13:00:00,Fog,Auto,medium
1180,30.617377,76.705243,Dakshin Marg,Severe,2024-05-25,08:00,2024-05-25 08:00:00,Rain,Car,medium
1181,30.770483,76.839752,Madhya Marg,Minor,2023-09-07,04:00,2023-09-07 04:00:00,Rain,Car,low
1182,30.649766,76.795993,Dakshin Marg,Minor,2024-05-10,13:00,2024-05-10 13:00:00,Rain,Bus,medium
1183,30.648732,76.764195,Dakshin Marg,Minor,2023-12-25,16:00,2023-12-25 16:00:00,Clear,Auto,medium
1184,30.649772,76.793674,Dakshin Marg,Minor,2025-04-03,00:00,2025-04-03 00:00:00,Fog,Bike,medium
1185,30.682576,76.709321,Dakshin Marg,Minor,2022-01-09,16:00,2022-01-09 16:00:00,Rain,Auto,medium
1186,30.67075,76.866749,Dakshin Marg,Minor,2023-12-22,16:00,2023-12-22 16:00:00,Clear,Truck,medium
1187,30.637813,76.721992,Dakshin Marg,Minor,2024-09-30,00:00,2024-09-30 00:00:00,Clear,Truck,medium
1188,30.733391,76.769919,Madhya Marg,Minor,2023-08-23,23:00,2023-08-23 23:00:00,Fog,Truck,low
1189,30.679712,76.768965,Dakshin Marg,Severe,2023-10-19,23:00,2023-10-19 23:00:00,Rain,Auto,medium
1190,30.61285,76.803204,Dakshin Marg,Minor,2023-11-04,00:00,2023-11-04 00:00:00,Clear,Bike,medium
1191,30.616193,76.838215,Dakshin Marg,Minor,2022-12-07,06:00,2022-12-07 06:00:00,Fog,Bike,medium
1192,30.766819,76.743475,Madhya Marg,Fatal,2023-02-12,14:00,2023-02-12 14:00:00,Rain,Bike,low
1193,30.634392,76.712295,Dakshin Marg,Minor,2025-04-14,10:00,2025-04-14 10:00:00,Clear,Bus,medium
1194,30.661499,76.858473,Dakshin Marg,Severe,2024-06-10,18:00,2024-06-10 18:00:00,Rain,Auto,medium
1195,30.612722,76.821318,Dakshin Marg,Minor,2025-03-18,22:00,2025-03-18 22:00:00,Clear,Bike,medium
1196,30.791586,76.827241,Madhya Marg,Minor,2022-01-01,02:00,2022-01-01 02:00:00,Clear,Bus,low
1197,30.720313,76.864269,Madhya Marg,Minor,2023-11-07,11:00,2023-11-07 11:00:00,Clear,Bike,low
1198,30.752725,76.814657,Madhya Marg,Minor,2025-03-14,05:00,2025-03-14 05:00:00,Rain,Auto,low
1199,30.748419,76.766843,Madhya Marg,Minor,2024-10-01,04:00,2024-10-01 04:00:00,Clear,Auto,low
1200,30.697523,76.845525,Madhya Marg,Fatal,2023-09-27,00:00,2023-09-27 00:00:00,Rain,Bus,low
1201,30.644691,76.724278,Dakshin Marg,Severe,2024-06-22,08:00,2024-06-22 08:00:00,Rain,Car,medium
1202,30.781814,76.716963,Madhya Marg,Severe,2022-07-25,10:00,2022-07-25 10:00:00,Clear,Bike,low
1203,30.662593,76.833808,Dakshin Marg,Minor,2024-02-09,14:00,2024-02-09 14:00:00,Clear,Car,medium
1204,30.772249,76.788124,Madhya Marg,Fatal,2022-09-11,01:00,2022-09-11 01:00:00,Rain,Truck,low
1205,30.768191,76.843004,Madhya Marg,Fatal,2023-06-20,01:00,2023-06-20 01:00:00,Rain,Bus,low
1206,30.66075,76.857852,Dakshin Marg,Severe,2023-12-29,20:00,2023-12-29 20:00:00,Rain,Auto,medium
1207,30.690254,76.718064,Dakshin Marg,Severe,2024-03-04,16:00,2024-03-04 16:00:00,Clear,Truck,medium
1208,30.767497,76.879093,Madhya Marg,Minor,2023-11-28,15:00,2023-11-28 15:00:00,Fog,Bike,low
1209,30.612739,76.82146,Dakshin Marg,Minor,2022-10-29,01:00,2022-10-29 01:00:00,Rain,Bus,medium
1210,30.792762,76.896839,Madhya Marg,Severe,2023-03-31,17:00,2023-03-31 17:00:00,Clear,Car,low
1211,30.679397,76.838068,Dakshin Marg,Severe,2025-03-19,15:00,2025-03-19 15:00:00,Rain,Auto,medium
1212,30.661232,76.702744,Dakshin Marg,Minor,2024-12-13,03:00,2024-12-13 03:00:00,Rain,Car,medium
1213,30.618305,76.829054,Dakshin Marg,Minor,2022-10-02,17:00,2022-10-02 17:00:00,Rain,Truck,medium
1214,30.666999,76.843273,Dakshin Marg,Minor,2022-01-17,07:00,2022-01-17 07:00:00,Clear,Bike,medium
1215,30.761392,76.702449,Madhya Marg,Severe,2023-08-13,17:00,2023-08-13 17:00:00,Clear,Bike,low
1216,30.671613,76.78269,Dakshin Marg,Minor,2023-08-23,00:00,2023-08-23 00:00:00,Clear,Truck,medium
1217,30.727081,76.882594,Madhya Marg,Fatal,2024-07-29,09:00,2024-07-29 09:00:00,Fog,Car,low
1218,30.624533,76.899213,Dakshin Marg,Fatal,2022-02-15,18:00,2022-02-15 18:00:00,Rain,Bike,medium
1219,30.66299,76.725814,Dakshin Marg,Severe,2023-03-01,06:00,2023-03-01 06:00:00,Rain,Bike,medium
1220,30.605958,76.788127,Dakshin Marg,Fatal,2023-10-02,19:00,2023-10-02 19:00:00,Clear,Truck,medium
1221,30.701577,76.719745,Dakshin Marg,Minor,2023-06-24,03:00,2023-06-24 03:00:00,Clear,Car,medium
1222,30.72291,76.720875,Dakshin Marg,Minor,2025-01-04,00:00,2025-01-04 00:00:00,Rain,Bike,medium
1223,30.638783,76.846342,Dakshin Marg,Minor,2022-06-20,19:00,2022-06-20 19:00:00,Fog,Car,medium
1224,30.75409,76.893592,Madhya Marg,Fatal,2022-04-06,13:00,2022-04-06 13:00:00,Rain,Auto,low
1225,30.763805,76.80946,Madhya Marg,Minor,2023-06-07,02:00,2023-06-07 02:00:00,Rain,Auto,low
1226,30.753605,76.867178,Madhya Marg,Minor,2024-12-22,20:00,2024-12-22 20:00:00,Rain,Bus,low
1227,30.728002,76.795954,Madhya Marg,Severe,2022-01-23,20:00,2022-01-23 20:00:00,Fog,Bus,low
1228,30.661062,76.846373,Dakshin Marg,Minor,2023-08-31,09:00,2023-08-31 09:00:00,Rain,Auto,medium
1229,30.714257,76.753006,Dakshin Marg,Minor,2022-02-22,10:00,2022-02-22 10:00:00,Rain,Auto,medium
1230,30.60043,76.743182,Dakshin Marg,Minor,2024-03-13,22:00,2024-03-13 22:00:00,Fog,Truck,medium
1231,30.630982,76.819249,Dakshin Marg,Minor,2024-05-28,18:00,2024-05-28 18:00:00,Rain,Auto,medium
1232,30.798106,76.710993,Madhya Marg,Minor,2022-09-29,16:00,2022-09-29 16:00:00,Clear,Auto,low
1233,30.779829,76.874443,Madhya Marg,Severe,2024-05-31,02:00,2024-05-31 02:00:00,Fog,Bus,low
1234,30.78524,76.867911,Madhya Marg,Severe,2022-06-26,06:00,2022-06-26 06:00:00,Fog,Bike,low
1235,30.755276,76.843896,Madhya Marg,Severe,2022-07-05,14:00,2022-07-05 14:00:00,Rain,Truck,low
1236,30.762432,76.849793,Madhya Marg,Minor,2024-12-30,16:00,2024-12-30 16:00:00,Rain,Bus,low
1237,30.769189,76.719142,Madhya Marg,Fatal,2024-11-05,21:00,2024-11-05 21:00:00,Fog,Truck,low
1238,30.780765,76.754157,Madhya Marg,Minor,2023-05-01,21:00,2023-05-01 21:00:00,Fog,Auto,low
1239,30.742277,76.871518,Madhya Marg,Minor,2025-03-05,12:00,2025-03-05 12:00:00,Fog,Auto,low
1240,30.749343,76.720648,Madhya Marg,Minor,2024-06-25,10:00,2024-06-25 10:00:00,Clear,Bus,low
1241,30.661357,76.753484,Dakshin Marg,Severe,2023-07-20,07:00,2023-07-20 07:00:00,Fog,Bus,medium
1242,30.627824,76.712715,Dakshin Marg,Severe,2022-09-13,08:00,2022-09-13 08:00:00,Clear,Auto,medium
1243,30.738453,76.708484,Dakshin Marg,Severe,2024-08-05,07:00,2024-08-05 07:00:00,Fog,Auto,medium
1244,30.700913,76.819393,Dakshin Marg,Fatal,2023-06-06,10:00,2023-06-06 10:00:00,Fog,Truck,medium
1245,30.752074,76.864537,Madhya Marg,Minor,2024-05-18,17:00,2024-05-18 17:00:00,Fog,Auto,low
1246,30.660654,76.797826,Dakshin Marg,Severe,2022-09-09,18:00,2022-09-09 18:00:00,Clear,Car,medium
1247,30.697186,76.836196,Madhya Marg,Minor,2024-11-20,09:00,2024-11-20 09:00:00,Fog,Auto,low
1248,30.664335,76.702855,Dakshin Marg,Minor,2023-10-18,00:00,2023-10-18 00:00:00,Rain,Truck,medium
1249,30.769274,76.804873,Madhya Marg,Minor,2023-06-15,19:00,2023-06-15 19:00:00,Clear,Bike,low
1250,30.722473,76.885144,Madhya Marg,Severe,2023-05-11,06:00,2023-05-11 06:00:00,Fog,Bike,low
1251,30.799007,76.801863,Madhya Marg,Severe,2024-02-12,01:00,2024-02-12 01:00:00,Fog,Bike,low
1252,30.683583,76.747365,Dakshin Marg,Fatal,2022-11-11,23:00,2022-11-11 23:00:00,Fog,Truck,medium
1253,30.689037,76.870284,Madhya Marg,Severe,2022-01-15,07:00,2022-01-15 07:00:00,Rain,Bike,low
1254,30.606813,76.781869,Dakshin Marg,Minor,2024-03-07,09:00,2024-03-07 09:00:00,Clear,Car,medium
1255,30.770743,76.834026,Madhya Marg,Severe,2023-09-14,15:00,2023-09-14 15:00:00,Clear,Bus,low
1256,30.689023,76.813634,Dakshin Marg,Severe,2024-09-10,19:00,2024-09-10 19:00:00,Clear,Auto,medium
1257,30.607825,76.749826,Dakshin Marg,Severe,2024-08-04,03:00,2024-08-04 03:00:00,Clear,Auto,medium
1258,30.770102,76.749233,Madhya Marg,Minor,2025-03-01,01:00,2025-03-01 01:00:00,Fog,Bike,low
1259,30.788274,76.826668,Madhya Marg,Minor,2024-12-04,06:00,2024-12-04 06:00:00,Fog,Auto,low
1260,30.647311,76.814563,Dakshin Marg,Severe,2023-07-28,19:00,2023-07-28 19:00:00,Clear,Car,medium
1261,30.653662,76.720244,Dakshin Marg,Minor,2022-10-20,08:00,2022-10-20 08:00:00,Fog,Truck,medium
1262,30.726888,76.704589,Dakshin Marg,Minor,2022-03-20,04:00,2022-03-20 04:00:00,Fog,Auto,medium
1263,30.734414,76.847755,Madhya Marg,Severe,2022-02-01,03:00,2022-02-01 03:00:00,Clear,Bike,low
1264,30.644993,76.716199,Dakshin Marg,Fatal,2024-09-11,04:00,2024-09-11 04:00:00,Rain,Bike,medium
1265,30.709301,76.781108,Dakshin Marg,Minor,2023-10-24,04:00,2023-10-24 04:00:00,Clear,Bus,medium
1266,30.655226,76.784221,Dakshin Marg,Minor,2024-03-23,02:00,2024-03-23 02:00:00,Clear,Car,medium
1267,30.770724,76.709164,Madhya Marg,Severe,2023-08-19,16:00,2023-08-19 16:00:00,Fog,Bike,low
1268,30.657081,76.702302,Dakshin Marg,Minor,2024-03-29,04:00,2024-03-29 04:00:00,Fog,Bike,medium
1269,30.626158,76.843938,Dakshin Marg,Fatal,2023-07-14,12:00,2023-07-14 12:00:00,Clear,Auto,medium
1270,30.65137,76.727974,Dakshin Marg,Minor,2024-04-04,20:00,2024-04-04 20:00:00,Fog,Auto,medium
1271,30.664493,76.877606,Dakshin Marg,Minor,2023-01-16,21:00,2023-01-16 21:00:00,Clear,Car,medium
1272,30.633169,76.865241,Dakshin Marg,Minor,2023-01-03,13:00,2023-01-03 13:00:00,Fog,Auto,medium
1273,30.724647,76.855461,Madhya Marg,Severe,2025-02-15,23:00,2025-02-15 23:00:00,Rain,Bike,low
1274,30.721663,76.851335,Madhya Marg,Fatal,2023-05-07,20:00,2023-05-07 20:00:00,Rain,Truck,low
1275,30.684423,76.728546,Dakshin Marg,Fatal,2023-08-08,15:00,2023-08-08 15:00:00,Clear,Bus,medium
1276,30.774629,76.725985,Madhya Marg,Minor,2024-05-17,18:00,2024-05-17 18:00:00,Fog,Bus,low
1277,30.743249,76.74969,Madhya Marg,Severe,2022-05-22,05:00,2022-05-22 05:00:00,Fog,Auto,low
1278,30.736471,76.727098,Dakshin Marg,Minor,2024-11-07,13:00,2024-11-07 13:00:00,Clear,Auto,medium
1279,30.767174,76.789847,Madhya Marg,Minor,2022-06-23,18:00,2022-06-23 18:00:00,Fog,Auto,low
1280,30.735573,76.881233,Madhya Marg,Minor,2024-05-03,06:00,2024-05-03 06:00:00,Fog,Truck,low
1281,30.743027,76.789945,Madhya Marg,Minor,2024-01-27,07:00,2024-01-27 07:00:00,Fog,Car,low
1282,30.653782,76.798341,Dakshin Marg,Minor,2022-03-01,06:00,2022-03-01 06:00:00,Clear,Bus,medium
1283,30.749019,76.88251,Madhya Marg,Severe,2023-08-23,19:00,2023-08-23 19:00:00,Fog,Auto,low
1284,30.609673,76.805338,Dakshin Marg,Severe,2023-12-27,17:00,2023-12-27 17:00:00,Fog,Bus,medium
1285,30.63412,76.760142,Dakshin Marg,Severe,2024-07-09,10:00,2024-07-09 10:00:00,Clear,Truck,medium
1286,30.629297,76.821272,Dakshin Marg,Minor,2023-12-24,02:00,2023-12-24 02:00:00,Fog,Bus,medium
1287,30.733749,76.866777,Madhya Marg,Severe,2023-04-26,04:00,2023-04-26 04:00:00,Rain,Auto,low
1288,30.735415,76.774104,Madhya Marg,Minor,2022-02-08,17:00,2022-02-08 17:00:00,Rain,Car,low
1289,30.667081,76.742001,Dakshin Marg,Minor,2023-08-29,10:00,2023-08-29 10:00:00,Clear,Bus,medium
1290,30.621229,76.756713,Dakshin Marg,Minor,2022-05-16,05:00,2022-05-16 05:00:00,Fog,Bus,medium
1291,30.765692,76.852742,Madhya Marg,Minor,2023-07-05,03:00,2023-07-05 03:00:00,Fog,Car,low
1292,30.649529,76.830551,Dakshin Marg,Minor,2022-03-01,23:00,2022-03-01 23:00:00,Rain,Bus,medium
1293,30.70756,76.827083,Madhya Marg,Severe,2024-04-01,05:00,2024-04-01 05:00:00,Clear,Bus,low
1294,30.788298,76.860264,Madhya Marg,Minor,2025-02-25,17:00,2025-02-25 17:00:00,Fog,Truck,low
1295,30.663071,76.863219,Dakshin Marg,Minor,2024-03-30,06:00,2024-03-30 06:00:00,Rain,Car,medium
1296,30.756802,76.830249,Madhya Marg,Severe,2022-08-31,14:00,2022-08-31 14:00:00,Rain,Auto,low
1297,30.784734,76.89511,Madhya Marg,Minor,2022-05-25,22:00,2022-05-25 22:00:00,Fog,Truck,low
1298,30.643491,76.759686,Dakshin Marg,Severe,2022-01-15,05:00,2022-01-15 05:00:00,Clear,Bike,medium
1299,30.79851,76.844916,Madhya Marg,Fatal,2022-08-17,13:00,2022-08-17 13:00:00,Rain,Bike,low
1300,30.729541,76.83284,Madhya Marg,Minor,2023-10-15,07:00,2023-10-15 07:00:00,Clear,Bike,low
1301,30.618497,76.77567,Dakshin Marg,Minor,2024-06-06,16:00,2024-06-06 16:00:00,Clear,Car,medium
1302,30.731216,76.853388,Madhya Marg,Minor,2023-04-28,02:00,2023-04-28 02:00:00,Clear,Car,low
1303,30.755811,76.775208,Madhya Marg,Minor,2022-02-22,02:00,2022-02-22 02:00:00,Rain,Bus,low
1304,30.614782,76.780121,Dakshin Marg,Severe,2023-11-16,22:00,2023-11-16 22:00:00,Fog,Auto,medium
1305,30.702436,76.701089,Dakshin Marg,Minor,2022-05-21,13:00,2022-05-21 13:00:00,Rain,Auto,medium
1306,30.647425,76.879229,Dakshin Marg,Severe,2023-11-22,01:00,2023-11-22 01:00:00,Fog,Truck,medium
1307,30.768189,76.760235,Madhya Marg,Minor,2024-06-25,14:00,2024-06-25 14:00:00,Rain,Car,low
1308,30.705849,76.870942,Madhya Marg,Minor,2025-03-30,15:00,2025-03-30 15:00:00,Rain,Truck,low
1309,30.607096,76.893809,Dakshin Marg,Severe,2023-05-12,22:00,2023-05-12 22:00:00,Fog,Auto,medium
1310,30.720638,76.829291,Madhya Marg,Severe,2023-03-16,00:00,2023-03-16 00:00:00,Clear,Car,low
1311,30.657038,76.844304,Dakshin Marg,Minor,2024-02-24,08:00,2024-02-24 08:00:00,Clear,Car,medium
1312,30.761941,76.745376,Madhya Marg,Minor,2023-04-05,23:00,2023-04-05 23:00:00,Fog,Bike,low
1313,30.685639,76.809444,Dakshin Marg,Severe,2023-07-23,04:00,2023-07-23 04:00:00,Fog,Car,medium
1314,30.76099,76.733833,Madhya Marg,Severe,2023-08-21,10:00,2023-08-21 10:00:00,Clear,Car,low
1315,30.720206,76.72256,Dakshin Marg,Severe,2022-12-14,11:00,2022-12-14 11:00:00,Rain,Truck,medium
1316,30.653683,76.801989,Dakshin Marg,Fatal,2023-11-28,03:00,2023-11-28 03:00:00,Clear,Truck,medium
1317,30.601617,76.730501,Dakshin Marg,Minor,2023-12-22,16:00,2023-12-22 16:00:00,Rain,Bus,medium
1318,30.728349,76.867541,Madhya Marg,Severe,2022-04-29,19:00,2022-04-29 19:00:00,Rain,Truck,low
1319,30.765483,76.817906,Madhya Marg,Fatal,2022-01-12,18:00,2022-01-12 18:00:00,Clear,Auto,low
1320,30.602415,76.739689,Dakshin Marg,Minor,2024-11-10,04:00,2024-11-10 04:00:00,Rain,Bus,medium
1321,30.764401,76.792765,Madhya Marg,Minor,2022-03-21,06:00,2022-03-21 06:00:00,Fog,Bus,low
1322,30.708613,76.835525,Madhya Marg,Fatal,2025-01-17,15:00,2025-01-17 15:00:00,Clear,Truck,low
1323,30.650245,76.730583,Dakshin Marg,Fatal,2023-12-08,13:00,2023-12-08 13:00:00,Rain,Car,medium
1324,30.785957,76.71868,Madhya Marg,Minor,2022-02-22,03:00,2022-02-22 03:00:00,Fog,Auto,low
1325,30.612127,76.812317,Dakshin Marg,Fatal,2024-12-07,00:00,2024-12-07 00:00:00,Fog,Truck,medium
1326,30.700878,76.849637,Madhya Marg,Severe,2022-07-07,11:00,2022-07-07 11:00:00,Clear,Car,low
1327,30.629841,76.722688,Dakshin Marg,Minor,2022-01-25,17:00,2022-01-25 17:00:00,Rain,Auto,medium
1328,30.621089,76.893408,Dakshin Marg,Minor,2023-02-04,19:00,2023-02-04 19:00:00,Fog,Bike,medium
1329,30.793286,76.817924,Madhya Marg,Minor,2024-09-10,04:00,2024-09-10 04:00:00,Fog,Bus,low
1330,30.703967,76.824997,Madhya Marg,Severe,2024-12-15,02:00,2024-12-15 02:00:00,Clear,Car,low
1331,30.733926,76.755731,Madhya Marg,Minor,2023-12-11,21:00,2023-12-11 21:00:00,Rain,Bus,low
1332,30.639982,76.801802,Dakshin Marg,Severe,2023-10-04,17:00,2023-10-04 17:00:00,Clear,Truck,medium
1333,30.770601,76.728176,Madhya Marg,Severe,2025-01-02,22:00,2025-01-02 22:00:00,Clear,Bike,low
1334,30.602986,76.773931,Dakshin Marg,Severe,2024-10-08,01:00,2024-10-08 01:00:00,Fog,Auto,medium
1335,30.779776,76.850107,Madhya Marg,Fatal,2023-02-16,10:00,2023-02-16 10:00:00,Rain,Bike,low
1336,30.680358,76.875324,Madhya Marg,Fatal,2022-03-07,13:00,2022-03-07 13:00:00,Clear,Bike,low
1337,30.781319,76.78167,Madhya Marg,Minor,2024-08-29,06:00,2024-08-29 06:00:00,Rain,Auto,low
1338,30.648555,76.83965,Dakshin Marg,Severe,2022-05-20,11:00,2022-05-20 11:00:00,Fog,Bike,medium
1339,30.664581,76.876533,Dakshin Marg,Minor,2023-10-19,13:00,2023-10-19 13:00:00,Clear,Bike,medium
1340,30.652708,76.771138,Dakshin Marg,Minor,2022-03-05,08:00,2022-03-05 08:00:00,Rain,Bus,medium
1341,30.672425,76.77053,Dakshin Marg,Fatal,2024-07-08,13:00,2024-07-08 13:00:00,Fog,Truck,medium
1342,30.683931,76.893251,Madhya Marg,Minor,2022-05-22,19:00,2022-05-22 19:00:00,Rain,Truck,low
1343,30.783625,76.862673,Madhya Marg,Severe,2023-03-01,23:00,2023-03-01 23:00:00,Clear,Auto,low
1344,30.681718,76.820997,Dakshin Marg,Severe,2023-11-17,14:00,2023-11-17 14:00:00,Rain,Bus,medium
1345,30.751472,76.799355,Madhya Marg,Minor,2023-02-21,21:00,2023-02-21 21:00:00,Fog,Bus,low
1346,30.65554,76.720714,Dakshin Marg,Fatal,2023-05-11,09:00,2023-05-11 09:00:00,Rain,Truck,medium
1347,30.666705,76.840052,Dakshin Marg,Fatal,2025-01-08,08:00,2025-01-08 08:00:00,Rain,Bus,medium
1348,30.727267,76.865546,Madhya Marg,Fatal,2024-04-05,08:00,2024-04-05 08:00:00,Clear,Bike,low
1349,30.639063,76.715987,Dakshin Marg,Fatal,2022-02-09,15:00,2022-02-09 15:00:00,Rain,Bus,medium
1350,30.741727,76.710687,Dakshin Marg,Fatal,2023-11-18,17:00,2023-11-18 17:00:00,Fog,Auto,medium
1351,30.682759,76.839259,Dakshin Marg,Minor,2022-02-17,03:00,2022-02-17 03:00:00,Rain,Car,medium
1352,30.607406,76.790926,Dakshin Marg,Severe,2023-04-04,16:00,2023-04-04 16:00:00,Rain,Bus,medium
1353,30.653099,76.896224,Dakshin Marg,Minor,2022-06-22,05:00,2022-06-22 05:00:00,Rain,Bike,medium
1354,30.795086,76.709135,Madhya Marg,Severe,2022-04-30,03:00,2022-04-30 03:00:00,Fog,Bike,low
1355,30.689475,76.869287,Madhya Marg,Minor,2023-01-24,14:00,2023-01-24 14:00:00,Fog,Bus,low
1356,30.649462,76.859164,Dakshin Marg,Severe,2025-01-21,23:00,2025-01-21 23:00:00,Rain,Bike,medium
1357,30.604576,76.700844,Dakshin Marg,Severe,2022-04-11,08:00,2022-04-11 08:00:00,Clear,Bike,medium
1358,30.694238,76.750119,Dakshin Marg,Severe,2024-03-22,16:00,2024-03-22 16:00:00,Rain,Truck,medium
1359,30.634169,76.728745,Dakshin Marg,Minor,2022-03-27,04:00,2022-03-27 04:00:00,Fog,Truck,medium
1360,30.677029,76.762287,Dakshin Marg,Minor,2024-01-25,16:00,2024-01-25 16:00:00,Fog,Auto,medium
1361,30.638327,76.741904,Dakshin Marg,Minor,2022-06-21,01:00,2022-06-21 01:00:00,Clear,Bike,medium
1362,30.754827,76.84507,Madhya Marg,Minor,2022-05-16,21:00,2022-05-16 21:00:00,Rain,Truck,low
1363,30.745808,76.746422,Madhya Marg,Minor,2022-10-28,17:00,2022-10-28 17:00:00,Clear,Bike,low
1364,30.726982,76.794359,Madhya Marg,Minor,2024-08-06,18:00,2024-08-06 18:00:00,Rain,Auto,low
1365,30.629775,76.826731,Dakshin Marg,Minor,2024-05-23,06:00,2024-05-23 06:00:00,Fog,Auto,medium
1366,30.761428,76.710215,Madhya Marg,Fatal,2022-09-21,22:00,2022-09-21 22:00:00,Rain,Auto,low
1367,30.740281,76.794684,Madhya Marg,Severe,2024-06-19,20:00,2024-06-19 20:00:00,Clear,Bus,low
1368,30.739026,76.761542,Madhya Marg,Severe,2024-11-28,20:00,2024-11-28 20:00:00,Rain,Bus,low
1369,30.716993,76.727687,Dakshin Marg,Minor,2023-10-28,08:00,2023-10-28 08:00:00,Rain,Auto,medium
1370,30.756599,76.8886,Madhya Marg,Minor,2023-05-07,03:00,2023-05-07 03:00:00,Fog,Car,low
1371,30.731889,76.89636,Madhya Marg,Minor,2023-08-25,02:00,2023-08-25 02:00:00,Clear,Bike,low
1372,30.755864,76.747808,Madhya Marg,Minor,2023-03-23,00:00,2023-03-23 00:00:00,Clear,Auto,low
1373,30.64754,76.843486,Dakshin Marg,Severe,2024-06-17,06:00,2024-06-17 06:00:00,Rain,Car,medium
1374,30.730017,76.828337,Madhya Marg,Severe,2024-06-30,14:00,2024-06-30 14:00:00,Clear,Car,low
1375,30.654075,76.719838,Dakshin Marg,Minor,2025-04-10,13:00,2025-04-10 13:00:00,Rain,Truck,medium
1376,30.691899,76.702486,Dakshin Marg,Severe,2023-12-30,17:00,2023-12-30 17:00:00,Fog,Truck,medium
1377,30.725399,76.877543,Madhya Marg,Severe,2023-08-11,19:00,2023-08-11 19:00:00,Clear,Car,low
1378,30.621346,76.744798,Dakshin Marg,Minor,2023-12-24,11:00,2023-12-24 11:00:00,Rain,Car,medium
1379,30.660145,76.748198,Dakshin Marg,Severe,2022-06-27,17:00,2022-06-27 17:00:00,Fog,Bus,medium
1380,30.738933,76.883309,Madhya Marg,Severe,2022-02-23,21:00,2022-02-23 21:00:00,Clear,Truck,low
1381,30.65245,76.790945,Dakshin Marg,Fatal,2022-05-17,14:00,2022-05-17 14:00:00,Fog,Bike,medium
1382,30.776054,76.808997,Madhya Marg,Minor,2024-10-29,15:00,2024-10-29 15:00:00,Fog,Bike,low
1383,30.61379,76.723983,Dakshin Marg,Minor,2025-01-11,06:00,2025-01-11 06:00:00,Clear,Auto,medium
1384,30.614966,76.761686,Dakshin Marg,Fatal,2023-11-22,10:00,2023-11-22 10:00:00,Clear,Bike,medium
1385,30.629696,76.779194,Dakshin Marg,Minor,2022-10-01,02:00,2022-10-01 02:00:00,Fog,Truck,medium
1386,30.70921,76.742362,Dakshin Marg,Minor,2022-09-15,17:00,2022-09-15 17:00:00,Clear,Truck,medium
1387,30.674208,76.776363,Dakshin Marg,Severe,2023-09-04,22:00,2023-09-04 22:00:00,Rain,Bike,medium
1388,30.605948,76.713287,Dakshin Marg,Minor,2022-05-28,23:00,2022-05-28 23:00:00,Fog,Bus,medium
1389,30.758171,76.75076,Madhya Marg,Minor,2025-02-18,02:00,2025-02-18 02:00:00,Rain,Bus,low
1390,30.646411,76.86847,Dakshin Marg,Minor,2023-03-01,17:00,2023-03-01 17:00:00,Clear,Truck,medium
1391,30.669649,76.843388,Dakshin Marg,Fatal,2024-02-23,00:00,2024-02-23 00:00:00,Fog,Auto,medium
1392,30.680357,76.861234,Dakshin Marg,Severe,2024-08-27,16:00,2024-08-27 16:00:00,Fog,Auto,medium
1393,30.619527,76.79987,Dakshin Marg,Fatal,2023-07-20,10:00,2023-07-20 10:00:00,Fog,Bus,medium
1394,30.670687,76.805993,Dakshin Marg,Severe,2024-03-15,03:00,2024-03-15 03:00:00,Fog,Car,medium
1395,30.60761,76.757621,Dakshin Marg,Severe,2023-02-27,18:00,2023-02-27 18:00:00,Rain,Bike,medium
1396,30.696979,76.837896,Madhya Marg,Minor,2024-03-15,11:00,2024-03-15 11:00:00,Fog,Bike,low
1397,30.765138,76.807933,Madhya Marg,Severe,2024-03-16,23:00,2024-03-16 23:00:00,Fog,Bus,low
1398,30.607615,76.754752,Dakshin Marg,Minor,2024-12-10,10:00,2024-12-10 10:00:00,Rain,Bike,medium
1399,30.675843,76.859397,Dakshin Marg,Severe,2023-04-04,05:00,2023-04-04 05:00:00,Fog,Bus,medium
1400,30.640649,76.809488,Dakshin Marg,Fatal,2024-09-09,11:00,2024-09-09 11:00:00,Clear,Bike,medium
1401,30.683611,76.742759,Dakshin Marg,Severe,2024-11-04,16:00,2024-11-04 16:00:00,Clear,Bike,medium
1402,30.636976,76.759169,Dakshin Marg,Minor,2024-01-05,23:00,2024-01-05 23:00:00,Fog,Truck,medium
1403,30.771699,76.77735,Madhya Marg,Minor,2023-09-15,05:00,2023-09-15 05:00:00,Fog,Car,low
1404,30.796088,76.848243,Madhya Marg,Fatal,2023-10-20,13:00,2023-10-20 13:00:00,Clear,Bus,low
1405,30.669239,76.879995,Dakshin Marg,Minor,2023-11-08,14:00,2023-11-08 14:00:00,Clear,Bus,medium
1406,30.644564,76.840924,Dakshin Marg,Fatal,2024-01-15,09:00,2024-01-15 09:00:00,Fog,Auto,medium
1407,30.618355,76.804156,Dakshin Marg,Severe,2022-03-08,10:00,2022-03-08 10:00:00,Clear,Truck,medium
1408,30.634645,76.874775,Dakshin Marg,Minor,2024-03-13,04:00,2024-03-13 04:00:00,Rain,Car,medium
1409,30.665536,76.804263,Dakshin Marg,Fatal,2022-07-05,01:00,2022-07-05 01:00:00,Fog,Auto,medium
1410,30.667059,76.876455,Dakshin Marg,Fatal,2024-06-08,05:00,2024-06-08 05:00:00,Fog,Bus,medium
1411,30.79475,76.872196,Madhya Marg,Minor,2024-03-21,22:00,2024-03-21 22:00:00,Rain,Truck,low
1412,30.626323,76.786387,Dakshin Marg,Severe,2023-07-30,09:00,2023-07-30 09:00:00,Rain,Bike,medium
1413,30.699109,76.814208,Dakshin Marg,Minor,2022-02-20,01:00,2022-02-20 01:00:00,Fog,Car,medium
1414,30.799306,76.813157,Madhya Marg,Severe,2022-10-28,15:00,2022-10-28 15:00:00,Clear,Bike,low
1415,30.753988,76.704773,Dakshin Marg,Severe,2024-10-25,13:00,2024-10-25 13:00:00,Clear,Bike,medium
1416,30.760528,76.859492,Madhya Marg,Fatal,2022-03-06,15:00,2022-03-06 15:00:00,Clear,Bus,low
1417,30.655455,76.754982,Dakshin Marg,Minor,2025-04-03,10:00,2025-04-03 10:00:00,Fog,Car,medium
1418,30.691153,76.834895,Dakshin Marg,Fatal,2025-03-09,05:00,2025-03-09 05:00:00,Clear,Auto,medium
1419,30.734468,76.859704,Madhya Marg,Minor,2022-06-02,04:00,2022-06-02 04:00:00,Fog,Auto,low
1420,30.774527,76.806665,Madhya Marg,Minor,2023-12-22,06:00,2023-12-22 06:00:00,Clear,Truck,low
1421,30.704932,76.873242,Madhya Marg,Minor,2023-01-30,20:00,2023-01-30 20:00:00,Clear,Auto,low
1422,30.624318,76.822448,Dakshin Marg,Severe,2024-05-27,18:00,2024-05-27 18:00:00,Fog,Bus,medium
1423,30.711115,76.865272,Madhya Marg,Minor,2022-10-12,19:00,2022-10-12 19:00:00,Clear,Truck,low
1424,30.673893,76.874218,Dakshin Marg,Minor,2023-11-25,23:00,2023-11-25 23:00:00,Clear,Car,medium
1425,30.778129,76.764039,Madhya Marg,Severe,2022-02-03,06:00,2022-02-03 06:00:00,Rain,Car,low
1426,30.76328,76.714115,Madhya Marg,Minor,2024-02-01,21:00,2024-02-01 21:00:00,Clear,Bike,low
1427,30.658742,76.738041,Dakshin Marg,Minor,2022-10-06,18:00,2022-10-06 18:00:00,Clear,Truck,medium
1428,30.621806,76.750219,Dakshin Marg,Minor,2024-04-04,05:00,2024-04-04 05:00:00,Clear,Truck,medium
1429,30.636685,76.748781,Dakshin Marg,Severe,2023-08-10,03:00,2023-08-10 03:00:00,Fog,Bus,medium
1430,30.673923,76.789266,Dakshin Marg,Minor,2022-11-05,23:00,2022-11-05 23:00:00,Clear,Truck,medium
1431,30.75205,76.848638,Madhya Marg,Minor,2022-09-07,17:00,2022-09-07 17:00:00,Clear,Bus,low
1432,30.754646,76.763497,Madhya Marg,Severe,2023-04-07,00:00,2023-04-07 00:00:00,Clear,Bus,low
1433,30.662339,76.754936,Dakshin Marg,Severe,2025-03-03,18:00,2025-03-03 18:00:00,Clear,Bike,medium
1434,30.617303,76.872794,Dakshin Marg,Minor,2022-12-26,15:00,2022-12-26 15:00:00,Rain,Bike,medium
1435,30.680866,76.824696,Dakshin Marg,Minor,2024-10-19,21:00,2024-10-19 21:00:00,Fog,Bus,medium
1436,30.70731,76.847641,Madhya Marg,Severe,2023-01-23,15:00,2023-01-23 15:00:00,Clear,Car,low
1437,30.656174,76.721778,Dakshin Marg,Severe,2022-04-04,08:00,2022-04-04 08:00:00,Clear,Auto,medium
1438,30.762147,76.781112,Madhya Marg,Minor,2022-09-28,01:00,2022-09-28 01:00:00,Fog,Auto,low
1439,30.620923,76.821004,Dakshin Marg,Minor,2022-05-11,05:00,2022-05-11 05:00:00,Clear,Bike,medium
1440,30.705321,76.752944,Dakshin Marg,Minor,2023-02-08,22:00,2023-02-08 22:00:00,Fog,Truck,medium
1441,30.697198,76.734591,Dakshin Marg,Minor,2024-01-15,22:00,2024-01-15 22:00:00,Clear,Car,medium
1442,30.676567,76.871572,Madhya Marg,Fatal,2025-02-10,23:00,2025-02-10 23:00:00,Rain,Bike,low
1443,30.726933,76.82777,Madhya Marg,Severe,2022-03-11,11:00,2022-03-11 11:00:00,Clear,Car,low
1444,30.785995,76.78432,Madhya Marg,Minor,2022-05-11,20:00,2022-05-11 20:00:00,Rain,Bike,low
1445,30.608936,76.728223,Dakshin Marg,Minor,2023-08-21,12:00,2023-08-21 12:00:00,Rain,Truck,medium
1446,30.746864,76.881007,Madhya Marg,Severe,2024-10-14,03:00,2024-10-14 03:00:00,Rain,Bus,low
1447,30.639139,76.712672,Dakshin Marg,Minor,2023-12-23,03:00,2023-12-23 03:00:00,Clear,Truck,medium
1448,30.795577,76.874218,Madhya Marg,Minor,2022-07-27,21:00,2022-07-27 21:00:00,Clear,Bus,low
1449,30.65602,76.74816,Dakshin Marg,Minor,2022-12-17,07:00,2022-12-17 07:00:00,Clear,Bus,medium
1450,30.6474,76.798121,Dakshin Marg,Severe,2024-05-17,22:00,2024-05-17 22:00:00,Fog,Bike,medium
1451,30.607148,76.851757,Dakshin Marg,Minor,2023-11-06,14:00,2023-11-06 14:00:00,Clear,Bike,medium
1452,30.694672,76.819712,Dakshin Marg,Severe,2023-09-08,20:00,2023-09-08 20:00:00,Clear,Bus,medium
1453,30.666974,76.72413,Dakshin Marg,Severe,2025-02-28,21:00,2025-02-28 21:00:00,Fog,Truck,medium
1454,30.755591,76.85852,Madhya Marg,Minor,2022-09-24,01:00,2022-09-24 01:00:00,Rain,Auto,low
1455,30.717331,76.732728,Dakshin Marg,Minor,2024-11-15,15:00,2024-11-15 15:00:00,Clear,Bike,medium
1456,30.661704,76.798126,Dakshin Marg,Minor,2022-05-31,00:00,2022-05-31 00:00:00,Fog,Bus,medium
1457,30.705544,76.783776,Dakshin Marg,Minor,2023-05-29,16:00,2023-05-29 16:00:00,Rain,Truck,medium
1458,30.702523,76.825958,Madhya Marg,Minor,2025-03-08,11:00,2025-03-08 11:00:00,Rain,Truck,low
1459,30.624045,76.702379,Dakshin Marg,Fatal,2022-10-31,01:00,2022-10-31 01:00:00,Rain,Auto,medium
1460,30.654216,76.78362,Dakshin Marg,Minor,2023-06-12,15:00,2023-06-12 15:00:00,Rain,Car,medium
1461,30.762024,76.731262,Madhya Marg,Fatal,2022-03-21,23:00,2022-03-21 23:00:00,Fog,Car,low
1462,30.675626,76.79239,Dakshin Marg,Minor,2023-09-02,12:00,2023-09-02 12:00:00,Fog,Car,medium
1463,30.625331,76.779741,Dakshin Marg,Minor,2023-04-14,14:00,2023-04-14 14:00:00,Rain,Bus,medium
1464,30.6743,76.747417,Dakshin Marg,Severe,2022-10-13,09:00,2022-10-13 09:00:00,Fog,Bus,medium
1465,30.77239,76.882712,Madhya Marg,Severe,2024-06-15,09:00,2024-06-15 09:00:00,Clear,Bike,low
1466,30.71942,76.814313,Madhya Marg,Severe,2022-01-17,10:00,2022-01-17 10:00:00,Fog,Auto,low
1467,30.613953,76.77359,Dakshin Marg,Minor,2024-12-22,09:00,2024-12-22 09:00:00,Rain,Bike,medium
1468,30.760979,76.788441,Madhya Marg,Minor,2023-07-29,16:00,2023-07-29 16:00:00,Clear,Auto,low
1469,30.699064,76.792676,Dakshin Marg,Minor,2024-02-07,11:00,2024-02-07 11:00:00,Fog,Bike,medium
1470,30.691689,76.891221,Madhya Marg,Fatal,2024-07-09,11:00,2024-07-09 11:00:00,Clear,Car,low
1471,30.612601,76.834527,Dakshin Marg,Minor,2022-07-25,00:00,2022-07-25 00:00:00,Clear,Car,medium
1472,30.620368,76.750381,Dakshin Marg,Minor,2023-03-28,08:00,2023-03-28 08:00:00,Clear,Car,medium
1473,30.668656,76.783833,Dakshin Marg,Severe,2024-09-25,15:00,2024-09-25 15:00:00,Clear,Bus,medium
1474,30.765059,76.818738,Madhya Marg,Minor,2022-03-08,11:00,2022-03-08 11:00:00,Rain,Bike,low
1475,30.68747,76.798053,Dakshin Marg,Minor,2024-03-28,20:00,2024-03-28 20:00:00,Clear,Car,medium
1476,30.78476,76.81184,Madhya Marg,Severe,2024-10-23,10:00,2024-10-23 10:00:00,Clear,Truck,low
1477,30.699853,76.769672,Dakshin Marg,Minor,2023-09-22,20:00,2023-09-22 20:00:00,Clear,Car,medium
1478,30.682293,76.755908,Dakshin Marg,Minor,2023-03-08,04:00,2023-03-08 04:00:00,Fog,Auto,medium
1479,30.789586,76.724808,Madhya Marg,Fatal,2023-01-04,09:00,2023-01-04 09:00:00,Rain,Bus,low
1480,30.667874,76.837683,Dakshin Marg,Minor,2024-02-27,14:00,2024-02-27 14:00:00,Clear,Bike,medium
1481,30.746722,76.742104,Madhya Marg,Fatal,2022-05-23,00:00,2022-05-23 00:00:00,Fog,Car,low
1482,30.647494,76.814266,Dakshin Marg,Minor,2024-04-20,14:00,2024-04-20 14:00:00,Fog,Bus,medium
1483,30.713518,76.896223,Madhya Marg,Minor,2022-10-15,06:00,2022-10-15 06:00:00,Rain,Auto,low
1484,30.774099,76.837353,Madhya Marg,Minor,2024-10-09,23:00,2024-10-09 23:00:00,Fog,Auto,low
1485,30.67586,76.715779,Dakshin Marg,Minor,2022-09-05,20:00,2022-09-05 20:00:00,Fog,Auto,medium
1486,30.618864,76.848706,Dakshin Marg,Minor,2024-09-17,06:00,2024-09-17 06:00:00,Fog,Car,medium
1487,30.763947,76.704732,Madhya Marg,Severe,2024-03-05,08:00,2024-03-05 08:00:00,Fog,Bike,low
1488,30.677106,76.762035,Dakshin Marg,Minor,2023-09-01,10:00,2023-09-01 10:00:00,Rain,Bus,medium
1489,30.623054,76.775622,Dakshin Marg,Severe,2024-03-14,06:00,2024-03-14 06:00:00,Rain,Truck,medium
1490,30.608917,76.738103,Dakshin Marg,Severe,2025-03-11,18:00,2025-03-11 18:00:00,Clear,Car,medium
1491,30.629269,76.789126,Dakshin Marg,Severe,2024-12-04,06:00,2024-12-04 06:00:00,Rain,Bus,medium
1492,30.678356,76.794692,Dakshin Marg,Minor,2023-02-03,17:00,2023-02-03 17:00:00,Rain,Truck,medium
1493,30.638133,76.816072,Dakshin Marg,Fatal,2022-10-06,21:00,2022-10-06 21:00:00,Rain,Car,medium
1494,30.679206,76.742629,Dakshin Marg,Fatal,2022-12-16,16:00,2022-12-16 16:00:00,Rain,Bike,medium
1495,30.660194,76.898279,Dakshin Marg,Minor,2024-04-02,12:00,2024-04-02 12:00:00,Clear,Auto,medium
1496,30.780761,76.76592,Madhya Marg,Minor,2022-08-20,17:00,2022-08-20 17:00:00,Clear,Bus,low
1497,30.646192,76.773291,Dakshin Marg,Minor,2025-03-06,03:00,2025-03-06 03:00:00,Fog,Auto,medium
1498,30.718868,76.821901,Madhya Marg,Fatal,2024-04-06,06:00,2024-04-06 06:00:00,Rain,Bike,low
1499,30.766188,76.789771,Madhya Marg,Minor,2024-12-21,15:00,2024-12-21 15:00:00,Fog,Bike,low
1500,30.765736,76.737023,Madhya Marg,Fatal,2024-11-27,21:00,2024-11-27 21:00:00,Clear,Bike,low
1501,30.614861,76.884951,Dakshin Marg,Minor,2023-07-01,13:00,2023-07-01 13:00:00,Clear,Bus,medium
1502,30.602991,76.722331,Dakshin Marg,Fatal,2023-05-21,11:00,2023-05-21 11:00:00,Fog,Bike,medium
1503,30.776856,76.771738,Madhya Marg,Severe,2022-05-01,07:00,2022-05-01 07:00:00,Rain,Bus,low
1504,30.641679,76.716433,Dakshin Marg,Fatal,2023-05-19,07:00,2023-05-19 07:00:00,Rain,Bus,medium
1505,30.632331,76.786104,Dakshin Marg,Severe,2022-02-05,12:00,2022-02-05 12:00:00,Rain,Truck,medium
1506,30.789327,76.877235,Madhya Marg,Fatal,2023-10-25,08:00,2023-10-25 08:00:00,Fog,Car,low
1507,30.629209,76.788026,Dakshin Marg,Minor,2023-01-29,15:00,2023-01-29 15:00:00,Clear,Bus,medium
1508,30.768324,76.717966,Madhya Marg,Severe,2022-12-17,13:00,2022-12-17 13:00:00,Clear,Auto,low
1509,30.668999,76.842003,Dakshin Marg,Minor,2025-04-08,12:00,2025-04-08 12:00:00,Fog,Truck,medium
1510,30.758418,76.811382,Madhya Marg,Fatal,2024-04-18,20:00,2024-04-18 20:00:00,Fog,Bike,low
1511,30.735805,76.831458,Madhya Marg,Severe,2023-07-25,06:00,2023-07-25 06:00:00,Rain,Auto,low
1512,30.782667,76.746808,Madhya Marg,Minor,2024-10-15,08:00,2024-10-15 08:00:00,Fog,Auto,low
1513,30.760536,76.862115,Madhya Marg,Minor,2024-04-24,23:00,2024-04-24 23:00:00,Fog,Auto,low
1514,30.783758,76.888949,Madhya Marg,Severe,2023-01-02,10:00,2023-01-02 10:00:00,Rain,Auto,low
1515,30.60363,76.715971,Dakshin Marg,Severe,2023-03-10,11:00,2023-03-10 11:00:00,Rain,Bus,medium
1516,30.683902,76.888171,Madhya Marg,Minor,2024-08-01,11:00,2024-08-01 11:00:00,Fog,Truck,low
1517,30.794752,76.888,Madhya Marg,Minor,2024-07-06,08:00,2024-07-06 08:00:00,Fog,Car,low
1518,30.747319,76.847292,Madhya Marg,Minor,2024-06-22,18:00,2024-06-22 18:00:00,Clear,Bus,low
1519,30.732037,76.707536,Dakshin Marg,Severe,2024-11-03,07:00,2024-11-03 07:00:00,Rain,Car,medium
1520,30.744344,76.86196,Madhya Marg,Minor,2023-12-12,07:00,2023-12-12 07:00:00,Rain,Truck,low
1521,30.73066,76.790335,Madhya Marg,Minor,2023-12-21,16:00,2023-12-21 16:00:00,Clear,Truck,low
1522,30.690602,76.78709,Dakshin Marg,Minor,2024-08-09,13:00,2024-08-09 13:00:00,Clear,Truck,medium
1523,30.615947,76.701417,Dakshin Marg,Severe,2022-09-10,20:00,2022-09-10 20:00:00,Rain,Bike,medium
1524,30.77919,76.759309,Madhya Marg,Minor,2025-03-02,22:00,2025-03-02 22:00:00,Rain,Car,low
1525,30.614963,76.814523,Dakshin Marg,Minor,2025-02-18,01:00,2025-02-18 01:00:00,Fog,Bus,medium
1526,30.772664,76.893603,Madhya Marg,Minor,2022-03-31,03:00,2022-03-31 03:00:00,Fog,Bike,low
1527,30.673184,76.763966,Dakshin Marg,Severe,2022-12-03,09:00,2022-12-03 09:00:00,Clear,Bus,medium
1528,30.636772,76.782799,Dakshin Marg,Minor,2024-07-05,06:00,2024-07-05 06:00:00,Rain,Car,medium
1529,30.619269,76.883034,Dakshin Marg,Minor,2024-03-13,11:00,2024-03-13 11:00:00,Clear,Truck,medium
1530,30.610102,76.742507,Dakshin Marg,Severe,2022-05-25,23:00,2022-05-25 23:00:00,Rain,Auto,medium
1531,30.783165,76.777346,Madhya Marg,Minor,2023-07-23,12:00,2023-07-23 12:00:00,Fog,Auto,low
1532,30.796724,76.743701,Madhya Marg,Minor,2024-07-07,08:00,2024-07-07 08:00:00,Fog,Bike,low
1533,30.626733,76.761321,Dakshin Marg,Minor,2022-04-10,05:00,2022-04-10 05:00:00,Fog,Bus,medium
1534,30.747507,76.748164,Madhya Marg,Minor,2023-07-05,03:00,2023-07-05 03:00:00,Rain,Bus,low
1535,30.621973,76.844956,Dakshin Marg,Minor,2022-03-24,10:00,2022-03-24 10:00:00,Rain,Bus,medium
1536,30.748087,76.896265,Madhya Marg,Minor,2022-01-31,18:00,2022-01-31 18:00:00,Fog,Car,low
1537,30.71098,76.77485,Dakshin Marg,Minor,2022-01-27,17:00,2022-01-27 17:00:00,Clear,Truck,medium
1538,30.630887,76.832417,Dakshin Marg,Minor,2022-07-23,19:00,2022-07-23 19:00:00,Rain,Bus,medium
1539,30.636053,76.730612,Dakshin Marg,Fatal,2024-08-22,10:00,2024-08-22 10:00:00,Clear,Car,medium
1540,30.690244,76.793471,Dakshin Marg,Minor,2022-05-16,22:00,2022-05-16 22:00:00,Fog,Car,medium
1541,30.665937,76.784374,Dakshin Marg,Minor,2024-12-15,11:00,2024-12-15 11:00:00,Rain,Car,medium
1542,30.614629,76.711503,Dakshin Marg,Minor,2023-10-02,19:00,2023-10-02 19:00:00,Rain,Bus,medium
1543,30.642822,76.782783,Dakshin Marg,Fatal,2025-01-14,05:00,2025-01-14 05:00:00,Clear,Auto,medium
1544,30.776863,76.760152,Madhya Marg,Severe,2024-01-27,21:00,2024-01-27 21:00:00,Clear,Car,low
1545,30.67804,76.789239,Dakshin Marg,Fatal,2022-04-30,17:00,2022-04-30 17:00:00,Rain,Car,medium
1546,30.644394,76.863646,Dakshin Marg,Minor,2024-08-17,01:00,2024-08-17 01:00:00,Fog,Car,medium
1547,30.684507,76.861227,Madhya Marg,Severe,2023-06-12,23:00,2023-06-12 23:00:00,Rain,Car,low
1548,30.735411,76.894704,Madhya Marg,Severe,2022-12-09,05:00,2022-12-09 05:00:00,Fog,Bike,low
1549,30.706785,76.868409,Madhya Marg,Minor,2022-07-29,02:00,2022-07-29 02:00:00,Rain,Truck,low
1550,30.787345,76.800384,Madhya Marg,Fatal,2023-08-24,17:00,2023-08-24 17:00:00,Clear,Bike,low
1551,30.625646,76.82516,Dakshin Marg,Fatal,2022-10-23,15:00,2022-10-23 15:00:00,Fog,Bus,medium
1552,30.694489,76.876853,Madhya Marg,Minor,2024-12-08,17:00,2024-12-08 17:00:00,Rain,Bike,low
1553,30.763029,76.894207,Madhya Marg,Minor,2023-09-21,11:00,2023-09-21 11:00:00,Rain,Bus,low
1554,30.748275,76.817815,Madhya Marg,Minor,2024-01-09,17:00,2024-01-09 17:00:00,Clear,Bus,low
1555,30.724333,76.870339,Madhya Marg,Severe,2024-11-24,17:00,2024-11-24 17:00:00,Fog,Truck,low
1556,30.771015,76.832493,Madhya Marg,Severe,2022-12-14,02:00,2022-12-14 02:00:00,Rain,Bike,low
1557,30.77661,76.80093,Madhya Marg,Minor,2022-09-21,13:00,2022-09-21 13:00:00,Fog,Bike,low
1558,30.744597,76.833463,Madhya Marg,Minor,2022-10-11,20:00,2022-10-11 20:00:00,Clear,Car,low
1559,30.727731,76.89217,Madhya Marg,Minor,2023-07-14,21:00,2023-07-14 21:00:00,Clear,Bike,low
1560,30.617126,76.854647,Dakshin Marg,Severe,2024-03-10,00:00,2024-03-10 00:00:00,Rain,Bus,medium
1561,30.764303,76.867407,Madhya Marg,Minor,2024-04-13,11:00,2024-04-13 11:00:00,Fog,Bike,low
1562,30.673102,76.729035,Dakshin Marg,Minor,2023-11-21,06:00,2023-11-21 06:00:00,Rain,Car,medium
1563,30.676013,76.86814,Dakshin Marg,Minor,2022-01-11,19:00,2022-01-11 19:00:00,Clear,Auto,medium
1564,30.681784,76.724811,Dakshin Marg,Minor,2022-01-04,18:00,2022-01-04 18:00:00,Clear,Car,medium
1565,30.772518,76.742946,Madhya Marg,Minor,2023-11-11,05:00,2023-11-11 05:00:00,Clear,Bike,low
1566,30.646203,76.755562,Dakshin Marg,Minor,2024-06-15,05:00,2024-06-15 05:00:00,Fog,Auto,medium
1567,30.75015,76.889996,Madhya Marg,Minor,2023-03-09,13:00,2023-03-09 13:00:00,Rain,Bike,low
1568,30.689675,76.784105,Dakshin Marg,Fatal,2023-02-15,05:00,2023-02-15 05:00:00,Rain,Auto,medium
1569,30.746861,76.848298,Madhya Marg,Minor,2023-07-11,13:00,2023-07-11 13:00:00,Rain,Bus,low
1570,30.686358,76.75179,Dakshin Marg,Minor,2023-03-09,01:00,2023-03-09 01:00:00,Rain,Bike,medium
1571,30.702012,76.779394,Dakshin Marg,Minor,2025-03-28,05:00,2025-03-28 05:00:00,Fog,Auto,medium
1572,30.798519,76.786817,Madhya Marg,Severe,2022-11-28,00:00,2022-11-28 00:00:00,Clear,Auto,low
1573,30.71468,76.760658,Dakshin Marg,Minor,2022-05-17,14:00,2022-05-17 14:00:00,Rain,Bus,medium
1574,30.614109,76.722074,Dakshin Marg,Minor,2024-10-05,14:00,2024-10-05 14:00:00,Fog,Truck,medium
1575,30.728874,76.808322,Madhya Marg,Minor,2022-09-12,03:00,2022-09-12 03:00:00,Clear,Bike,low
1576,30.768822,76.705865,Madhya Marg,Fatal,2024-05-06,18:00,2024-05-06 18:00:00,Rain,Car,low
1577,30.699366,76.812567,Dakshin Marg,Severe,2022-03-23,09:00,2022-03-23 09:00:00,Clear,Car,medium
1578,30.71994,76.837103,Madhya Marg,Fatal,2022-11-09,11:00,2022-11-09 11:00:00,Clear,Bike,low
1579,30.646558,76.796044,Dakshin Marg,Severe,2024-08-29,17:00,2024-08-29 17:00:00,Fog,Car,medium
1580,30.650992,76.856704,Dakshin Marg,Fatal,2023-08-20,09:00,2023-08-20 09:00:00,Clear,Bike,medium
1581,30.792856,76.867586,Madhya Marg,Severe,2024-02-13,18:00,2024-02-13 18:00:00,Fog,Bus,low
1582,30.673967,76.813233,Dakshin Marg,Severe,2022-08-05,02:00,2022-08-05 02:00:00,Fog,Auto,medium
1583,30.627019,76.726557,Dakshin Marg,Minor,2022-10-23,17:00,2022-10-23 17:00:00,Clear,Bus,medium
1584,30.68748,76.881917,Madhya Marg,Minor,2024-01-22,21:00,2024-01-22 21:00:00,Fog,Bike,low
1585,30.608663,76.729967,Dakshin Marg,Fatal,2024-11-11,02:00,2024-11-11 02:00:00,Fog,Bike,medium
1586,30.619079,76.709488,Dakshin Marg,Minor,2023-11-29,07:00,2023-11-29 07:00:00,Clear,Bike,medium
1587,30.669338,76.709018,Dakshin Marg,Severe,2022-04-01,16:00,2022-04-01 16:00:00,Fog,Bike,medium
1588,30.620061,76.807804,Dakshin Marg,Severe,2025-03-12,22:00,2025-03-12 22:00:00,Fog,Auto,medium
1589,30.731485,76.753833,Dakshin Marg,Minor,2024-09-12,16:00,2024-09-12 16:00:00,Rain,Auto,medium
1590,30.627984,76.72129,Dakshin Marg,Minor,2025-01-09,10:00,2025-01-09 10:00:00,Rain,Bus,medium
1591,30.766986,76.874341,Madhya Marg,Severe,2024-01-25,03:00,2024-01-25 03:00:00,Fog,Car,low
1592,30.681989,76.779221,Dakshin Marg,Minor,2022-06-14,14:00,2022-06-14 14:00:00,Clear,Auto,medium
1593,30.647425,76.781934,Dakshin Marg,Minor,2023-10-26,00:00,2023-10-26 00:00:00,Rain,Car,medium
1594,30.678232,76.767868,Dakshin Marg,Severe,2022-11-03,19:00,2022-11-03 19:00:00,Rain,Car,medium
1595,30.627884,76.827133,Dakshin Marg,Severe,2024-09-02,19:00,2024-09-02 19:00:00,Clear,Auto,medium
1596,30.609232,76.850422,Dakshin Marg,Minor,2024-02-23,09:00,2024-02-23 09:00:00,Rain,Auto,medium
1597,30.73835,76.815779,Madhya Marg,Severe,2022-12-08,19:00,2022-12-08 19:00:00,Rain,Bus,low
1598,30.745115,76.843265,Madhya Marg,Fatal,2023-10-21,08:00,2023-10-21 08:00:00,Fog,Bike,low
1599,30.716849,76.768243,Dakshin Marg,Minor,2022-01-21,04:00,2022-01-21 04:00:00,Rain,Auto,medium
1600,30.637035,76.816337,Dakshin Marg,Minor,2024-04-28,04:00,2024-04-28 04:00:00,Rain,Auto,medium
1601,30.760677,76.895239,Madhya Marg,Severe,2023-10-05,05:00,2023-10-05 05:00:00,Clear,Bike,low
1602,30.655231,76.740942,Dakshin Marg,Minor,2022-04-14,09:00,2022-04-14 09:00:00,Clear,Bus,medium
1603,30.731471,76.813574,Madhya Marg,Minor,2023-05-02,15:00,2023-05-02 15:00:00,Clear,Bus,low
1604,30.736381,76.80663,Madhya Marg,Minor,2023-10-25,17:00,2023-10-25 17:00:00,Fog,Auto,low
1605,30.677793,76.708345,Dakshin Marg,Severe,2025-03-22,04:00,2025-03-22 04:00:00,Rain,Bike,medium
1606,30.79996,76.823407,Madhya Marg,Fatal,2022-05-01,00:00,2022-05-01 00:00:00,Fog,Bike,low
1607,30.735107,76.76189,Madhya Marg,Minor,2025-04-15,06:00,2025-04-15 06:00:00,Clear,Auto,low
1608,30.669785,76.746028,Dakshin Marg,Severe,2022-08-20,05:00,2022-08-20 05:00:00,Fog,Bus,medium
1609,30.623468,76.800317,Dakshin Marg,Minor,2022-01-20,03:00,2022-01-20 03:00:00,Rain,Bus,medium
1610,30.745196,76.842805,Madhya Marg,Severe,2022-04-03,03:00,2022-04-03 03:00:00,Fog,Bus,low
1611,30.667582,76.723523,Dakshin Marg,Minor,2023-03-26,19:00,2023-03-26 19:00:00,Fog,Bus,medium
1612,30.6835,76.867905,Madhya Marg,Severe,2023-09-06,19:00,2023-09-06 19:00:00,Fog,Car,low
1613,30.645991,76.721846,Dakshin Marg,Fatal,2022-11-10,19:00,2022-11-10 19:00:00,Clear,Truck,medium
1614,30.73862,76.857844,Madhya Marg,Fatal,2022-07-17,06:00,2022-07-17 06:00:00,Clear,Auto,low
1615,30.62653,76.758271,Dakshin Marg,Fatal,2023-11-23,15:00,2023-11-23 15:00:00,Rain,Car,medium
1616,30.728222,76.881462,Madhya Marg,Minor,2024-04-29,09:00,2024-04-29 09:00:00,Rain,Bike,low
1617,30.723834,76.841737,Madhya Marg,Minor,2022-02-12,18:00,2022-02-12 18:00:00,Rain,Bike,low
1618,30.683706,76.891203,Madhya Marg,Minor,2023-01-17,08:00,2023-01-17 08:00:00,Clear,Truck,low
1619,30.623459,76.890145,Dakshin Marg,Severe,2025-03-25,02:00,2025-03-25 02:00:00,Rain,Car,medium
1620,30.798663,76.771089,Madhya Marg,Severe,2024-07-31,01:00,2024-07-31 01:00:00,Clear,Truck,low
1621,30.668098,76.79775,Dakshin Marg,Minor,2022-04-26,14:00,2022-04-26 14:00:00,Clear,Auto,medium
1622,30.713235,76.742341,Dakshin Marg,Minor,2022-07-01,00:00,2022-07-01 00:00:00,Rain,Auto,medium
1623,30.657698,76.850814,Dakshin Marg,Minor,2022-02-08,01:00,2022-02-08 01:00:00,Fog,Car,medium
1624,30.667793,76.835806,Dakshin Marg,Fatal,2023-06-06,22:00,2023-06-06 22:00:00,Rain,Auto,medium
1625,30.643252,76.808327,Dakshin Marg,Minor,2023-04-09,22:00,2023-04-09 22:00:00,Clear,Truck,medium
1626,30.600507,76.725645,Dakshin Marg,Minor,2024-12-28,05:00,2024-12-28 05:00:00,Fog,Bike,medium
1627,30.718665,76.844563,Madhya Marg,Minor,2025-04-03,15:00,2025-04-03 15:00:00,Fog,Bike,low
1628,30.766603,76.883141,Madhya Marg,Minor,2022-09-05,15:00,2022-09-05 15:00:00,Rain,Bike,low
1629,30.631687,76.800994,Dakshin Marg,Severe,2023-09-06,08:00,2023-09-06 08:00:00,Clear,Bus,medium
1630,30.762265,76.887327,Madhya Marg,Severe,2022-03-14,20:00,2022-03-14 20:00:00,Fog,Bus,low
1631,30.622933,76.894271,Dakshin Marg,Fatal,2023-05-22,23:00,2023-05-22 23:00:00,Rain,Bus,medium
1632,30.601213,76.806252,Dakshin Marg,Minor,2024-08-06,05:00,2024-08-06 05:00:00,Clear,Bus,medium
1633,30.663344,76.830464,Dakshin Marg,Minor,2024-12-29,02:00,2024-12-29 02:00:00,Fog,Car,medium
1634,30.663359,76.850759,Dakshin Marg,Fatal,2024-03-17,03:00,2024-03-17 03:00:00,Clear,Truck,medium
1635,30.73753,76.794974,Madhya Marg,Minor,2024-01-15,21:00,2024-01-15 21:00:00,Fog,Bike,low
1636,30.669306,76.864656,Dakshin Marg,Severe,2023-05-02,16:00,2023-05-02 16:00:00,Clear,Auto,medium
1637,30.651318,76.854828,Dakshin Marg,Minor,2024-03-10,22:00,2024-03-10 22:00:00,Rain,Car,medium
1638,30.796034,76.723713,Madhya Marg,Fatal,2022-11-24,10:00,2022-11-24 10:00:00,Rain,Bike,low
1639,30.702587,76.826656,Madhya Marg,Minor,2024-03-12,15:00,2024-03-12 15:00:00,Rain,Auto,low
1640,30.741769,76.806241,Madhya Marg,Minor,2024-10-29,22:00,2024-10-29 22:00:00,Fog,Bus,low
1641,30.617618,76.842071,Dakshin Marg,Minor,2022-04-14,15:00,2022-04-14 15:00:00,Clear,Truck,medium
1642,30.624511,76.800113,Dakshin Marg,Fatal,2024-05-16,22:00,2024-05-16 22:00:00,Fog,Bus,medium
1643,30.741955,76.847285,Madhya Marg,Minor,2023-05-25,22:00,2023-05-25 22:00:00,Clear,Bus,low
1644,30.600879,76.805138,Dakshin Marg,Minor,2022-09-03,21:00,2022-09-03 21:00:00,Clear,Truck,medium
1645,30.69846,76.867139,Madhya Marg,Severe,2022-07-10,10:00,2022-07-10 10:00:00,Rain,Bus,low
1646,30.645867,76.74475,Dakshin Marg,Minor,2023-09-19,22:00,2023-09-19 22:00:00,Rain,Bus,medium
1647,30.650686,76.872608,Dakshin Marg,Minor,2023-06-02,13:00,2023-06-02 13:00:00,Fog,Truck,medium
1648,30.620231,76.866494,Dakshin Marg,Fatal,2022-03-10,03:00,2022-03-10 03:00:00,Fog,Bus,medium
1649,30.620798,76.732239,Dakshin Marg,Minor,2025-01-22,18:00,2025-01-22 18:00:00,Fog,Car,medium
1650,30.674438,76.722078,Dakshin Marg,Minor,2022-02-07,04:00,2022-02-07 04:00:00,Fog,Auto,medium
1651,30.644555,76.719161,Dakshin Marg,Minor,2022-08-08,01:00,2022-08-08 01:00:00,Fog,Bike,medium
1652,30.713089,76.746964,Dakshin Marg,Minor,2024-07-11,18:00,2024-07-11 18:00:00,Clear,Car,medium
1653,30.696114,76.844137,Madhya Marg,Severe,2024-11-05,16:00,2024-11-05 16:00:00,Fog,Auto,low
1654,30.631293,76.868455,Dakshin Marg,Minor,2022-04-02,07:00,2022-04-02 07:00:00,Rain,Truck,medium
1655,30.666133,76.738375,Dakshin Marg,Fatal,2023-11-14,13:00,2023-11-14 13:00:00,Fog,Bus,medium
1656,30.735397,76.811037,Madhya Marg,Fatal,2022-08-08,08:00,2022-08-08 08:00:00,Clear,Car,low
1657,30.633296,76.732746,Dakshin Marg,Fatal,2024-10-30,16:00,2024-10-30 16:00:00,Clear,Bus,medium
1658,30.653545,76.781519,Dakshin Marg,Fatal,2023-04-17,01:00,2023-04-17 01:00:00,Rain,Car,medium
1659,30.75328,76.75814,Madhya Marg,Severe,2022-04-02,02:00,2022-04-02 02:00:00,Fog,Bike,low
1660,30.761619,76.72532,Madhya Marg,Minor,2023-12-29,23:00,2023-12-29 23:00:00,Fog,Auto,low
1661,30.788938,76.842848,Madhya Marg,Severe,2022-09-20,19:00,2022-09-20 19:00:00,Clear,Car,low
1662,30.623337,76.846081,Dakshin Marg,Minor,2025-01-30,19:00,2025-01-30 19:00:00,Fog,Truck,medium
1663,30.73868,76.720343,Dakshin Marg,Severe,2022-07-12,09:00,2022-07-12 09:00:00,Clear,Bus,medium
1664,30.641967,76.867596,Dakshin Marg,Severe,2023-09-10,19:00,2023-09-10 19:00:00,Rain,Bus,medium
1665,30.796981,76.820795,Madhya Marg,Minor,2024-01-22,06:00,2024-01-22 06:00:00,Rain,Bus,low
1666,30.632705,76.888562,Dakshin Marg,Minor,2024-10-04,01:00,2024-10-04 01:00:00,Clear,Bus,medium
1667,30.76891,76.706309,Madhya Marg,Minor,2024-10-17,19:00,2024-10-17 19:00:00,Clear,Truck,low
1668,30.78122,76.85599,Madhya Marg,Minor,2024-11-05,17:00,2024-11-05 17:00:00,Fog,Auto,low
1669,30.641981,76.788395,Dakshin Marg,Minor,2023-06-26,17:00,2023-06-26 17:00:00,Fog,Truck,medium
1670,30.6325,76.871203,Dakshin Marg,Minor,2022-03-06,15:00,2022-03-06 15:00:00,Fog,Bus,medium
1671,30.716094,76.704366,Dakshin Marg,Minor,2024-12-13,02:00,2024-12-13 02:00:00,Clear,Bus,medium
1672,30.668007,76.882678,Dakshin Marg,Minor,2023-04-08,11:00,2023-04-08 11:00:00,Rain,Auto,medium
1673,30.619786,76.734208,Dakshin Marg,Minor,2025-01-07,06:00,2025-01-07 06:00:00,Rain,Auto,medium
1674,30.62967,76.83567,Dakshin Marg,Fatal,2023-12-09,02:00,2023-12-09 02:00:00,Rain,Truck,medium
1675,30.693505,76.835491,Madhya Marg,Minor,2023-07-16,02:00,2023-07-16 02:00:00,Rain,Car,low
1676,30.615197,76.737998,Dakshin Marg,Minor,2024-12-13,13:00,2024-12-13 13:00:00,Rain,Bike,medium
1677,30.75073,76.861394,Madhya Marg,Severe,2024-07-15,18:00,2024-07-15 18:00:00,Fog,Car,low
1678,30.619493,76.893162,Dakshin Marg,Minor,2023-10-01,05:00,2023-10-01 05:00:00,Clear,Auto,medium
1679,30.722654,76.830244,Madhya Marg,Minor,2022-01-18,17:00,2022-01-18 17:00:00,Clear,Truck,low
1680,30.614634,76.806038,Dakshin Marg,Severe,2024-04-12,16:00,2024-04-12 16:00:00,Rain,Auto,medium
1681,30.765287,76.88494,Madhya Marg,Severe,2022-07-03,16:00,2022-07-03 16:00:00,Rain,Bus,low
1682,30.765594,76.750181,Madhya Marg,Minor,2022-02-18,10:00,2022-02-18 10:00:00,Rain,Auto,low
1683,30.736935,76.705316,Dakshin Marg,Severe,2024-03-23,02:00,2024-03-23 02:00:00,Fog,Auto,medium
1684,30.613061,76.829042,Dakshin Marg,Minor,2022-06-22,02:00,2022-06-22 02:00:00,Fog,Bike,medium
1685,30.786314,76.741919,Madhya Marg,Severe,2023-10-30,15:00,2023-10-30 15:00:00,Rain,Bike,low
1686,30.712634,76.740554,Dakshin Marg,Severe,2025-03-05,07:00,2025-03-05 07:00:00,Rain,Bike,medium
1687,30.624957,76.830414,Dakshin Marg,Minor,2024-01-09,16:00,2024-01-09 16:00:00,Fog,Bike,medium
1688,30.777513,76.72042,Madhya Marg,Severe,2023-01-05,18:00,2023-01-05 18:00:00,Rain,Bike,low
1689,30.618663,76.758821,Dakshin Marg,Fatal,2024-07-11,20:00,2024-07-11 20:00:00,Clear,Bike,medium
1690,30.639535,76.702109,Dakshin Marg,Minor,2024-05-16,06:00,2024-05-16 06:00:00,Fog,Car,medium
1691,30.740145,76.727625,Dakshin Marg,Severe,2023-05-31,09:00,2023-05-31 09:00:00,Clear,Bike,medium
1692,30.740467,76.723661,Dakshin Marg,Minor,2024-07-02,08:00,2024-07-02 08:00:00,Clear,Bike,medium
1693,30.686486,76.894789,Madhya Marg,Minor,2024-07-02,18:00,2024-07-02 18:00:00,Rain,Bus,low
1694,30.721058,76.763555,Dakshin Marg,Severe,2022-07-31,13:00,2022-07-31 13:00:00,Clear,Car,medium
1695,30.793292,76.856566,Madhya Marg,Severe,2023-05-04,12:00,2023-05-04 12:00:00,Fog,Bus,low
1696,30.609116,76.863788,Dakshin Marg,Minor,2022-09-10,19:00,2022-09-10 19:00:00,Fog,Car,medium
1697,30.699408,76.772899,Dakshin Marg,Fatal,2022-03-02,21:00,2022-03-02 21:00:00,Clear,Bike,medium
1698,30.740119,76.762733,Madhya Marg,Minor,2023-09-06,06:00,2023-09-06 06:00:00,Fog,Truck,low
1699,30.755042,76.883779,Madhya Marg,Minor,2024-06-08,11:00,2024-06-08 11:00:00,Rain,Bike,low
1700,30.783174,76.818138,Madhya Marg,Minor,2022-01-04,08:00,2022-01-04 08:00:00,Fog,Bus,low
1701,30.619591,76.814334,Dakshin Marg,Minor,2023-02-13,06:00,2023-02-13 06:00:00,Rain,Bike,medium
1702,30.724394,76.891633,Madhya Marg,Severe,2024-10-31,18:00,2024-10-31 18:00:00,Clear,Auto,low
1703,30.643443,76.808019,Dakshin Marg,Minor,2023-02-23,20:00,2023-02-23 20:00:00,Rain,Bike,medium
1704,30.627081,76.783253,Dakshin Marg,Severe,2022-02-18,18:00,2022-02-18 18:00:00,Clear,Bus,medium
1705,30.730893,76.737028,Dakshin Marg,Minor,2023-10-03,23:00,2023-10-03 23:00:00,Fog,Bus,medium
1706,30.645674,76.789775,Dakshin Marg,Severe,2022-08-12,20:00,2022-08-12 20:00:00,Clear,Bus,medium
1707,30.792757,76.89165,Madhya Marg,Minor,2023-10-19,06:00,2023-10-19 06:00:00,Clear,Car,low
1708,30.681182,76.847418,Dakshin Marg,Minor,2025-01-08,16:00,2025-01-08 16:00:00,Clear,Truck,medium
1709,30.706012,76.881282,Madhya Marg,Fatal,2024-11-24,16:00,2024-11-24 16:00:00,Rain,Car,low
1710,30.735554,76.820833,Madhya Marg,Minor,2024-04-19,18:00,2024-04-19 18:00:00,Rain,Car,low
1711,30.701881,76.736509,Dakshin Marg,Severe,2024-04-24,07:00,2024-04-24 07:00:00,Fog,Auto,medium
1712,30.698638,76.778327,Dakshin Marg,Minor,2023-05-08,09:00,2023-05-08 09:00:00,Rain,Truck,medium
1713,30.757353,76.852903,Madhya Marg,Severe,2023-07-16,10:00,2023-07-16 10:00:00,Rain,Bus,low
1714,30.732391,76.733042,Dakshin Marg,Minor,2024-07-05,05:00,2024-07-05 05:00:00,Fog,Car,medium
1715,30.751942,76.824285,Madhya Marg,Severe,2024-10-12,16:00,2024-10-12 16:00:00,Clear,Bike,low
1716,30.611201,76.856742,Dakshin Marg,Minor,2023-07-19,22:00,2023-07-19 22:00:00,Rain,Truck,medium
1717,30.601549,76.747196,Dakshin Marg,Fatal,2023-02-03,19:00,2023-02-03 19:00:00,Fog,Bus,medium
1718,30.787186,76.785021,Madhya Marg,Fatal,2022-12-23,02:00,2022-12-23 02:00:00,Clear,Bike,low
1719,30.601308,76.883738,Dakshin Marg,Minor,2024-08-25,15:00,2024-08-25 15:00:00,Clear,Bus,medium
1720,30.601971,76.868097,Dakshin Marg,Minor,2023-01-24,19:00,2023-01-24 19:00:00,Fog,Car,medium
1721,30.77161,76.78111,Madhya Marg,Minor,2023-01-31,00:00,2023-01-31 00:00:00,Fog,Car,low
1722,30.799458,76.783341,Madhya Marg,Minor,2022-12-05,04:00,2022-12-05 04:00:00,Rain,Bus,low
1723,30.680395,76.747855,Dakshin Marg,Minor,2022-04-27,07:00,2022-04-27 07:00:00,Fog,Truck,medium
1724,30.628238,76.839193,Dakshin Marg,Minor,2022-05-23,01:00,2022-05-23 01:00:00,Fog,Car,medium
1725,30.618112,76.772699,Dakshin Marg,Minor,2024-05-09,17:00,2024-05-09 17:00:00,Rain,Car,medium
1726,30.737444,76.889241,Madhya Marg,Minor,2023-09-01,22:00,2023-09-01 22:00:00,Fog,Bike,low
1727,30.779093,76.889242,Madhya Marg,Minor,2024-01-14,18:00,2024-01-14 18:00:00,Fog,Bus,low
1728,30.601021,76.893542,Dakshin Marg,Fatal,2024-03-30,22:00,2024-03-30 22:00:00,Rain,Bike,medium
1729,30.617614,76.778811,Dakshin Marg,Severe,2022-03-01,06:00,2022-03-01 06:00:00,Rain,Truck,medium
1730,30.775572,76.712454,Madhya Marg,Minor,2022-10-19,08:00,2022-10-19 08:00:00,Clear,Truck,low
1731,30.781235,76.841916,Madhya Marg,Fatal,2023-05-23,04:00,2023-05-23 04:00:00,Fog,Truck,low
1732,30.774473,76.802415,Madhya Marg,Severe,2025-03-30,07:00,2025-03-30 07:00:00,Rain,Bus,low
1733,30.656669,76.84322,Dakshin Marg,Minor,2022-09-05,12:00,2022-09-05 12:00:00,Fog,Truck,medium
1734,30.734993,76.779849,Madhya Marg,Fatal,2024-01-13,19:00,2024-01-13 19:00:00,Fog,Auto,low
1735,30.700804,76.704648,Dakshin Marg,Minor,2025-01-09,14:00,2025-01-09 14:00:00,Clear,Auto,medium
1736,30.771371,76.723021,Madhya Marg,Fatal,2024-04-15,22:00,2024-04-15 22:00:00,Rain,Car,low
1737,30.697491,76.788008,Dakshin Marg,Minor,2023-12-18,22:00,2023-12-18 22:00:00,Rain,Bike,medium
1738,30.715794,76.712406,Dakshin Marg,Severe,2023-11-18,16:00,2023-11-18 16:00:00,Fog,Car,medium
1739,30.602914,76.830462,Dakshin Marg,Minor,2023-11-30,17:00,2023-11-30 17:00:00,Clear,Bus,medium
1740,30.75263,76.735361,Madhya Marg,Fatal,2023-12-08,05:00,2023-12-08 05:00:00,Fog,Bike,low
1741,30.788758,76.795147,Madhya Marg,Severe,2022-10-27,10:00,2022-10-27 10:00:00,Fog,Car,low
1742,30.76819,76.865808,Madhya Marg,Minor,2022-09-09,16:00,2022-09-09 16:00:00,Rain,Bus,low
1743,30.769703,76.73244,Madhya Marg,Minor,2024-04-28,16:00,2024-04-28 16:00:00,Fog,Bus,low
1744,30.629866,76.730663,Dakshin Marg,Severe,2023-10-27,17:00,2023-10-27 17:00:00,Clear,Auto,medium
1745,30.601656,76.876207,Dakshin Marg,Minor,2022-02-26,09:00,2022-02-26 09:00:00,Clear,Truck,medium
1746,30.729886,76.822119,Madhya Marg,Severe,2023-05-12,17:00,2023-05-12 17:00:00,Fog,Bus,low
1747,30.746397,76.872659,Madhya Marg,Severe,2022-06-06,18:00,2022-06-06 18:00:00,Clear,Car,low
1748,30.670355,76.864715,Dakshin Marg,Minor,2022-03-20,17:00,2022-03-20 17:00:00,Rain,Auto,medium
1749,30.613395,76.701208,Dakshin Marg,Fatal,2023-05-26,10:00,2023-05-26 10:00:00,Clear,Car,medium
1750,30.654954,76.892873,Dakshin Marg,Severe,2024-11-18,02:00,2024-11-18 02:00:00,Fog,Truck,medium
1751,30.717458,76.753239,Dakshin Marg,Minor,2022-06-10,21:00,2022-06-10 21:00:00,Fog,Auto,medium
1752,30.759528,76.704839,Madhya Marg,Minor,2023-11-09,07:00,2023-11-09 07:00:00,Clear,Car,low
1753,30.725049,76.800895,Madhya Marg,Fatal,2025-02-15,00:00,2025-02-15 00:00:00,Rain,Bus,low
1754,30.6399,76.882581,Dakshin Marg,Minor,2024-04-04,12:00,2024-04-04 12:00:00,Fog,Bus,medium
1755,30.665726,76.755261,Dakshin Marg,Severe,2023-12-08,22:00,2023-12-08 22:00:00,Clear,Auto,medium
1756,30.625046,76.808294,Dakshin Marg,Severe,2023-03-03,18:00,2023-03-03 18:00:00,Fog,Car,medium
1757,30.619751,76.841882,Dakshin Marg,Severe,2023-09-26,05:00,2023-09-26 05:00:00,Fog,Bike,medium
1758,30.649882,76.789327,Dakshin Marg,Minor,2024-08-19,10:00,2024-08-19 10:00:00,Clear,Auto,medium
1759,30.67452,76.767967,Dakshin Marg,Fatal,2023-09-28,20:00,2023-09-28 20:00:00,Clear,Bike,medium
1760,30.764662,76.770443,Madhya Marg,Minor,2023-12-30,20:00,2023-12-30 20:00:00,Fog,Truck,low
1761,30.786079,76.735709,Madhya Marg,Minor,2023-08-22,18:00,2023-08-22 18:00:00,Fog,Car,low
1762,30.745206,76.700224,Dakshin Marg,Minor,2022-06-25,19:00,2022-06-25 19:00:00,Rain,Bike,medium
1763,30.664943,76.791726,Dakshin Marg,Fatal,2024-04-12,01:00,2024-04-12 01:00:00,Clear,Auto,medium
1764,30.78939,76.899096,Madhya Marg,Minor,2024-11-24,20:00,2024-11-24 20:00:00,Clear,Truck,low
1765,30.787234,76.892255,Madhya Marg,Fatal,2024-01-22,04:00,2024-01-22 04:00:00,Rain,Bike,low
1766,30.774142,76.847887,Madhya Marg,Fatal,2024-09-05,04:00,2024-09-05 04:00:00,Fog,Bike,low
1767,30.714795,76.736222,Dakshin Marg,Severe,2022-03-24,00:00,2022-03-24 00:00:00,Clear,Car,medium
1768,30.74317,76.802885,Madhya Marg,Minor,2023-05-15,20:00,2023-05-15 20:00:00,Rain,Car,low
1769,30.681349,76.845094,Dakshin Marg,Severe,2024-06-18,06:00,2024-06-18 06:00:00,Rain,Bus,medium
1770,30.76574,76.725525,Madhya Marg,Severe,2025-01-04,16:00,2025-01-04 16:00:00,Rain,Auto,low
1771,30.709668,76.887087,Madhya Marg,Minor,2023-12-02,06:00,2023-12-02 06:00:00,Rain,Truck,low
1772,30.787032,76.804064,Madhya Marg,Minor,2023-11-14,01:00,2023-11-14 01:00:00,Rain,Bike,low
1773,30.715424,76.894577,Madhya Marg,Severe,2023-06-29,03:00,2023-06-29 03:00:00,Fog,Bike,low
1774,30.677577,76.850449,Dakshin Marg,Minor,2023-09-18,05:00,2023-09-18 05:00:00,Clear,Bus,medium
1775,30.798423,76.828438,Madhya Marg,Minor,2024-11-07,20:00,2024-11-07 20:00:00,Rain,Car,low
1776,30.795936,76.721764,Madhya Marg,Minor,2024-07-02,12:00,2024-07-02 12:00:00,Rain,Truck,low
1777,30.724502,76.863108,Madhya Marg,Minor,2023-11-17,05:00,2023-11-17 05:00:00,Clear,Truck,low
1778,30.61525,76.773325,Dakshin Marg,Severe,2024-04-26,14:00,2024-04-26 14:00:00,Rain,Bike,medium
1779,30.759207,76.819818,Madhya Marg,Minor,2024-03-18,08:00,2024-03-18 08:00:00,Rain,Auto,low
1780,30.631334,76.752702,Dakshin Marg,Minor,2024-11-21,21:00,2024-11-21 21:00:00,Fog,Bus,medium
1781,30.737162,76.713253,Dakshin Marg,Minor,2023-11-28,10:00,2023-11-28 10:00:00,Rain,Truck,medium
1782,30.698648,76.8868,Madhya Marg,Minor,2023-08-08,11:00,2023-08-08 11:00:00,Rain,Bike,low
1783,30.725774,76.72087,Dakshin Marg,Severe,2022-04-13,16:00,2022-04-13 16:00:00,Rain,Truck,medium
1784,30.661287,76.822427,Dakshin Marg,Minor,2024-05-01,03:00,2024-05-01 03:00:00,Fog,Bus,medium
1785,30.685275,76.80886,Dakshin Marg,Severe,2024-10-11,02:00,2024-10-11 02:00:00,Clear,Bike,medium
1786,30.610814,76.718648,Dakshin Marg,Severe,2024-06-28,16:00,2024-06-28 16:00:00,Clear,Bike,medium
1787,30.672276,76.868512,Dakshin Marg,Minor,2024-03-23,11:00,2024-03-23 11:00:00,Fog,Truck,medium
1788,30.668456,76.757063,Dakshin Marg,Minor,2025-04-03,12:00,2025-04-03 12:00:00,Rain,Car,medium
1789,30.734346,76.766804,Madhya Marg,Minor,2023-07-01,23:00,2023-07-01 23:00:00,Fog,Bus,low
1790,30.62391,76.740644,Dakshin Marg,Minor,2024-08-17,01:00,2024-08-17 01:00:00,Rain,Bus,medium
1791,30.77534,76.861672,Madhya Marg,Minor,2022-01-12,04:00,2022-01-12 04:00:00,Clear,Truck,low
1792,30.653947,76.893564,Dakshin Marg,Severe,2022-08-11,04:00,2022-08-11 04:00:00,Fog,Truck,medium
1793,30.735436,76.849575,Madhya Marg,Minor,2024-10-02,03:00,2024-10-02 03:00:00,Clear,Auto,low
1794,30.740721,76.874285,Madhya Marg,Severe,2024-12-22,06:00,2024-12-22 06:00:00,Rain,Auto,low
1795,30.786136,76.82671,Madhya Marg,Minor,2023-05-03,13:00,2023-05-03 13:00:00,Rain,Truck,low
1796,30.717949,76.765472,Dakshin Marg,Minor,2024-04-29,18:00,2024-04-29 18:00:00,Rain,Bus,medium
1797,30.716944,76.808914,Madhya Marg,Severe,2025-02-25,20:00,2025-02-25 20:00:00,Clear,Auto,low
1798,30.610842,76.701514,Dakshin Marg,Fatal,2023-07-09,10:00,2023-07-09 10:00:00,Clear,Truck,medium
1799,30.681864,76.777888,Dakshin Marg,Minor,2024-09-05,08:00,2024-09-05 08:00:00,Fog,Bike,medium
1800,30.635841,76.74776,Dakshin Marg,Minor,2022-07-26,03:00,2022-07-26 03:00:00,Clear,Truck,medium
1801,30.7945,76.842448,Madhya Marg,Minor,2023-06-09,18:00,2023-06-09 18:00:00,Rain,Truck,low
1802,30.650474,76.729555,Dakshin Marg,Minor,2023-10-24,21:00,2023-10-24 21:00:00,Clear,Car,medium
1803,30.605781,76.707397,Dakshin Marg,Severe,2024-10-18,08:00,2024-10-18 08:00:00,Rain,Car,medium
1804,30.727845,76.808095,Madhya Marg,Minor,2024-09-23,04:00,2024-09-23 04:00:00,Clear,Auto,low
1805,30.730812,76.775169,Madhya Marg,Minor,2025-01-01,22:00,2025-01-01 22:00:00,Clear,Car,low
1806,30.647122,76.754337,Dakshin Marg,Fatal,2022-08-09,22:00,2022-08-09 22:00:00,Fog,Bike,medium
1807,30.790586,76.875971,Madhya Marg,Minor,2022-11-03,12:00,2022-11-03 12:00:00,Clear,Auto,low
1808,30.715754,76.899641,Madhya Marg,Severe,2023-05-04,19:00,2023-05-04 19:00:00,Fog,Auto,low
1809,30.605988,76.727646,Dakshin Marg,Severe,2022-01-01,18:00,2022-01-01 18:00:00,Fog,Car,medium
1810,30.683,76.753045,Dakshin Marg,Fatal,2023-07-16,04:00,2023-07-16 04:00:00,Fog,Auto,medium
1811,30.718587,76.888712,Madhya Marg,Minor,2023-10-30,20:00,2023-10-30 20:00:00,Rain,Truck,low
1812,30.629943,76.878276,Dakshin Marg,Minor,2024-01-09,16:00,2024-01-09 16:00:00,Fog,Bike,medium
1813,30.707364,76.761678,Dakshin Marg,Severe,2022-11-08,22:00,2022-11-08 22:00:00,Fog,Bus,medium
1814,30.720349,76.764481,Dakshin Marg,Minor,2022-06-27,03:00,2022-06-27 03:00:00,Clear,Bus,medium
1815,30.711023,76.825741,Madhya Marg,Severe,2023-07-26,11:00,2023-07-26 11:00:00,Clear,Bike,low
1816,30.654084,76.842441,Dakshin Marg,Severe,2023-12-23,15:00,2023-12-23 15:00:00,Clear,Auto,medium
1817,30.681754,76.764808,Dakshin Marg,Minor,2023-03-21,18:00,2023-03-21 18:00:00,Rain,Bus,medium
1818,30.672411,76.832,Dakshin Marg,Minor,2024-06-08,03:00,2024-06-08 03:00:00,Fog,Truck,medium
1819,30.735446,76.885849,Madhya Marg,Minor,2023-07-01,08:00,2023-07-01 08:00:00,Rain,Bike,low
1820,30.624588,76.846157,Dakshin Marg,Minor,2024-01-14,23:00,2024-01-14 23:00:00,Rain,Auto,medium
1821,30.787286,76.863599,Madhya Marg,Minor,2023-05-30,19:00,2023-05-30 19:00:00,Rain,Auto,low
1822,30.687088,76.729421,Dakshin Marg,Minor,2022-06-26,22:00,2022-06-26 22:00:00,Fog,Bike,medium
1823,30.778528,76.888454,Madhya Marg,Minor,2024-10-29,17:00,2024-10-29 17:00:00,Clear,Bus,low
1824,30.766419,76.764541,Madhya Marg,Minor,2022-05-30,15:00,2022-05-30 15:00:00,Clear,Bike,low
1825,30.632694,76.76707,Dakshin Marg,Minor,2022-02-12,11:00,2022-02-12 11:00:00,Fog,Bus,medium
1826,30.60892,76.740419,Dakshin Marg,Severe,2022-01-02,04:00,2022-01-02 04:00:00,Rain,Truck,medium
1827,30.668634,76.849089,Dakshin Marg,Minor,2025-04-06,15:00,2025-04-06 15:00:00,Fog,Bus,medium
1828,30.6994,76.874861,Madhya Marg,Minor,2024-03-15,19:00,2024-03-15 19:00:00,Fog,Auto,low
1829,30.704015,76.773792,Dakshin Marg,Minor,2023-04-18,21:00,2023-04-18 21:00:00,Rain,Bike,medium
1830,30.755323,76.811854,Madhya Marg,Severe,2023-01-29,13:00,2023-01-29 13:00:00,Fog,Bus,low
1831,30.654517,76.836328,Dakshin Marg,Minor,2022-06-06,09:00,2022-06-06 09:00:00,Fog,Auto,medium
1832,30.798148,76.707647,Madhya Marg,Severe,2023-05-07,20:00,2023-05-07 20:00:00,Fog,Bike,low
1833,30.65627,76.836154,Dakshin Marg,Minor,2022-04-04,08:00,2022-04-04 08:00:00,Fog,Auto,medium
1834,30.702174,76.865864,Madhya Marg,Minor,2023-08-01,09:00,2023-08-01 09:00:00,Clear,Bus,low
1835,30.706365,76.791057,Dakshin Marg,Minor,2024-05-30,19:00,2024-05-30 19:00:00,Fog,Bus,medium
1836,30.670534,76.830935,Dakshin Marg,Fatal,2023-12-22,16:00,2023-12-22 16:00:00,Rain,Bike,medium
1837,30.771623,76.824636,Madhya Marg,Minor,2022-02-09,10:00,2022-02-09 10:00:00,Clear,Auto,low
1838,30.71384,76.814607,Madhya Marg,Fatal,2023-08-27,12:00,2023-08-27 12:00:00,Clear,Car,low
1839,30.695117,76.779402,Dakshin Marg,Minor,2024-02-21,11:00,2024-02-21 11:00:00,Clear,Truck,medium
1840,30.724092,76.847204,Madhya Marg,Minor,2022-03-25,13:00,2022-03-25 13:00:00,Rain,Bike,low
1841,30.778707,76.715653,Madhya Marg,Fatal,2022-01-21,01:00,2022-01-21 01:00:00,Clear,Truck,low
1842,30.733419,76.769265,Madhya Marg,Minor,2023-11-25,18:00,2023-11-25 18:00:00,Fog,Truck,low
1843,30.698246,76.745784,Dakshin Marg,Severe,2022-04-18,04:00,2022-04-18 04:00:00,Rain,Truck,medium
1844,30.691794,76.867031,Madhya Marg,Fatal,2022-08-18,22:00,2022-08-18 22:00:00,Clear,Truck,low
1845,30.756476,76.854746,Madhya Marg,Minor,2022-07-21,22:00,2022-07-21 22:00:00,Rain,Bike,low
1846,30.609917,76.718381,Dakshin Marg,Severe,2022-06-18,05:00,2022-06-18 05:00:00,Fog,Car,medium
1847,30.69575,76.897694,Madhya Marg,Severe,2022-01-22,11:00,2022-01-22 11:00:00,Fog,Auto,low
1848,30.713746,76.879503,Madhya Marg,Severe,2023-11-22,22:00,2023-11-22 22:00:00,Clear,Truck,low
1849,30.743387,76.812884,Madhya Marg,Fatal,2025-04-01,18:00,2025-04-01 18:00:00,Fog,Truck,low
1850,30.788452,76.771593,Madhya Marg,Minor,2023-01-22,19:00,2023-01-22 19:00:00,Rain,Truck,low
1851,30.725961,76.885957,Madhya Marg,Severe,2022-10-05,00:00,2022-10-05 00:00:00,Rain,Bus,low
1852,30.632076,76.854779,Dakshin Marg,Minor,2022-01-22,09:00,2022-01-22 09:00:00,Fog,Bus,medium
1853,30.661865,76.741027,Dakshin Marg,Minor,2023-12-31,17:00,2023-12-31 17:00:00,Rain,Car,medium
1854,30.799837,76.863644,Madhya Marg,Minor,2022-02-02,08:00,2022-02-02 08:00:00,Clear,Bus,low
1855,30.736657,76.896045,Madhya Marg,Minor,2025-02-22,15:00,2025-02-22 15:00:00,Rain,Auto,low
1856,30.621953,76.812475,Dakshin Marg,Minor,2025-02-16,11:00,2025-02-16 11:00:00,Fog,Car,medium
1857,30.681381,76.868266,Madhya Marg,Severe,2024-01-29,19:00,2024-01-29 19:00:00,Clear,Car,low
1858,30.797852,76.725544,Madhya Marg,Severe,2023-11-23,05:00,2023-11-23 05:00:00,Fog,Auto,low
1859,30.613834,76.701962,Dakshin Marg,Severe,2023-10-15,14:00,2023-10-15 14:00:00,Rain,Auto,medium
1860,30.64382,76.814518,Dakshin Marg,Minor,2024-12-28,21:00,2024-12-28 21:00:00,Clear,Car,medium
1861,30.619784,76.756629,Dakshin Marg,Severe,2022-08-16,05:00,2022-08-16 05:00:00,Clear,Bike,medium
1862,30.604345,76.723991,Dakshin Marg,Minor,2024-01-15,20:00,2024-01-15 20:00:00,Rain,Bike,medium
1863,30.724732,76.743855,Dakshin Marg,Minor,2023-06-20,01:00,2023-06-20 01:00:00,Rain,Bike,medium
1864,30.656147,76.72731,Dakshin Marg,Minor,2023-02-02,10:00,2023-02-02 10:00:00,Clear,Auto,medium
1865,30.631116,76.883863,Dakshin Marg,Minor,2024-02-17,22:00,2024-02-17 22:00:00,Rain,Bus,medium
1866,30.780343,76.883916,Madhya Marg,Severe,2024-02-08,08:00,2024-02-08 08:00:00,Rain,Auto,low
1867,30.726835,76.866968,Madhya Marg,Severe,2022-12-14,08:00,2022-12-14 08:00:00,Rain,Bike,low
1868,30.716246,76.704087,Dakshin Marg,Severe,2023-08-07,06:00,2023-08-07 06:00:00,Fog,Car,medium
1869,30.791703,76.811608,Madhya Marg,Fatal,2024-02-29,11:00,2024-02-29 11:00:00,Rain,Car,low
1870,30.735001,76.846784,Madhya Marg,Severe,2025-01-13,18:00,2025-01-13 18:00:00,Clear,Bike,low
1871,30.655943,76.809623,Dakshin Marg,Severe,2022-01-02,18:00,2022-01-02 18:00:00,Clear,Truck,medium
1872,30.63967,76.862872,Dakshin Marg,Minor,2023-01-24,15:00,2023-01-24 15:00:00,Fog,Bike,medium
1873,30.705286,76.791224,Dakshin Marg,Minor,2024-07-14,14:00,2024-07-14 14:00:00,Clear,Bus,medium
1874,30.790196,76.749763,Madhya Marg,Severe,2025-02-21,06:00,2025-02-21 06:00:00,Rain,Auto,low
1875,30.62082,76.765458,Dakshin Marg,Severe,2024-06-26,11:00,2024-06-26 11:00:00,Rain,Truck,medium
1876,30.616043,76.890423,Dakshin Marg,Severe,2023-10-17,15:00,2023-10-17 15:00:00,Rain,Car,medium
1877,30.760625,76.830922,Madhya Marg,Minor,2024-06-04,21:00,2024-06-04 21:00:00,Clear,Auto,low
1878,30.699591,76.872067,Madhya Marg,Severe,2024-07-22,03:00,2024-07-22 03:00:00,Fog,Bike,low
1879,30.654534,76.724927,Dakshin Marg,Minor,2022-04-04,04:00,2022-04-04 04:00:00,Clear,Auto,medium
1880,30.677303,76.76568,Dakshin Marg,Severe,2022-12-19,11:00,2022-12-19 11:00:00,Rain,Car,medium
1881,30.703,76.847975,Madhya Marg,Severe,2022-12-07,21:00,2022-12-07 21:00:00,Fog,Car,low
1882,30.79118,76.777422,Madhya Marg,Fatal,2022-01-04,01:00,2022-01-04 01:00:00,Rain,Bus,low
1883,30.741984,76.884353,Madhya Marg,Fatal,2022-10-11,14:00,2022-10-11 14:00:00,Rain,Auto,low
1884,30.61514,76.858455,Dakshin Marg,Minor,2024-10-16,09:00,2024-10-16 09:00:00,Fog,Bike,medium
1885,30.749925,76.777916,Madhya Marg,Severe,2024-01-16,15:00,2024-01-16 15:00:00,Rain,Truck,low
1886,30.797817,76.879722,Madhya Marg,Minor,2023-06-08,05:00,2023-06-08 05:00:00,Rain,Bike,low
1887,30.678102,76.739902,Dakshin Marg,Fatal,2024-04-17,12:00,2024-04-17 12:00:00,Fog,Auto,medium
1888,30.794934,76.711112,Madhya Marg,Severe,2023-09-30,05:00,2023-09-30 05:00:00,Clear,Bike,low
1889,30.786063,76.824208,Madhya Marg,Minor,2024-05-04,08:00,2024-05-04 08:00:00,Fog,Truck,low
1890,30.700988,76.768735,Dakshin Marg,Fatal,2023-12-02,21:00,2023-12-02 21:00:00,Rain,Truck,medium
1891,30.700528,76.739214,Dakshin Marg,Minor,2024-09-05,16:00,2024-09-05 16:00:00,Clear,Auto,medium
1892,30.75425,76.728013,Madhya Marg,Minor,2022-05-07,07:00,2022-05-07 07:00:00,Clear,Auto,low
1893,30.60757,76.711488,Dakshin Marg,Fatal,2024-05-03,20:00,2024-05-03 20:00:00,Fog,Car,medium
1894,30.719838,76.703678,Dakshin Marg,Minor,2023-06-29,17:00,2023-06-29 17:00:00,Fog,Car,medium
1895,30.714077,76.765032,Dakshin Marg,Minor,2023-05-29,23:00,2023-05-29 23:00:00,Rain,Car,medium
1896,30.677693,76.725466,Dakshin Marg,Minor,2025-01-10,04:00,2025-01-10 04:00:00,Fog,Auto,medium
1897,30.795799,76.703438,Madhya Marg,Minor,2024-04-23,14:00,2024-04-23 14:00:00,Clear,Bike,low
1898,30.771477,76.734942,Madhya Marg,Fatal,2024-10-05,20:00,2024-10-05 20:00:00,Fog,Bike,low
1899,30.654113,76.777371,Dakshin Marg,Severe,2024-12-16,02:00,2024-12-16 02:00:00,Clear,Car,medium
1900,30.686442,76.727034,Dakshin Marg,Minor,2022-07-09,01:00,2022-07-09 01:00:00,Fog,Car,medium
1901,30.688062,76.860393,Madhya Marg,Minor,2023-08-21,12:00,2023-08-21 12:00:00,Fog,Truck,low
1902,30.743071,76.848972,Madhya Marg,Minor,2024-11-05,15:00,2024-11-05 15:00:00,Clear,Bike,low
1903,30.699893,76.835737,Madhya Marg,Severe,2023-04-13,13:00,2023-04-13 13:00:00,Fog,Auto,low
1904,30.715255,76.751519,Dakshin Marg,Minor,2022-09-09,21:00,2022-09-09 21:00:00,Clear,Car,medium
1905,30.754173,76.723029,Madhya Marg,Minor,2022-02-16,17:00,2022-02-16 17:00:00,Rain,Car,low
1906,30.617054,76.790314,Dakshin Marg,Minor,2023-09-02,11:00,2023-09-02 11:00:00,Clear,Truck,medium
1907,30.726047,76.899335,Madhya Marg,Minor,2023-05-15,20:00,2023-05-15 20:00:00,Fog,Auto,low
1908,30.60446,76.807658,Dakshin Marg,Minor,2022-03-09,22:00,2022-03-09 22:00:00,Clear,Bus,medium
1909,30.673887,76.781148,Dakshin Marg,Minor,2023-11-26,03:00,2023-11-26 03:00:00,Clear,Auto,medium
1910,30.603267,76.871541,Dakshin Marg,Fatal,2023-03-31,09:00,2023-03-31 09:00:00,Fog,Truck,medium
1911,30.743162,76.84929,Madhya Marg,Minor,2024-02-25,16:00,2024-02-25 16:00:00,Fog,Bus,low
1912,30.676437,76.755113,Dakshin Marg,Minor,2025-03-06,01:00,2025-03-06 01:00:00,Fog,Bike,medium
1913,30.681713,76.749413,Dakshin Marg,Minor,2024-06-13,09:00,2024-06-13 09:00:00,Fog,Car,medium
1914,30.643067,76.708347,Dakshin Marg,Severe,2024-11-20,06:00,2024-11-20 06:00:00,Fog,Truck,medium
1915,30.652468,76.898362,Dakshin Marg,Severe,2024-09-24,19:00,2024-09-24 19:00:00,Fog,Auto,medium
1916,30.708015,76.889644,Madhya Marg,Minor,2024-04-13,20:00,2024-04-13 20:00:00,Fog,Car,low
1917,30.661904,76.863041,Dakshin Marg,Minor,2023-10-06,15:00,2023-10-06 15:00:00,Fog,Truck,medium
1918,30.755375,76.898486,Madhya Marg,Minor,2024-09-01,16:00,2024-09-01 16:00:00,Rain,Car,low
1919,30.637232,76.832144,Dakshin Marg,Minor,2022-03-14,04:00,2022-03-14 04:00:00,Rain,Car,medium
1920,30.605373,76.749247,Dakshin Marg,Minor,2024-11-16,13:00,2024-11-16 13:00:00,Clear,Truck,medium
1921,30.796502,76.852164,Madhya Marg,Minor,2024-01-16,15:00,2024-01-16 15:00:00,Clear,Car,low
1922,30.704343,76.714385,Dakshin Marg,Severe,2025-02-22,05:00,2025-02-22 05:00:00,Fog,Car,medium
1923,30.642405,76.741502,Dakshin Marg,Minor,2024-10-05,10:00,2024-10-05 10:00:00,Clear,Auto,medium
1924,30.787987,76.782732,Madhya Marg,Minor,2023-12-10,16:00,2023-12-10 16:00:00,Fog,Truck,low
1925,30.752704,76.721655,Madhya Marg,Minor,2022-01-29,15:00,2022-01-29 15:00:00,Clear,Bus,low
1926,30.608014,76.76599,Dakshin Marg,Minor,2022-11-07,11:00,2022-11-07 11:00:00,Rain,Car,medium
1927,30.798544,76.85487,Madhya Marg,Fatal,2023-04-08,22:00,2023-04-08 22:00:00,Rain,Auto,low
1928,30.794151,76.803857,Madhya Marg,Minor,2024-08-21,05:00,2024-08-21 05:00:00,Clear,Auto,low
1929,30.707601,76.849856,Madhya Marg,Severe,2022-06-10,23:00,2022-06-10 23:00:00,Clear,Bus,low
1930,30.724566,76.850566,Madhya Marg,Minor,2024-12-19,18:00,2024-12-19 18:00:00,Clear,Bus,low
1931,30.727686,76.855336,Madhya Marg,Minor,2023-03-01,20:00,2023-03-01 20:00:00,Rain,Truck,low
1932,30.658117,76.767935,Dakshin Marg,Severe,2022-02-07,02:00,2022-02-07 02:00:00,Clear,Auto,medium
1933,30.620464,76.753338,Dakshin Marg,Fatal,2024-06-11,05:00,2024-06-11 05:00:00,Rain,Auto,medium
1934,30.629177,76.894567,Dakshin Marg,Minor,2024-03-13,11:00,2024-03-13 11:00:00,Fog,Bus,medium
1935,30.782491,76.834456,Madhya Marg,Minor,2022-01-20,04:00,2022-01-20 04:00:00,Fog,Bus,low
1936,30.612309,76.794034,Dakshin Marg,Severe,2022-07-08,01:00,2022-07-08 01:00:00,Rain,Truck,medium
1937,30.76815,76.88351,Madhya Marg,Fatal,2022-09-05,16:00,2022-09-05 16:00:00,Fog,Bus,low
1938,30.771843,76.883672,Madhya Marg,Severe,2025-02-10,06:00,2025-02-10 06:00:00,Rain,Car,low
1939,30.668883,76.824399,Dakshin Marg,Fatal,2022-07-08,05:00,2022-07-08 05:00:00,Fog,Truck,medium
1940,30.68304,76.807399,Dakshin Marg,Severe,2023-01-20,22:00,2023-01-20 22:00:00,Fog,Bus,medium
1941,30.648375,76.844462,Dakshin Marg,Minor,2024-08-10,10:00,2024-08-10 10:00:00,Fog,Truck,medium
1942,30.78713,76.795752,Madhya Marg,Severe,2024-10-23,05:00,2024-10-23 05:00:00,Clear,Truck,low
1943,30.769692,76.888747,Madhya Marg,Minor,2024-01-09,08:00,2024-01-09 08:00:00,Rain,Bus,low
1944,30.735429,76.849289,Madhya Marg,Fatal,2023-08-16,15:00,2023-08-16 15:00:00,Clear,Auto,low
1945,30.604927,76.84851,Dakshin Marg,Fatal,2025-02-15,22:00,2025-02-15 22:00:00,Fog,Bike,medium
1946,30.609085,76.879526,Dakshin Marg,Minor,2024-03-26,12:00,2024-03-26 12:00:00,Clear,Bike,medium
1947,30.76571,76.896655,Madhya Marg,Severe,2024-03-13,04:00,2024-03-13 04:00:00,Clear,Bike,low
1948,30.610751,76.700347,Dakshin Marg,Severe,2024-04-27,23:00,2024-04-27 23:00:00,Clear,Bus,medium
1949,30.697797,76.88847,Madhya Marg,Severe,2022-01-31,21:00,2022-01-31 21:00:00,Fog,Car,low
1950,30.730468,76.733768,Dakshin Marg,Minor,2024-12-29,12:00,2024-12-29 12:00:00,Rain,Bus,medium
1951,30.715663,76.896393,Madhya Marg,Minor,2024-08-27,08:00,2024-08-27 08:00:00,Rain,Bike,low
1952,30.760717,76.892184,Madhya Marg,Minor,2023-07-31,23:00,2023-07-31 23:00:00,Rain,Car,low
1953,30.760156,76.827379,Madhya Marg,Severe,2023-02-17,18:00,2023-02-17 18:00:00,Clear,Truck,low
1954,30.788308,76.828437,Madhya Marg,Minor,2023-06-11,22:00,2023-06-11 22:00:00,Fog,Car,low
1955,30.791533,76.828624,Madhya Marg,Fatal,2023-04-20,22:00,2023-04-20 22:00:00,Clear,Bus,low
1956,30.791766,76.772737,Madhya Marg,Fatal,2022-05-31,23:00,2022-05-31 23:00:00,Fog,Bus,low
1957,30.683273,76.710442,Dakshin Marg,Severe,2022-07-07,05:00,2022-07-07 05:00:00,Rain,Auto,medium
1958,30.738384,76.780911,Madhya Marg,Fatal,2024-04-17,12:00,2024-04-17 12:00:00,Rain,Bike,low
1959,30.695934,76.805625,Dakshin Marg,Severe,2023-02-24,16:00,2023-02-24 16:00:00,Rain,Bus,medium
1960,30.708631,76.872155,Madhya Marg,Severe,2022-11-15,08:00,2022-11-15 08:00:00,Rain,Auto,low
1961,30.75349,76.862076,Madhya Marg,Fatal,2024-05-06,00:00,2024-05-06 00:00:00,Fog,Auto,low
1962,30.740644,76.801194,Madhya Marg,Minor,2022-09-06,20:00,2022-09-06 20:00:00,Fog,Truck,low
1963,30.674349,76.713357,Dakshin Marg,Minor,2024-11-28,23:00,2024-11-28 23:00:00,Fog,Truck,medium
1964,30.764385,76.711268,Madhya Marg,Severe,2022-11-09,17:00,2022-11-09 17:00:00,Fog,Truck,low
1965,30.625517,76.886954,Dakshin Marg,Minor,2024-06-26,00:00,2024-06-26 00:00:00,Fog,Bus,medium
1966,30.726659,76.835968,Madhya Marg,Fatal,2023-11-25,15:00,2023-11-25 15:00:00,Clear,Truck,low
1967,30.606873,76.717709,Dakshin Marg,Minor,2023-12-08,17:00,2023-12-08 17:00:00,Rain,Truck,medium
1968,30.774328,76.864636,Madhya Marg,Minor,2022-05-21,23:00,2022-05-21 23:00:00,Clear,Bike,low
1969,30.610581,76.828664,Dakshin Marg,Fatal,2024-12-30,05:00,2024-12-30 05:00:00,Clear,Bus,medium
1970,30.646284,76.710585,Dakshin Marg,Minor,2022-08-24,13:00,2022-08-24 13:00:00,Clear,Bike,medium
1971,30.793922,76.818785,Madhya Marg,Minor,2023-06-02,12:00,2023-06-02 12:00:00,Fog,Bus,low
1972,30.682039,76.725975,Dakshin Marg,Severe,2024-09-16,03:00,2024-09-16 03:00:00,Fog,Truck,medium
1973,30.651492,76.748302,Dakshin Marg,Minor,2024-11-05,19:00,2024-11-05 19:00:00,Clear,Bus,medium
1974,30.644765,76.829394,Dakshin Marg,Fatal,2022-11-14,11:00,2022-11-14 11:00:00,Rain,Truck,medium
1975,30.644465,76.850396,Dakshin Marg,Minor,2022-08-03,06:00,2022-08-03 06:00:00,Fog,Truck,medium
1976,30.720959,76.772713,Dakshin Marg,Minor,2023-07-24,09:00,2023-07-24 09:00:00,Rain,Car,medium
1977,30.716439,76.819801,Madhya Marg,Minor,2022-09-19,10:00,2022-09-19 10:00:00,Clear,Auto,low
1978,30.681337,76.722869,Dakshin Marg,Fatal,2023-04-06,03:00,2023-04-06 03:00:00,Rain,Car,medium
1979,30.781348,76.780093,Madhya Marg,Severe,2022-10-02,17:00,2022-10-02 17:00:00,Clear,Truck,low
1980,30.728617,76.820995,Madhya Marg,Severe,2023-10-30,09:00,2023-10-30 09:00:00,Clear,Auto,low
1981,30.777092,76.719147,Madhya Marg,Minor,2023-10-02,23:00,2023-10-02 23:00:00,Clear,Car,low
1982,30.765411,76.774174,Madhya Marg,Minor,2023-09-29,12:00,2023-09-29 12:00:00,Clear,Auto,low
1983,30.757544,76.789705,Madhya Marg,Fatal,2024-03-16,12:00,2024-03-16 12:00:00,Rain,Bike,low
1984,30.759738,76.894128,Madhya Marg,Minor,2024-08-14,14:00,2024-08-14 14:00:00,Rain,Bus,low
1985,30.679164,76.717124,Dakshin Marg,Minor,2023-09-13,17:00,2023-09-13 17:00:00,Fog,Car,medium
1986,30.754413,76.8739,Madhya Marg,Severe,2023-10-22,18:00,2023-10-22 18:00:00,Rain,Bus,low
1987,30.772382,76.802169,Madhya Marg,Severe,2022-04-15,08:00,2022-04-15 08:00:00,Rain,Truck,low
1988,30.70741,76.88021,Madhya Marg,Minor,2023-09-16,16:00,2023-09-16 16:00:00,Fog,Bike,low
1989,30.674112,76.797657,Dakshin Marg,Severe,2024-03-24,06:00,2024-03-24 06:00:00,Fog,Car,medium
1990,30.692661,76.714546,Dakshin Marg,Severe,2024-03-25,09:00,2024-03-25 09:00:00,Fog,Truck,medium
1991,30.724402,76.707272,Dakshin Marg,Fatal,2023-05-17,23:00,2023-05-17 23:00:00,Clear,Bike,medium
1992,30.658213,76.738901,Dakshin Marg,Fatal,2024-06-11,07:00,2024-06-11 07:00:00,Clear,Car,medium
1993,30.700144,76.888797,Madhya Marg,Fatal,2024-12-18,12:00,2024-12-18 12:00:00,Rain,Bike,low
1994,30.696063,76.791396,Dakshin Marg,Minor,2022-10-07,09:00,2022-10-07 09:00:00,Clear,Bike,medium
1995,30.783746,76.708408,Madhya Marg,Minor,2022-02-23,22:00,2022-02-23 22:00:00,Rain,Bike,low
1996,30.708376,76.834496,Madhya Marg,Fatal,2025-02-13,12:00,2025-02-13 12:00:00,Fog,Bus,low
1997,30.685021,76.882529,Madhya Marg,Minor,2022-02-02,23:00,2022-02-02 23:00:00,Rain,Bike,low
1998,30.727493,76.875637,Madhya Marg,Minor,2025-02-16,14:00,2025-02-16 14:00:00,Rain,Car,low
1999,30.653166,76.86115,Dakshin Marg,Minor,2024-10-22,03:00,2024-10-22 03:00:00,Rain,Truck,medium
2000,30.718385,76.808074,Madhya Marg,Minor,2025-04-06,12:00,2025-04-06 12:00:00,Fog,Truck,low
2001,30.713228,76.743194,Dakshin Marg,Minor,2023-06-28,01:00,2023-06-28 01:00:00,Rain,Bike,medium
2002,30.721274,76.826134,Madhya Marg,Minor,2022-11-16,04:00,2022-11-16 04:00:00,Clear,Truck,low
2003,30.685589,76.788715,Dakshin Marg,Severe,2022-04-26,14:00,2022-04-26 14:00:00,Fog,Car,medium
2004,30.664491,76.834543,Dakshin Marg,Minor,2023-12-09,23:00,2023-12-09 23:00:00,Fog,Truck,medium
2005,30.799195,76.863122,Madhya Marg,Fatal,2025-04-11,03:00,2025-04-11 03:00:00,Rain,Truck,low
2006,30.799669,76.881778,Madhya Marg,Fatal,2022-09-04,17:00,2022-09-04 17:00:00,Clear,Car,low
2007,30.745492,76.781987,Madhya Marg,Fatal,2023-06-14,12:00,2023-06-14 12:00:00,Rain,Bus,low
2008,30.743375,76.818672,Madhya Marg,Minor,2022-09-13,12:00,2022-09-13 12:00:00,Fog,Truck,low
2009,30.738221,76.896606,Madhya Marg,Minor,2023-09-19,08:00,2023-09-19 08:00:00,Clear,Bike,low
2010,30.749362,76.802407,Madhya Marg,Minor,2022-05-01,03:00,2022-05-01 03:00:00,Rain,Bus,low
2011,30.663801,76.769707,Dakshin Marg,Severe,2025-02-27,22:00,2025-02-27 22:00:00,Fog,Auto,medium
2012,30.705312,76.884216,Madhya Marg,Severe,2023-02-12,03:00,2023-02-12 03:00:00,Rain,Car,low
2013,30.649993,76.708055,Dakshin Marg,Fatal,2024-12-17,18:00,2024-12-17 18:00:00,Fog,Car,medium
2014,30.630266,76.781172,Dakshin Marg,Minor,2023-02-03,13:00,2023-02-03 13:00:00,Fog,Car,medium
2015,30.631785,76.714809,Dakshin Marg,Fatal,2023-03-05,05:00,2023-03-05 05:00:00,Clear,Bike,medium
2016,30.786166,76.861283,Madhya Marg,Minor,2022-03-18,11:00,2022-03-18 11:00:00,Fog,Bike,low
2017,30.735622,76.735547,Dakshin Marg,Severe,2022-04-09,02:00,2022-04-09 02:00:00,Rain,Bus,medium
2018,30.613717,76.781344,Dakshin Marg,Severe,2022-07-31,19:00,2022-07-31 19:00:00,Clear,Truck,medium
2019,30.670282,76.730201,Dakshin Marg,Minor,2022-06-15,01:00,2022-06-15 01:00:00,Clear,Auto,medium
2020,30.740916,76.79014,Madhya Marg,Minor,2023-09-17,04:00,2023-09-17 04:00:00,Clear,Car,low
2021,30.688329,76.723489,Dakshin Marg,Severe,2025-02-16,08:00,2025-02-16 08:00:00,Clear,Car,medium
2022,30.780977,76.84092,Madhya Marg,Severe,2025-01-01,08:00,2025-01-01 08:00:00,Rain,Bus,low
2023,30.725331,76.728706,Dakshin Marg,Severe,2022-07-17,17:00,2022-07-17 17:00:00,Clear,Auto,medium
2024,30.652707,76.747142,Dakshin Marg,Minor,2023-04-25,16:00,2023-04-25 16:00:00,Clear,Car,medium
2025,30.623137,76.888002,Dakshin Marg,Minor,2024-10-16,10:00,2024-10-16 10:00:00,Rain,Car,medium
2026,30.679084,76.711907,Dakshin Marg,Minor,2024-05-03,00:00,2024-05-03 00:00:00,Rain,Auto,medium
2027,30.722354,76.892892,Madhya Marg,Minor,2024-03-18,03:00,2024-03-18 03:00:00,Rain,Car,low
2028,30.713067,76.71036,Dakshin Marg,Minor,2023-01-23,13:00,2023-01-23 13:00:00,Clear,Bike,medium
2029,30.650914,76.793317,Dakshin Marg,Minor,2022-10-28,14:00,2022-10-28 14:00:00,Rain,Bus,medium
2030,30.675915,76.742402,Dakshin Marg,Minor,2024-08-30,03:00,2024-08-30 03:00:00,Rain,Auto,medium
2031,30.673414,76.792263,Dakshin Marg,Severe,2023-05-18,09:00,2023-05-18 09:00:00,Rain,Truck,medium
2032,30.757875,76.754091,Madhya Marg,Minor,2023-06-30,01:00,2023-06-30 01:00:00,Fog,Bus,low
2033,30.73499,76.733348,Dakshin Marg,Minor,2022-07-20,11:00,2022-07-20 11:00:00,Rain,Truck,medium
2034,30.64384,76.72787,Dakshin Marg,Minor,2024-08-03,06:00,2024-08-03 06:00:00,Clear,Truck,medium
2035,30.71016,76.82315,Madhya Marg,Fatal,2023-09-06,02:00,2023-09-06 02:00:00,Clear,Auto,low
2036,30.697676,76.711449,Dakshin Marg,Severe,2022-10-23,04:00,2022-10-23 04:00:00,Fog,Truck,medium
2037,30.624033,76.821507,Dakshin Marg,Minor,2022-01-27,01:00,2022-01-27 01:00:00,Fog,Auto,medium
2038,30.730474,76.821638,Madhya Marg,Severe,2024-06-16,14:00,2024-06-16 14:00:00,Clear,Bus,low
2039,30.781686,76.891635,Madhya Marg,Minor,2023-04-07,13:00,2023-04-07 13:00:00,Fog,Truck,low
2040,30.706365,76.733337,Dakshin Marg,Minor,2022-01-17,12:00,2022-01-17 12:00:00,Fog,Truck,medium
2041,30.781264,76.820241,Madhya Marg,Minor,2022-01-14,17:00,2022-01-14 17:00:00,Clear,Bike,low
2042,30.685398,76.770018,Dakshin Marg,Minor,2025-03-05,18:00,2025-03-05 18:00:00,Clear,Bike,medium
2043,30.73004,76.773693,Madhya Marg,Minor,2025-02-11,16:00,2025-02-11 16:00:00,Clear,Auto,low
2044,30.634033,76.789832,Dakshin Marg,Fatal,2022-03-02,02:00,2022-03-02 02:00:00,Clear,Bike,medium
2045,30.779495,76.833149,Madhya Marg,Minor,2023-12-12,08:00,2023-12-12 08:00:00,Rain,Auto,low
2046,30.783903,76.733402,Madhya Marg,Minor,2025-04-09,23:00,2025-04-09 23:00:00,Rain,Truck,low
2047,30.665378,76.801385,Dakshin Marg,Minor,2023-02-22,00:00,2023-02-22 00:00:00,Clear,Auto,medium
2048,30.655475,76.894998,Dakshin Marg,Minor,2024-05-26,18:00,2024-05-26 18:00:00,Fog,Bus,medium
2049,30.669873,76.737538,Dakshin Marg,Severe,2023-12-17,15:00,2023-12-17 15:00:00,Rain,Truck,medium
2050,30.760413,76.895927,Madhya Marg,Severe,2022-05-14,07:00,2022-05-14 07:00:00,Rain,Bike,low
2051,30.688135,76.871795,Madhya Marg,Minor,2023-06-07,07:00,2023-06-07 07:00:00,Rain,Bike,low
2052,30.64924,76.824479,Dakshin Marg,Severe,2022-04-19,00:00,2022-04-19 00:00:00,Clear,Bus,medium
2053,30.70522,76.897645,Madhya Marg,Severe,2023-01-25,17:00,2023-01-25 17:00:00,Rain,Auto,low
2054,30.795908,76.844456,Madhya Marg,Fatal,2024-08-31,01:00,2024-08-31 01:00:00,Rain,Car,low
2055,30.734168,76.71155,Dakshin Marg,Minor,2023-05-13,22:00,2023-05-13 22:00:00,Rain,Bike,medium
2056,30.652492,76.74653,Dakshin Marg,Fatal,2022-07-01,05:00,2022-07-01 05:00:00,Clear,Bus,medium
2057,30.716671,76.760556,Dakshin Marg,Minor,2023-04-27,20:00,2023-04-27 20:00:00,Rain,Auto,medium
2058,30.631874,76.861687,Dakshin Marg,Minor,2022-08-28,03:00,2022-08-28 03:00:00,Fog,Bus,medium
2059,30.671696,76.757559,Dakshin Marg,Severe,2024-04-04,11:00,2024-04-04 11:00:00,Fog,Bus,medium
2060,30.60779,76.858772,Dakshin Marg,Severe,2024-02-15,18:00,2024-02-15 18:00:00,Rain,Bike,medium
2061,30.694033,76.728111,Dakshin Marg,Severe,2023-10-02,12:00,2023-10-02 12:00:00,Fog,Truck,medium
2062,30.750095,76.85898,Madhya Marg,Fatal,2022-03-14,03:00,2022-03-14 03:00:00,Rain,Bus,low
2063,30.751256,76.808809,Madhya Marg,Severe,2023-05-15,05:00,2023-05-15 05:00:00,Clear,Car,low
2064,30.605421,76.838971,Dakshin Marg,Minor,2025-02-05,19:00,2025-02-05 19:00:00,Fog,Auto,medium
2065,30.661118,76.713129,Dakshin Marg,Minor,2022-05-23,09:00,2022-05-23 09:00:00,Fog,Car,medium
2066,30.796187,76.710324,Madhya Marg,Severe,2024-11-26,14:00,2024-11-26 14:00:00,Fog,Car,low
2067,30.766325,76.878778,Madhya Marg,Severe,2024-06-21,05:00,2024-06-21 05:00:00,Fog,Bike,low
2068,30.679006,76.722728,Dakshin Marg,Minor,2022-07-10,04:00,2022-07-10 04:00:00,Clear,Bike,medium
2069,30.679613,76.848665,Dakshin Marg,Fatal,2025-03-23,14:00,2025-03-23 14:00:00,Rain,Bike,medium
2070,30.624931,76.830722,Dakshin Marg,Fatal,2024-07-10,18:00,2024-07-10 18:00:00,Rain,Bike,medium
2071,30.713167,76.812875,Madhya Marg,Minor,2022-06-28,22:00,2022-06-28 22:00:00,Rain,Car,low
2072,30.658444,76.829005,Dakshin Marg,Fatal,2023-10-09,14:00,2023-10-09 14:00:00,Rain,Bike,medium
2073,30.697931,76.859739,Madhya Marg,Severe,2023-10-18,22:00,2023-10-18 22:00:00,Rain,Car,low
2074,30.794228,76.872684,Madhya Marg,Severe,2022-03-22,14:00,2022-03-22 14:00:00,Fog,Bike,low
2075,30.681127,76.719856,Dakshin Marg,Severe,2022-04-01,09:00,2022-04-01 09:00:00,Fog,Car,medium
2076,30.739682,76.739214,Dakshin Marg,Severe,2022-07-23,09:00,2022-07-23 09:00:00,Clear,Bike,medium
2077,30.645931,76.880636,Dakshin Marg,Severe,2023-10-29,19:00,2023-10-29 19:00:00,Rain,Bus,medium
2078,30.78501,76.775892,Madhya Marg,Severe,2024-03-30,10:00,2024-03-30 10:00:00,Fog,Bike,low
2079,30.609643,76.893193,Dakshin Marg,Fatal,2023-09-08,05:00,2023-09-08 05:00:00,Rain,Bus,medium
2080,30.720093,76.827613,Madhya Marg,Fatal,2023-10-14,14:00,2023-10-14 14:00:00,Rain,Bike,low
2081,30.766035,76.863018,Madhya Marg,Minor,2022-03-13,05:00,2022-03-13 05:00:00,Fog,Car,low
2082,30.764923,76.828617,Madhya Marg,Minor,2023-04-24,19:00,2023-04-24 19:00:00,Clear,Bike,low
2083,30.767051,76.708904,Madhya Marg,Minor,2023-11-05,16:00,2023-11-05 16:00:00,Fog,Bike,low
2084,30.732746,76.866499,Madhya Marg,Minor,2022-12-01,00:00,2022-12-01 00:00:00,Fog,Bike,low
2085,30.739246,76.734006,Dakshin Marg,Fatal,2023-08-26,22:00,2023-08-26 22:00:00,Rain,Truck,medium
2086,30.652857,76.784342,Dakshin Marg,Minor,2023-11-11,12:00,2023-11-11 12:00:00,Rain,Bus,medium
2087,30.732946,76.857997,Madhya Marg,Severe,2022-09-03,09:00,2022-09-03 09:00:00,Fog,Auto,low
2088,30.691321,76.775334,Dakshin Marg,Severe,2022-11-12,15:00,2022-11-12 15:00:00,Rain,Car,medium
2089,30.706753,76.861299,Madhya Marg,Fatal,2024-04-17,17:00,2024-04-17 17:00:00,Rain,Auto,low
2090,30.7132,76.713075,Dakshin Marg,Minor,2024-06-27,00:00,2024-06-27 00:00:00,Rain,Truck,medium
2091,30.703819,76.706913,Dakshin Marg,Severe,2024-03-18,17:00,2024-03-18 17:00:00,Rain,Bike,medium
2092,30.601216,76.808277,Dakshin Marg,Minor,2025-01-19,23:00,2025-01-19 23:00:00,Rain,Bus,medium
2093,30.763322,76.817325,Madhya Marg,Minor,2024-01-27,15:00,2024-01-27 15:00:00,Rain,Truck,low
2094,30.604761,76.700969,Dakshin Marg,Minor,2023-01-02,21:00,2023-01-02 21:00:00,Clear,Truck,medium
2095,30.647569,76.890027,Dakshin Marg,Fatal,2023-03-15,18:00,2023-03-15 18:00:00,Fog,Truck,medium
2096,30.688279,76.751965,Dakshin Marg,Minor,2023-09-05,05:00,2023-09-05 05:00:00,Fog,Bike,medium
2097,30.748538,76.896066,Madhya Marg,Minor,2024-08-20,04:00,2024-08-20 04:00:00,Rain,Car,low
2098,30.797442,76.870113,Madhya Marg,Minor,2023-03-06,23:00,2023-03-06 23:00:00,Rain,Car,low
2099,30.721851,76.759537,Dakshin Marg,Severe,2024-05-22,09:00,2024-05-22 09:00:00,Rain,Auto,medium
2100,30.671538,76.858117,Dakshin Marg,Severe,2023-01-01,04:00,2023-01-01 04:00:00,Clear,Car,medium
2101,30.706001,76.706177,Dakshin Marg,Fatal,2024-11-21,11:00,2024-11-21 11:00:00,Clear,Car,medium
2102,30.726692,76.705809,Dakshin Marg,Minor,2022-12-20,11:00,2022-12-20 11:00:00,Rain,Bus,medium
2103,30.752732,76.756973,Madhya Marg,Severe,2023-10-11,07:00,2023-10-11 07:00:00,Rain,Auto,low
2104,30.657646,76.709009,Dakshin Marg,Minor,2023-12-15,20:00,2023-12-15 20:00:00,Clear,Bike,medium
2105,30.702031,76.896084,Madhya Marg,Severe,2025-04-10,04:00,2025-04-10 04:00:00,Rain,Bus,low
2106,30.708161,76.808453,Madhya Marg,Severe,2022-06-27,04:00,2022-06-27 04:00:00,Rain,Car,low
2107,30.773957,76.809911,Madhya Marg,Fatal,2025-01-26,20:00,2025-01-26 20:00:00,Rain,Bike,low
2108,30.783676,76.875428,Madhya Marg,Fatal,2023-03-12,03:00,2023-03-12 03:00:00,Fog,Truck,low
2109,30.630427,76.744335,Dakshin Marg,Minor,2023-01-03,20:00,2023-01-03 20:00:00,Rain,Bus,medium
2110,30.64371,76.821643,Dakshin Marg,Minor,2024-08-25,02:00,2024-08-25 02:00:00,Rain,Truck,medium
2111,30.652801,76.882252,Dakshin Marg,Minor,2024-06-13,07:00,2024-06-13 07:00:00,Clear,Truck,medium
2112,30.630518,76.863324,Dakshin Marg,Severe,2022-08-28,01:00,2022-08-28 01:00:00,Rain,Truck,medium
2113,30.632028,76.759322,Dakshin Marg,Fatal,2025-04-13,17:00,2025-04-13 17:00:00,Fog,Bus,medium
2114,30.680585,76.868239,Madhya Marg,Minor,2023-12-31,05:00,2023-12-31 05:00:00,Clear,Truck,low
2115,30.705821,76.873609,Madhya Marg,Severe,2022-04-29,07:00,2022-04-29 07:00:00,Rain,Car,low
2116,30.708895,76.831927,Madhya Marg,Minor,2024-10-07,20:00,2024-10-07 20:00:00,Fog,Car,low
2117,30.600202,76.734957,Dakshin Marg,Severe,2022-05-24,16:00,2022-05-24 16:00:00,Clear,Auto,medium
2118,30.653155,76.821043,Dakshin Marg,Severe,2022-09-14,07:00,2022-09-14 07:00:00,Fog,Bus,medium
2119,30.689082,76.806951,Dakshin Marg,Minor,2022-07-23,22:00,2022-07-23 22:00:00,Clear,Auto,medium
2120,30.66741,76.815168,Dakshin Marg,Minor,2023-03-19,09:00,2023-03-19 09:00:00,Rain,Bike,medium
2121,30.707504,76.763347,Dakshin Marg,Minor,2024-03-12,02:00,2024-03-12 02:00:00,Fog,Bike,medium
2122,30.653865,76.733567,Dakshin Marg,Minor,2023-04-01,14:00,2023-04-01 14:00:00,Rain,Auto,medium
2123,30.762985,76.866328,Madhya Marg,Minor,2023-06-19,09:00,2023-06-19 09:00:00,Rain,Bus,low
2124,30.721718,76.814598,Madhya Marg,Severe,2022-12-18,07:00,2022-12-18 07:00:00,Rain,Bike,low
2125,30.655858,76.844317,Dakshin Marg,Severe,2022-05-27,12:00,2022-05-27 12:00:00,Clear,Car,medium
2126,30.763664,76.888624,Madhya Marg,Minor,2024-01-17,09:00,2024-01-17 09:00:00,Rain,Bike,low
2127,30.764397,76.791994,Madhya Marg,Severe,2025-04-09,07:00,2025-04-09 07:00:00,Rain,Car,low
2128,30.731628,76.765343,Madhya Marg,Fatal,2024-08-19,01:00,2024-08-19 01:00:00,Clear,Bus,low
2129,30.761827,76.830684,Madhya Marg,Severe,2023-07-28,15:00,2023-07-28 15:00:00,Clear,Auto,low
2130,30.673763,76.894385,Madhya Marg,Fatal,2024-06-15,17:00,2024-06-15 17:00:00,Fog,Auto,low
2131,30.661456,76.721584,Dakshin Marg,Minor,2024-01-16,07:00,2024-01-16 07:00:00,Rain,Truck,medium
2132,30.614023,76.765048,Dakshin Marg,Minor,2024-11-02,07:00,2024-11-02 07:00:00,Fog,Car,medium
2133,30.75051,76.887779,Madhya Marg,Minor,2024-02-02,18:00,2024-02-02 18:00:00,Rain,Bike,low
2134,30.600346,76.700078,Dakshin Marg,Severe,2023-01-02,08:00,2023-01-02 08:00:00,Rain,Truck,medium
2135,30.609019,76.705387,Dakshin Marg,Severe,2024-10-25,22:00,2024-10-25 22:00:00,Fog,Bike,medium
2136,30.686324,76.838113,Dakshin Marg,Minor,2023-04-22,21:00,2023-04-22 21:00:00,Fog,Auto,medium
2137,30.676634,76.839552,Dakshin Marg,Minor,2023-11-06,09:00,2023-11-06 09:00:00,Fog,Bike,medium
2138,30.671122,76.727709,Dakshin Marg,Minor,2022-01-22,01:00,2022-01-22 01:00:00,Fog,Auto,medium
2139,30.750318,76.733388,Madhya Marg,Severe,2023-06-10,03:00,2023-06-10 03:00:00,Rain,Truck,low
2140,30.730813,76.874505,Madhya Marg,Minor,2023-10-28,07:00,2023-10-28 07:00:00,Clear,Bike,low
2141,30.711816,76.713771,Dakshin Marg,Severe,2024-03-30,16:00,2024-03-30 16:00:00,Fog,Auto,medium
2142,30.62871,76.809661,Dakshin Marg,Minor,2024-04-13,03:00,2024-04-13 03:00:00,Fog,Bus,medium
2143,30.783724,76.873534,Madhya Marg,Severe,2025-02-27,16:00,2025-02-27 16:00:00,Rain,Bus,low
2144,30.654121,76.796614,Dakshin Marg,Minor,2025-03-09,13:00,2025-03-09 13:00:00,Clear,Truck,medium
2145,30.630758,76.704059,Dakshin Marg,Severe,2025-02-07,04:00,2025-02-07 04:00:00,Fog,Auto,medium
2146,30.645728,76.786689,Dakshin Marg,Minor,2023-11-22,00:00,2023-11-22 00:00:00,Fog,Bus,medium
2147,30.770204,76.762909,Madhya Marg,Minor,2024-02-27,13:00,2024-02-27 13:00:00,Rain,Bike,low
2148,30.689009,76.775658,Dakshin Marg,Minor,2023-08-13,01:00,2023-08-13 01:00:00,Fog,Bus,medium
2149,30.622439,76.716754,Dakshin Marg,Fatal,2024-10-03,08:00,2024-10-03 08:00:00,Fog,Car,medium
2150,30.666126,76.863831,Dakshin Marg,Minor,2022-05-11,15:00,2022-05-11 15:00:00,Rain,Car,medium
2151,30.6134,76.874957,Dakshin Marg,Minor,2024-08-29,13:00,2024-08-29 13:00:00,Rain,Truck,medium
2152,30.70991,76.756971,Dakshin Marg,Severe,2022-11-06,09:00,2022-11-06 09:00:00,Fog,Bus,medium
2153,30.736596,76.862112,Madhya Marg,Fatal,2024-12-02,04:00,2024-12-02 04:00:00,Clear,Truck,low
2154,30.626096,76.863137,Dakshin Marg,Minor,2023-07-20,06:00,2023-07-20 06:00:00,Rain,Truck,medium
2155,30.762732,76.823115,Madhya Marg,Severe,2024-10-27,18:00,2024-10-27 18:00:00,Rain,Auto,low
2156,30.608947,76.862815,Dakshin Marg,Minor,2022-05-16,04:00,2022-05-16 04:00:00,Rain,Bike,medium
2157,30.769625,76.759101,Madhya Marg,Severe,2025-04-09,14:00,2025-04-09 14:00:00,Clear,Bus,low
2158,30.725448,76.877651,Madhya Marg,Fatal,2025-01-05,05:00,2025-01-05 05:00:00,Rain,Truck,low
2159,30.675196,76.768631,Dakshin Marg,Minor,2025-01-30,00:00,2025-01-30 00:00:00,Fog,Truck,medium
2160,30.675035,76.863255,Dakshin Marg,Minor,2022-12-24,00:00,2022-12-24 00:00:00,Rain,Bus,medium
2161,30.778235,76.784324,Madhya Marg,Minor,2023-12-08,00:00,2023-12-08 00:00:00,Fog,Bus,low
2162,30.619761,76.799502,Dakshin Marg,Fatal,2022-03-30,23:00,2022-03-30 23:00:00,Fog,Car,medium
2163,30.613498,76.780024,Dakshin Marg,Severe,2022-06-22,04:00,2022-06-22 04:00:00,Rain,Bus,medium
2164,30.732219,76.898099,Madhya Marg,Minor,2023-07-04,15:00,2023-07-04 15:00:00,Fog,Bike,low
2165,30.703695,76.703579,Dakshin Marg,Minor,2022-03-04,13:00,2022-03-04 13:00:00,Clear,Bus,medium
2166,30.724227,76.822229,Madhya Marg,Minor,2022-05-29,00:00,2022-05-29 00:00:00,Fog,Bus,low
2167,30.779544,76.861993,Madhya Marg,Minor,2023-03-24,05:00,2023-03-24 05:00:00,Rain,Auto,low
2168,30.776625,76.831532,Madhya Marg,Minor,2022-02-11,01:00,2022-02-11 01:00:00,Rain,Auto,low
2169,30.685601,76.783373,Dakshin Marg,Severe,2024-07-24,08:00,2024-07-24 08:00:00,Rain,Bus,medium
2170,30.737982,76.896373,Madhya Marg,Severe,2024-04-02,11:00,2024-04-02 11:00:00,Fog,Auto,low
2171,30.671674,76.868194,Dakshin Marg,Fatal,2025-03-02,23:00,2025-03-02 23:00:00,Fog,Bus,medium
2172,30.622196,76.838468,Dakshin Marg,Fatal,2023-12-26,09:00,2023-12-26 09:00:00,Fog,Car,medium
2173,30.697033,76.703307,Dakshin Marg,Minor,2024-05-26,14:00,2024-05-26 14:00:00,Clear,Car,medium
2174,30.769132,76.895675,Madhya Marg,Fatal,2023-01-20,18:00,2023-01-20 18:00:00,Rain,Truck,low
2175,30.762783,76.893075,Madhya Marg,Minor,2022-05-23,12:00,2022-05-23 12:00:00,Fog,Car,low
2176,30.66601,76.877087,Dakshin Marg,Minor,2024-06-03,04:00,2024-06-03 04:00:00,Clear,Car,medium
2177,30.695166,76.839435,Madhya Marg,Severe,2023-09-04,11:00,2023-09-04 11:00:00,Fog,Truck,low
2178,30.618882,76.84805,Dakshin Marg,Severe,2024-08-24,18:00,2024-08-24 18:00:00,Rain,Truck,medium
2179,30.671995,76.829608,Dakshin Marg,Minor,2022-06-17,12:00,2022-06-17 12:00:00,Clear,Bus,medium
2180,30.736048,76.801582,Madhya Marg,Severe,2025-02-17,19:00,2025-02-17 19:00:00,Fog,Truck,low
2181,30.614639,76.833807,Dakshin Marg,Minor,2024-11-06,15:00,2024-11-06 15:00:00,Rain,Bus,medium
2182,30.66142,76.874849,Dakshin Marg,Minor,2023-04-22,13:00,2023-04-22 13:00:00,Fog,Truck,medium
2183,30.795291,76.706642,Madhya Marg,Severe,2022-04-07,17:00,2022-04-07 17:00:00,Clear,Truck,low
2184,30.720113,76.766471,Dakshin Marg,Minor,2023-01-16,09:00,2023-01-16 09:00:00,Clear,Auto,medium
2185,30.622151,76.706277,Dakshin Marg,Severe,2023-01-10,17:00,2023-01-10 17:00:00,Clear,Car,medium
2186,30.727387,76.818368,Madhya Marg,Severe,2023-11-10,00:00,2023-11-10 00:00:00,Fog,Auto,low
2187,30.709154,76.776084,Dakshin Marg,Minor,2023-11-04,15:00,2023-11-04 15:00:00,Fog,Truck,medium
2188,30.753333,76.808351,Madhya Marg,Minor,2023-04-03,08:00,2023-04-03 08:00:00,Rain,Truck,low
2189,30.635491,76.749589,Dakshin Marg,Minor,2025-03-15,03:00,2025-03-15 03:00:00,Fog,Bike,medium
2190,30.757842,76.742657,Madhya Marg,Fatal,2023-10-13,08:00,2023-10-13 08:00:00,Rain,Auto,low
2191,30.66583,76.765537,Dakshin Marg,Severe,2024-12-28,00:00,2024-12-28 00:00:00,Clear,Truck,medium
2192,30.644274,76.709196,Dakshin Marg,Minor,2023-05-26,01:00,2023-05-26 01:00:00,Fog,Bike,medium
2193,30.796537,76.884633,Madhya Marg,Minor,2022-01-14,00:00,2022-01-14 00:00:00,Fog,Bus,low
2194,30.781257,76.838057,Madhya Marg,Severe,2022-09-25,01:00,2022-09-25 01:00:00,Clear,Bus,low
2195,30.773138,76.864472,Madhya Marg,Severe,2023-06-11,12:00,2023-06-11 12:00:00,Fog,Auto,low
2196,30.794872,76.871596,Madhya Marg,Minor,2024-03-29,22:00,2024-03-29 22:00:00,Rain,Bike,low
2197,30.623762,76.71206,Dakshin Marg,Minor,2022-11-25,20:00,2022-11-25 20:00:00,Fog,Truck,medium
2198,30.747245,76.844394,Madhya Marg,Severe,2022-06-24,22:00,2022-06-24 22:00:00,Fog,Truck,low
2199,30.721076,76.832569,Madhya Marg,Minor,2025-02-05,13:00,2025-02-05 13:00:00,Fog,Bus,low
2200,30.777334,76.818668,Madhya Marg,Minor,2025-03-01,03:00,2025-03-01 03:00:00,Fog,Bus,low
2201,30.772974,76.706459,Madhya Marg,Minor,2022-07-30,20:00,2022-07-30 20:00:00,Clear,Bike,low
2202,30.756059,76.851137,Madhya Marg,Fatal,2022-01-29,16:00,2022-01-29 16:00:00,Fog,Bike,low
2203,30.709663,76.898455,Madhya Marg,Severe,2024-06-10,13:00,2024-06-10 13:00:00,Clear,Auto,low
2204,30.601666,76.845423,Dakshin Marg,Severe,2023-02-23,12:00,2023-02-23 12:00:00,Fog,Truck,medium
2205,30.675055,76.881396,Madhya Marg,Fatal,2022-01-14,23:00,2022-01-14 23:00:00,Rain,Bike,low
2206,30.61839,76.887786,Dakshin Marg,Severe,2022-09-18,00:00,2022-09-18 00:00:00,Rain,Car,medium
2207,30.640006,76.839623,Dakshin Marg,Fatal,2024-03-17,20:00,2024-03-17 20:00:00,Fog,Truck,medium
2208,30.695974,76.777238,Dakshin Marg,Severe,2023-12-13,22:00,2023-12-13 22:00:00,Fog,Bike,medium
2209,30.633036,76.713145,Dakshin Marg,Minor,2025-01-31,12:00,2025-01-31 12:00:00,Fog,Bike,medium
2210,30.669698,76.744705,Dakshin Marg,Severe,2023-08-09,21:00,2023-08-09 21:00:00,Fog,Bus,medium
2211,30.612631,76.876185,Dakshin Marg,Fatal,2024-02-20,13:00,2024-02-20 13:00:00,Fog,Auto,medium
2212,30.679667,76.78865,Dakshin Marg,Severe,2022-10-02,09:00,2022-10-02 09:00:00,Clear,Car,medium
2213,30.764538,76.896098,Madhya Marg,Minor,2023-07-27,03:00,2023-07-27 03:00:00,Fog,Bus,low
2214,30.734162,76.742112,Dakshin Marg,Minor,2024-10-15,18:00,2024-10-15 18:00:00,Rain,Bike,medium
2215,30.629144,76.804551,Dakshin Marg,Minor,2024-07-14,20:00,2024-07-14 20:00:00,Fog,Car,medium
2216,30.723024,76.718333,Dakshin Marg,Severe,2023-06-21,19:00,2023-06-21 19:00:00,Clear,Bus,medium
2217,30.664205,76.775839,Dakshin Marg,Minor,2024-12-31,11:00,2024-12-31 11:00:00,Fog,Bike,medium
2218,30.79372,76.831834,Madhya Marg,Severe,2022-10-31,06:00,2022-10-31 06:00:00,Fog,Bike,low
2219,30.608167,76.75149,Dakshin Marg,Severe,2023-09-05,05:00,2023-09-05 05:00:00,Clear,Truck,medium
2220,30.779098,76.74248,Madhya Marg,Minor,2022-08-30,14:00,2022-08-30 14:00:00,Clear,Car,low
2221,30.745486,76.818614,Madhya Marg,Minor,2022-09-22,22:00,2022-09-22 22:00:00,Clear,Bus,low
2222,30.739262,76.7174,Dakshin Marg,Minor,2022-11-24,10:00,2022-11-24 10:00:00,Rain,Car,medium
2223,30.790228,76.715649,Madhya Marg,Minor,2023-08-18,12:00,2023-08-18 12:00:00,Clear,Bus,low
2224,30.790981,76.887653,Madhya Marg,Minor,2024-08-13,14:00,2024-08-13 14:00:00,Fog,Bus,low
2225,30.706726,76.894177,Madhya Marg,Minor,2023-05-27,03:00,2023-05-27 03:00:00,Clear,Bike,low
2226,30.683169,76.896535,Madhya Marg,Minor,2024-07-18,23:00,2024-07-18 23:00:00,Clear,Auto,low
2227,30.732178,76.717685,Dakshin Marg,Minor,2023-02-20,05:00,2023-02-20 05:00:00,Clear,Truck,medium
2228,30.687198,76.827896,Dakshin Marg,Minor,2024-08-21,05:00,2024-08-21 05:00:00,Fog,Bus,medium
2229,30.63386,76.778722,Dakshin Marg,Severe,2022-01-12,22:00,2022-01-12 22:00:00,Fog,Bus,medium
2230,30.716429,76.749844,Dakshin Marg,Fatal,2023-07-12,01:00,2023-07-12 01:00:00,Fog,Auto,medium
2231,30.730816,76.792097,Madhya Marg,Severe,2022-07-19,04:00,2022-07-19 04:00:00,Fog,Bus,low
2232,30.648102,76.882204,Dakshin Marg,Minor,2023-05-07,17:00,2023-05-07 17:00:00,Clear,Auto,medium
2233,30.727003,76.829741,Madhya Marg,Severe,2024-08-11,07:00,2024-08-11 07:00:00,Fog,Bus,low
2234,30.770981,76.813908,Madhya Marg,Fatal,2022-05-09,03:00,2022-05-09 03:00:00,Rain,Bus,low
2235,30.634579,76.762709,Dakshin Marg,Minor,2024-09-19,08:00,2024-09-19 08:00:00,Fog,Auto,medium
2236,30.639738,76.756588,Dakshin Marg,Severe,2024-12-26,00:00,2024-12-26 00:00:00,Clear,Bus,medium
2237,30.718234,76.766092,Dakshin Marg,Minor,2022-03-23,11:00,2022-03-23 11:00:00,Clear,Bus,medium
2238,30.728864,76.764795,Madhya Marg,Severe,2022-04-17,13:00,2022-04-17 13:00:00,Fog,Auto,low
2239,30.663269,76.714775,Dakshin Marg,Minor,2023-11-30,01:00,2023-11-30 01:00:00,Rain,Car,medium
2240,30.75132,76.765986,Madhya Marg,Minor,2022-06-08,20:00,2022-06-08 20:00:00,Rain,Car,low
2241,30.640959,76.718134,Dakshin Marg,Severe,2023-10-11,03:00,2023-10-11 03:00:00,Clear,Bus,medium
2242,30.649345,76.741221,Dakshin Marg,Fatal,2023-12-01,00:00,2023-12-01 00:00:00,Rain,Car,medium
2243,30.656373,76.825718,Dakshin Marg,Minor,2022-03-14,10:00,2022-03-14 10:00:00,Fog,Bus,medium
2244,30.660215,76.824323,Dakshin Marg,Fatal,2024-09-27,06:00,2024-09-27 06:00:00,Clear,Bike,medium
2245,30.79814,76.730246,Madhya Marg,Minor,2024-09-22,20:00,2024-09-22 20:00:00,Fog,Truck,low
2246,30.675451,76.776464,Dakshin Marg,Severe,2024-02-05,11:00,2024-02-05 11:00:00,Fog,Car,medium
2247,30.718687,76.772261,Dakshin Marg,Minor,2022-01-10,01:00,2022-01-10 01:00:00,Rain,Car,medium
2248,30.699626,76.712958,Dakshin Marg,Minor,2023-08-23,15:00,2023-08-23 15:00:00,Rain,Car,medium
2249,30.735463,76.845501,Madhya Marg,Minor,2025-01-31,10:00,2025-01-31 10:00:00,Fog,Truck,low
2250,30.625854,76.727756,Dakshin Marg,Minor,2024-09-16,11:00,2024-09-16 11:00:00,Clear,Truck,medium
2251,30.667436,76.722385,Dakshin Marg,Severe,2023-08-19,19:00,2023-08-19 19:00:00,Rain,Bike,medium
2252,30.686463,76.88282,Madhya Marg,Fatal,2023-05-15,21:00,2023-05-15 21:00:00,Rain,Auto,low
2253,30.726742,76.777036,Madhya Marg,Severe,2022-11-13,13:00,2022-11-13 13:00:00,Clear,Truck,low
2254,30.640461,76.853126,Dakshin Marg,Fatal,2023-01-10,08:00,2023-01-10 08:00:00,Rain,Auto,medium
2255,30.742705,76.790807,Madhya Marg,Minor,2024-04-29,17:00,2024-04-29 17:00:00,Clear,Car,low
2256,30.717459,76.807732,Madhya Marg,Minor,2023-01-23,04:00,2023-01-23 04:00:00,Clear,Car,low
2257,30.798701,76.872146,Madhya Marg,Minor,2023-08-23,23:00,2023-08-23 23:00:00,Clear,Auto,low
2258,30.626497,76.844984,Dakshin Marg,Severe,2022-02-15,12:00,2022-02-15 12:00:00,Fog,Bus,medium
2259,30.682731,76.791986,Dakshin Marg,Severe,2024-05-28,18:00,2024-05-28 18:00:00,Fog,Bike,medium
2260,30.762671,76.752751,Madhya Marg,Fatal,2023-12-09,05:00,2023-12-09 05:00:00,Clear,Truck,low
2261,30.712921,76.887267,Madhya Marg,Minor,2022-03-23,17:00,2022-03-23 17:00:00,Fog,Bike,low
2262,30.744917,76.875647,Madhya Marg,Fatal,2023-07-03,01:00,2023-07-03 01:00:00,Fog,Car,low
2263,30.778772,76.735278,Madhya Marg,Severe,2024-11-10,15:00,2024-11-10 15:00:00,Clear,Bus,low
2264,30.669769,76.842977,Dakshin Marg,Minor,2025-01-15,19:00,2025-01-15 19:00:00,Clear,Bike,medium
2265,30.710632,76.782051,Dakshin Marg,Severe,2023-12-01,17:00,2023-12-01 17:00:00,Rain,Bus,medium
2266,30.680097,76.890626,Madhya Marg,Minor,2023-03-14,22:00,2023-03-14 22:00:00,Fog,Bike,low
2267,30.644788,76.717243,Dakshin Marg,Minor,2023-06-10,08:00,2023-06-10 08:00:00,Fog,Bus,medium
2268,30.760679,76.739695,Madhya Marg,Severe,2022-08-17,12:00,2022-08-17 12:00:00,Fog,Car,low
2269,30.714081,76.867373,Madhya Marg,Minor,2023-11-25,03:00,2023-11-25 03:00:00,Rain,Bus,low
2270,30.638401,76.835282,Dakshin Marg,Severe,2023-11-24,06:00,2023-11-24 06:00:00,Rain,Bus,medium
2271,30.746215,76.701048,Dakshin Marg,Minor,2023-04-14,02:00,2023-04-14 02:00:00,Rain,Truck,medium
2272,30.611984,76.769309,Dakshin Marg,Fatal,2022-01-12,19:00,2022-01-12 19:00:00,Rain,Auto,medium
2273,30.70111,76.704242,Dakshin Marg,Minor,2023-12-18,17:00,2023-12-18 17:00:00,Rain,Car,medium
2274,30.704778,76.704316,Dakshin Marg,Minor,2022-06-29,04:00,2022-06-29 04:00:00,Clear,Truck,medium
2275,30.616373,76.784664,Dakshin Marg,Minor,2025-03-06,22:00,2025-03-06 22:00:00,Clear,Car,medium
2276,30.746644,76.893452,Madhya Marg,Minor,2023-10-15,21:00,2023-10-15 21:00:00,Fog,Bus,low
2277,30.765858,76.848962,Madhya Marg,Severe,2025-01-22,02:00,2025-01-22 02:00:00,Rain,Bike,low
2278,30.651537,76.717725,Dakshin Marg,Minor,2022-01-12,18:00,2022-01-12 18:00:00,Rain,Bus,medium
2279,30.665458,76.728087,Dakshin Marg,Severe,2024-09-09,23:00,2024-09-09 23:00:00,Fog,Truck,medium
2280,30.692049,76.752835,Dakshin Marg,Minor,2024-03-16,06:00,2024-03-16 06:00:00,Clear,Bike,medium
2281,30.648882,76.72766,Dakshin Marg,Minor,2022-11-21,00:00,2022-11-21 00:00:00,Rain,Bus,medium
2282,30.620947,76.866655,Dakshin Marg,Minor,2023-12-03,00:00,2023-12-03 00:00:00,Clear,Truck,medium
2283,30.782519,76.896577,Madhya Marg,Minor,2023-11-04,18:00,2023-11-04 18:00:00,Clear,Bike,low
2284,30.67173,76.859071,Dakshin Marg,Severe,2022-02-02,23:00,2022-02-02 23:00:00,Rain,Truck,medium
2285,30.683466,76.861133,Madhya Marg,Severe,2022-05-01,05:00,2022-05-01 05:00:00,Clear,Bike,low
2286,30.642715,76.853149,Dakshin Marg,Minor,2024-10-27,09:00,2024-10-27 09:00:00,Fog,Car,medium
2287,30.649046,76.869043,Dakshin Marg,Severe,2025-02-03,01:00,2025-02-03 01:00:00,Clear,Bike,medium
2288,30.62957,76.868077,Dakshin Marg,Minor,2022-07-17,01:00,2022-07-17 01:00:00,Clear,Bike,medium
2289,30.728836,76.774235,Madhya Marg,Severe,2022-05-30,15:00,2022-05-30 15:00:00,Clear,Truck,low
2290,30.622613,76.729269,Dakshin Marg,Minor,2024-08-23,01:00,2024-08-23 01:00:00,Fog,Truck,medium
2291,30.783535,76.765826,Madhya Marg,Minor,2023-11-22,13:00,2023-11-22 13:00:00,Fog,Auto,low
2292,30.786031,76.892295,Madhya Marg,Severe,2025-03-20,23:00,2025-03-20 23:00:00,Fog,Car,low
2293,30.742495,76.784574,Madhya Marg,Minor,2022-11-13,06:00,2022-11-13 06:00:00,Fog,Auto,low
2294,30.695316,76.87712,Madhya Marg,Minor,2023-04-17,12:00,2023-04-17 12:00:00,Fog,Bus,low
2295,30.641073,76.736541,Dakshin Marg,Minor,2024-09-29,05:00,2024-09-29 05:00:00,Fog,Car,medium
2296,30.651247,76.725245,Dakshin Marg,Fatal,2024-02-16,18:00,2024-02-16 18:00:00,Clear,Auto,medium
2297,30.749485,76.88508,Madhya Marg,Minor,2024-04-11,13:00,2024-04-11 13:00:00,Fog,Bike,low
2298,30.669726,76.850121,Dakshin Marg,Minor,2023-10-30,04:00,2023-10-30 04:00:00,Fog,Truck,medium
2299,30.739574,76.718222,Dakshin Marg,Minor,2022-08-15,09:00,2022-08-15 09:00:00,Clear,Bike,medium
2300,30.790111,76.833502,Madhya Marg,Severe,2022-12-19,06:00,2022-12-19 06:00:00,Clear,Bike,low
2301,30.721826,76.810496,Madhya Marg,Minor,2023-03-08,14:00,2023-03-08 14:00:00,Rain,Auto,low
2302,30.753398,76.763593,Madhya Marg,Fatal,2024-02-24,04:00,2024-02-24 04:00:00,Clear,Car,low
2303,30.625106,76.802694,Dakshin Marg,Minor,2024-10-28,18:00,2024-10-28 18:00:00,Clear,Bike,medium
2304,30.652617,76.790489,Dakshin Marg,Minor,2024-10-08,23:00,2024-10-08 23:00:00,Rain,Auto,medium
2305,30.640987,76.732946,Dakshin Marg,Severe,2023-12-17,03:00,2023-12-17 03:00:00,Rain,Auto,medium
2306,30.607873,76.768228,Dakshin Marg,Minor,2023-09-06,08:00,2023-09-06 08:00:00,Rain,Bike,medium
2307,30.671986,76.729,Dakshin Marg,Severe,2023-01-02,10:00,2023-01-02 10:00:00,Fog,Car,medium
2308,30.629202,76.771663,Dakshin Marg,Severe,2024-05-28,05:00,2024-05-28 05:00:00,Clear,Car,medium
2309,30.62802,76.804822,Dakshin Marg,Minor,2024-10-16,20:00,2024-10-16 20:00:00,Rain,Auto,medium
2310,30.618469,76.850447,Dakshin Marg,Severe,2025-01-22,00:00,2025-01-22 00:00:00,Rain,Bike,medium
2311,30.632993,76.817238,Dakshin Marg,Minor,2022-03-12,08:00,2022-03-12 08:00:00,Rain,Truck,medium
2312,30.749276,76.82223,Madhya Marg,Minor,2024-07-29,08:00,2024-07-29 08:00:00,Clear,Car,low
2313,30.724634,76.885632,Madhya Marg,Severe,2022-10-13,05:00,2022-10-13 05:00:00,Rain,Bike,low
2314,30.704693,76.786552,Dakshin Marg,Severe,2024-03-16,07:00,2024-03-16 07:00:00,Rain,Bus,medium
2315,30.750183,76.816492,Madhya Marg,Minor,2023-10-09,13:00,2023-10-09 13:00:00,Fog,Bike,low
2316,30.75866,76.728178,Madhya Marg,Minor,2024-08-20,16:00,2024-08-20 16:00:00,Rain,Car,low
2317,30.640888,76.832423,Dakshin Marg,Minor,2023-02-13,17:00,2023-02-13 17:00:00,Fog,Truck,medium
2318,30.760209,76.823373,Madhya Marg,Severe,2023-04-11,17:00,2023-04-11 17:00:00,Rain,Bus,low
2319,30.76012,76.799773,Madhya Marg,Minor,2023-07-12,14:00,2023-07-12 14:00:00,Clear,Car,low
2320,30.667275,76.857557,Dakshin Marg,Severe,2024-01-09,23:00,2024-01-09 23:00:00,Rain,Car,medium
2321,30.637395,76.704751,Dakshin Marg,Severe,2024-04-19,17:00,2024-04-19 17:00:00,Rain,Auto,medium
2322,30.649328,76.805817,Dakshin Marg,Fatal,2022-11-25,00:00,2022-11-25 00:00:00,Fog,Bus,medium
2323,30.669964,76.72741,Dakshin Marg,Severe,2023-10-22,20:00,2023-10-22 20:00:00,Rain,Truck,medium
2324,30.708119,76.856989,Madhya Marg,Minor,2023-05-02,08:00,2023-05-02 08:00:00,Fog,Bus,low
2325,30.73316,76.805602,Madhya Marg,Minor,2023-06-13,17:00,2023-06-13 17:00:00,Rain,Bike,low
2326,30.756138,76.744828,Madhya Marg,Severe,2024-04-20,21:00,2024-04-20 21:00:00,Fog,Car,low
2327,30.610478,76.791594,Dakshin Marg,Minor,2023-12-25,08:00,2023-12-25 08:00:00,Fog,Auto,medium
2328,30.60153,76.770263,Dakshin Marg,Severe,2022-10-16,11:00,2022-10-16 11:00:00,Clear,Auto,medium
2329,30.601581,76.755683,Dakshin Marg,Severe,2022-04-24,13:00,2022-04-24 13:00:00,Rain,Car,medium
2330,30.659968,76.831157,Dakshin Marg,Minor,2023-09-11,01:00,2023-09-11 01:00:00,Rain,Truck,medium
2331,30.600954,76.879956,Dakshin Marg,Minor,2024-01-06,07:00,2024-01-06 07:00:00,Clear,Truck,medium
2332,30.690024,76.874821,Madhya Marg,Severe,2022-09-07,20:00,2022-09-07 20:00:00,Fog,Car,low
2333,30.687959,76.750267,Dakshin Marg,Severe,2023-11-25,09:00,2023-11-25 09:00:00,Clear,Bike,medium
2334,30.661864,76.781955,Dakshin Marg,Severe,2022-10-04,15:00,2022-10-04 15:00:00,Rain,Car,medium
2335,30.704551,76.875295,Madhya Marg,Severe,2023-01-07,00:00,2023-01-07 00:00:00,Clear,Auto,low
2336,30.722967,76.776024,Madhya Marg,Minor,2024-12-13,21:00,2024-12-13 21:00:00,Rain,Truck,low
2337,30.618755,76.839264,Dakshin Marg,Minor,2024-04-23,19:00,2024-04-23 19:00:00,Fog,Car,medium
2338,30.794974,76.742544,Madhya Marg,Minor,2024-05-29,20:00,2024-05-29 20:00:00,Rain,Truck,low
2339,30.78199,76.765898,Madhya Marg,Severe,2025-03-23,15:00,2025-03-23 15:00:00,Fog,Auto,low
2340,30.61333,76.858965,Dakshin Marg,Severe,2023-03-28,14:00,2023-03-28 14:00:00,Clear,Bike,medium
2341,30.690406,76.725875,Dakshin Marg,Severe,2024-06-10,21:00,2024-06-10 21:00:00,Clear,Bus,medium
2342,30.799559,76.795474,Madhya Marg,Severe,2022-11-05,13:00,2022-11-05 13:00:00,Rain,Truck,low
2343,30.729498,76.852792,Madhya Marg,Minor,2022-08-08,14:00,2022-08-08 14:00:00,Clear,Bike,low
2344,30.661727,76.795035,Dakshin Marg,Severe,2023-09-17,20:00,2023-09-17 20:00:00,Rain,Auto,medium
2345,30.619213,76.716865,Dakshin Marg,Minor,2022-03-13,12:00,2022-03-13 12:00:00,Rain,Auto,medium
2346,30.718277,76.787277,Madhya Marg,Minor,2024-01-27,14:00,2024-01-27 14:00:00,Fog,Car,low
2347,30.659615,76.789615,Dakshin Marg,Fatal,2024-07-11,13:00,2024-07-11 13:00:00,Rain,Bike,medium
2348,30.697051,76.76682,Dakshin Marg,Severe,2025-01-29,19:00,2025-01-29 19:00:00,Clear,Bus,medium
2349,30.66347,76.72857,Dakshin Marg,Minor,2022-08-26,23:00,2022-08-26 23:00:00,Rain,Auto,medium
2350,30.777228,76.815474,Madhya Marg,Severe,2025-04-07,21:00,2025-04-07 21:00:00,Clear,Bike,low
2351,30.60918,76.706672,Dakshin Marg,Severe,2025-03-03,02:00,2025-03-03 02:00:00,Fog,Truck,medium
2352,30.777224,76.735988,Madhya Marg,Minor,2022-05-31,23:00,2022-05-31 23:00:00,Clear,Car,low
2353,30.691981,76.852759,Madhya Marg,Minor,2024-06-01,02:00,2024-06-01 02:00:00,Rain,Bike,low
2354,30.633198,76.807749,Dakshin Marg,Minor,2024-10-09,20:00,2024-10-09 20:00:00,Rain,Car,medium
2355,30.793505,76.804673,Madhya Marg,Severe,2022-02-03,06:00,2022-02-03 06:00:00,Fog,Auto,low
2356,30.633048,76.861172,Dakshin Marg,Minor,2022-07-10,04:00,2022-07-10 04:00:00,Rain,Car,medium
2357,30.606704,76.777148,Dakshin Marg,Minor,2022-11-19,22:00,2022-11-19 22:00:00,Fog,Truck,medium
2358,30.671003,76.723939,Dakshin Marg,Minor,2023-05-29,04:00,2023-05-29 04:00:00,Rain,Car,medium
2359,30.771824,76.890881,Madhya Marg,Severe,2023-02-16,01:00,2023-02-16 01:00:00,Rain,Bike,low
2360,30.724632,76.843643,Madhya Marg,Severe,2023-02-27,04:00,2023-02-27 04:00:00,Rain,Bus,low
2361,30.62776,76.781384,Dakshin Marg,Minor,2022-04-06,23:00,2022-04-06 23:00:00,Clear,Auto,medium
2362,30.694384,76.855601,Madhya Marg,Minor,2022-08-07,09:00,2022-08-07 09:00:00,Clear,Auto,low
2363,30.717169,76.75436,Dakshin Marg,Minor,2024-06-27,07:00,2024-06-27 07:00:00,Rain,Bus,medium
2364,30.679564,76.78492,Dakshin Marg,Minor,2023-12-22,22:00,2023-12-22 22:00:00,Rain,Car,medium
2365,30.652256,76.802697,Dakshin Marg,Minor,2022-08-03,12:00,2022-08-03 12:00:00,Fog,Bike,medium
2366,30.678034,76.898533,Madhya Marg,Fatal,2023-12-02,15:00,2023-12-02 15:00:00,Fog,Truck,low
2367,30.635479,76.834213,Dakshin Marg,Fatal,2023-05-12,14:00,2023-05-12 14:00:00,Clear,Truck,medium
2368,30.622825,76.810208,Dakshin Marg,Minor,2022-10-07,04:00,2022-10-07 04:00:00,Rain,Auto,medium
2369,30.622687,76.879975,Dakshin Marg,Minor,2024-06-17,14:00,2024-06-17 14:00:00,Clear,Car,medium
2370,30.737072,76.745568,Madhya Marg,Fatal,2023-02-15,11:00,2023-02-15 11:00:00,Clear,Car,low
2371,30.792852,76.881691,Madhya Marg,Severe,2023-03-25,03:00,2023-03-25 03:00:00,Clear,Auto,low
2372,30.66783,76.863828,Dakshin Marg,Minor,2023-06-02,11:00,2023-06-02 11:00:00,Rain,Car,medium
2373,30.78079,76.714574,Madhya Marg,Minor,2023-06-12,00:00,2023-06-12 00:00:00,Fog,Bus,low
2374,30.628301,76.755351,Dakshin Marg,Fatal,2024-10-18,09:00,2024-10-18 09:00:00,Rain,Bus,medium
2375,30.770565,76.779864,Madhya Marg,Severe,2023-05-04,07:00,2023-05-04 07:00:00,Fog,Bike,low
2376,30.679393,76.797019,Dakshin Marg,Fatal,2023-07-05,04:00,2023-07-05 04:00:00,Clear,Bike,medium
2377,30.688266,76.771451,Dakshin Marg,Severe,2024-10-18,11:00,2024-10-18 11:00:00,Clear,Car,medium
2378,30.630061,76.874447,Dakshin Marg,Severe,2022-03-12,06:00,2022-03-12 06:00:00,Clear,Car,medium
2379,30.658831,76.844703,Dakshin Marg,Minor,2022-10-23,16:00,2022-10-23 16:00:00,Fog,Bus,medium
2380,30.712646,76.830164,Madhya Marg,Minor,2022-04-26,00:00,2022-04-26 00:00:00,Clear,Auto,low
2381,30.645622,76.748971,Dakshin Marg,Minor,2023-08-08,03:00,2023-08-08 03:00:00,Fog,Bus,medium
2382,30.711713,76.86322,Madhya Marg,Minor,2024-02-05,02:00,2024-02-05 02:00:00,Clear,Bike,low
2383,30.630455,76.832397,Dakshin Marg,Severe,2022-10-14,04:00,2022-10-14 04:00:00,Clear,Bike,medium
2384,30.678437,76.728689,Dakshin Marg,Minor,2022-12-06,04:00,2022-12-06 04:00:00,Fog,Car,medium
2385,30.610006,76.789067,Dakshin Marg,Severe,2025-03-27,22:00,2025-03-27 22:00:00,Clear,Bus,medium
2386,30.722898,76.780031,Madhya Marg,Severe,2023-02-13,19:00,2023-02-13 19:00:00,Rain,Car,low
2387,30.76721,76.789648,Madhya Marg,Minor,2022-02-24,11:00,2022-02-24 11:00:00,Clear,Bus,low
2388,30.771482,76.829942,Madhya Marg,Minor,2023-12-11,17:00,2023-12-11 17:00:00,Fog,Auto,low
2389,30.623567,76.807877,Dakshin Marg,Minor,2024-09-06,08:00,2024-09-06 08:00:00,Fog,Truck,medium
2390,30.677789,76.86076,Dakshin Marg,Minor,2025-01-12,12:00,2025-01-12 12:00:00,Fog,Car,medium
2391,30.703927,76.831485,Madhya Marg,Severe,2023-09-02,00:00,2023-09-02 00:00:00,Clear,Auto,low
2392,30.614497,76.886507,Dakshin Marg,Minor,2025-02-21,06:00,2025-02-21 06:00:00,Rain,Car,medium
2393,30.610588,76.812015,Dakshin Marg,Minor,2022-06-30,18:00,2022-06-30 18:00:00,Fog,Bus,medium
2394,30.65218,76.8451,Dakshin Marg,Severe,2024-11-05,04:00,2024-11-05 04:00:00,Fog,Bus,medium
2395,30.711304,76.826992,Madhya Marg,Fatal,2023-10-03,20:00,2023-10-03 20:00:00,Fog,Bus,low
2396,30.798541,76.799948,Madhya Marg,Severe,2024-01-17,10:00,2024-01-17 10:00:00,Fog,Bus,low
2397,30.757443,76.75761,Madhya Marg,Fatal,2024-03-20,06:00,2024-03-20 06:00:00,Fog,Truck,low
2398,30.678076,76.76104,Dakshin Marg,Severe,2022-09-21,06:00,2022-09-21 06:00:00,Clear,Car,medium
2399,30.649699,76.717745,Dakshin Marg,Severe,2023-11-17,17:00,2023-11-17 17:00:00,Rain,Truck,medium
2400,30.637692,76.771328,Dakshin Marg,Minor,2023-01-28,10:00,2023-01-28 10:00:00,Clear,Car,medium
2401,30.761992,76.852027,Madhya Marg,Fatal,2024-07-20,22:00,2024-07-20 22:00:00,Rain,Bike,low
2402,30.696643,76.726178,Dakshin Marg,Minor,2024-02-16,17:00,2024-02-16 17:00:00,Rain,Car,medium
2403,30.672265,76.73846,Dakshin Marg,Minor,2024-02-04,02:00,2024-02-04 02:00:00,Clear,Bus,medium
2404,30.736764,76.809868,Madhya Marg,Severe,2024-07-22,12:00,2024-07-22 12:00:00,Fog,Car,low
2405,30.650653,76.813737,Dakshin Marg,Minor,2022-09-07,04:00,2022-09-07 04:00:00,Fog,Truck,medium
2406,30.772793,76.857482,Madhya Marg,Minor,2022-07-09,21:00,2022-07-09 21:00:00,Rain,Auto,low
2407,30.693297,76.860171,Madhya Marg,Minor,2022-03-30,01:00,2022-03-30 01:00:00,Clear,Auto,low
2408,30.794146,76.809867,Madhya Marg,Minor,2024-08-08,07:00,2024-08-08 07:00:00,Clear,Truck,low
2409,30.731615,76.827036,Madhya Marg,Severe,2024-05-12,06:00,2024-05-12 06:00:00,Rain,Bus,low
2410,30.671115,76.800708,Dakshin Marg,Severe,2022-02-19,18:00,2022-02-19 18:00:00,Fog,Car,medium
2411,30.600784,76.891352,Dakshin Marg,Minor,2024-06-18,11:00,2024-06-18 11:00:00,Fog,Auto,medium
2412,30.668871,76.897366,Madhya Marg,Minor,2023-08-04,11:00,2023-08-04 11:00:00,Clear,Bus,low
2413,30.760192,76.881035,Madhya Marg,Severe,2022-07-30,17:00,2022-07-30 17:00:00,Rain,Bike,low
2414,30.644225,76.701851,Dakshin Marg,Severe,2023-04-14,22:00,2023-04-14 22:00:00,Fog,Bike,medium
2415,30.665156,76.726193,Dakshin Marg,Minor,2023-03-11,06:00,2023-03-11 06:00:00,Clear,Auto,medium
2416,30.720039,76.804643,Madhya Marg,Severe,2024-03-28,09:00,2024-03-28 09:00:00,Clear,Truck,low
2417,30.771782,76.703916,Madhya Marg,Minor,2022-11-02,05:00,2022-11-02 05:00:00,Rain,Bike,low
2418,30.616367,76.747966,Dakshin Marg,Minor,2024-07-14,01:00,2024-07-14 01:00:00,Rain,Bus,medium
2419,30.657444,76.88666,Dakshin Marg,Severe,2023-11-28,02:00,2023-11-28 02:00:00,Rain,Car,medium
2420,30.748535,76.720813,Dakshin Marg,Severe,2024-04-24,14:00,2024-04-24 14:00:00,Clear,Truck,medium
2421,30.747223,76.728876,Madhya Marg,Minor,2023-02-03,13:00,2023-02-03 13:00:00,Clear,Bus,low
2422,30.736409,76.855603,Madhya Marg,Minor,2023-07-30,01:00,2023-07-30 01:00:00,Clear,Bus,low
2423,30.679116,76.899779,Madhya Marg,Severe,2024-05-16,10:00,2024-05-16 10:00:00,Fog,Bus,low
2424,30.758693,76.792518,Madhya Marg,Minor,2023-09-03,20:00,2023-09-03 20:00:00,Rain,Bike,low
2425,30.691751,76.838571,Dakshin Marg,Fatal,2024-04-28,23:00,2024-04-28 23:00:00,Clear,Truck,medium
2426,30.749242,76.854659,Madhya Marg,Minor,2022-03-09,12:00,2022-03-09 12:00:00,Rain,Bus,low
2427,30.755911,76.826432,Madhya Marg,Severe,2022-01-29,13:00,2022-01-29 13:00:00,Rain,Car,low
2428,30.724692,76.890104,Madhya Marg,Minor,2024-05-18,02:00,2024-05-18 02:00:00,Fog,Bus,low
2429,30.718254,76.793516,Madhya Marg,Minor,2023-05-30,14:00,2023-05-30 14:00:00,Fog,Bus,low
2430,30.64759,76.704169,Dakshin Marg,Minor,2025-01-25,21:00,2025-01-25 21:00:00,Rain,Auto,medium
2431,30.761597,76.863785,Madhya Marg,Severe,2022-08-26,06:00,2022-08-26 06:00:00,Rain,Auto,low
2432,30.715728,76.734683,Dakshin Marg,Severe,2023-11-11,05:00,2023-11-11 05:00:00,Clear,Auto,medium
2433,30.622601,76.758353,Dakshin Marg,Minor,2023-10-31,16:00,2023-10-31 16:00:00,Rain,Bus,medium
2434,30.659429,76.844063,Dakshin Marg,Minor,2024-10-06,00:00,2024-10-06 00:00:00,Clear,Car,medium
2435,30.693514,76.869389,Madhya Marg,Severe,2022-06-21,05:00,2022-06-21 05:00:00,Fog,Car,low
2436,30.677714,76.834232,Dakshin Marg,Minor,2022-11-19,15:00,2022-11-19 15:00:00,Fog,Auto,medium
2437,30.760835,76.891495,Madhya Marg,Minor,2023-12-19,00:00,2023-12-19 00:00:00,Fog,Bus,low
2438,30.697868,76.853643,Madhya Marg,Severe,2023-11-02,01:00,2023-11-02 01:00:00,Rain,Bus,low
2439,30.644244,76.870838,Dakshin Marg,Severe,2022-01-12,12:00,2022-01-12 12:00:00,Clear,Bike,medium
2440,30.785421,76.738904,Madhya Marg,Severe,2025-01-28,16:00,2025-01-28 16:00:00,Clear,Bike,low
2441,30.790562,76.841152,Madhya Marg,Minor,2023-03-04,09:00,2023-03-04 09:00:00,Rain,Auto,low
2442,30.660028,76.829367,Dakshin Marg,Severe,2025-03-09,05:00,2025-03-09 05:00:00,Fog,Car,medium
2443,30.605693,76.714505,Dakshin Marg,Minor,2022-04-30,04:00,2022-04-30 04:00:00,Rain,Bike,medium
2444,30.741573,76.836003,Madhya Marg,Fatal,2023-05-20,10:00,2023-05-20 10:00:00,Rain,Truck,low
2445,30.756619,76.783603,Madhya Marg,Fatal,2024-10-03,10:00,2024-10-03 10:00:00,Clear,Auto,low
2446,30.669889,76.802507,Dakshin Marg,Minor,2025-02-27,00:00,2025-02-27 00:00:00,Clear,Car,medium
2447,30.61487,76.848824,Dakshin Marg,Fatal,2024-10-22,07:00,2024-10-22 07:00:00,Rain,Car,medium
2448,30.613817,76.761219,Dakshin Marg,Minor,2024-06-28,21:00,2024-06-28 21:00:00,Clear,Truck,medium
2449,30.638001,76.706307,Dakshin Marg,Minor,2023-10-04,14:00,2023-10-04 14:00:00,Rain,Truck,medium
2450,30.787071,76.868414,Madhya Marg,Minor,2023-12-29,02:00,2023-12-29 02:00:00,Fog,Car,low
2451,30.798789,76.733866,Madhya Marg,Minor,2022-06-05,15:00,2022-06-05 15:00:00,Clear,Auto,low
2452,30.737286,76.737239,Dakshin Marg,Minor,2022-07-25,21:00,2022-07-25 21:00:00,Fog,Bus,medium
2453,30.622132,76.861935,Dakshin Marg,Minor,2022-11-04,03:00,2022-11-04 03:00:00,Rain,Bus,medium
2454,30.752916,76.825259,Madhya Marg,Minor,2024-10-02,10:00,2024-10-02 10:00:00,Clear,Auto,low
2455,30.722485,76.761334,Dakshin Marg,Minor,2023-02-23,12:00,2023-02-23 12:00:00,Fog,Auto,medium
2456,30.690813,76.775161,Dakshin Marg,Minor,2024-10-27,09:00,2024-10-27 09:00:00,Clear,Car,medium
2457,30.763199,76.729139,Madhya Marg,Severe,2023-04-20,12:00,2023-04-20 12:00:00,Rain,Truck,low
2458,30.679081,76.726814,Dakshin Marg,Minor,2022-03-31,15:00,2022-03-31 15:00:00,Clear,Bus,medium
2459,30.688533,76.888882,Madhya Marg,Minor,2024-12-17,22:00,2024-12-17 22:00:00,Rain,Bus,low
2460,30.672891,76.86737,Dakshin Marg,Minor,2023-04-20,13:00,2023-04-20 13:00:00,Fog,Auto,medium
2461,30.635914,76.796826,Dakshin Marg,Minor,2024-09-27,19:00,2024-09-27 19:00:00,Rain,Bus,medium
2462,30.665856,76.751599,Dakshin Marg,Fatal,2022-09-01,19:00,2022-09-01 19:00:00,Fog,Truck,medium
2463,30.61063,76.732313,Dakshin Marg,Severe,2022-01-05,02:00,2022-01-05 02:00:00,Clear,Truck,medium
2464,30.63747,76.861216,Dakshin Marg,Fatal,2024-06-28,09:00,2024-06-28 09:00:00,Fog,Truck,medium
2465,30.775575,76.872968,Madhya Marg,Minor,2023-11-02,12:00,2023-11-02 12:00:00,Rain,Bike,low
2466,30.683111,76.795162,Dakshin Marg,Fatal,2023-05-07,23:00,2023-05-07 23:00:00,Fog,Truck,medium
2467,30.614602,76.876653,Dakshin Marg,Fatal,2022-07-19,08:00,2022-07-19 08:00:00,Rain,Truck,medium
2468,30.707496,76.792341,Dakshin Marg,Minor,2025-03-12,09:00,2025-03-12 09:00:00,Fog,Truck,medium
2469,30.617426,76.835595,Dakshin Marg,Minor,2022-02-27,05:00,2022-02-27 05:00:00,Clear,Truck,medium
2470,30.743155,76.790736,Madhya Marg,Minor,2023-01-07,09:00,2023-01-07 09:00:00,Fog,Auto,low
2471,30.714127,76.716062,Dakshin Marg,Fatal,2022-09-26,10:00,2022-09-26 10:00:00,Rain,Bus,medium
2472,30.737061,76.759465,Madhya Marg,Severe,2024-08-23,23:00,2024-08-23 23:00:00,Fog,Truck,low
2473,30.660815,76.751534,Dakshin Marg,Severe,2023-01-17,23:00,2023-01-17 23:00:00,Clear,Bike,medium
2474,30.674663,76.772739,Dakshin Marg,Minor,2023-05-05,17:00,2023-05-05 17:00:00,Rain,Auto,medium
2475,30.783889,76.876833,Madhya Marg,Minor,2022-10-18,07:00,2022-10-18 07:00:00,Clear,Truck,low
2476,30.687203,76.867515,Madhya Marg,Severe,2024-01-13,00:00,2024-01-13 00:00:00,Fog,Bike,low
2477,30.663767,76.814633,Dakshin Marg,Fatal,2024-04-17,05:00,2024-04-17 05:00:00,Fog,Auto,medium
2478,30.707552,76.79061,Dakshin Marg,Severe,2024-03-11,06:00,2024-03-11 06:00:00,Rain,Truck,medium
2479,30.726471,76.825372,Madhya Marg,Severe,2022-08-27,05:00,2022-08-27 05:00:00,Rain,Bike,low
2480,30.764914,76.780448,Madhya Marg,Minor,2025-03-13,13:00,2025-03-13 13:00:00,Rain,Auto,low
2481,30.712057,76.751225,Dakshin Marg,Severe,2025-01-14,18:00,2025-01-14 18:00:00,Rain,Auto,medium
2482,30.764298,76.724463,Madhya Marg,Fatal,2022-10-15,16:00,2022-10-15 16:00:00,Fog,Truck,low
2483,30.747922,76.877249,Madhya Marg,Severe,2023-05-05,19:00,2023-05-05 19:00:00,Rain,Auto,low
2484,30.740802,76.817667,Madhya Marg,Severe,2024-02-19,16:00,2024-02-19 16:00:00,Clear,Car,low
2485,30.618431,76.76007,Dakshin Marg,Severe,2023-01-26,04:00,2023-01-26 04:00:00,Clear,Bike,medium
2486,30.753398,76.794606,Madhya Marg,Minor,2024-04-24,08:00,2024-04-24 08:00:00,Rain,Bus,low
2487,30.781839,76.811763,Madhya Marg,Minor,2023-02-07,18:00,2023-02-07 18:00:00,Fog,Truck,low
2488,30.764783,76.88772,Madhya Marg,Minor,2022-09-02,12:00,2022-09-02 12:00:00,Fog,Truck,low
2489,30.759245,76.796672,Madhya Marg,Minor,2025-03-18,14:00,2025-03-18 14:00:00,Rain,Auto,low
2490,30.757568,76.799186,Madhya Marg,Severe,2023-12-19,08:00,2023-12-19 08:00:00,Rain,Truck,low
2491,30.718648,76.893527,Madhya Marg,Fatal,2022-07-03,11:00,2022-07-03 11:00:00,Fog,Truck,low
2492,30.756998,76.828309,Madhya Marg,Minor,2022-07-13,04:00,2022-07-13 04:00:00,Clear,Car,low
2493,30.631349,76.828421,Dakshin Marg,Minor,2022-02-11,11:00,2022-02-11 11:00:00,Rain,Truck,medium
2494,30.775996,76.731949,Madhya Marg,Minor,2022-10-28,20:00,2022-10-28 20:00:00,Rain,Bus,low
2495,30.782869,76.832876,Madhya Marg,Fatal,2025-04-15,07:00,2025-04-15 07:00:00,Clear,Bus,low
2496,30.646984,76.770051,Dakshin Marg,Minor,2025-01-23,09:00,2025-01-23 09:00:00,Rain,Bike,medium
2497,30.626257,76.849892,Dakshin Marg,Fatal,2025-02-03,23:00,2025-02-03 23:00:00,Rain,Bus,medium
2498,30.651573,76.842391,Dakshin Marg,Minor,2025-02-16,14:00,2025-02-16 14:00:00,Rain,Truck,medium
2499,30.661177,76.832848,Dakshin Marg,Minor,2025-04-05,13:00,2025-04-05 13:00:00,Clear,Car,medium
2500,30.703868,76.896738,Madhya Marg,Severe,2022-07-27,11:00,2022-07-27 11:00:00,Fog,Bus,low
2501,30.76448,76.828222,Madhya Marg,Severe,2023-02-23,01:00,2023-02-23 01:00:00,Rain,Car,low
2502,30.616241,76.777258,Dakshin Marg,Fatal,2023-10-27,06:00,2023-10-27 06:00:00,Fog,Bus,medium
2503,30.678897,76.791604,Dakshin Marg,Minor,2023-12-28,21:00,2023-12-28 21:00:00,Fog,Bike,medium
2504,30.78671,76.713866,Madhya Marg,Severe,2025-01-09,13:00,2025-01-09 13:00:00,Fog,Auto,low
2505,30.751212,76.732517,Madhya Marg,Fatal,2022-07-05,08:00,2022-07-05 08:00:00,Fog,Bike,low
2506,30.700423,76.752081,Dakshin Marg,Severe,2025-02-19,14:00,2025-02-19 14:00:00,Fog,Car,medium
2507,30.64769,76.782025,Dakshin Marg,Minor,2025-01-10,00:00,2025-01-10 00:00:00,Rain,Car,medium
2508,30.715668,76.725284,Dakshin Marg,Minor,2023-07-17,19:00,2023-07-17 19:00:00,Fog,Truck,medium
2509,30.638306,76.70185,Dakshin Marg,Minor,2024-06-03,22:00,2024-06-03 22:00:00,Rain,Bus,medium
2510,30.733278,76.795027,Madhya Marg,Minor,2024-11-02,22:00,2024-11-02 22:00:00,Clear,Auto,low
2511,30.691019,76.811317,Dakshin Marg,Minor,2024-04-01,10:00,2024-04-01 10:00:00,Fog,Car,medium
2512,30.750151,76.716793,Dakshin Marg,Minor,2022-04-05,18:00,2022-04-05 18:00:00,Fog,Bus,medium
2513,30.614506,76.819549,Dakshin Marg,Fatal,2024-07-13,12:00,2024-07-13 12:00:00,Clear,Car,medium
2514,30.617321,76.722186,Dakshin Marg,Minor,2025-02-05,11:00,2025-02-05 11:00:00,Fog,Bike,medium
2515,30.651019,76.747032,Dakshin Marg,Minor,2024-09-12,02:00,2024-09-12 02:00:00,Fog,Bus,medium
2516,30.710088,76.751423,Dakshin Marg,Minor,2022-06-01,00:00,2022-06-01 00:00:00,Clear,Bus,medium
2517,30.621249,76.846543,Dakshin Marg,Minor,2024-07-22,08:00,2024-07-22 08:00:00,Rain,Car,medium
2518,30.658255,76.793733,Dakshin Marg,Minor,2023-12-04,14:00,2023-12-04 14:00:00,Fog,Bike,medium
2519,30.720855,76.746032,Dakshin Marg,Severe,2023-06-10,11:00,2023-06-10 11:00:00,Rain,Car,medium
2520,30.648368,76.75927,Dakshin Marg,Minor,2024-02-22,09:00,2024-02-22 09:00:00,Rain,Auto,medium
2521,30.658977,76.707927,Dakshin Marg,Minor,2022-02-08,05:00,2022-02-08 05:00:00,Clear,Auto,medium
2522,30.670692,76.844219,Dakshin Marg,Minor,2022-03-25,05:00,2022-03-25 05:00:00,Clear,Truck,medium
2523,30.737104,76.837783,Madhya Marg,Fatal,2024-10-23,10:00,2024-10-23 10:00:00,Clear,Truck,low
2524,30.792315,76.787665,Madhya Marg,Minor,2025-02-03,05:00,2025-02-03 05:00:00,Rain,Bike,low
2525,30.7847,76.81329,Madhya Marg,Severe,2023-10-13,09:00,2023-10-13 09:00:00,Fog,Auto,low
2526,30.602043,76.899566,Dakshin Marg,Minor,2023-02-15,22:00,2023-02-15 22:00:00,Rain,Car,medium
2527,30.699607,76.70169,Dakshin Marg,Minor,2024-06-20,15:00,2024-06-20 15:00:00,Clear,Truck,medium
2528,30.785996,76.811468,Madhya Marg,Minor,2023-12-16,13:00,2023-12-16 13:00:00,Rain,Auto,low
2529,30.678359,76.776889,Dakshin Marg,Severe,2025-02-21,21:00,2025-02-21 21:00:00,Clear,Truck,medium
2530,30.663077,76.738442,Dakshin Marg,Fatal,2022-07-23,02:00,2022-07-23 02:00:00,Fog,Truck,medium
2531,30.747702,76.765371,Madhya Marg,Severe,2022-11-10,18:00,2022-11-10 18:00:00,Fog,Car,low
2532,30.644285,76.767874,Dakshin Marg,Severe,2023-04-26,14:00,2023-04-26 14:00:00,Rain,Auto,medium
2533,30.683544,76.871342,Madhya Marg,Minor,2023-02-03,13:00,2023-02-03 13:00:00,Clear,Bus,low
2534,30.744649,76.882964,Madhya Marg,Fatal,2024-07-02,19:00,2024-07-02 19:00:00,Fog,Bike,low
2535,30.655023,76.772337,Dakshin Marg,Fatal,2023-07-21,00:00,2023-07-21 00:00:00,Rain,Car,medium
2536,30.761381,76.744273,Madhya Marg,Minor,2024-09-17,05:00,2024-09-17 05:00:00,Clear,Auto,low
2537,30.798259,76.748043,Madhya Marg,Severe,2022-03-08,15:00,2022-03-08 15:00:00,Rain,Bike,low
2538,30.686461,76.834176,Dakshin Marg,Minor,2022-11-11,03:00,2022-11-11 03:00:00,Rain,Car,medium
2539,30.747313,76.742258,Madhya Marg,Severe,2023-02-13,14:00,2023-02-13 14:00:00,Fog,Bike,low
2540,30.763937,76.87947,Madhya Marg,Minor,2022-03-04,08:00,2022-03-04 08:00:00,Clear,Car,low
2541,30.776803,76.74929,Madhya Marg,Severe,2024-12-21,12:00,2024-12-21 12:00:00,Clear,Bike,low
2542,30.673558,76.816089,Dakshin Marg,Fatal,2023-07-24,06:00,2023-07-24 06:00:00,Clear,Bus,medium
2543,30.757244,76.743578,Madhya Marg,Severe,2023-12-12,02:00,2023-12-12 02:00:00,Clear,Car,low
2544,30.694996,76.826116,Dakshin Marg,Severe,2022-06-12,11:00,2022-06-12 11:00:00,Fog,Bike,medium
2545,30.626906,76.765681,Dakshin Marg,Minor,2025-03-14,09:00,2025-03-14 09:00:00,Clear,Auto,medium
2546,30.767953,76.859282,Madhya Marg,Severe,2022-03-12,14:00,2022-03-12 14:00:00,Clear,Auto,low
2547,30.671183,76.735621,Dakshin Marg,Minor,2025-01-11,22:00,2025-01-11 22:00:00,Clear,Bike,medium
2548,30.76285,76.768696,Madhya Marg,Minor,2024-10-22,16:00,2024-10-22 16:00:00,Rain,Bike,low
2549,30.674997,76.895388,Madhya Marg,Severe,2022-04-10,13:00,2022-04-10 13:00:00,Fog,Truck,low
2550,30.663753,76.869211,Dakshin Marg,Minor,2024-04-12,12:00,2024-04-12 12:00:00,Clear,Bike,medium
2551,30.799466,76.722827,Madhya Marg,Minor,2022-07-01,12:00,2022-07-01 12:00:00,Rain,Truck,low
2552,30.781514,76.865299,Madhya Marg,Minor,2022-01-14,04:00,2022-01-14 04:00:00,Fog,Auto,low
2553,30.643918,76.819929,Dakshin Marg,Minor,2024-07-07,18:00,2024-07-07 18:00:00,Fog,Bus,medium
2554,30.752119,76.885894,Madhya Marg,Minor,2022-06-20,13:00,2022-06-20 13:00:00,Rain,Auto,low
2555,30.623846,76.738552,Dakshin Marg,Minor,2023-03-27,21:00,2023-03-27 21:00:00,Rain,Auto,medium
2556,30.652706,76.806945,Dakshin Marg,Severe,2022-08-25,04:00,2022-08-25 04:00:00,Fog,Car,medium
2557,30.627574,76.731571,Dakshin Marg,Minor,2025-03-27,17:00,2025-03-27 17:00:00,Clear,Truck,medium
2558,30.656541,76.876928,Dakshin Marg,Severe,2024-06-26,16:00,2024-06-26 16:00:00,Rain,Truck,medium
2559,30.711556,76.856318,Madhya Marg,Minor,2023-12-07,22:00,2023-12-07 22:00:00,Rain,Car,low
2560,30.679289,76.853254,Dakshin Marg,Minor,2022-02-23,22:00,2022-02-23 22:00:00,Fog,Bus,medium
2561,30.681513,76.793667,Dakshin Marg,Fatal,2022-01-21,10:00,2022-01-21 10:00:00,Fog,Truck,medium
2562,30.68862,76.755526,Dakshin Marg,Minor,2023-07-18,03:00,2023-07-18 03:00:00,Clear,Bus,medium
2563,30.745147,76.769689,Madhya Marg,Minor,2022-03-07,10:00,2022-03-07 10:00:00,Rain,Car,low
2564,30.739429,76.843536,Madhya Marg,Severe,2022-08-18,07:00,2022-08-18 07:00:00,Clear,Auto,low
2565,30.74609,76.704694,Dakshin Marg,Severe,2025-02-19,17:00,2025-02-19 17:00:00,Clear,Bus,medium
2566,30.732068,76.814673,Madhya Marg,Severe,2023-02-24,11:00,2023-02-24 11:00:00,Clear,Auto,low
2567,30.769385,76.875436,Madhya Marg,Minor,2024-05-26,07:00,2024-05-26 07:00:00,Clear,Bus,low
2568,30.771039,76.854892,Madhya Marg,Minor,2022-07-07,12:00,2022-07-07 12:00:00,Fog,Auto,low
2569,30.626767,76.803727,Dakshin Marg,Severe,2022-09-08,11:00,2022-09-08 11:00:00,Clear,Truck,medium
2570,30.700871,76.814805,Dakshin Marg,Minor,2024-06-04,22:00,2024-06-04 22:00:00,Clear,Car,medium
2571,30.756755,76.888971,Madhya Marg,Minor,2022-01-13,07:00,2022-01-13 07:00:00,Clear,Truck,low
2572,30.638693,76.734202,Dakshin Marg,Severe,2022-12-24,13:00,2022-12-24 13:00:00,Fog,Bike,medium
2573,30.615201,76.794355,Dakshin Marg,Severe,2024-09-22,17:00,2024-09-22 17:00:00,Fog,Car,medium
2574,30.677327,76.849923,Dakshin Marg,Severe,2024-02-02,12:00,2024-02-02 12:00:00,Fog,Bike,medium
2575,30.74636,76.729731,Madhya Marg,Minor,2022-01-18,01:00,2022-01-18 01:00:00,Fog,Bike,low
2576,30.615666,76.80562,Dakshin Marg,Minor,2023-02-08,00:00,2023-02-08 00:00:00,Clear,Car,medium
2577,30.653936,76.829248,Dakshin Marg,Minor,2023-08-06,02:00,2023-08-06 02:00:00,Fog,Bike,medium
